ticker,sector,market_cap,bucket,effective_bucket,distress_type,verdict,status,api_distress,api_fraud,api_high_short,api_recent_raise,short_dtc,effective_reason,note,logic_version,last_processed_utc
NVDA,Information Technology,4967727366144.0,CLEAR,CLEAR,,AGREE,done,0,0,0,0,1.94,,,v1-2026-06-09,2026-06-09T16:04:56Z
AAPL,Information Technology,4514011676672.0,CLEAR,CLEAR,,AGREE,done,0,0,0,0,2.74,,,v1-2026-06-09,2026-06-09T16:04:40Z
GOOGL,Communication Services,4494199357440.0,CLEAR,CLEAR,,AGREE,done,0,0,0,0,3.2,,,v1-2026-06-09,2026-06-09T16:04:40Z
GOOG,Communication Services,4460419481600.0,CLEAR,CLEAR,,AGREE,done,0,0,0,0,2.49,,,v1-2026-06-09,2026-06-09T16:04:40Z
MSFT,Information Technology,3095206035456.0,CLEAR,CLEAR,,AGREE,done,0,0,0,0,2.34,,,v1-2026-06-09,2026-06-09T16:04:40Z
AMZN,Consumer Discretionary,2646571745280.0,CLEAR,CLEAR,,AGREE,done,0,0,0,0,2.62,,,v1-2026-06-09,2026-06-09T16:04:40Z
AVGO,Information Technology,1826303639552.0,CLEAR,CLEAR,,AGREE,done,0,0,0,0,2.88,,,v1-2026-06-09,2026-06-09T16:04:40Z
META,Communication Services,1505284980736.0,CLEAR,CLEAR,,AGREE,done,0,0,0,0,2.14,,,v1-2026-06-09,2026-06-09T16:04:40Z
TSLA,Consumer Discretionary,1468487958528.0,CLEAR,CLEAR,,AGREE,done,0,0,0,0,1.28,,,v1-2026-06-09,2026-06-09T16:04:56Z
BRK.A,Financials,1054773739520.0,CLEAR,CLEAR,,AGREE,done,0,0,0,0,1.0,,,v1-2026-06-09,2026-06-09T16:04:40Z
BRK.B,Financials,1052825026560.0,CLEAR,CLEAR,,AGREE,done,0,0,0,0,2.14,,,v1-2026-06-09,2026-06-09T16:04:40Z
LLY,Health Care,1008934060032.0,CLEAR,CLEAR,,AGREE,done,0,0,0,0,2.53,,,v1-2026-06-09,2026-06-09T16:04:40Z
MU,Information Technology,974373453824.0,CLEAR,CLEAR,,AGREE,done,0,0,0,0,1.0,,,v1-2026-06-09,2026-06-09T16:04:40Z
WMT,Consumer Staples,946056396800.0,CLEAR,CLEAR,,AGREE,done,0,0,0,0,5.39,,,v1-2026-06-09,2026-06-09T16:04:40Z
JPM,Financials,836998922240.0,WATCH,WATCH,,AGREE,done,0,0,0,0,3.35,,,v1-2026-06-09,2026-06-09T16:04:40Z
AMD,Information Technology,760479481856.0,CLEAR,CLEAR,,AGREE,done,0,0,0,0,1.0,,,v1-2026-06-09,2026-06-09T16:04:40Z
ASML,Industrials,632755585024.0,CLEAR,CLEAR,,AGREE,done,0,0,0,0,1.0,,,v1-2026-06-09,2026-06-09T16:04:40Z
XOM,Energy,621410451456.0,CLEAR,CLEAR,,AGREE,done,0,0,0,0,2.36,,,v1-2026-06-09,2026-06-09T16:04:40Z
V,Financials,615347257344.0,CLEAR,CLEAR,,AGREE,done,0,0,0,0,3.77,,,v1-2026-06-09,2026-06-09T16:04:40Z
ORCL,Information Technology,614553485312.0,DISTRESSED-RECOVERABLE,DISTRESSED-RECOVERABLE,,AGREE,done,0,0,0,0,1.56,,,v1-2026-06-09,2026-06-09T16:04:40Z
JNJ,Health Care,560327884800.0,CLEAR,CLEAR,,AGREE,done,0,0,0,0,3.06,,,v1-2026-06-09,2026-06-09T16:04:40Z
INTC,Information Technology,498428411904.0,CLEAR,CLEAR,,AGREE,done,0,0,0,0,1.0,,,v1-2026-06-09,2026-06-09T16:04:40Z
CSCO,Information Technology,479436111872.0,CLEAR,CLEAR,,AGREE,done,0,0,0,0,2.01,,,v1-2026-06-09,2026-06-09T16:04:40Z
MA,Financials,433910349824.0,CLEAR,CLEAR,,AGREE,done,0,0,0,0,1.81,,,v1-2026-06-09,2026-06-09T16:04:40Z
COST,Consumer Staples,431003762688.0,CLEAR,CLEAR,,AGREE,done,0,0,0,0,3.99,,,v1-2026-06-09,2026-06-09T16:04:40Z
CAT,Industrials,416504119296.0,CLEAR,CLEAR,,AGREE,done,0,0,0,0,3.31,,,v1-2026-06-09,2026-06-09T16:04:40Z
ABBV,Health Care,401468325888.0,CLEAR,CLEAR,,AGREE,done,0,0,0,0,3.98,,,v1-2026-06-09,2026-06-09T16:04:40Z
BAC,Financials,382009507840.0,CLEAR,CLEAR,,AGREE,done,0,0,0,0,3.0,,,v1-2026-06-09,2026-06-09T16:04:40Z
LRCX,Information Technology,379273183232.0,CLEAR,CLEAR,,AGREE,done,0,0,0,0,3.55,,,v1-2026-06-09,2026-06-09T16:04:40Z
CVX,Energy,373046149120.0,CLEAR,CLEAR,,AGREE,done,0,0,0,0,2.07,,,v1-2026-06-09,2026-06-09T16:04:40Z
ARM,Information Technology,366276247552.0,CLEAR,CLEAR,,AGREE,done,0,0,0,0,1.67,,,v1-2026-06-09,2026-06-09T16:04:40Z
UNH,Health Care,362776428544.0,CLEAR,CLEAR,,AGREE,done,0,0,0,0,2.58,,,v1-2026-06-09,2026-06-09T16:04:40Z
AMAT,Information Technology,359671562240.0,CLEAR,CLEAR,,AGREE,done,0,0,0,0,2.21,,,v1-2026-06-09,2026-06-09T16:04:40Z
NFLX,Communication Services,346043416576.0,CLEAR,CLEAR,,AGREE,done,0,0,0,0,2.77,,,v1-2026-06-09,2026-06-09T16:04:40Z
GE,Industrials,342704128000.0,CLEAR,CLEAR,,AGREE,done,0,0,0,0,2.71,,,v1-2026-06-09,2026-06-09T16:04:40Z
KO,Consumer Staples,341961310208.0,CLEAR,CLEAR,,AGREE,done,0,0,0,0,3.51,,,v1-2026-06-09,2026-06-09T16:04:40Z
PG,Consumer Staples,341232877568.0,CLEAR,CLEAR,,AGREE,done,0,0,0,0,3.65,,,v1-2026-06-09,2026-06-09T16:04:40Z
MS,Financials,334273970176.0,WATCH,WATCH,,AGREE,done,0,0,0,1,2.95,, | RAISE:Cerebras Systems Announces Pricing of Initial Public Offering,v1-2026-06-09,2026-06-09T16:04:40Z
PLTR,Information Technology,324907696128.0,CLEAR,CLEAR,,AGREE,done,0,0,0,0,1.44,,,v1-2026-06-09,2026-06-09T16:04:40Z
HD,Consumer Discretionary,309883928576.0,CLEAR,CLEAR,,AGREE,done,0,0,0,0,2.38,,,v1-2026-06-09,2026-06-09T16:04:40Z
GS,Financials,306418319360.0,WATCH,WATCH,,AGREE,done,0,0,0,0,3.57,,,v1-2026-06-09,2026-06-09T16:04:40Z
MRK,Health Care,298330095616.0,CLEAR,CLEAR,,AGREE,done,0,0,0,0,3.63,,,v1-2026-06-09,2026-06-09T16:04:40Z
BABA,Industrials,290439135232.0,CLEAR,CLEAR,,AGREE,done,0,0,0,0,2.68,,,v1-2026-06-09,2026-06-09T16:04:40Z
AZN,Health Care,288382812160.0,CLEAR,CLEAR,,AGREE,done,0,0,0,0,1.2,,,v1-2026-06-09,2026-06-09T16:04:40Z
NVS,Unknown,284610985984.0,CLEAR,CLEAR,,AGREE,done,0,0,0,0,3.52,,,v1-2026-06-09,2026-06-09T16:04:40Z
PM,Consumer Staples,277875458048.0,CLEAR,CLEAR,,AGREE,done,0,0,0,0,3.4,,,v1-2026-06-09,2026-06-09T16:04:40Z
RY,Unknown,269657522176.0,CLEAR,CLEAR,,AGREE,done,0,0,0,1,5.0,, | RAISE:EAST SIDE GAMES GROUP ANNOUNCES NON-BROKERED PRIVATE PLACEMENT OF UNITS TO RAISE UP TO $3.5 MILLION,v1-2026-06-09,2026-06-09T16:04:40Z
IBM,Information Technology,267716935680.0,CLEAR,CLEAR,,AGREE,done,0,0,0,0,4.66,,,v1-2026-06-09,2026-06-09T16:04:40Z
TXN,Information Technology,259431055360.0,CLEAR,CLEAR,,AGREE,done,0,0,0,0,2.57,,,v1-2026-06-09,2026-06-09T16:04:40Z
DELL,Information Technology,256183238656.0,CLEAR,CLEAR,,AGREE,done,0,0,0,0,3.26,,,v1-2026-06-09,2026-06-09T16:04:40Z
KLAC,Information Technology,252006612992.0,CLEAR,CLEAR,,AGREE,done,0,0,0,0,3.24,,,v1-2026-06-09,2026-06-09T16:04:40Z
GEV,Industrials,250879672320.0,CLEAR,CLEAR,,AGREE,done,0,0,0,0,4.25,,,v1-2026-06-09,2026-06-09T16:04:40Z
WFC,Financials,250751926272.0,WATCH,WATCH,,AGREE,done,0,0,0,0,1.9,,,v1-2026-06-09,2026-06-09T16:04:40Z
RTX,Industrials,243736231936.0,CLEAR,CLEAR,,AGREE,done,0,0,0,0,2.44,,,v1-2026-06-09,2026-06-09T16:04:40Z
LIN,Materials,234826186752.0,CLEAR,CLEAR,,AGREE,done,0,0,0,0,3.5,,,v1-2026-06-09,2026-06-09T16:04:40Z
SNDK,Information Technology,230919323648.0,SKIP_lt2y,,,SKIP,skip,,,,,,,<2y data,v1-2026-06-09,2026-06-09T16:04:40Z
MRVL,Information Technology,230483558400.0,CLEAR,CLEAR,,AGREE,done,0,0,0,0,1.44,,,v1-2026-06-09,2026-06-09T16:04:40Z
QCOM,Information Technology,227600760832.0,CLEAR,CLEAR,,AGREE,done,0,0,0,0,1.58,,,v1-2026-06-09,2026-06-09T16:04:40Z
C,Financials,225937784832.0,WATCH,WATCH,,AGREE,done,0,0,0,1,2.47,, | RAISE:Churchill Capital Corp XII Announces the Pricing of Upsized $360 Million Initial Public Offering,v1-2026-06-09,2026-06-09T16:04:40Z
PANW,Information Technology,221720739840.0,CLEAR,CLEAR,,AGREE,done,0,0,0,0,3.4,,,v1-2026-06-09,2026-06-09T16:04:40Z
AXP,Financials,211971538944.0,CLEAR,CLEAR,,AGREE,done,0,0,0,0,3.87,,,v1-2026-06-09,2026-06-09T16:04:40Z
BHP,Materials,210137350144.0,CLEAR,CLEAR,,AGREE,done,0,0,0,0,6.05,,,v1-2026-06-09,2026-06-09T16:04:40Z
MCD,Consumer Discretionary,198827950080.0,CLEAR,CLEAR,,AGREE,done,0,0,0,0,2.28,,,v1-2026-06-09,2026-06-09T16:04:40Z
TTE,Unknown,197041930240.0,CLEAR,CLEAR,,AGREE,done,0,0,0,0,3.66,,,v1-2026-06-09,2026-06-09T16:04:40Z
ADI,Information Technology,195511877632.0,CLEAR,CLEAR,,AGREE,done,0,0,0,0,2.82,,,v1-2026-06-09,2026-06-09T16:04:40Z
ANET,Information Technology,194252062720.0,CLEAR,CLEAR,,AGREE,done,0,0,0,0,1.3,,,v1-2026-06-09,2026-06-09T16:04:40Z
PEP,Consumer Staples,193996259328.0,CLEAR,CLEAR,,AGREE,done,0,0,0,0,4.45,,,v1-2026-06-09,2026-06-09T16:04:40Z
TMUS,Communication Services,192740655104.0,CLEAR,CLEAR,,AGREE,done,0,0,0,0,4.06,,,v1-2026-06-09,2026-06-09T16:04:40Z
STX,Information Technology,191741870080.0,CLEAR,CLEAR,,AGREE,done,0,0,0,0,1.96,,,v1-2026-06-09,2026-06-09T16:04:40Z
VZ,Communication Services,189445095424.0,CLEAR,CLEAR,,AGREE,done,0,0,0,0,4.59,,,v1-2026-06-09,2026-06-09T16:04:40Z
AMGN,Health Care,188671213568.0,CLEAR,CLEAR,,AGREE,done,0,0,0,0,4.27,,,v1-2026-06-09,2026-06-09T16:04:40Z
APP,Information Technology,187185512448.0,CLEAR,CLEAR,,NEWS_NOTE,done,0,1,0,0,2.08,single news mention (kept screen bucket; investigate),single news mention of distress/fraud (investigate; not a screen error) | FR:Should You Buy the 27% Dip in AppLovin Stock?,v1-2026-06-09,2026-06-09T16:04:40Z
NEE,Utilities,179028361216.0,CLEAR,CLEAR,,AGREE,done,0,0,0,0,6.55,,,v1-2026-06-09,2026-06-09T16:04:40Z
TJX,Consumer Discretionary,177537056768.0,CLEAR,CLEAR,,AGREE,done,0,0,0,0,2.36,,,v1-2026-06-09,2026-06-09T16:04:40Z
WDC,Information Technology,176380739584.0,CLEAR,CLEAR,,AGREE,done,0,0,0,0,3.5,,,v1-2026-06-09,2026-06-09T16:04:40Z
TMO,Health Care,175702622208.0,CLEAR,CLEAR,,AGREE,done,0,0,0,0,1.91,,,v1-2026-06-09,2026-06-09T16:04:40Z
DIS,Communication Services,173147553792.0,CLEAR,CLEAR,,AGREE,done,0,0,0,0,2.44,,,v1-2026-06-09,2026-06-09T16:04:40Z
CRWD,Information Technology,170818093056.0,CLEAR,CLEAR,,AGREE,done,0,0,0,0,2.52,,,v1-2026-06-09,2026-06-09T16:04:40Z
APH,Information Technology,170768842752.0,CLEAR,CLEAR,,AGREE,done,0,0,0,0,1.29,,,v1-2026-06-09,2026-06-09T16:04:40Z
BA,Industrials,169839738880.0,DISTRESSED-RECOVERABLE,DISTRESSED-RECOVERABLE,,AGREE,done,0,0,0,0,2.14,,,v1-2026-06-09,2026-06-09T16:04:40Z
BLK,Financials,162131968000.0,CLEAR,CLEAR,,AGREE,done,0,0,0,0,4.01,,,v1-2026-06-09,2026-06-09T16:04:40Z
UNP,Industrials,161679982592.0,CLEAR,CLEAR,,AGREE,done,0,0,1,0,11.9,,,v1-2026-06-09,2026-06-09T16:04:40Z
GILD,Health Care,160361168896.0,CLEAR,CLEAR,,AGREE,done,0,0,0,0,3.56,,,v1-2026-06-09,2026-06-09T16:04:40Z
ABT,Health Care,158626922496.0,CLEAR,CLEAR,,AGREE,done,0,0,0,0,1.7,,,v1-2026-06-09,2026-06-09T16:04:40Z
T,Communication Services,158074699776.0,CLEAR,CLEAR,,AGREE,done,0,0,0,0,3.21,,,v1-2026-06-09,2026-06-09T16:04:40Z
DE,Industrials,157492297728.0,CLEAR,CLEAR,,AGREE,done,0,0,0,0,5.78,,,v1-2026-06-09,2026-06-09T16:04:40Z
SCHW,Financials,154504790016.0,CLEAR,CLEAR,,AGREE,done,0,0,0,0,1.91,,,v1-2026-06-09,2026-06-09T16:04:40Z
UBS,Unknown,154089603072.0,CLEAR,CLEAR,,AGREE,done,0,0,0,0,3.37,,,v1-2026-06-09,2026-06-09T16:04:40Z
ETN,Industrials,153743507456.0,CLEAR,CLEAR,,AGREE,done,0,0,0,0,2.79,,,v1-2026-06-09,2026-06-09T16:04:40Z
GLW,Information Technology,152832065536.0,CLEAR,CLEAR,,AGREE,done,0,0,0,0,1.22,,,v1-2026-06-09,2026-06-09T16:04:40Z
CRM,Information Technology,152055545856.0,CLEAR,CLEAR,,AGREE,done,0,0,0,0,5.39,,,v1-2026-06-09,2026-06-09T16:04:40Z
BUD,Consumer Staples,151920541696.0,CLEAR,CLEAR,,AGREE,done,0,0,0,0,2.48,,,v1-2026-06-09,2026-06-09T16:04:40Z
ISRG,Health Care,149477965824.0,CLEAR,CLEAR,,AGREE,done,0,0,0,0,2.97,,,v1-2026-06-09,2026-06-09T16:04:40Z
PFE,Health Care,148413530112.0,CLEAR,CLEAR,,AGREE,done,0,0,0,1,4.12,," | RAISE:Bay Area Lyme Foundation Raises $900,000 at LymeAid 2026, Presenting Inaugural Neil L. Spector, MD, Legacy Award and $300,000 in E",v1-2026-06-09,2026-06-09T16:04:40Z
WELL,Real Estate,146074861568.0,CLEAR,CLEAR,,AGREE,done,0,0,0,0,6.16,,,v1-2026-06-09,2026-06-09T16:04:40Z
SCCO,Materials,144313319424.0,CLEAR,CLEAR,,AGREE,done,0,0,0,0,8.44,,,v1-2026-06-09,2026-06-09T16:04:40Z
UBER,Industrials,143937208320.0,CLEAR,CLEAR,,AGREE,done,0,0,0,0,3.06,,,v1-2026-06-09,2026-06-09T16:04:40Z
IBKR,Financials,143161163776.0,CLEAR,CLEAR,,AGREE,done,0,0,0,0,2.91,,,v1-2026-06-09,2026-06-09T16:04:40Z
COP,Energy,142710964224.0,CLEAR,CLEAR,,AGREE,done,0,0,0,0,3.58,,,v1-2026-06-09,2026-06-09T16:04:40Z
SHOP,Information Technology,142145093632.0,CLEAR,CLEAR,,AGREE,done,0,0,0,0,1.18,,,v1-2026-06-09,2026-06-09T16:04:40Z
BX,Financials,140987924480.0,CLEAR,CLEAR,,AGREE,done,0,0,0,0,4.07,,,v1-2026-06-09,2026-06-09T16:04:40Z
HON,Industrials,135582760960.0,CLEAR,CLEAR,,AGREE,done,0,0,0,0,3.06,,,v1-2026-06-09,2026-06-09T16:04:40Z
PLD,Real Estate,135440326656.0,CLEAR,CLEAR,,AGREE,done,0,0,0,0,4.34,,,v1-2026-06-09,2026-06-09T16:04:40Z
DHR,Health Care,130442125312.0,CLEAR,CLEAR,,AGREE,done,0,0,0,0,1.65,,,v1-2026-06-09,2026-06-09T16:04:40Z
BTI,Unknown,129084776448.0,SKIP_no_data,,,SKIP,skip,,,,,,,no cached fundamentals/context,v1-2026-06-09,2026-06-09T16:04:40Z
SONY,Unknown,128910016512.0,CLEAR,CLEAR,,AGREE,done,0,0,0,0,1.0,,,v1-2026-06-09,2026-06-09T16:04:40Z
BKNG,Consumer Discretionary,128505839616.0,CLEAR,CLEAR,,AGREE,done,0,0,0,0,3.53,,,v1-2026-06-09,2026-06-09T16:04:40Z
CB,Financials,126547107840.0,CLEAR,CLEAR,,AGREE,done,0,0,0,0,2.39,,,v1-2026-06-09,2026-06-09T16:04:40Z
SPGI,Financials,125634240512.0,CLEAR,CLEAR,,AGREE,done,0,0,0,0,2.06,,,v1-2026-06-09,2026-06-09T16:04:40Z
BBVA,Unknown,123659911168.0,SKIP_no_data,,,SKIP,skip,,,,,,,no cached fundamentals/context,v1-2026-06-09,2026-06-09T16:04:40Z
ENB,Energy,122963943424.0,CLEAR,CLEAR,,AGREE,done,0,0,0,0,9.67,,,v1-2026-06-09,2026-06-09T16:04:40Z
UL,Unknown,122823729152.0,CLEAR,CLEAR,,AGREE,done,0,0,0,0,1.0,,,v1-2026-06-09,2026-06-09T16:04:40Z
CVS,Health Care,122399703040.0,CLEAR,CLEAR,,AGREE,done,0,0,0,1,1.97,, | RAISE:Bioliberty Raises $10.2 million to Build Functional Intelligence Capabilities for Post‑Acute Care,v1-2026-06-09,2026-06-09T16:04:40Z
PDD,Unknown,121088335872.0,CLEAR,CLEAR,,AGREE,done,0,0,0,0,4.67,,,v1-2026-06-09,2026-06-09T16:04:40Z
LMT,Industrials,120760000512.0,CLEAR,CLEAR,,AGREE,done,0,0,0,0,1.92,,,v1-2026-06-09,2026-06-09T16:04:40Z
MO,Consumer Staples,120549449728.0,CLEAR,CLEAR,,AGREE,done,0,0,0,0,5.29,,,v1-2026-06-09,2026-06-09T16:04:40Z
PGR,Financials,119045677056.0,CLEAR,CLEAR,,AGREE,done,0,0,0,0,2.62,,,v1-2026-06-09,2026-06-09T16:04:40Z
LOW,Consumer Discretionary,118163415040.0,CLEAR,CLEAR,,AGREE,done,0,0,0,0,3.83,,,v1-2026-06-09,2026-06-09T16:04:40Z
SYK,Health Care,117178056704.0,CLEAR,CLEAR,,AGREE,done,0,0,0,0,1.78,,,v1-2026-06-09,2026-06-09T16:04:40Z
BMY,Health Care,116949426176.0,CLEAR,CLEAR,,AGREE,done,0,0,0,0,3.54,,,v1-2026-06-09,2026-06-09T16:04:40Z
NOW,Information Technology,115970588672.0,CLEAR,CLEAR,,AGREE,done,0,0,0,0,2.37,,,v1-2026-06-09,2026-06-09T16:04:40Z
VRT,Industrials,115428540416.0,CLEAR,CLEAR,,AGREE,done,0,0,0,0,2.63,,,v1-2026-06-09,2026-06-09T16:04:40Z
BMO,Financials,115127476224.0,CLEAR,CLEAR,,AGREE,done,0,0,0,0,4.46,,,v1-2026-06-09,2026-06-09T16:04:40Z
VRTX,Health Care,113407877120.0,CLEAR,CLEAR,,AGREE,done,0,0,0,0,3.64,,,v1-2026-06-09,2026-06-09T16:04:40Z
COF,Financials,112429637632.0,CLEAR,CLEAR,,AGREE,done,0,0,0,0,1.95,,,v1-2026-06-09,2026-06-09T16:04:40Z
PH,Industrials,111251070976.0,CLEAR,CLEAR,,AGREE,done,0,0,0,0,1.64,,,v1-2026-06-09,2026-06-09T16:04:40Z
BP,Unknown,110650482688.0,SKIP_no_data,,,SKIP,skip,,,,,,,no cached fundamentals/context,v1-2026-06-09,2026-06-09T16:04:40Z
ACN,Information Technology,109701316608.0,CLEAR,CLEAR,,AGREE,done,0,0,0,0,3.72,,,v1-2026-06-09,2026-06-09T16:04:40Z
SBUX,Consumer Discretionary,108602007552.0,CLEAR,CLEAR,,AGREE,done,0,0,0,0,7.34,,,v1-2026-06-09,2026-06-09T16:04:40Z
SNY,Unknown,107767447552.0,CLEAR,CLEAR,,AGREE,done,0,0,0,0,2.42,,,v1-2026-06-09,2026-06-09T16:04:40Z
EQIX,Real Estate,106607878144.0,CLEAR,CLEAR,,AGREE,done,0,0,0,0,3.73,,,v1-2026-06-09,2026-06-09T16:04:40Z
NEM,Materials,106445684736.0,CLEAR,CLEAR,,AGREE,done,0,0,0,0,2.95,,,v1-2026-06-09,2026-06-09T16:04:40Z
FTNT,Information Technology,105999564800.0,CLEAR,CLEAR,,AGREE,done,0,0,0,0,2.83,,,v1-2026-06-09,2026-06-09T16:04:40Z
MDT,Health Care,104854880256.0,CLEAR,CLEAR,,AGREE,done,0,0,0,0,1.48,,,v1-2026-06-09,2026-06-09T16:04:40Z
SO,Utilities,104388083712.0,CLEAR,CLEAR,,AGREE,done,0,0,0,0,4.4,,,v1-2026-06-09,2026-06-09T16:04:40Z
PWR,Industrials,104308301824.0,CLEAR,CLEAR,,AGREE,done,0,0,0,0,3.43,,,v1-2026-06-09,2026-06-09T16:04:40Z
CDNS,Information Technology,103759224832.0,CLEAR,CLEAR,,AGREE,done,0,0,0,0,2.56,,,v1-2026-06-09,2026-06-09T16:04:40Z
MAR,Consumer Discretionary,103500423168.0,CLEAR,CLEAR,,AGREE,done,0,0,0,0,3.68,,,v1-2026-06-09,2026-06-09T16:04:40Z
GSK,Unknown,103309352960.0,CLEAR,CLEAR,,AGREE,done,0,0,0,0,3.7,,,v1-2026-06-09,2026-06-09T16:04:40Z
SPOT,Unknown,102182895616.0,CLEAR,CLEAR,,AGREE,done,0,0,0,0,3.03,,,v1-2026-06-09,2026-06-09T16:04:40Z
ADBE,Information Technology,101632049152.0,CLEAR,CLEAR,,AGREE,done,0,0,0,0,4.33,,,v1-2026-06-09,2026-06-09T16:04:40Z
TT,Industrials,100986978304.0,CLEAR,CLEAR,,AGREE,done,0,0,0,0,3.21,,,v1-2026-06-09,2026-06-09T16:04:40Z
HWM,Industrials,100787077120.0,CLEAR,CLEAR,,AGREE,done,0,0,0,0,3.09,,,v1-2026-06-09,2026-06-09T16:04:40Z
BN,Real Estate,99618365440.0,CLEAR,CLEAR,,AGREE,done,0,0,0,1,2.53,, | RAISE:Brookfield Corporation Announces Pricing of C$500 Million of Medium-Term Notes Due 2036 and C$250 Million Re-Opening of Medium-Ter,v1-2026-06-09,2026-06-09T16:04:40Z
CM,Financials,99349225472.0,CLEAR,CLEAR,,AGREE,done,0,0,0,0,9.91,,,v1-2026-06-09,2026-06-09T16:04:40Z
BNS,Financials,98772680704.0,CLEAR,CLEAR,,AGREE,done,0,0,0,1,3.66,, | RAISE:CES ENERGY SOLUTIONS CORP. ANNOUNCES OFFERING AND PRICING OF $75 MILLION REOPENING OF SENIOR UNSECURED NOTES,v1-2026-06-09,2026-06-09T16:04:40Z
BNY,Financials,97733517312.0,CLEAR,CLEAR,,AGREE,done,0,0,0,0,1.0,,,v1-2026-06-09,2026-06-09T16:04:40Z
DUK,Utilities,96841441280.0,CLEAR,CLEAR,,AGREE,done,0,0,0,0,4.78,,,v1-2026-06-09,2026-06-09T16:04:40Z
CNQ,Energy,95316942848.0,CLEAR,CLEAR,,AGREE,done,0,0,0,0,1.71,,,v1-2026-06-09,2026-06-09T16:04:40Z
GD,Industrials,93687832576.0,CLEAR,CLEAR,,AGREE,done,0,0,0,0,2.07,,,v1-2026-06-09,2026-06-09T16:04:40Z
MCK,Health Care,93237469184.0,CLEAR,CLEAR,,AGREE,done,0,0,0,0,2.04,,,v1-2026-06-09,2026-06-09T16:04:40Z
CME,Financials,93004472320.0,CLEAR,CLEAR,,AGREE,done,0,0,0,0,2.09,,,v1-2026-06-09,2026-06-09T16:04:40Z
ADP,Industrials,92718366720.0,CLEAR,CLEAR,,AGREE,done,0,0,0,0,5.81,,,v1-2026-06-09,2026-06-09T16:04:40Z
UPS,Industrials,92259680256.0,CLEAR,CLEAR,,AGREE,done,0,0,0,0,3.47,,,v1-2026-06-09,2026-06-09T16:04:40Z
PNC,Financials,91705311232.0,CLEAR,CLEAR,,AGREE,done,0,0,0,0,4.29,,,v1-2026-06-09,2026-06-09T16:04:40Z
FCX,Materials,91098161152.0,CLEAR,CLEAR,,AGREE,done,0,0,0,0,1.94,,,v1-2026-06-09,2026-06-09T16:04:40Z
CEG,Utilities,91000307712.0,CLEAR,CLEAR,,AGREE,done,0,0,0,0,2.98,,,v1-2026-06-09,2026-06-09T16:04:40Z
AMT,Real Estate,90439155712.0,CLEAR,CLEAR,,AGREE,done,0,0,0,0,3.22,,,v1-2026-06-09,2026-06-09T16:04:40Z
ELV,Health Care,90237485056.0,CLEAR,CLEAR,,AGREE,done,0,0,0,0,3.68,,,v1-2026-06-09,2026-06-09T16:04:40Z
CMI,Industrials,89861242880.0,CLEAR,CLEAR,,AGREE,done,0,0,0,0,1.7,,,v1-2026-06-09,2026-06-09T16:04:40Z
SNPS,Information Technology,89009168384.0,CLEAR,CLEAR,,AGREE,done,0,0,0,0,3.58,,,v1-2026-06-09,2026-06-09T16:04:40Z
WM,Industrials,88507293696.0,CLEAR,CLEAR,,AGREE,done,0,0,0,0,3.34,,,v1-2026-06-09,2026-06-09T16:04:40Z
NET,Information Technology,88405442560.0,CLEAR,CLEAR,,AGREE,done,0,0,0,0,1.43,,,v1-2026-06-09,2026-06-09T16:04:40Z
WMB,Energy,88006950912.0,CLEAR,CLEAR,,AGREE,done,0,0,0,0,2.98,,,v1-2026-06-09,2026-06-09T16:04:40Z
JCI,Industrials,87643103232.0,CLEAR,CLEAR,,AGREE,done,0,0,0,0,2.36,,,v1-2026-06-09,2026-06-09T16:04:40Z
MNST,Consumer Staples,87580631040.0,CLEAR,CLEAR,,AGREE,done,0,0,0,0,3.16,,,v1-2026-06-09,2026-06-09T16:04:40Z
CSX,Industrials,87313948672.0,CLEAR,CLEAR,,AGREE,done,0,0,0,0,2.76,,,v1-2026-06-09,2026-06-09T16:04:40Z
KKR,Financials,87090044928.0,CLEAR,CLEAR,,AGREE,done,0,0,0,0,3.05,,,v1-2026-06-09,2026-06-09T16:04:40Z
USB,Financials,86382493696.0,CLEAR,CLEAR,,AGREE,done,0,0,0,0,2.47,,,v1-2026-06-09,2026-06-09T16:04:40Z
CMCSA,Communication Services,85090484224.0,CLEAR,CLEAR,,AGREE,done,0,0,0,0,2.69,,,v1-2026-06-09,2026-06-09T16:04:40Z
DDOG,Information Technology,83333840896.0,CLEAR,CLEAR,,AGREE,done,0,0,0,0,1.91,,,v1-2026-06-09,2026-06-09T16:04:40Z
SNOW,Information Technology,82580914176.0,CLEAR,CLEAR,,AGREE,done,0,0,0,0,2.68,,,v1-2026-06-09,2026-06-09T16:04:40Z
HCA,Health Care,82553249792.0,CLEAR,CLEAR,,AGREE,done,0,0,0,0,3.64,,,v1-2026-06-09,2026-06-09T16:04:40Z
BCS,Unknown,82161221632.0,SKIP_no_data,,,SKIP,skip,,,,,,,no cached fundamentals/context,v1-2026-06-09,2026-06-09T16:04:40Z
SLB,Energy,82033811456.0,CLEAR,CLEAR,,AGREE,done,0,0,0,0,5.81,,,v1-2026-06-09,2026-06-09T16:04:40Z
AEM,Materials,81835933696.0,CLEAR,CLEAR,,AGREE,done,0,0,0,1,2.09,, | RAISE:Wallbridge Completes Private Placement for Proceeds of Approximately C$56 Million,v1-2026-06-09,2026-06-09T16:04:40Z
EPD,Utilities,81802625024.0,CLEAR,CLEAR,,AGREE,done,0,0,0,0,4.41,,,v1-2026-06-09,2026-06-09T16:04:40Z
MELI,Industrials,81510932480.0,CLEAR,CLEAR,,AGREE,done,0,0,0,0,1.11,,,v1-2026-06-09,2026-06-09T16:04:40Z
NGG,Unknown,81462337536.0,DISTRESSED-RECOVERABLE,DISTRESSED-RECOVERABLE,,AGREE,done,0,0,0,0,1.0,,,v1-2026-06-09,2026-06-09T16:04:40Z
INTU,Information Technology,81174839296.0,CLEAR,CLEAR,,AGREE,done,0,0,0,0,4.55,,,v1-2026-06-09,2026-06-09T16:04:40Z
MMM,Industrials,80196182016.0,CLEAR,CLEAR,,AGREE,done,0,0,0,0,2.16,,,v1-2026-06-09,2026-06-09T16:04:40Z
ICE,Financials,80020021248.0,CLEAR,CLEAR,,AGREE,done,0,0,0,0,2.72,,,v1-2026-06-09,2026-06-09T16:04:40Z
SPG,Real Estate,79913508864.0,CLEAR,CLEAR,,AGREE,done,0,0,0,0,6.15,,,v1-2026-06-09,2026-06-09T16:04:40Z
CP,Industrials,79834136576.0,CLEAR,CLEAR,,AGREE,done,0,0,0,0,4.1,,,v1-2026-06-09,2026-06-09T16:04:40Z
MRSH,Financials,79708086272.0,CLEAR,CLEAR,,AGREE,done,0,0,0,0,2.37,,,v1-2026-06-09,2026-06-09T16:04:40Z
MDLZ,Consumer Staples,79637635072.0,CLEAR,CLEAR,,AGREE,done,0,0,0,0,4.99,,,v1-2026-06-09,2026-06-09T16:04:40Z
ABNB,Consumer Discretionary,79256641536.0,CLEAR,CLEAR,,AGREE,done,0,0,0,0,3.31,,,v1-2026-06-09,2026-06-09T16:04:40Z
FDX,Industrials,78978834432.0,CLEAR,CLEAR,,AGREE,done,0,0,0,0,2.28,,,v1-2026-06-09,2026-06-09T16:04:40Z
MCO,Financials,78840209408.0,CLEAR,CLEAR,,AGREE,done,0,0,0,0,3.88,,,v1-2026-06-09,2026-06-09T16:04:40Z
HLT,Consumer Discretionary,78106157056.0,CLEAR,CLEAR,,AGREE,done,0,0,0,0,3.28,,,v1-2026-06-09,2026-06-09T16:04:40Z
EMR,Industrials,77361004544.0,CLEAR,CLEAR,,AGREE,done,0,0,0,0,4.04,,,v1-2026-06-09,2026-06-09T16:04:40Z
NOC,Industrials,77323026432.0,CLEAR,CLEAR,,AGREE,done,0,0,0,0,2.49,,,v1-2026-06-09,2026-06-09T16:04:40Z
CI,Health Care,76576841728.0,CLEAR,CLEAR,,AGREE,done,0,0,0,0,3.34,,,v1-2026-06-09,2026-06-09T16:04:40Z
MPC,Energy,76490317824.0,CLEAR,CLEAR,,AGREE,done,0,0,0,0,2.35,,,v1-2026-06-09,2026-06-09T16:04:40Z
VLO,Energy,75961344000.0,CLEAR,CLEAR,,AGREE,done,0,0,0,0,2.76,,,v1-2026-06-09,2026-06-09T16:04:40Z
SHW,Materials,75297849344.0,CLEAR,CLEAR,,AGREE,done,0,0,0,0,2.62,,,v1-2026-06-09,2026-06-09T16:04:40Z
RCL,Consumer Discretionary,75094589440.0,CLEAR,CLEAR,,AGREE,done,0,0,0,0,4.92,,,v1-2026-06-09,2026-06-09T16:04:40Z
BE,Information Technology,74982244352.0,DISTRESSED-RECOVERABLE,DISTRESSED-RECOVERABLE,,AGREE,done,0,0,0,0,2.99,,,v1-2026-06-09,2026-06-09T16:04:40Z
ORLY,Consumer Discretionary,74857832448.0,CLEAR,CLEAR,,AGREE,done,0,0,0,0,3.33,,,v1-2026-06-09,2026-06-09T16:04:40Z
NXPI,Information Technology,74721337344.0,CLEAR,CLEAR,,AGREE,done,0,0,0,1,1.96,, | RAISE:NXP Semiconductors Announces Pricing of Senior Unsecured Notes Offering,v1-2026-06-09,2026-06-09T16:04:40Z
ASX,Unknown,74659971072.0,SKIP_no_data,,,SKIP,skip,,,,,,,no cached fundamentals/context,v1-2026-06-09,2026-06-09T16:04:40Z
AMX,Unknown,74619363328.0,SKIP_no_data,,,SKIP,skip,,,,,,,no cached fundamentals/context,v1-2026-06-09,2026-06-09T16:04:40Z
HOOD,Financials,74264657920.0,CLEAR,CLEAR,,AGREE,done,0,0,0,0,1.67,,,v1-2026-06-09,2026-06-09T16:04:40Z
GM,Consumer Discretionary,74035732480.0,CLEAR,CLEAR,,AGREE,done,0,0,0,0,3.36,,,v1-2026-06-09,2026-06-09T16:04:40Z
ROST,Consumer Discretionary,73898336256.0,CLEAR,CLEAR,,AGREE,done,0,0,0,0,2.67,,,v1-2026-06-09,2026-06-09T16:04:40Z
APO,Financials,73811533824.0,DISTRESSED-RECOVERABLE,DISTRESSED-RECOVERABLE,,AGREE,done,0,0,0,0,8.5,,,v1-2026-06-09,2026-06-09T16:04:40Z
COHR,Information Technology,73754066944.0,CLEAR,CLEAR,,AGREE,done,0,0,0,0,1.18,,,v1-2026-06-09,2026-06-09T16:04:40Z
BAM,Financials,73739599872.0,CLEAR,CLEAR,,AGREE,done,0,0,0,1,6.11,, | RAISE:Brookfield Asset Management Announces Pricing of $550 Million of Notes Due 2031 and $450 Million Re-Opening of Notes Due 2036,v1-2026-06-09,2026-06-09T16:04:40Z
SU,Unknown,73465970688.0,CLEAR,CLEAR,,AGREE,done,0,0,0,0,3.49,,,v1-2026-06-09,2026-06-09T16:04:40Z
PSX,Energy,73403179008.0,CLEAR,CLEAR,,AGREE,done,0,0,0,0,3.44,,,v1-2026-06-09,2026-06-09T16:04:40Z
EOG,Energy,73385558016.0,CLEAR,CLEAR,,AGREE,done,0,0,0,0,4.87,,,v1-2026-06-09,2026-06-09T16:04:40Z
CNI,Industrials,73022504960.0,CLEAR,CLEAR,,AGREE,done,0,0,0,0,4.48,,,v1-2026-06-09,2026-06-09T16:04:40Z
CVNA,Consumer Discretionary,72950546432.0,CLEAR,CLEAR,,NEWS_NOTE,done,0,1,0,0,6.68,single news mention (kept screen bucket; investigate),single news mention of distress/fraud (investigate; not a screen error) | FR:Carvana Slides as Short Seller Claims Clash With Strong Cash Flow Story,v1-2026-06-09,2026-06-09T16:04:40Z
MPWR,Information Technology,72763990016.0,CLEAR,CLEAR,,AGREE,done,0,0,0,0,3.07,,,v1-2026-06-09,2026-06-09T16:04:40Z
ITW,Industrials,72707547136.0,CLEAR,CLEAR,,AGREE,done,0,0,0,0,7.62,,,v1-2026-06-09,2026-06-09T16:04:40Z
ECL,Materials,72602435584.0,CLEAR,CLEAR,,AGREE,done,0,0,0,0,2.18,,,v1-2026-06-09,2026-06-09T16:04:40Z
BSX,Health Care,72162541568.0,CLEAR,CLEAR,,AGREE,done,0,0,0,0,1.77,,,v1-2026-06-09,2026-06-09T16:04:40Z
CTAS,Industrials,71964622848.0,CLEAR,CLEAR,,AGREE,done,0,0,0,0,6.01,,,v1-2026-06-09,2026-06-09T16:04:40Z
TRP,Unknown,71548551168.0,CLEAR,CLEAR,,AGREE,done,0,0,0,0,6.98,,,v1-2026-06-09,2026-06-09T16:04:40Z
CL,Consumer Staples,70880772096.0,CLEAR,CLEAR,,AGREE,done,0,0,0,0,3.68,,,v1-2026-06-09,2026-06-09T16:04:40Z
KMI,Energy,70482485248.0,CLEAR,CLEAR,,AGREE,done,0,0,0,0,4.16,,,v1-2026-06-09,2026-06-09T16:04:40Z
NSC,Industrials,70398992384.0,CLEAR,CLEAR,,AGREE,done,0,0,0,0,6.82,,,v1-2026-06-09,2026-06-09T16:04:40Z
AEP,Utilities,70265724928.0,CLEAR,CLEAR,,AGREE,done,0,0,0,0,5.63,,,v1-2026-06-09,2026-06-09T16:04:40Z
CRH,Materials,70201114624.0,CLEAR,CLEAR,,AGREE,done,0,0,0,0,2.83,,,v1-2026-06-09,2026-06-09T16:04:40Z
AON,Financials,70166429696.0,CLEAR,CLEAR,,AGREE,done,0,0,0,0,1.83,,,v1-2026-06-09,2026-06-09T16:04:40Z
TDG,Industrials,69287165952.0,CLEAR,CLEAR,,AGREE,done,0,0,0,0,2.46,,,v1-2026-06-09,2026-06-09T16:04:40Z
CIEN,Information Technology,69107556352.0,CLEAR,CLEAR,,AGREE,done,0,0,0,0,2.41,,,v1-2026-06-09,2026-06-09T16:04:40Z
RKLB,Industrials,68780048384.0,WATCH,WATCH,,AGREE,done,0,0,0,0,1.11,,,v1-2026-06-09,2026-06-09T16:04:40Z
DASH,Consumer Discretionary,68320698368.0,CLEAR,CLEAR,,AGREE,done,0,0,0,0,2.53,,,v1-2026-06-09,2026-06-09T16:04:40Z
MSI,Information Technology,68114628608.0,CLEAR,CLEAR,,AGREE,done,0,0,0,0,2.46,,,v1-2026-06-09,2026-06-09T16:04:40Z
LITE,Information Technology,67192745984.0,DISTRESSED-RECOVERABLE,DISTRESSED-RECOVERABLE,,AGREE,done,0,0,0,0,1.34,,,v1-2026-06-09,2026-06-09T16:04:40Z
URI,Industrials,66892115968.0,CLEAR,CLEAR,,AGREE,done,0,0,0,0,2.63,,,v1-2026-06-09,2026-06-09T16:04:40Z
DLR,Real Estate,66814607360.0,CLEAR,CLEAR,,AGREE,done,0,0,0,0,3.75,,,v1-2026-06-09,2026-06-09T16:04:40Z
ET,Utilities,66724073472.0,CLEAR,CLEAR,,AGREE,done,0,0,0,0,1.86,,,v1-2026-06-09,2026-06-09T16:04:40Z
REGN,Health Care,66619965440.0,CLEAR,CLEAR,,AGREE,done,0,0,0,0,3.64,,,v1-2026-06-09,2026-06-09T16:04:40Z
B,Materials,66274586624.0,CLEAR,CLEAR,,AGREE,done,0,0,0,0,1.0,,,v1-2026-06-09,2026-06-09T16:04:40Z
WBD,Communication Services,65787269120.0,CLEAR,CLEAR,,AGREE,done,0,0,0,0,3.98,,,v1-2026-06-09,2026-06-09T16:04:40Z
HPE,Information Technology,65150812160.0,CLEAR,CLEAR,,AGREE,done,0,0,0,0,4.03,,,v1-2026-06-09,2026-06-09T16:04:40Z
FIX,Industrials,64877125632.0,CLEAR,CLEAR,,AGREE,done,0,0,0,0,2.34,,,v1-2026-06-09,2026-06-09T16:04:40Z
RSG,Industrials,64621764608.0,CLEAR,CLEAR,,AGREE,done,0,0,0,0,1.56,,,v1-2026-06-09,2026-06-09T16:04:40Z
MFC,Unknown,64602750976.0,CLEAR,CLEAR,,AGREE,done,0,0,0,0,7.01,,,v1-2026-06-09,2026-06-09T16:04:40Z
TRV,Financials,64484503552.0,CLEAR,CLEAR,,AGREE,done,0,0,0,0,4.69,,,v1-2026-06-09,2026-06-09T16:04:40Z
NKE,Consumer Discretionary,63648526336.0,CLEAR,CLEAR,,AGREE,done,0,0,0,0,2.58,,,v1-2026-06-09,2026-06-09T16:04:40Z
APD,Materials,62873894912.0,DISTRESSED-RECOVERABLE,DISTRESSED-RECOVERABLE,,AGREE,done,0,0,0,0,3.07,,,v1-2026-06-09,2026-06-09T16:04:40Z
STM,Unknown,62855520256.0,CLEAR,CLEAR,,AGREE,done,0,0,0,0,1.2,,,v1-2026-06-09,2026-06-09T16:04:40Z
BKR,Energy,62093578240.0,CLEAR,CLEAR,,AGREE,done,0,0,0,0,3.14,,,v1-2026-06-09,2026-06-09T16:04:40Z
TEL,Information Technology,62071640064.0,CLEAR,CLEAR,,AGREE,done,0,0,0,0,2.41,,,v1-2026-06-09,2026-06-09T16:04:40Z
RELX,Unknown,61934120960.0,CLEAR,CLEAR,,AGREE,done,0,0,0,0,1.71,,,v1-2026-06-09,2026-06-09T16:04:40Z
PCAR,Industrials,61407080448.0,CLEAR,CLEAR,,AGREE,done,0,0,0,0,5.46,,,v1-2026-06-09,2026-06-09T16:04:40Z
GWW,Industrials,61377527808.0,CLEAR,CLEAR,,AGREE,done,0,0,0,0,4.09,,,v1-2026-06-09,2026-06-09T16:04:40Z
TFC,Financials,61297262592.0,CLEAR,CLEAR,,AGREE,done,0,0,0,0,4.16,,,v1-2026-06-09,2026-06-09T16:04:40Z
RACE,Unknown,61098319872.0,CLEAR,CLEAR,,AGREE,done,0,0,0,0,4.65,,,v1-2026-06-09,2026-06-09T16:04:40Z
IMO,Energy,60523806720.0,CLEAR,CLEAR,,AGREE,done,0,0,1,0,29.61,,,v1-2026-06-09,2026-06-09T16:04:40Z
AFL,Financials,60182372352.0,CLEAR,CLEAR,,AGREE,done,0,0,0,0,4.22,,,v1-2026-06-09,2026-06-09T16:04:40Z
MDLN,Health Care,59885293568.0,SKIP_lt2y,,,SKIP,skip,,,,,,,<2y data,v1-2026-06-09,2026-06-09T16:04:40Z
SRE,Utilities,59761930240.0,CLEAR,CLEAR,,AGREE,done,0,0,0,0,2.54,,,v1-2026-06-09,2026-06-09T16:04:40Z
F,Consumer Discretionary,59371921408.0,DISTRESSED-RECOVERABLE,DISTRESSED-RECOVERABLE,,AGREE,done,0,0,0,0,1.53,,,v1-2026-06-09,2026-06-09T16:04:40Z
D,Utilities,58839388160.0,CLEAR,CLEAR,,AGREE,done,0,0,0,0,6.01,,,v1-2026-06-09,2026-06-09T16:04:40Z
NU,Unknown,58195042304.0,CLEAR,CLEAR,,AGREE,done,0,0,0,0,2.63,,,v1-2026-06-09,2026-06-09T16:04:40Z
NUE,Materials,57935020032.0,CLEAR,CLEAR,,AGREE,done,0,0,0,0,3.62,,,v1-2026-06-09,2026-06-09T16:04:40Z
NBIS,Unknown,57840545792.0,DISTRESSED-RECOVERABLE,DISTRESSED-RECOVERABLE,,AGREE,done,0,0,0,0,2.3,,,v1-2026-06-09,2026-06-09T16:04:40Z
LHX,Industrials,57347170304.0,CLEAR,CLEAR,,AGREE,done,0,0,0,0,1.76,,,v1-2026-06-09,2026-06-09T16:04:40Z
MPLX,Energy,57312157696.0,CLEAR,CLEAR,,AGREE,done,0,0,0,0,2.34,,,v1-2026-06-09,2026-06-09T16:04:40Z
ALL,Financials,56892596224.0,CLEAR,CLEAR,,AGREE,done,0,0,0,0,4.47,,,v1-2026-06-09,2026-06-09T16:04:40Z
O,Real Estate,56732848128.0,CLEAR,CLEAR,,AGREE,done,0,0,0,0,5.57,,,v1-2026-06-09,2026-06-09T16:04:40Z
TRGP,Energy,56685305856.0,CLEAR,CLEAR,,AGREE,done,0,0,0,0,3.47,,,v1-2026-06-09,2026-06-09T16:04:40Z
OXY,Energy,56624553984.0,CLEAR,CLEAR,,AGREE,done,0,0,0,0,2.5,,,v1-2026-06-09,2026-06-09T16:04:40Z
KEYS,Information Technology,56366415872.0,CLEAR,CLEAR,,AGREE,done,0,0,0,0,1.72,,,v1-2026-06-09,2026-06-09T16:04:40Z
TER,Information Technology,56031133696.0,CLEAR,CLEAR,,AGREE,done,0,0,0,0,1.61,,,v1-2026-06-09,2026-06-09T16:04:40Z
CARR,Industrials,55781785600.0,CLEAR,CLEAR,,AGREE,done,0,0,0,0,3.54,,,v1-2026-06-09,2026-06-09T16:04:40Z
ARGX,Unknown,55703015424.0,SKIP_no_data,,,SKIP,skip,,,,,,,no cached fundamentals/context,v1-2026-06-09,2026-06-09T16:04:40Z
TGT,Consumer Staples,55670202368.0,CLEAR,CLEAR,,AGREE,done,0,0,0,0,3.04,,,v1-2026-06-09,2026-06-09T16:04:40Z
FLEX,Information Technology,55660134400.0,CLEAR,CLEAR,,AGREE,done,0,0,0,0,1.0,,,v1-2026-06-09,2026-06-09T16:04:40Z
OKE,Energy,55600398336.0,CLEAR,CLEAR,,AGREE,done,0,0,0,0,6.55,,,v1-2026-06-09,2026-06-09T16:04:40Z
AJG,Financials,55535443968.0,CLEAR,CLEAR,,AGREE,done,0,0,0,0,2.5,,,v1-2026-06-09,2026-06-09T16:04:40Z
CRWV,Information Technology,54769807360.0,SKIP_lt2y,,,SKIP,skip,,,,,,,<2y data,v1-2026-06-09,2026-06-09T16:04:40Z
MET,Financials,54363975680.0,CLEAR,CLEAR,,AGREE,done,0,0,0,0,3.8,,,v1-2026-06-09,2026-06-09T16:04:40Z
PSA,Real Estate,54363004928.0,CLEAR,CLEAR,,NEWS_NOTE,done,1,0,0,0,8.22,single news mention (kept screen bucket; investigate),"single news mention of distress/fraud (investigate; not a screen error) | BK:Deal Dispatch: Public Storage Buys National Storage For $10.5B, Mastercard Acquires BVNK, Domino's Franchisee Bankruptcy",v1-2026-06-09,2026-06-09T16:04:40Z
ALAB,Information Technology,54346600448.0,CLEAR,CLEAR,,AGREE,done,0,0,0,0,2.17,,,v1-2026-06-09,2026-06-09T16:04:40Z
FANG,Energy,54186569728.0,CLEAR,CLEAR,,AGREE,done,0,0,0,1,4.0,," | RAISE:Diamondback Energy, Inc. Announces Pricing of Tender Offers for Any and All of its Outstanding 4.400% Senior Notes due 2051 and 4.",v1-2026-06-09,2026-06-09T16:04:40Z
FAST,Industrials,53716561920.0,CLEAR,CLEAR,,AGREE,done,0,0,0,0,4.35,,,v1-2026-06-09,2026-06-09T16:04:40Z
COR,Health Care,53512073216.0,CLEAR,CLEAR,,AGREE,done,0,0,0,0,1.82,,,v1-2026-06-09,2026-06-09T16:04:40Z
SE,Unknown,53016662016.0,CLEAR,CLEAR,,AGREE,done,0,0,0,0,3.26,,,v1-2026-06-09,2026-06-09T16:04:40Z
WPM,Unknown,52782960640.0,CLEAR,CLEAR,,AGREE,done,0,0,0,0,1.38,,,v1-2026-06-09,2026-06-09T16:04:40Z
CVE,Energy,52625190912.0,CLEAR,CLEAR,,AGREE,done,0,0,0,0,4.02,,,v1-2026-06-09,2026-06-09T16:04:40Z
DAL,Industrials,52178493440.0,CLEAR,CLEAR,,AGREE,done,0,0,0,0,3.57,,,v1-2026-06-09,2026-06-09T16:04:40Z
AME,Industrials,51925942272.0,CLEAR,CLEAR,,AGREE,done,0,0,0,0,2.72,,,v1-2026-06-09,2026-06-09T16:04:40Z
CTVA,Materials,51519201280.0,CLEAR,CLEAR,,AGREE,done,0,0,0,0,4.12,,,v1-2026-06-09,2026-06-09T16:04:40Z
MT,Unknown,51108356096.0,CLEAR,CLEAR,,AGREE,done,0,0,0,0,1.87,,,v1-2026-06-09,2026-06-09T16:04:40Z
DVN,Energy,51072688128.0,CLEAR,CLEAR,,AGREE,done,0,0,0,0,1.59,,,v1-2026-06-09,2026-06-09T16:04:40Z
AZO,Consumer Discretionary,51012841472.0,CLEAR,CLEAR,,AGREE,done,0,0,0,0,1.42,,,v1-2026-06-09,2026-06-09T16:04:40Z
EA,Communication Services,50902552576.0,CLEAR,CLEAR,,AGREE,done,0,0,0,0,5.11,,,v1-2026-06-09,2026-06-09T16:04:40Z
ETR,Utilities,50706386944.0,CLEAR,CLEAR,,AGREE,done,0,0,0,0,4.39,,,v1-2026-06-09,2026-06-09T16:04:40Z
ODFL,Industrials,50446868480.0,CLEAR,CLEAR,,AGREE,done,0,0,0,1,5.98,," | RAISE:Old Dominion Q4 Earnings: Strong Pricing Offsets Volume Decline, Dividend Raised 7.7%",v1-2026-06-09,2026-06-09T16:04:40Z
VST,Utilities,50159259648.0,CLEAR,CLEAR,,AGREE,done,0,0,0,0,2.31,,,v1-2026-06-09,2026-06-09T16:04:40Z
LNG,Utilities,50045177856.0,CLEAR,CLEAR,,AGREE,done,0,0,0,0,1.6,,,v1-2026-06-09,2026-06-09T16:04:40Z
ROK,Industrials,49707184128.0,CLEAR,CLEAR,,AGREE,done,0,0,0,0,3.41,,,v1-2026-06-09,2026-06-09T16:04:40Z
EW,Health Care,49495769088.0,CLEAR,CLEAR,,AGREE,done,0,0,0,0,2.54,,,v1-2026-06-09,2026-06-09T16:04:40Z
NDAQ,Financials,49360400384.0,CLEAR,CLEAR,,AGREE,done,0,0,0,0,2.27,,,v1-2026-06-09,2026-06-09T16:04:40Z
XEL,Utilities,49342267392.0,CLEAR,CLEAR,,AGREE,done,0,0,0,0,5.87,,,v1-2026-06-09,2026-06-09T16:04:40Z
ABEV,Unknown,48586805248.0,SKIP_no_data,,,SKIP,skip,,,,,,,no cached fundamentals/context,v1-2026-06-09,2026-06-09T16:04:40Z
ADSK,Information Technology,48554962944.0,CLEAR,CLEAR,,AGREE,done,0,0,0,0,3.23,,,v1-2026-06-09,2026-06-09T16:04:40Z
EBAY,Consumer Discretionary,48551399424.0,CLEAR,CLEAR,,AGREE,done,0,0,0,0,1.79,,,v1-2026-06-09,2026-06-09T16:04:40Z
CAH,Health Care,48178487296.0,CLEAR,CLEAR,,AGREE,done,0,0,0,0,2.63,,,v1-2026-06-09,2026-06-09T16:04:40Z
MCHP,Information Technology,47887282176.0,CLEAR,CLEAR,,AGREE,done,0,0,0,0,2.37,,,v1-2026-06-09,2026-06-09T16:04:40Z
FER,Unknown,47852285952.0,CLEAR,CLEAR,,AGREE,done,0,0,0,0,1.93,,,v1-2026-06-09,2026-06-09T16:04:40Z
FITB,Financials,47137263616.0,CLEAR,CLEAR,,AGREE,done,0,0,0,0,8.03,,,v1-2026-06-09,2026-06-09T16:04:40Z
EXC,Utilities,46811770880.0,CLEAR,CLEAR,,AGREE,done,0,0,0,0,4.52,,,v1-2026-06-09,2026-06-09T16:04:40Z
HEI,Industrials,46287273984.0,CLEAR,CLEAR,,AGREE,done,0,0,0,0,2.72,,,v1-2026-06-09,2026-06-09T16:04:40Z
GRMN,Consumer Discretionary,45623996416.0,CLEAR,CLEAR,,AGREE,done,0,0,0,0,5.13,,,v1-2026-06-09,2026-06-09T16:04:40Z
ON,Information Technology,45591064576.0,CLEAR,CLEAR,,AGREE,done,0,0,0,0,2.37,,,v1-2026-06-09,2026-06-09T16:04:40Z
CCJ,Materials,45051535360.0,CLEAR,CLEAR,,AGREE,done,0,0,0,0,1.8,,,v1-2026-06-09,2026-06-09T16:04:40Z
STT,Financials,44767068160.0,CLEAR,CLEAR,,AGREE,done,0,0,0,0,2.13,,,v1-2026-06-09,2026-06-09T16:04:40Z
MSCI,Financials,44760924160.0,CLEAR,CLEAR,,AGREE,done,0,0,0,0,2.34,,,v1-2026-06-09,2026-06-09T16:04:40Z
DEO,Consumer Staples,44711034880.0,CLEAR,CLEAR,,AGREE,done,0,0,0,0,2.72,,,v1-2026-06-09,2026-06-09T16:04:40Z
FERG,Industrials,44524244992.0,SKIP_lt2y,,,SKIP,skip,,,,,,,<2y data,v1-2026-06-09,2026-06-09T16:04:40Z
IDXX,Health Care,44344864768.0,CLEAR,CLEAR,,AGREE,done,0,0,0,0,3.03,,,v1-2026-06-09,2026-06-09T16:04:40Z
WAB,Industrials,44183977984.0,CLEAR,CLEAR,,AGREE,done,0,0,0,0,2.92,,,v1-2026-06-09,2026-06-09T16:04:40Z
CLS,Information Technology,42736652288.0,CLEAR,CLEAR,,AGREE,done,0,0,0,0,1.64,,,v1-2026-06-09,2026-06-09T16:04:40Z
AU,Materials,42533101568.0,CLEAR,CLEAR,,AGREE,done,0,0,0,1,1.61,, | RAISE:Thesis Gold & Silver Closes Strategic Investment by AngloGold Ashanti and Participation by Centerra Gold for C$44M,v1-2026-06-09,2026-06-09T16:04:40Z
MSTR,Financials,42384224256.0,WATCH,WATCH,,AGREE,done,0,0,0,0,2.44,,,v1-2026-06-09,2026-06-09T16:04:40Z
FNV,Unknown,42185220096.0,CLEAR,CLEAR,,AGREE,done,0,0,0,0,3.08,,,v1-2026-06-09,2026-06-09T16:04:40Z
HUM,Health Care,42031128576.0,CLEAR,CLEAR,,AGREE,done,0,0,0,0,2.98,,,v1-2026-06-09,2026-06-09T16:04:40Z
CCEP,Consumer Staples,41948696576.0,CLEAR,CLEAR,,AGREE,done,0,0,0,0,4.94,,,v1-2026-06-09,2026-06-09T16:04:40Z
BDX,Health Care,41650692096.0,CLEAR,CLEAR,,AGREE,done,0,0,0,0,2.28,,,v1-2026-06-09,2026-06-09T16:04:40Z
YUM,Consumer Discretionary,41582972928.0,CLEAR,CLEAR,,AGREE,done,0,0,0,0,3.99,,,v1-2026-06-09,2026-06-09T16:04:40Z
KDP,Consumer Staples,41537880064.0,CLEAR,CLEAR,,AGREE,done,0,0,0,0,6.93,,,v1-2026-06-09,2026-06-09T16:04:40Z
ARES,Financials,41445228544.0,CLEAR,CLEAR,,AGREE,done,0,0,0,0,4.75,,,v1-2026-06-09,2026-06-09T16:04:40Z
GFS,Unknown,41421893632.0,CLEAR,CLEAR,,AGREE,done,0,0,0,1,1.87,, | RAISE:GlobalFoundries Announces Pricing of Public Secondary Offering and Concurrent Share Repurchase,v1-2026-06-09,2026-06-09T16:04:40Z
BIDU,Information Technology,41395142656.0,WATCH,WATCH,,AGREE,done,0,0,0,0,2.69,,,v1-2026-06-09,2026-06-09T16:04:40Z
DHI,Consumer Discretionary,41289195520.0,CLEAR,CLEAR,,AGREE,done,0,0,0,0,6.5,,,v1-2026-06-09,2026-06-09T16:04:40Z
CCI,Real Estate,41240346624.0,CLEAR,CLEAR,,AGREE,done,0,0,0,0,3.9,,,v1-2026-06-09,2026-06-09T16:04:40Z
AMP,Financials,40872611840.0,CLEAR,CLEAR,,AGREE,done,0,0,0,0,6.73,,,v1-2026-06-09,2026-06-09T16:04:40Z
XYZ,Financials,40561586176.0,CLEAR,CLEAR,,AGREE,done,0,0,0,0,3.3,,,v1-2026-06-09,2026-06-09T16:04:40Z
ALNY,Health Care,40460984320.0,CLEAR,CLEAR,,AGREE,done,0,0,0,0,5.13,,,v1-2026-06-09,2026-06-09T16:04:40Z
HLN,Unknown,40337567744.0,CLEAR,CLEAR,,AGREE,done,0,0,0,0,1.34,,,v1-2026-06-09,2026-06-09T16:04:40Z
COIN,Financials,40151420928.0,CLEAR,CLEAR,,AGREE,done,0,0,0,0,2.37,,,v1-2026-06-09,2026-06-09T16:04:40Z
VIK,Unknown,40127373312.0,CLEAR,CLEAR,,AGREE,done,0,0,0,0,2.14,,,v1-2026-06-09,2026-06-09T16:04:40Z
AIG,Financials,40025264128.0,CLEAR,CLEAR,,AGREE,done,0,0,0,1,1.83,, | RAISE:Onex Completes Convex Acquisition and Strategic Investment by AIG,v1-2026-06-09,2026-06-09T16:04:40Z
VTR,Real Estate,39875641344.0,CLEAR,CLEAR,,AGREE,done,0,0,0,0,4.45,,,v1-2026-06-09,2026-06-09T16:04:40Z
TEVA,Health Care,39811756032.0,CLEAR,CLEAR,,AGREE,done,0,0,0,0,3.99,,,v1-2026-06-09,2026-06-09T16:04:40Z
TTWO,Communication Services,39805075456.0,DISTRESSED-RECOVERABLE,DISTRESSED-RECOVERABLE,,AGREE,done,0,0,0,0,3.48,,,v1-2026-06-09,2026-06-09T16:04:40Z
PEG,Utilities,39606587392.0,CLEAR,CLEAR,,AGREE,done,0,0,0,0,3.06,,,v1-2026-06-09,2026-06-09T16:04:40Z
WCN,Utilities,39438438400.0,CLEAR,CLEAR,,AGREE,done,0,0,0,0,1.04,,,v1-2026-06-09,2026-06-09T16:04:40Z
BSBR,Unknown,39234138112.0,SKIP_no_data,,,SKIP,skip,,,,,,,no cached fundamentals/context,v1-2026-06-09,2026-06-09T16:04:40Z
KR,Consumer Staples,39194763264.0,CLEAR,CLEAR,,AGREE,done,0,0,0,0,5.58,,,v1-2026-06-09,2026-06-09T16:04:40Z
AXON,Industrials,39182282752.0,CLEAR,CLEAR,,AGREE,done,0,0,0,0,2.44,,,v1-2026-06-09,2026-06-09T16:04:40Z
ED,Utilities,39159967744.0,CLEAR,CLEAR,,AGREE,done,0,0,0,0,4.24,,,v1-2026-06-09,2026-06-09T16:04:40Z
JD,Unknown,39002439680.0,CLEAR,CLEAR,,AGREE,done,0,0,0,0,2.3,,,v1-2026-06-09,2026-06-09T16:04:40Z
ADM,Consumer Staples,38999920640.0,CLEAR,CLEAR,,AGREE,done,0,0,0,0,2.91,,,v1-2026-06-09,2026-06-09T16:04:40Z
TKO,Communication Services,38892290048.0,CLEAR,CLEAR,,AGREE,done,0,0,0,0,5.96,,,v1-2026-06-09,2026-06-09T16:04:40Z
STLD,Materials,38721130496.0,CLEAR,CLEAR,,AGREE,done,0,0,0,0,3.83,,,v1-2026-06-09,2026-06-09T16:04:40Z
ESLT,Industrials,38560051200.0,CLEAR,CLEAR,,AGREE,done,0,0,0,0,1.66,,,v1-2026-06-09,2026-06-09T16:04:40Z
CBRE,Real Estate,38338473984.0,CLEAR,CLEAR,,AGREE,done,0,0,0,0,1.94,,,v1-2026-06-09,2026-06-09T16:04:40Z
A,Health Care,38252580864.0,CLEAR,CLEAR,,AGREE,done,0,0,0,0,2.63,,,v1-2026-06-09,2026-06-09T16:04:40Z
CRDO,Information Technology,38160846848.0,CLEAR,CLEAR,,AGREE,done,0,0,0,0,2.0,,,v1-2026-06-09,2026-06-09T16:04:40Z
CCL,Consumer Discretionary,37966675968.0,CLEAR,CLEAR,,AGREE,done,0,0,0,0,1.42,,,v1-2026-06-09,2026-06-09T16:04:40Z
PCG,Utilities,37680066560.0,CLEAR,CLEAR,,AGREE,done,0,0,0,0,2.13,,,v1-2026-06-09,2026-06-09T16:04:40Z
CMG,Consumer Discretionary,37635416064.0,CLEAR,CLEAR,,AGREE,done,0,0,0,0,2.67,,,v1-2026-06-09,2026-06-09T16:04:40Z
TRI,Unknown,37559803904.0,CLEAR,CLEAR,,AGREE,done,0,0,0,0,5.02,,,v1-2026-06-09,2026-06-09T16:04:40Z
HSY,Consumer Staples,37440831488.0,CLEAR,CLEAR,,AGREE,done,0,0,0,0,5.32,,,v1-2026-06-09,2026-06-09T16:04:40Z
JBL,Information Technology,37267746816.0,CLEAR,CLEAR,,AGREE,done,0,0,0,0,1.84,,,v1-2026-06-09,2026-06-09T16:04:40Z
LYV,Communication Services,37250338816.0,CLEAR,CLEAR,,AGREE,done,0,0,0,0,7.05,,,v1-2026-06-09,2026-06-09T16:04:40Z
IRM,Real Estate,37089427456.0,CLEAR,CLEAR,,AGREE,done,0,0,0,0,4.36,,,v1-2026-06-09,2026-06-09T16:04:40Z
WEC,Utilities,36790714368.0,CLEAR,CLEAR,,AGREE,done,0,0,0,0,7.74,,,v1-2026-06-09,2026-06-09T16:04:40Z
VMC,Materials,36510429184.0,CLEAR,CLEAR,,AGREE,done,0,0,0,0,4.35,,,v1-2026-06-09,2026-06-09T16:04:40Z
SYY,Consumer Staples,36480548864.0,CLEAR,CLEAR,,AGREE,done,0,0,0,0,3.84,,,v1-2026-06-09,2026-06-09T16:04:40Z
PYPL,Financials,36422135808.0,CLEAR,CLEAR,,AGREE,done,0,0,0,0,2.48,,,v1-2026-06-09,2026-06-09T16:04:40Z
EME,Industrials,36402704384.0,CLEAR,CLEAR,,AGREE,done,0,0,0,0,2.84,,,v1-2026-06-09,2026-06-09T16:04:40Z
PRU,Financials,36337156096.0,CLEAR,CLEAR,,AGREE,done,0,0,0,0,5.45,,,v1-2026-06-09,2026-06-09T16:04:40Z
ASTS,Communication Services,36328460288.0,WATCH,WATCH,,AGREE,done,0,0,0,0,2.41,,,v1-2026-06-09,2026-06-09T16:04:40Z
HIG,Financials,36223647744.0,CLEAR,CLEAR,,AGREE,done,0,0,0,0,3.84,,,v1-2026-06-09,2026-06-09T16:04:40Z
PAYX,Industrials,36018982912.0,CLEAR,CLEAR,,AGREE,done,0,0,0,0,6.37,,,v1-2026-06-09,2026-06-09T16:04:40Z
WAT,Health Care,35873181696.0,CLEAR,CLEAR,,AGREE,done,0,0,0,0,2.86,,,v1-2026-06-09,2026-06-09T16:04:40Z
RKT,Financials,35792285696.0,WATCH,WATCH,,AGREE,done,0,0,0,0,2.89,,,v1-2026-06-09,2026-06-09T16:04:40Z
WDAY,Information Technology,35633332224.0,CLEAR,CLEAR,,AGREE,done,0,0,0,0,6.16,,,v1-2026-06-09,2026-06-09T16:04:40Z
BBD,Unknown,35517591552.0,SKIP_no_data,,,SKIP,skip,,,,,,,no cached fundamentals/context,v1-2026-06-09,2026-06-09T16:04:40Z
MLM,Materials,34576232448.0,CLEAR,CLEAR,,AGREE,done,0,0,0,0,3.47,,,v1-2026-06-09,2026-06-09T16:04:40Z
UI,Information Technology,34335995904.0,CLEAR,CLEAR,,AGREE,done,0,0,0,0,2.87,,,v1-2026-06-09,2026-06-09T16:04:40Z
UAL,Industrials,34316759040.0,CLEAR,CLEAR,,AGREE,done,0,0,0,0,2.6,,,v1-2026-06-09,2026-06-09T16:04:40Z
TWLO,Information Technology,34299373568.0,CLEAR,CLEAR,,AGREE,done,0,0,0,0,1.73,,,v1-2026-06-09,2026-06-09T16:04:40Z
HEI.A,Industrials,34007033856.0,CLEAR,CLEAR,,AGREE,done,0,0,0,0,1.57,,,v1-2026-06-09,2026-06-09T16:04:40Z
KVUE,Consumer Staples,34003351552.0,CLEAR,CLEAR,,AGREE,done,0,0,0,0,2.75,,,v1-2026-06-09,2026-06-09T16:04:40Z
SATS,Communication Services,33699514368.0,WATCH,WATCH,,AGREE,done,0,0,0,0,8.93,,,v1-2026-06-09,2026-06-09T16:04:40Z
EQT,Energy,33619443712.0,CLEAR,CLEAR,,AGREE,done,0,0,0,0,3.26,,,v1-2026-06-09,2026-06-09T16:04:40Z
ROP,Information Technology,33522726912.0,CLEAR,CLEAR,,AGREE,done,0,0,0,0,3.48,,,v1-2026-06-09,2026-06-09T16:04:40Z
HBAN,Financials,33488199680.0,CLEAR,CLEAR,,AGREE,done,0,0,0,0,2.65,,,v1-2026-06-09,2026-06-09T16:04:40Z
RDDT,Information Technology,33390692352.0,CLEAR,CLEAR,,AGREE,done,0,0,0,0,2.21,,,v1-2026-06-09,2026-06-09T16:04:40Z
ZTS,Health Care,33303484416.0,CLEAR,CLEAR,,AGREE,done,0,0,0,0,1.16,,,v1-2026-06-09,2026-06-09T16:04:40Z
LVS,Consumer Discretionary,33297524736.0,CLEAR,CLEAR,,AGREE,done,0,0,0,0,2.65,,,v1-2026-06-09,2026-06-09T16:04:40Z
QSR,Consumer Discretionary,33157441536.0,CLEAR,CLEAR,,AGREE,done,0,0,0,0,4.0,,,v1-2026-06-09,2026-06-09T16:04:40Z
NTAP,Information Technology,33084000256.0,CLEAR,CLEAR,,AGREE,done,0,0,1,1,10.61,, | RAISE:Pipeshift raises $2.5M to offer enterprises flexibility and control over their AI stack using open-source models,v1-2026-06-09,2026-06-09T16:04:40Z
KMB,Consumer Staples,32875372544.0,CLEAR,CLEAR,,AGREE,done,0,0,0,0,9.74,,,v1-2026-06-09,2026-06-09T16:04:40Z
HAL,Energy,32730884096.0,CLEAR,CLEAR,,AGREE,done,0,0,0,0,3.47,,,v1-2026-06-09,2026-06-09T16:04:40Z
ALC,Health Care,32583235584.0,CLEAR,CLEAR,,AGREE,done,0,0,0,0,2.04,,,v1-2026-06-09,2026-06-09T16:04:40Z
MTB,Financials,32575238144.0,CLEAR,CLEAR,,AGREE,done,0,0,0,0,6.01,,,v1-2026-06-09,2026-06-09T16:04:40Z
NTR,Unknown,32257581056.0,CLEAR,CLEAR,,AGREE,done,0,0,0,0,1.0,,,v1-2026-06-09,2026-06-09T16:04:40Z
RPRX,Health Care,32171743232.0,CLEAR,CLEAR,,AGREE,done,0,0,0,1,3.32,, | RAISE:Royalty Pharma Announces Pricing of $2.0 Billion of Senior Unsecured Notes,v1-2026-06-09,2026-06-09T16:04:40Z
EXR,Real Estate,32069033984.0,CLEAR,CLEAR,,AGREE,done,0,0,0,0,4.93,,,v1-2026-06-09,2026-06-09T16:04:40Z
PUK,Unknown,31893561344.0,CLEAR,CLEAR,,AGREE,done,0,0,0,0,1.52,,,v1-2026-06-09,2026-06-09T16:04:40Z
ACGL,Financials,31860838400.0,CLEAR,CLEAR,,AGREE,done,0,0,0,0,3.28,,,v1-2026-06-09,2026-06-09T16:04:40Z
VG,Utilities,31799785472.0,SKIP_lt2y,,,SKIP,skip,,,,,,,<2y data,v1-2026-06-09,2026-06-09T16:04:40Z
RVMD,Health Care,31725768704.0,SKIP_lt2y,,,SKIP,skip,,,,,,,<2y data,v1-2026-06-09,2026-06-09T16:04:40Z
NTRS,Financials,31545008128.0,CLEAR,CLEAR,,AGREE,done,0,0,0,0,2.87,,,v1-2026-06-09,2026-06-09T16:04:40Z
KGC,Unknown,31309549568.0,CLEAR,CLEAR,,AGREE,done,0,0,0,1,2.11,, | RAISE:AbraSilver Announces $43.4 Million “Bought Deal” Life Private Placement to Advance Diablillos Project,v1-2026-06-09,2026-06-09T16:04:40Z
CQP,Utilities,31206969344.0,CLEAR,CLEAR,,AGREE,done,0,0,0,0,7.32,,,v1-2026-06-09,2026-06-09T16:04:40Z
TS,Unknown,31016132608.0,CLEAR,CLEAR,,AGREE,done,0,0,0,0,1.9,,,v1-2026-06-09,2026-06-09T16:04:40Z
NTRA,Health Care,30835701760.0,CLEAR,CLEAR,,AGREE,done,0,0,0,0,2.01,,,v1-2026-06-09,2026-06-09T16:04:40Z
CNC,Health Care,30778368000.0,CLEAR,CLEAR,,AGREE,done,0,0,0,0,2.36,,,v1-2026-06-09,2026-06-09T16:04:40Z
BBDO,Unknown,30760773632.0,SKIP_no_data,,,SKIP,skip,,,,,,,no cached fundamentals/context,v1-2026-06-09,2026-06-09T16:04:40Z
IQV,Health Care,30617804800.0,CLEAR,CLEAR,,AGREE,done,0,0,0,0,2.54,,,v1-2026-06-09,2026-06-09T16:04:40Z
BIP,Industrials,30603511808.0,DISTRESSED-RECOVERABLE,DISTRESSED-RECOVERABLE,,AGREE,done,0,0,0,0,1.01,,,v1-2026-06-09,2026-06-09T16:04:40Z
DTE,Utilities,30324289536.0,CLEAR,CLEAR,,AGREE,done,0,0,0,0,2.74,,,v1-2026-06-09,2026-06-09T16:04:40Z
AEE,Utilities,30240647168.0,CLEAR,CLEAR,,AGREE,done,0,0,0,0,5.26,,,v1-2026-06-09,2026-06-09T16:04:40Z
TECK,Unknown,30211780608.0,CLEAR,CLEAR,,AGREE,done,0,0,0,0,2.74,,,v1-2026-06-09,2026-06-09T16:04:40Z
EL,Consumer Staples,30206257152.0,DISTRESSED-RECOVERABLE,DISTRESSED-RECOVERABLE,,AGREE,done,0,0,0,0,2.0,,,v1-2026-06-09,2026-06-09T16:04:40Z
VICI,Real Estate,29999095808.0,CLEAR,CLEAR,,AGREE,done,0,0,0,0,3.74,,,v1-2026-06-09,2026-06-09T16:04:40Z
FSLR,Information Technology,29980563456.0,CLEAR,CLEAR,,AGREE,done,0,0,0,0,2.99,,,v1-2026-06-09,2026-06-09T16:04:40Z
RBLX,Information Technology,29942231040.0,CLEAR,CLEAR,,AGREE,done,0,0,0,0,1.44,,,v1-2026-06-09,2026-06-09T16:04:40Z
ZM,Information Technology,29798258688.0,CLEAR,CLEAR,,AGREE,done,0,0,0,0,1.34,,,v1-2026-06-09,2026-06-09T16:04:40Z
Q,Information Technology,29736634368.0,SKIP_lt2y,,,SKIP,skip,,,,,,,<2y data,v1-2026-06-09,2026-06-09T16:04:40Z
AMRZ,Materials,29658494976.0,SKIP_lt2y,,,SKIP,skip,,,,,,,<2y data,v1-2026-06-09,2026-06-09T16:04:40Z
RJF,Financials,29515036672.0,CLEAR,CLEAR,,AGREE,done,0,0,0,1,9.12,, | RAISE:Cerro de Pasco Resources Announces Private Placements of up to $15 Million,v1-2026-06-09,2026-06-09T16:04:40Z
CBOE,Financials,29502949376.0,CLEAR,CLEAR,,AGREE,done,0,0,0,0,3.78,,,v1-2026-06-09,2026-06-09T16:04:40Z
GEHC,Health Care,29417850880.0,CLEAR,CLEAR,,AGREE,done,0,0,0,0,1.98,,,v1-2026-06-09,2026-06-09T16:04:40Z
FISV,Financials,29025013760.0,CLEAR,CLEAR,,AGREE,done,0,0,0,0,1.91,,,v1-2026-06-09,2026-06-09T16:04:40Z
DOV,Industrials,28919883776.0,CLEAR,CLEAR,,AGREE,done,0,0,0,0,3.91,,,v1-2026-06-09,2026-06-09T16:04:40Z
BIIB,Health Care,28839434240.0,CLEAR,CLEAR,,AGREE,done,0,0,0,0,4.21,,,v1-2026-06-09,2026-06-09T16:04:40Z
MTZ,Industrials,28754065408.0,CLEAR,CLEAR,,AGREE,done,0,0,0,0,2.89,,,v1-2026-06-09,2026-06-09T16:04:40Z
CPRT,Industrials,28663121920.0,CLEAR,CLEAR,,AGREE,done,0,0,0,0,5.18,,,v1-2026-06-09,2026-06-09T16:04:40Z
FTS,Unknown,28460535808.0,DISTRESSED-RECOVERABLE,DISTRESSED-RECOVERABLE,,AGREE,done,0,0,1,1,25.46,, | RAISE:Fortis Inc. Announces Pricing of Fixed-to-Fixed Rate Subordinated Notes,v1-2026-06-09,2026-06-09T16:04:40Z
RMD,Health Care,28436852736.0,CLEAR,CLEAR,,AGREE,done,0,0,0,0,8.42,,,v1-2026-06-09,2026-06-09T16:04:40Z
ATO,Utilities,28416432128.0,CLEAR,CLEAR,,AGREE,done,0,0,0,0,2.97,,,v1-2026-06-09,2026-06-09T16:04:40Z
PBA,Unknown,28385656832.0,CLEAR,CLEAR,,AGREE,done,0,0,0,0,7.71,,,v1-2026-06-09,2026-06-09T16:04:40Z
TPR,Consumer Discretionary,28306466816.0,CLEAR,CLEAR,,AGREE,done,0,0,0,0,4.95,,,v1-2026-06-09,2026-06-09T16:04:40Z
IR,Industrials,28274085888.0,CLEAR,CLEAR,,AGREE,done,0,0,0,0,4.29,,,v1-2026-06-09,2026-06-09T16:04:40Z
CASY,Consumer Staples,28241666048.0,CLEAR,CLEAR,,AGREE,done,0,0,0,0,2.55,,,v1-2026-06-09,2026-06-09T16:04:40Z
EIX,Utilities,28216940544.0,CLEAR,CLEAR,,AGREE,done,0,0,0,0,5.25,,,v1-2026-06-09,2026-06-09T16:04:40Z
MDB,Information Technology,28210694144.0,CLEAR,CLEAR,,AGREE,done,0,0,0,0,2.44,,,v1-2026-06-09,2026-06-09T16:04:40Z
VEEV,Health Care,28169728000.0,CLEAR,CLEAR,,AGREE,done,0,0,0,0,1.65,,,v1-2026-06-09,2026-06-09T16:04:40Z
DXCM,Health Care,28114706432.0,CLEAR,CLEAR,,AGREE,done,0,0,0,0,2.78,,,v1-2026-06-09,2026-06-09T16:04:40Z
FOXA,Communication Services,28106262528.0,CLEAR,CLEAR,,AGREE,done,0,0,0,0,8.32,,,v1-2026-06-09,2026-06-09T16:04:40Z
ONC,Health Care,28023203840.0,CLEAR,CLEAR,,AGREE,done,0,0,0,0,4.15,,,v1-2026-06-09,2026-06-09T16:04:40Z
TSEM,Unknown,28019535872.0,CLEAR,CLEAR,,AGREE,done,0,0,0,0,1.31,,,v1-2026-06-09,2026-06-09T16:04:40Z
CNP,Utilities,27926493184.0,CLEAR,CLEAR,,AGREE,done,0,0,0,0,7.28,,,v1-2026-06-09,2026-06-09T16:04:40Z
TDY,Information Technology,27902650368.0,CLEAR,CLEAR,,AGREE,done,0,0,0,0,6.21,,,v1-2026-06-09,2026-06-09T16:04:40Z
EXPE,Consumer Discretionary,27470653440.0,CLEAR,CLEAR,,AGREE,done,0,0,0,0,3.6,,,v1-2026-06-09,2026-06-09T16:04:40Z
NRG,Utilities,27259451392.0,CLEAR,CLEAR,,AGREE,done,0,0,0,0,1.31,,,v1-2026-06-09,2026-06-09T16:04:40Z
CPNG,Consumer Discretionary,27195222016.0,CLEAR,CLEAR,,AGREE,done,0,0,0,0,1.46,,,v1-2026-06-09,2026-06-09T16:04:40Z
CW,Industrials,27083044864.0,CLEAR,CLEAR,,AGREE,done,0,0,0,0,2.4,,,v1-2026-06-09,2026-06-09T16:04:40Z
STRL,Industrials,27078205440.0,CLEAR,CLEAR,,AGREE,done,0,0,0,0,2.01,,,v1-2026-06-09,2026-06-09T16:04:40Z
CFG,Financials,27055986688.0,CLEAR,CLEAR,,NEWS_NOTE,done,0,1,0,0,3.68,single news mention (kept screen bucket; investigate),"single news mention of distress/fraud (investigate; not a screen error) | FR:Turmoil At New York Community Bancorp: Shares Tumble Over 20%, Regional Bank Investors Pull Back",v1-2026-06-09,2026-06-09T16:04:40Z
OTIS,Industrials,26990585856.0,CLEAR,CLEAR,,AGREE,done,0,0,0,0,3.12,,,v1-2026-06-09,2026-06-09T16:04:40Z
AVB,Real Estate,26915969024.0,CLEAR,CLEAR,,AGREE,done,0,0,0,0,3.81,,,v1-2026-06-09,2026-06-09T16:04:40Z
PPL,Utilities,26889003008.0,CLEAR,CLEAR,,AGREE,done,0,0,0,1,4.58,," | RAISE:Eversource (ES) Rides on Renewable Focus, Strategic Investments",v1-2026-06-09,2026-06-09T16:04:40Z
TPL,Energy,26885543936.0,CLEAR,CLEAR,,AGREE,done,0,0,1,0,10.31,,,v1-2026-06-09,2026-06-09T16:04:40Z
JBHT,Industrials,26870558720.0,CLEAR,CLEAR,,AGREE,done,0,0,0,0,3.65,,,v1-2026-06-09,2026-06-09T16:04:40Z
FE,Utilities,26850772992.0,CLEAR,CLEAR,,AGREE,done,0,0,0,0,3.45,,,v1-2026-06-09,2026-06-09T16:04:40Z
VRSN,Information Technology,26837721088.0,CLEAR,CLEAR,,AGREE,done,0,0,0,0,2.7,,,v1-2026-06-09,2026-06-09T16:04:40Z
KHC,Consumer Staples,26774859776.0,WATCH,WATCH,,AGREE,done,0,0,0,0,5.49,,,v1-2026-06-09,2026-06-09T16:04:40Z
FTI,Industrials,26641260544.0,CLEAR,CLEAR,,AGREE,done,0,0,0,0,2.66,,,v1-2026-06-09,2026-06-09T16:04:40Z
SYM,Industrials,26571960320.0,CLEAR,CLEAR,,NEWS_NOTE,done,0,1,0,1,7.32,single news mention (kept screen bucket; investigate),single news mention of distress/fraud (investigate; not a screen error) | FR:Symbotic Gets Big Earnings Lift: Is the Stock Investable Again?,v1-2026-06-09,2026-06-09T16:04:40Z
ES,Utilities,26551248896.0,CLEAR,CLEAR,,AGREE,done,0,0,0,0,3.48,,,v1-2026-06-09,2026-06-09T16:04:40Z
FICO,Information Technology,26375712768.0,CLEAR,CLEAR,,AGREE,done,0,0,0,0,5.69,,,v1-2026-06-09,2026-06-09T16:04:40Z
MTSI,Information Technology,26352560128.0,CLEAR,CLEAR,,AGREE,done,0,0,0,0,1.82,,,v1-2026-06-09,2026-06-09T16:04:40Z
EQR,Real Estate,26346981376.0,CLEAR,CLEAR,,AGREE,done,0,0,0,0,4.2,,,v1-2026-06-09,2026-06-09T16:04:40Z
NVT,Industrials,26337792000.0,CLEAR,CLEAR,,AGREE,done,0,0,0,0,1.63,,,v1-2026-06-09,2026-06-09T16:04:40Z
XYL,Industrials,26132023296.0,CLEAR,CLEAR,,AGREE,done,0,0,0,0,3.98,,,v1-2026-06-09,2026-06-09T16:04:40Z
XPO,Industrials,25705742336.0,CLEAR,CLEAR,,AGREE,done,0,0,0,0,4.75,,,v1-2026-06-09,2026-06-09T16:04:40Z
BAP,Unknown,25622083584.0,SKIP_no_data,,,SKIP,skip,,,,,,,no cached fundamentals/context,v1-2026-06-09,2026-06-09T16:04:40Z
CINF,Financials,25568169984.0,CLEAR,CLEAR,,AGREE,done,0,0,0,0,4.58,,,v1-2026-06-09,2026-06-09T16:04:40Z
WRB,Financials,25527015424.0,CLEAR,CLEAR,,AGREE,done,0,0,1,0,11.11,,,v1-2026-06-09,2026-06-09T16:04:40Z
PPG,Materials,25366020096.0,CLEAR,CLEAR,,AGREE,done,0,0,0,0,4.62,,,v1-2026-06-09,2026-06-09T16:04:40Z
TEAM,Information Technology,25242288128.0,CLEAR,CLEAR,,AGREE,done,0,0,0,0,1.89,,,v1-2026-06-09,2026-06-09T16:04:40Z
HUBB,Industrials,25196015616.0,CLEAR,CLEAR,,AGREE,done,0,0,0,0,3.85,,,v1-2026-06-09,2026-06-09T16:04:40Z
CTSH,Information Technology,25168328704.0,CLEAR,CLEAR,,AGREE,done,0,0,0,0,6.55,,,v1-2026-06-09,2026-06-09T16:04:40Z
FOX,Communication Services,25160757248.0,CLEAR,CLEAR,,AGREE,done,0,0,1,0,10.93,,,v1-2026-06-09,2026-06-09T16:04:40Z
SMCI,Information Technology,25043064832.0,CLEAR,CLEAR,,NEWS_NOTE,done,0,1,0,0,1.78,single news mention (kept screen bucket; investigate),single news mention of distress/fraud (investigate; not a screen error) | FR:Supermicro Stock Is Up By More Than 70% in 30 Days. Is It a Buy?,v1-2026-06-09,2026-06-09T16:04:40Z
FDXF,Industrials,24992409600.0,SKIP_no_data,,,SKIP,skip,,,,,,,no cached fundamentals/context,v1-2026-06-09,2026-06-09T16:04:40Z
WTW,Financials,24890820608.0,CLEAR,CLEAR,,AGREE,done,0,0,0,1,2.59,," | RAISE:WTW Prices Offering of $1,000,000,000 of Senior Notes",v1-2026-06-09,2026-06-09T16:04:40Z
ILMN,Health Care,24559017984.0,CLEAR,CLEAR,,AGREE,done,0,0,0,0,4.02,,,v1-2026-06-09,2026-06-09T16:04:40Z
BG,Consumer Staples,24535529472.0,DISTRESSED-RECOVERABLE,DISTRESSED-RECOVERABLE,,AGREE,done,0,0,0,0,3.51,,,v1-2026-06-09,2026-06-09T16:04:40Z
DOW,Materials,24483588096.0,WATCH,WATCH,,AGREE,done,0,0,0,0,2.17,,,v1-2026-06-09,2026-06-09T16:04:40Z
RF,Financials,24355452928.0,CLEAR,CLEAR,,AGREE,done,0,0,0,0,4.76,,,v1-2026-06-09,2026-06-09T16:04:40Z
AWK,Utilities,24306567168.0,CLEAR,CLEAR,,AGREE,done,0,0,0,0,5.98,,,v1-2026-06-09,2026-06-09T16:04:40Z
STZ,Consumer Staples,24268179456.0,CLEAR,CLEAR,,AGREE,done,0,0,0,0,4.17,,,v1-2026-06-09,2026-06-09T16:04:40Z
ATI,Materials,24219408384.0,CLEAR,CLEAR,,AGREE,done,0,0,0,0,2.08,,,v1-2026-06-09,2026-06-09T16:04:40Z
WSM,Consumer Discretionary,24135698432.0,CLEAR,CLEAR,,AGREE,done,0,0,0,0,6.04,,,v1-2026-06-09,2026-06-09T16:04:40Z
IHG,Unknown,24065425408.0,CLEAR,CLEAR,,AGREE,done,0,0,0,0,1.56,,,v1-2026-06-09,2026-06-09T16:04:40Z
FCNCA,Financials,24044130304.0,CLEAR,CLEAR,,AGREE,done,0,0,1,0,10.39,,,v1-2026-06-09,2026-06-09T16:04:40Z
CRS,Materials,24027961344.0,CLEAR,CLEAR,,AGREE,done,0,0,0,0,2.86,,,v1-2026-06-09,2026-06-09T16:04:40Z
FTAI,Information Technology,24009545728.0,AVOID,AVOID,,AVOID_unconfirmed,done,0,0,0,0,4.94,,no API fraud/short signal (coverage may be thin),v1-2026-06-09,2026-06-09T16:04:40Z
P,Information Technology,23971452928.0,CLEAR,CLEAR,,AGREE,done,0,0,0,0,3.07,,,v1-2026-06-09,2026-06-09T16:04:40Z
SYF,Financials,23828465664.0,CLEAR,CLEAR,,AGREE,done,0,0,0,0,5.56,,,v1-2026-06-09,2026-06-09T16:04:40Z
VRSK,Industrials,23810598912.0,CLEAR,CLEAR,,AGREE,done,0,0,0,1,4.07,," | RAISE:Verisk Analytics, Inc. Prices Offering of Senior Notes",v1-2026-06-09,2026-06-09T16:04:40Z
KEY,Financials,23592751104.0,CLEAR,CLEAR,,AGREE,done,0,0,0,0,2.54,,,v1-2026-06-09,2026-06-09T16:04:40Z
BEP,Utilities,23492743168.0,CLEAR,CLEAR,,AGREE,done,0,0,0,0,1.42,,,v1-2026-06-09,2026-06-09T16:04:40Z
HPQ,Information Technology,23393490944.0,CLEAR,CLEAR,,AGREE,done,0,0,0,0,7.15,,,v1-2026-06-09,2026-06-09T16:04:40Z
UTHR,Health Care,23340183552.0,CLEAR,CLEAR,,AGREE,done,0,0,0,0,4.97,,,v1-2026-06-09,2026-06-09T16:04:40Z
MTD,Health Care,23326238720.0,CLEAR,CLEAR,,AGREE,done,0,0,0,0,2.91,,,v1-2026-06-09,2026-06-09T16:04:40Z
LPLA,Financials,23074254848.0,WATCH,WATCH,,AGREE,done,0,0,0,0,3.47,,,v1-2026-06-09,2026-06-09T16:04:40Z
CHD,Consumer Staples,22921922560.0,CLEAR,CLEAR,,AGREE,done,0,0,0,0,4.58,,,v1-2026-06-09,2026-06-09T16:04:40Z
DG,Consumer Staples,22874832896.0,CLEAR,CLEAR,,AGREE,done,0,0,0,0,2.16,,,v1-2026-06-09,2026-06-09T16:04:40Z
BCE,Communication Services,22762954752.0,CLEAR,CLEAR,,AGREE,done,0,0,0,0,6.37,,,v1-2026-06-09,2026-06-09T16:04:40Z
MKL,Financials,22758309888.0,CLEAR,CLEAR,,AGREE,done,0,0,0,0,3.1,,,v1-2026-06-09,2026-06-09T16:04:40Z
PFG,Financials,22728822784.0,CLEAR,CLEAR,,AGREE,done,0,0,0,0,7.97,,,v1-2026-06-09,2026-06-09T16:04:40Z
TROW,Financials,22710116352.0,CLEAR,CLEAR,,AGREE,done,0,0,1,0,12.33,,,v1-2026-06-09,2026-06-09T16:04:40Z
CPAY,Financials,22709999616.0,CLEAR,CLEAR,,AGREE,done,0,0,0,0,4.74,,,v1-2026-06-09,2026-06-09T16:04:40Z
DRI,Consumer Discretionary,22691674112.0,CLEAR,CLEAR,,AGREE,done,0,0,0,0,5.45,,,v1-2026-06-09,2026-06-09T16:04:40Z
ROL,Industrials,22676936704.0,CLEAR,CLEAR,,AGREE,done,0,0,0,0,3.61,,,v1-2026-06-09,2026-06-09T16:04:40Z
PHM,Consumer Discretionary,22553583616.0,CLEAR,CLEAR,,AGREE,done,0,0,0,0,4.48,,,v1-2026-06-09,2026-06-09T16:04:40Z
TW,Financials,22354206720.0,CLEAR,CLEAR,,AGREE,done,0,0,0,0,2.71,,,v1-2026-06-09,2026-06-09T16:04:40Z
NI,Utilities,22346661888.0,CLEAR,CLEAR,,AGREE,done,0,0,0,1,2.28,, | RAISE:NiSource (NI) Rides on Strategic Investments & Cost Management - Zacks Investment Research,v1-2026-06-09,2026-06-09T16:04:40Z
LEN,Consumer Discretionary,22287532032.0,CLEAR,CLEAR,,AGREE,done,0,0,0,0,6.16,,,v1-2026-06-09,2026-06-09T16:04:40Z
BNTX,Unknown,22274045952.0,SKIP_no_data,,,SKIP,skip,,,,,,,no cached fundamentals/context,v1-2026-06-09,2026-06-09T16:04:40Z
FN,Information Technology,22259226624.0,CLEAR,CLEAR,,AGREE,done,0,0,0,0,2.33,,,v1-2026-06-09,2026-06-09T16:04:40Z
CMS,Utilities,22254569472.0,CLEAR,CLEAR,,AGREE,done,0,0,0,0,5.55,,,v1-2026-06-09,2026-06-09T16:04:40Z
WST,Health Care,22218668032.0,CLEAR,CLEAR,,AGREE,done,0,0,0,0,2.63,,,v1-2026-06-09,2026-06-09T16:04:40Z
FFIV,Information Technology,22192510976.0,CLEAR,CLEAR,,AGREE,done,0,0,0,0,2.21,,,v1-2026-06-09,2026-06-09T16:04:40Z
DGX,Health Care,22171387904.0,CLEAR,CLEAR,,AGREE,done,0,0,0,0,4.99,,,v1-2026-06-09,2026-06-09T16:04:40Z
L,Financials,22134558720.0,CLEAR,CLEAR,,AGREE,done,0,0,0,0,4.58,,,v1-2026-06-09,2026-06-09T16:04:40Z
SBAC,Real Estate,22063228928.0,CLEAR,CLEAR,,AGREE,done,0,0,0,0,2.99,,,v1-2026-06-09,2026-06-09T16:04:40Z
AXIA,Unknown,22040465408.0,SKIP_no_data,,,SKIP,skip,,,,,,,no cached fundamentals/context,v1-2026-06-09,2026-06-09T16:04:40Z
EXE,Energy,22025799680.0,CLEAR,CLEAR,,AGREE,done,0,0,0,0,2.47,,,v1-2026-06-09,2026-06-09T16:04:40Z
FWONK,Communication Services,21973108736.0,CLEAR,CLEAR,,AGREE,done,0,0,0,0,3.87,,,v1-2026-06-09,2026-06-09T16:04:40Z
RIVN,Consumer Discretionary,21955866624.0,WATCH,WATCH,,AGREE,done,0,0,0,0,4.56,,,v1-2026-06-09,2026-06-09T16:04:40Z
LEN.B,Industrials,21836808192.0,CLEAR,CLEAR,,AGREE,done,0,0,0,0,7.13,,,v1-2026-06-09,2026-06-09T16:04:40Z
RL,Consumer Discretionary,21815715840.0,CLEAR,CLEAR,,AGREE,done,0,0,0,0,5.42,,,v1-2026-06-09,2026-06-09T16:04:40Z
LH,Health Care,21742299136.0,CLEAR,CLEAR,,AGREE,done,0,0,0,0,4.69,,,v1-2026-06-09,2026-06-09T16:04:40Z
AKAM,Information Technology,21708957696.0,CLEAR,CLEAR,,AGREE,done,0,0,0,1,2.31,, | RAISE:Akamai Announces Pricing of Upsized Offering of Convertible Senior Notes,v1-2026-06-09,2026-06-09T16:04:40Z
CHRW,Industrials,21699248128.0,CLEAR,CLEAR,,AGREE,done,0,0,0,0,3.45,,,v1-2026-06-09,2026-06-09T16:04:40Z
SNX,Industrials,21672372224.0,CLEAR,CLEAR,,AGREE,done,0,0,0,0,2.11,,,v1-2026-06-09,2026-06-09T16:04:40Z
SW,Materials,21649874944.0,CLEAR,CLEAR,,AGREE,done,0,0,0,0,5.65,,,v1-2026-06-09,2026-06-09T16:04:40Z
AER,Information Technology,21593399296.0,DISTRESSED-RECOVERABLE,DISTRESSED-RECOVERABLE,,AGREE,done,0,0,0,0,1.01,,,v1-2026-06-09,2026-06-09T16:04:40Z
OMC,Communication Services,21463816192.0,CLEAR,CLEAR,,AGREE,done,0,0,0,0,7.43,,,v1-2026-06-09,2026-06-09T16:04:40Z
CRCL,Financials,21458096128.0,SKIP_lt2y,,,SKIP,skip,,,,,,,<2y data,v1-2026-06-09,2026-06-09T16:04:40Z
WWD,Information Technology,21315172352.0,CLEAR,CLEAR,,AGREE,done,0,0,0,0,2.12,,,v1-2026-06-09,2026-06-09T16:04:40Z
AFRM,Financials,21302896640.0,DISTRESSED-RECOVERABLE,DISTRESSED-RECOVERABLE,,AGREE,done,0,0,0,0,3.26,,,v1-2026-06-09,2026-06-09T16:04:40Z
IONQ,Information Technology,21194266624.0,WATCH,WATCH,,AGREE,done,0,0,0,0,2.02,,,v1-2026-06-09,2026-06-09T16:04:40Z
FIS,Financials,21166200832.0,CLEAR,CLEAR,,AGREE,done,0,0,0,0,2.17,,,v1-2026-06-09,2026-06-09T16:04:40Z
ZS,Information Technology,21148370944.0,CLEAR,CLEAR,,AGREE,done,0,0,0,0,3.66,,,v1-2026-06-09,2026-06-09T16:04:40Z
VLTO,Industrials,21133817856.0,CLEAR,CLEAR,,AGREE,done,0,0,0,0,3.02,,,v1-2026-06-09,2026-06-09T16:04:40Z
EXPD,Industrials,20984129536.0,CLEAR,CLEAR,,AGREE,done,0,0,0,0,4.37,,,v1-2026-06-09,2026-06-09T16:04:40Z
DLTR,Consumer Staples,20908595200.0,CLEAR,CLEAR,,AGREE,done,0,0,0,0,3.41,,,v1-2026-06-09,2026-06-09T16:04:40Z
LYB,Materials,20819617792.0,WATCH,WATCH,,AGREE,done,0,0,0,0,1.78,,,v1-2026-06-09,2026-06-09T16:04:40Z
EFX,Industrials,20764833792.0,CLEAR,CLEAR,,AGREE,done,0,0,0,0,3.45,,,v1-2026-06-09,2026-06-09T16:04:40Z
STE,Health Care,20725889024.0,CLEAR,CLEAR,,AGREE,done,0,0,0,0,2.37,,,v1-2026-06-09,2026-06-09T16:04:40Z
CHTR,Communication Services,20700344320.0,CLEAR,CLEAR,,AGREE,done,0,0,0,0,6.45,,,v1-2026-06-09,2026-06-09T16:04:40Z
TSN,Consumer Staples,20680560640.0,CLEAR,CLEAR,,AGREE,done,0,0,0,1,3.69,," | RAISE:Tyson Foods, Inc. Announces Pricing of Senior Notes Offering",v1-2026-06-09,2026-06-09T16:04:40Z
OKTA,Information Technology,20634411008.0,CLEAR,CLEAR,,AGREE,done,0,0,0,0,3.2,,,v1-2026-06-09,2026-06-09T16:04:40Z
STLA,Unknown,20601280512.0,WATCH,WATCH,,AGREE,done,0,0,0,0,4.49,,,v1-2026-06-09,2026-06-09T16:04:40Z
SOFI,Financials,20562343936.0,WATCH,WATCH,,UNDERFLAG_fraud_event,done,0,1,0,0,2.81,promoted — ≥2 live fraud/SEC/short-seller news articles,"4 live news articles show a fraud/SEC/restatement event the screen missed | FR:Down 42%, SoFi Technologies Stock Looks Oversold. Time to Buy the Dip?",v1-2026-06-09,2026-06-09T16:04:40Z
ROIV,Health Care,20556748800.0,WATCH,WATCH,,AGREE,done,0,0,0,0,5.69,,,v1-2026-06-09,2026-06-09T16:04:40Z
INCY,Health Care,20453697536.0,CLEAR,CLEAR,,AGREE,done,0,0,0,0,8.65,,,v1-2026-06-09,2026-06-09T16:04:40Z
INSM,Health Care,20422416384.0,AVOID,AVOID,cash_burn,AVOID_unconfirmed,done,0,0,0,0,3.38,,no API distress/short signal (coverage may be thin),v1-2026-06-09,2026-06-09T16:04:40Z
MKSI,Health Care,20374685696.0,CLEAR,CLEAR,,AGREE,done,0,0,0,1,2.86,, | RAISE:MKS Instruments Announces Pricing of Upsized Private Offering of $1.2 Billion of 1.25% Convertible Senior Notes,v1-2026-06-09,2026-06-09T16:04:40Z
RCI,Unknown,20328677376.0,CLEAR,CLEAR,,AGREE,done,0,0,1,1,11.86,, | RAISE:Rogers Communications Inc. Announces Pricing of Public Offering of US$750 million Fixed-to-Fixed Rate Subordinated Notes and Canad,v1-2026-06-09,2026-06-09T16:04:40Z
LUV,Industrials,20303661056.0,CLEAR,CLEAR,,AGREE,done,0,0,0,0,3.66,,,v1-2026-06-09,2026-06-09T16:04:40Z
IOT,Information Technology,20278310912.0,CLEAR,CLEAR,,AGREE,done,0,0,0,0,8.48,,,v1-2026-06-09,2026-06-09T16:04:40Z
RS,Industrials,20134047744.0,CLEAR,CLEAR,,AGREE,done,0,0,0,0,2.98,,,v1-2026-06-09,2026-06-09T16:04:40Z
ULTA,Consumer Discretionary,20079017984.0,CLEAR,CLEAR,,AGREE,done,0,0,0,0,3.43,,,v1-2026-06-09,2026-06-09T16:04:40Z
PAAS,Unknown,20047835136.0,CLEAR,CLEAR,,AGREE,done,0,0,0,1,1.0,, | RAISE:Xali Gold Closes First Tranche of Private Placement for $1.5 Million,v1-2026-06-09,2026-06-09T16:04:40Z
NXT,Health Care,20022757376.0,CLEAR,CLEAR,,AGREE,done,0,0,0,0,3.36,,,v1-2026-06-09,2026-06-09T16:04:40Z
BURL,Consumer Discretionary,19955826688.0,CLEAR,CLEAR,,AGREE,done,0,0,0,0,3.44,,,v1-2026-06-09,2026-06-09T16:04:40Z
BRO,Financials,19950469120.0,CLEAR,CLEAR,,AGREE,done,0,0,0,1,3.94,," | RAISE:Brown & Brown, Inc. announces pricing of $4 billion offering of common stock",v1-2026-06-09,2026-06-09T16:04:40Z
PKG,Materials,19852961792.0,CLEAR,CLEAR,,AGREE,done,0,0,0,0,6.21,,,v1-2026-06-09,2026-06-09T16:04:40Z
AS,Consumer Discretionary,19840129024.0,CLEAR,CLEAR,,AGREE,done,0,0,0,0,2.97,,,v1-2026-06-09,2026-06-09T16:04:40Z
ESS,Real Estate,19673602048.0,CLEAR,CLEAR,,AGREE,done,0,0,0,0,4.2,,,v1-2026-06-09,2026-06-09T16:04:40Z
SNA,Industrials,19672813568.0,CLEAR,CLEAR,,AGREE,done,0,0,0,0,9.24,,,v1-2026-06-09,2026-06-09T16:04:40Z
ULS,Industrials,19513325568.0,CLEAR,CLEAR,,AGREE,done,0,0,0,0,3.13,,,v1-2026-06-09,2026-06-09T16:04:40Z
RBA,Industrials,19466485760.0,CLEAR,CLEAR,,AGREE,done,0,0,0,0,9.63,,,v1-2026-06-09,2026-06-09T16:04:40Z
IREN,Financials,19423531008.0,CLEAR,CLEAR,,AGREE,done,0,0,0,1,1.0,," | RAISE:Stock Market Today, May 11: Iren Falls After $2 Billion Convertible Notes Offering Pressures Shares",v1-2026-06-09,2026-06-09T16:04:40Z
DKS,Consumer Discretionary,19227830272.0,CLEAR,CLEAR,,AGREE,done,0,0,0,0,7.09,,,v1-2026-06-09,2026-06-09T16:04:40Z
TU,Unknown,19220205568.0,CLEAR,CLEAR,,AGREE,done,0,0,1,0,12.93,,,v1-2026-06-09,2026-06-09T16:04:40Z
EVRG,Utilities,19194818560.0,CLEAR,CLEAR,,AGREE,done,0,0,0,0,5.7,,,v1-2026-06-09,2026-06-09T16:04:40Z
ENTG,Materials,19099942912.0,CLEAR,CLEAR,,AGREE,done,0,0,0,0,2.9,,,v1-2026-06-09,2026-06-09T16:04:40Z
DD,Materials,18976976896.0,DISTRESSED-RECOVERABLE,DISTRESSED-RECOVERABLE,,AGREE,done,0,0,0,0,2.63,,,v1-2026-06-09,2026-06-09T16:04:40Z
AA,Materials,18971041792.0,CLEAR,CLEAR,,AGREE,done,0,0,0,0,1.39,,,v1-2026-06-09,2026-06-09T16:04:40Z
MRNA,Health Care,18823540736.0,WATCH,WATCH,,AGREE,done,0,0,0,0,5.63,,,v1-2026-06-09,2026-06-09T16:04:40Z
LNT,Utilities,18820648960.0,CLEAR,CLEAR,,AGREE,done,0,0,0,0,7.86,,,v1-2026-06-09,2026-06-09T16:04:40Z
FTV,Industrials,18681882624.0,CLEAR,CLEAR,,AGREE,done,0,0,0,0,4.27,,,v1-2026-06-09,2026-06-09T16:04:40Z
RBC,Industrials,18667710464.0,CLEAR,CLEAR,,AGREE,done,0,0,0,0,1.45,,,v1-2026-06-09,2026-06-09T16:04:40Z
IFF,Materials,18639706112.0,DISTRESSED-RECOVERABLE,DISTRESSED-RECOVERABLE,,AGREE,done,0,0,0,0,4.93,,,v1-2026-06-09,2026-06-09T16:04:40Z
USFD,Industrials,18632955904.0,CLEAR,CLEAR,,AGREE,done,0,0,0,0,2.56,,,v1-2026-06-09,2026-06-09T16:04:40Z
LSCC,Information Technology,18574155776.0,CLEAR,CLEAR,,AGREE,done,0,0,0,0,1.93,,,v1-2026-06-09,2026-06-09T16:04:40Z
VTRS,Health Care,18493097984.0,DISTRESSED-RECOVERABLE,DISTRESSED-RECOVERABLE,,AGREE,done,0,0,0,0,2.47,,,v1-2026-06-09,2026-06-09T16:04:40Z
BCH,Unknown,18425516032.0,SKIP_no_data,,,SKIP,skip,,,,,,,no cached fundamentals/context,v1-2026-06-09,2026-06-09T16:04:40Z
ALB,Materials,18331762688.0,DISTRESSED-RECOVERABLE,DISTRESSED-RECOVERABLE,,AGREE,done,0,0,0,0,4.75,,,v1-2026-06-09,2026-06-09T16:04:40Z
APG,Information Technology,18186911744.0,CLEAR,CLEAR,,AGREE,done,0,0,0,0,2.82,,,v1-2026-06-09,2026-06-09T16:04:40Z
H,Consumer Discretionary,18178840576.0,DISTRESSED-RECOVERABLE,DISTRESSED-RECOVERABLE,,AGREE,done,0,0,0,0,6.71,,,v1-2026-06-09,2026-06-09T16:04:40Z
GPN,Financials,18141405184.0,CLEAR,CLEAR,,AGREE,done,0,0,0,0,4.05,,,v1-2026-06-09,2026-06-09T16:04:40Z
ROKU,Communication Services,18057037824.0,CLEAR,CLEAR,,AGREE,done,0,0,0,0,3.68,,,v1-2026-06-09,2026-06-09T16:04:40Z
FPS,Information Technology,18000881664.0,SKIP_no_data,,,SKIP,skip,,,,,,,no cached fundamentals/context,v1-2026-06-09,2026-06-09T16:04:40Z
CX,Materials,17993617408.0,CLEAR,CLEAR,,AGREE,done,0,0,0,0,1.79,,,v1-2026-06-09,2026-06-09T16:04:40Z
MGA,Unknown,17991319552.0,CLEAR,CLEAR,,AGREE,done,0,0,0,0,4.72,,,v1-2026-06-09,2026-06-09T16:04:40Z
BEKE,Real Estate,17914019840.0,WATCH,WATCH,,AGREE,done,0,0,0,0,4.52,,,v1-2026-06-09,2026-06-09T16:04:40Z
INVH,Real Estate,17845022720.0,CLEAR,CLEAR,,AGREE,done,0,0,0,0,3.1,,,v1-2026-06-09,2026-06-09T16:04:40Z
IP,Materials,17797064704.0,DISTRESSED-RECOVERABLE,DISTRESSED-RECOVERABLE,,AGREE,done,0,0,0,0,6.08,,,v1-2026-06-09,2026-06-09T16:04:40Z
DOCN,Information Technology,17728344064.0,CLEAR,CLEAR,,AGREE,done,0,0,0,0,2.5,,,v1-2026-06-09,2026-06-09T16:04:40Z
LII,Industrials,17693347840.0,CLEAR,CLEAR,,AGREE,done,0,0,0,0,6.03,,,v1-2026-06-09,2026-06-09T16:04:40Z
GIS,Consumer Staples,17691533312.0,CLEAR,CLEAR,,AGREE,done,0,0,0,0,4.61,,,v1-2026-06-09,2026-06-09T16:04:40Z
WY,Real Estate,17651122176.0,CLEAR,CLEAR,,AGREE,done,0,0,0,0,4.3,,,v1-2026-06-09,2026-06-09T16:04:40Z
AMCR,Materials,17629241344.0,CLEAR,CLEAR,,AGREE,done,0,0,0,0,6.63,,,v1-2026-06-09,2026-06-09T16:04:40Z
BR,Industrials,17503725568.0,CLEAR,CLEAR,,AGREE,done,0,0,0,0,1.85,,,v1-2026-06-09,2026-06-09T16:04:40Z
RGLD,Financials,17488461824.0,CLEAR,CLEAR,,AGREE,done,0,0,0,0,3.03,,,v1-2026-06-09,2026-06-09T16:04:40Z
WES,Utilities,17472077824.0,CLEAR,CLEAR,,AGREE,done,0,0,0,0,4.37,,,v1-2026-06-09,2026-06-09T16:04:40Z
CF,Materials,17435385856.0,CLEAR,CLEAR,,AGREE,done,0,0,0,0,2.77,,,v1-2026-06-09,2026-06-09T16:04:40Z
FLUT,Information Technology,17425014784.0,DISTRESSED-RECOVERABLE,DISTRESSED-RECOVERABLE,,AGREE,done,0,0,0,1,3.24,, | RAISE:Pricing of Senior Secured Notes,v1-2026-06-09,2026-06-09T16:04:40Z
TTMI,Information Technology,17407346688.0,CLEAR,CLEAR,,AGREE,done,0,0,0,0,1.58,,,v1-2026-06-09,2026-06-09T16:04:40Z
WCC,Industrials,17256630272.0,CLEAR,CLEAR,,AGREE,done,0,0,0,0,2.75,,,v1-2026-06-09,2026-06-09T16:04:40Z
EWBC,Financials,17253308416.0,CLEAR,CLEAR,,AGREE,done,0,0,0,0,4.45,,,v1-2026-06-09,2026-06-09T16:04:40Z
ITT,Industrials,17199833088.0,CLEAR,CLEAR,,AGREE,done,0,0,0,0,6.52,,,v1-2026-06-09,2026-06-09T16:04:40Z
HST,Real Estate,17080525824.0,CLEAR,CLEAR,,AGREE,done,0,0,0,1,4.31,," | RAISE:Host Hotels & Resorts, Inc. Announces Pricing Of $600 Million Of 5.700% Senior Notes Due 2034, a Green Bond, By Host Hotels & Reso",v1-2026-06-09,2026-06-09T16:04:40Z
BWXT,Industrials,17035743232.0,CLEAR,CLEAR,,AGREE,done,0,0,0,0,2.64,,,v1-2026-06-09,2026-06-09T16:04:40Z
NWS,Communication Services,17000524800.0,CLEAR,CLEAR,,AGREE,done,0,0,0,0,6.57,,,v1-2026-06-09,2026-06-09T16:04:40Z
CDW,Information Technology,16996318208.0,CLEAR,CLEAR,,AGREE,done,0,0,0,0,2.87,,,v1-2026-06-09,2026-06-09T16:04:40Z
SN,Information Technology,16956972032.0,CLEAR,CLEAR,,AGREE,done,0,0,0,0,2.15,,,v1-2026-06-09,2026-06-09T16:04:40Z
ZBH,Health Care,16895078400.0,CLEAR,CLEAR,,AGREE,done,0,0,0,0,4.09,,,v1-2026-06-09,2026-06-09T16:04:40Z
CDE,Materials,16869851136.0,CLEAR,CLEAR,,AGREE,done,0,0,0,0,2.05,,,v1-2026-06-09,2026-06-09T16:04:40Z
SSNC,Information Technology,16836708352.0,CLEAR,CLEAR,,AGREE,done,0,0,0,0,2.05,,,v1-2026-06-09,2026-06-09T16:04:40Z
NVR,Consumer Discretionary,16688506880.0,CLEAR,CLEAR,,AGREE,done,0,0,0,0,5.19,,,v1-2026-06-09,2026-06-09T16:04:40Z
TLN,Utilities,16666797056.0,DISTRESSED-RECOVERABLE,DISTRESSED-RECOVERABLE,,AGREE,done,0,0,0,1,3.06,, | RAISE:Talen Energy Announces Pricing of Senior Notes,v1-2026-06-09,2026-06-09T16:04:40Z
GH,Health Care,16655877120.0,WATCH,WATCH,,AGREE,done,0,0,0,0,7.07,,,v1-2026-06-09,2026-06-09T16:04:40Z
WPC,Financials,16591835136.0,CLEAR,CLEAR,,AGREE,done,0,0,0,0,8.46,,,v1-2026-06-09,2026-06-09T16:04:40Z
SITM,Information Technology,16515966976.0,CLEAR,CLEAR,,AGREE,done,0,0,0,1,1.62,, | RAISE:SiTime Corporation Announces Pricing of Follow-on Public Offering,v1-2026-06-09,2026-06-09T16:04:40Z
PR,Energy,16515647488.0,CLEAR,CLEAR,,AGREE,done,0,0,0,0,1.31,,,v1-2026-06-09,2026-06-09T16:04:40Z
NBIX,Health Care,16478132224.0,CLEAR,CLEAR,,AGREE,done,0,0,0,0,3.69,,,v1-2026-06-09,2026-06-09T16:04:40Z
MAA,Real Estate,16412185600.0,CLEAR,CLEAR,,AGREE,done,0,0,0,0,3.63,,,v1-2026-06-09,2026-06-09T16:04:40Z
KIM,Real Estate,16340463616.0,CLEAR,CLEAR,,AGREE,done,0,0,0,1,6.08,, | RAISE:Kimco Realty® Announces $750 Million ATM Equity Offering Program and $750 Million Stock Repurchase Program,v1-2026-06-09,2026-06-09T16:04:40Z
VNOM,Energy,16319899648.0,SKIP_lt2y,,,SKIP,skip,,,,,,,<2y data,v1-2026-06-09,2026-06-09T16:04:40Z
BEN,Financials,16280231936.0,CLEAR,CLEAR,,AGREE,done,0,0,0,0,4.35,,,v1-2026-06-09,2026-06-09T16:04:40Z
LOGI,Information Technology,16209473536.0,CLEAR,CLEAR,,AGREE,done,0,0,1,0,10.22,,,v1-2026-06-09,2026-06-09T16:04:40Z
AMKR,Information Technology,16099318784.0,CLEAR,CLEAR,,AGREE,done,0,0,0,0,1.48,,,v1-2026-06-09,2026-06-09T16:04:40Z
PAA,Energy,15945017344.0,CLEAR,CLEAR,,AGREE,done,0,0,0,1,4.82,, | RAISE:Plains All American Announces Pricing of Public Offering of $750 Million of Senior Notes,v1-2026-06-09,2026-06-09T16:04:40Z
IEX,Industrials,15939142656.0,CLEAR,CLEAR,,AGREE,done,0,0,0,0,3.14,,,v1-2026-06-09,2026-06-09T16:04:40Z
OVV,Energy,15933754368.0,CLEAR,CLEAR,,AGREE,done,0,0,0,0,2.4,,,v1-2026-06-09,2026-06-09T16:04:40Z
TXT,Industrials,15837808640.0,CLEAR,CLEAR,,AGREE,done,0,0,0,0,3.81,,,v1-2026-06-09,2026-06-09T16:04:40Z
GEN,Information Technology,15831962624.0,CLEAR,CLEAR,,AGREE,done,0,0,0,0,2.99,,,v1-2026-06-09,2026-06-09T16:04:40Z
TPG,Financials,15829825536.0,WATCH,WATCH,,AGREE,done,0,0,0,0,3.26,,,v1-2026-06-09,2026-06-09T16:04:40Z
PTC,Information Technology,15824293888.0,CLEAR,CLEAR,,AGREE,done,0,0,0,0,2.45,,,v1-2026-06-09,2026-06-09T16:04:40Z
SUI,Financials,15815103488.0,CLEAR,CLEAR,,AGREE,done,0,0,0,0,4.34,,,v1-2026-06-09,2026-06-09T16:04:40Z
NDSN,Industrials,15753136128.0,CLEAR,CLEAR,,AGREE,done,0,0,0,0,4.48,,,v1-2026-06-09,2026-06-09T16:04:40Z
RMBS,Information Technology,15713382400.0,CLEAR,CLEAR,,AGREE,done,0,0,0,0,3.35,,,v1-2026-06-09,2026-06-09T16:04:40Z
CG,Financials,15651688448.0,CLEAR,CLEAR,,AGREE,done,0,0,0,0,5.03,,,v1-2026-06-09,2026-06-09T16:04:40Z
LDOS,Industrials,15651485696.0,CLEAR,CLEAR,,AGREE,done,0,0,0,0,2.61,,,v1-2026-06-09,2026-06-09T16:04:40Z
TSCO,Consumer Discretionary,15618109440.0,CLEAR,CLEAR,,AGREE,done,0,0,0,0,1.73,,,v1-2026-06-09,2026-06-09T16:04:40Z
WMG,Communication Services,15611953152.0,CLEAR,CLEAR,,AGREE,done,0,0,0,0,2.69,,,v1-2026-06-09,2026-06-09T16:04:40Z
NLY,Financials,15549511680.0,CLEAR,CLEAR,,AGREE,done,0,0,0,0,3.18,,,v1-2026-06-09,2026-06-09T16:04:40Z
KSPI,Unknown,15424513024.0,CLEAR,CLEAR,,AGREE,done,0,0,0,0,3.76,,,v1-2026-06-09,2026-06-09T16:04:40Z
GNRC,Industrials,15396514816.0,CLEAR,CLEAR,,AGREE,done,0,0,0,0,3.51,,,v1-2026-06-09,2026-06-09T16:04:40Z
LAMR,Financials,15365359616.0,CLEAR,CLEAR,,AGREE,done,0,0,0,0,3.86,,,v1-2026-06-09,2026-06-09T16:04:40Z
WSO,Industrials,15296503808.0,CLEAR,CLEAR,,AGREE,done,0,0,0,0,9.25,,,v1-2026-06-09,2026-06-09T16:04:40Z
OWL,Financials,15278694400.0,CLEAR,CLEAR,,AGREE,done,0,0,0,0,4.31,,,v1-2026-06-09,2026-06-09T16:04:40Z
PFGC,Industrials,15256566784.0,CLEAR,CLEAR,,NEWS_NOTE,done,1,0,0,0,2.42,single news mention (kept screen bucket; investigate),"single news mention of distress/fraud (investigate; not a screen error) | BK:Deal Dispatch: Performance Food Group And Claire's Lead A Week Of Big Auctions, Retail Woes",v1-2026-06-09,2026-06-09T16:04:40Z
XPEV,Unknown,15244223488.0,DISTRESSED-RECOVERABLE,DISTRESSED-RECOVERABLE,,AGREE,done,0,0,0,0,7.67,,,v1-2026-06-09,2026-06-09T16:04:40Z
NVMI,Unknown,15132098560.0,CLEAR,CLEAR,,AGREE,done,0,0,0,0,4.44,,,v1-2026-06-09,2026-06-09T16:04:40Z
RBRK,Information Technology,15108501504.0,CLEAR,CLEAR,,AGREE,done,0,0,0,0,5.12,,,v1-2026-06-09,2026-06-09T16:04:40Z
BBY,Consumer Discretionary,15073133568.0,CLEAR,CLEAR,,AGREE,done,0,0,0,0,6.08,,,v1-2026-06-09,2026-06-09T16:04:40Z
YUMC,Consumer Discretionary,15052371968.0,CLEAR,CLEAR,,AGREE,done,0,0,0,0,3.3,,,v1-2026-06-09,2026-06-09T16:04:40Z
DECK,Consumer Discretionary,15017197568.0,CLEAR,CLEAR,,AGREE,done,0,0,0,0,2.52,,,v1-2026-06-09,2026-06-09T16:04:40Z
JAZZ,Health Care,14968555520.0,DISTRESSED-RECOVERABLE,DISTRESSED-RECOVERABLE,,AGREE,done,0,0,0,0,4.69,,,v1-2026-06-09,2026-06-09T16:04:40Z
CLH,Utilities,14957011968.0,CLEAR,CLEAR,,AGREE,done,0,0,0,0,1.36,,,v1-2026-06-09,2026-06-09T16:04:40Z
RTO,Unknown,14946464768.0,CLEAR,CLEAR,,AGREE,done,0,0,0,0,3.76,,,v1-2026-06-09,2026-06-09T16:04:40Z
AGI,Materials,14917171200.0,CLEAR,CLEAR,,AGREE,done,0,0,0,1,2.45,, | RAISE:Zacatecas Silver Closes First Tranche of Private Placement,v1-2026-06-09,2026-06-09T16:04:40Z
BWA,Industrials,14897498112.0,CLEAR,CLEAR,,AGREE,done,0,0,0,0,2.1,,,v1-2026-06-09,2026-06-09T16:04:40Z
NWSA,Communication Services,14858425344.0,CLEAR,CLEAR,,AGREE,done,0,0,0,0,2.75,,,v1-2026-06-09,2026-06-09T16:04:40Z
MLI,Materials,14683778048.0,CLEAR,CLEAR,,AGREE,done,0,0,0,0,3.6,,,v1-2026-06-09,2026-06-09T16:04:40Z
MOD,Industrials,14604093440.0,CLEAR,CLEAR,,AGREE,done,0,0,0,0,3.37,,,v1-2026-06-09,2026-06-09T16:04:40Z
DTM,Utilities,14537012224.0,CLEAR,CLEAR,,AGREE,done,0,0,0,1,5.37,, | RAISE:DT Midstream Announces Proposed Public Offering of Common Stock,v1-2026-06-09,2026-06-09T16:04:40Z
REG,Real Estate,14528586752.0,CLEAR,CLEAR,,AGREE,done,0,0,0,0,2.61,,,v1-2026-06-09,2026-06-09T16:04:40Z
UDR,Real Estate,14524213248.0,CLEAR,CLEAR,,AGREE,done,0,0,0,0,4.71,,,v1-2026-06-09,2026-06-09T16:04:40Z
APTV,Consumer Discretionary,14517168128.0,CLEAR,CLEAR,,AGREE,done,0,0,0,0,1.91,,,v1-2026-06-09,2026-06-09T16:04:40Z
NTNX,Information Technology,14499992576.0,CLEAR,CLEAR,,AGREE,done,0,0,0,1,5.45,, | RAISE:Nutanix Announces Pricing of $750 Million 0.50% Convertible Senior Notes,v1-2026-06-09,2026-06-09T16:04:40Z
J,Industrials,14470812672.0,CLEAR,CLEAR,,AGREE,done,0,0,0,0,3.31,,,v1-2026-06-09,2026-06-09T16:04:40Z
LI,Unknown,14410082304.0,WATCH,WATCH,,AGREE,done,0,0,0,0,6.73,,,v1-2026-06-09,2026-06-09T16:04:40Z
LECO,Industrials,14361346048.0,CLEAR,CLEAR,,AGREE,done,0,0,0,0,3.54,,,v1-2026-06-09,2026-06-09T16:04:40Z
IESC,Industrials,14359543808.0,CLEAR,CLEAR,,AGREE,done,0,0,0,0,3.43,,,v1-2026-06-09,2026-06-09T16:04:40Z
SGI,Consumer Discretionary,14305266688.0,CLEAR,CLEAR,,AGREE,done,0,0,0,0,4.8,,,v1-2026-06-09,2026-06-09T16:04:40Z
TOST,Information Technology,14291200000.0,CLEAR,CLEAR,,AGREE,done,0,0,0,0,2.3,,,v1-2026-06-09,2026-06-09T16:04:40Z
WSO.B,Industrials,14230137856.0,CLEAR,CLEAR,,AGREE,done,0,0,0,0,1.35,,,v1-2026-06-09,2026-06-09T16:04:40Z
AAOI,Information Technology,14202970112.0,AVOID,WATCH,cash_burn,OVERFLAG_recent_raise,done,0,0,0,1,1.0,downgraded from AVOID — recent capital raise extends runway / no event found,recent capital raise extends runway | RAISE:Applied Optoelectronics Closes Exchange of 2026 Notes and Concurrent Registered Direct Offering,v1-2026-06-09,2026-06-09T16:04:57Z
LTM,Unknown,14145386496.0,CLEAR,CLEAR,,AGREE,done,0,0,0,0,2.47,,,v1-2026-06-09,2026-06-09T16:04:40Z
BSAC,Unknown,14142882816.0,SKIP_no_data,,,SKIP,skip,,,,,,,no cached fundamentals/context,v1-2026-06-09,2026-06-09T16:04:40Z
CHKP,Information Technology,14129057792.0,CLEAR,CLEAR,,AGREE,done,0,0,0,0,1.77,,,v1-2026-06-09,2026-06-09T16:04:40Z
GIB,Unknown,14089780224.0,CLEAR,CLEAR,,AGREE,done,0,0,1,0,10.29,,,v1-2026-06-09,2026-06-09T16:04:40Z
BALL,Materials,14089764864.0,CLEAR,CLEAR,,AGREE,done,0,0,0,0,2.1,,,v1-2026-06-09,2026-06-09T16:04:40Z
SMTC,Information Technology,14067689472.0,DISTRESSED-RECOVERABLE,DISTRESSED-RECOVERABLE,,AGREE,done,0,0,0,0,2.18,,,v1-2026-06-09,2026-06-09T16:04:40Z
ARMK,Consumer Discretionary,14044350464.0,CLEAR,CLEAR,,AGREE,done,0,0,0,0,2.3,,,v1-2026-06-09,2026-06-09T16:04:40Z
SOLV,Health Care,14028883968.0,CLEAR,CLEAR,,AGREE,done,0,0,0,0,4.11,,,v1-2026-06-09,2026-06-09T16:04:40Z
DY,Industrials,14003066880.0,CLEAR,CLEAR,,AGREE,done,0,0,0,0,4.46,,,v1-2026-06-09,2026-06-09T16:04:40Z
MAS,Industrials,14002387968.0,CLEAR,CLEAR,,AGREE,done,0,0,0,0,4.03,,,v1-2026-06-09,2026-06-09T16:04:40Z
CSL,Materials,14000107520.0,CLEAR,CLEAR,,AGREE,done,0,0,0,0,6.93,,,v1-2026-06-09,2026-06-09T16:04:40Z
THC,Health Care,13959361536.0,CLEAR,CLEAR,,AGREE,done,0,0,0,0,1.53,,,v1-2026-06-09,2026-06-09T16:04:40Z
UNM,Financials,13874968576.0,CLEAR,CLEAR,,AGREE,done,0,0,0,0,2.68,,,v1-2026-06-09,2026-06-09T16:04:40Z
OHI,Financials,13865585664.0,CLEAR,CLEAR,,AGREE,done,0,0,0,0,5.6,,,v1-2026-06-09,2026-06-09T16:04:40Z
TIGO,Unknown,13848976384.0,CLEAR,CLEAR,,AGREE,done,0,0,0,0,2.85,,,v1-2026-06-09,2026-06-09T16:04:40Z
CSGP,Real Estate,13839174656.0,CLEAR,CLEAR,,AGREE,done,0,0,0,0,1.89,,,v1-2026-06-09,2026-06-09T16:04:40Z
HTHT,Unknown,13838571520.0,CLEAR,CLEAR,,AGREE,done,0,0,0,0,5.12,,,v1-2026-06-09,2026-06-09T16:04:40Z
LGN,Industrials,13745864704.0,SKIP_lt2y,,,SKIP,skip,,,,,,,<2y data,v1-2026-06-09,2026-06-09T16:04:40Z
JLL,Real Estate,13719044096.0,CLEAR,CLEAR,,AGREE,done,0,0,0,0,2.09,,,v1-2026-06-09,2026-06-09T16:04:40Z
AMH,Financials,13665073152.0,CLEAR,CLEAR,,AGREE,done,0,0,0,0,1.73,,,v1-2026-06-09,2026-06-09T16:04:40Z
GRAB,Unknown,13660599296.0,CLEAR,CLEAR,,AGREE,done,0,0,0,0,3.88,,,v1-2026-06-09,2026-06-09T16:04:40Z
GPC,Consumer Discretionary,13654835200.0,CLEAR,CLEAR,,AGREE,done,0,0,0,0,4.85,,,v1-2026-06-09,2026-06-09T16:04:40Z
DOC,Real Estate,13643616256.0,CLEAR,CLEAR,,AGREE,done,0,0,0,0,2.93,,,v1-2026-06-09,2026-06-09T16:04:40Z
TRU,Information Technology,13623248896.0,CLEAR,CLEAR,,AGREE,done,0,0,0,0,4.47,,,v1-2026-06-09,2026-06-09T16:04:40Z
RRX,Industrials,13606819840.0,CLEAR,CLEAR,,AGREE,done,0,0,0,0,1.97,,,v1-2026-06-09,2026-06-09T16:04:40Z
SANM,Information Technology,13510917120.0,CLEAR,CLEAR,,AGREE,done,0,0,0,0,2.63,,,v1-2026-06-09,2026-06-09T16:04:40Z
ARCC,Unknown,13491649536.0,WATCH,WATCH,,AGREE,done,0,0,0,0,7.76,,,v1-2026-06-09,2026-06-09T16:04:40Z
RPM,Materials,13442823168.0,CLEAR,CLEAR,,AGREE,done,0,0,0,0,4.62,,,v1-2026-06-09,2026-06-09T16:04:40Z
RGA,Financials,13427578880.0,CLEAR,CLEAR,,AGREE,done,0,0,0,0,2.1,,,v1-2026-06-09,2026-06-09T16:04:40Z
GLPI,Financials,13359574016.0,CLEAR,CLEAR,,AGREE,done,0,0,0,1,9.51,," | RAISE:Gaming and Leisure Properties Announces Pricing of $800,000,000 of 5.625% Senior Notes Due 2036",v1-2026-06-09,2026-06-09T16:04:40Z
CNH,Industrials,13329468416.0,CLEAR,CLEAR,,AGREE,done,0,0,0,1,3.85,, | RAISE:Pricing of CNH Industrial Capital LLC $500 million notes,v1-2026-06-09,2026-06-09T16:04:40Z
EXEL,Health Care,13246413824.0,CLEAR,CLEAR,,AGREE,done,0,0,0,0,9.17,,,v1-2026-06-09,2026-06-09T16:04:40Z
BBIO,Health Care,13242179584.0,AVOID,AVOID,insolvency,AVOID_unconfirmed,done,0,0,0,1,8.73,,no API distress/short signal (coverage may be thin) | RAISE:BridgeBio Prices Offering of $500 Million Convertible Senior Notes due 2031 to Refinance Senior Secured Debt,v1-2026-06-09,2026-06-09T16:04:40Z
EG,Financials,13233138688.0,CLEAR,CLEAR,,AGREE,done,0,0,0,0,3.56,,,v1-2026-06-09,2026-06-09T16:04:40Z
JHX,Unknown,13149927424.0,CLEAR,CLEAR,,AGREE,done,0,0,0,0,4.08,,,v1-2026-06-09,2026-06-09T16:04:40Z
COO,Health Care,13139003392.0,CLEAR,CLEAR,,AGREE,done,0,0,0,0,2.28,,,v1-2026-06-09,2026-06-09T16:04:40Z
EVR,Financials,13129995264.0,CLEAR,CLEAR,,AGREE,done,0,0,0,0,1.98,,,v1-2026-06-09,2026-06-09T16:04:40Z
ALLY,Financials,13109991424.0,CLEAR,CLEAR,,NEWS_NOTE,done,1,0,0,0,3.93,single news mention (kept screen bucket; investigate),"single news mention of distress/fraud (investigate; not a screen error) | BK:Deal Dispatch: Stoli On The Rocks As US Business Goes Bankrupt, Ally Financial To Sell Credit Card Unit",v1-2026-06-09,2026-06-09T16:04:40Z
TFII,Unknown,13108672512.0,CLEAR,CLEAR,,AGREE,done,0,0,0,0,2.83,,,v1-2026-06-09,2026-06-09T16:04:40Z
ASND,Unknown,13001548800.0,SKIP_no_data,,,SKIP,skip,,,,,,,no cached fundamentals/context,v1-2026-06-09,2026-06-09T16:04:40Z
HRL,Consumer Staples,12998439936.0,CLEAR,CLEAR,,AGREE,done,0,0,0,0,5.54,,,v1-2026-06-09,2026-06-09T16:04:40Z
MEDP,Industrials,12973238272.0,CLEAR,CLEAR,,AGREE,done,0,0,0,0,5.49,,,v1-2026-06-09,2026-06-09T16:04:40Z
LULU,Consumer Discretionary,12971265024.0,CLEAR,CLEAR,,AGREE,done,0,0,0,1,1.92,, | RAISE:Board Raises $20 Million Series A led by Union Square Ventures to Build the Future of Face-to-Face Gaming and Creation,v1-2026-06-09,2026-06-09T16:04:40Z
FUTU,Unknown,12944157696.0,CLEAR,CLEAR,,AGREE,done,0,0,0,0,1.86,,,v1-2026-06-09,2026-06-09T16:04:40Z
APA,Energy,12926406656.0,CLEAR,CLEAR,,AGREE,done,0,0,0,0,3.45,,,v1-2026-06-09,2026-06-09T16:04:40Z
TOL,Industrials,12890586112.0,WATCH,WATCH,,AGREE,done,0,0,0,0,3.79,,,v1-2026-06-09,2026-06-09T16:04:40Z
MKC.V,Consumer Staples,12874900480.0,CLEAR,CLEAR,,AGREE,done,0,0,0,0,,,,v1-2026-06-09,2026-06-09T16:04:40Z
DINO,Energy,12869863424.0,CLEAR,CLEAR,,AGREE,done,0,0,0,0,2.56,,,v1-2026-06-09,2026-06-09T16:04:40Z
SOLS,Materials,12866321408.0,SKIP_lt2y,,,SKIP,skip,,,,,,,<2y data,v1-2026-06-09,2026-06-09T16:04:40Z
TYL,Information Technology,12838733824.0,CLEAR,CLEAR,,AGREE,done,0,0,0,0,2.7,,,v1-2026-06-09,2026-06-09T16:04:40Z
GFL,Unknown,12818089984.0,CLEAR,CLEAR,,AGREE,done,0,0,0,0,4.12,,,v1-2026-06-09,2026-06-09T16:04:40Z
KNX,Industrials,12767153152.0,CLEAR,CLEAR,,NEWS_NOTE,done,0,1,0,0,1.53,single news mention (kept screen bucket; investigate),single news mention of distress/fraud (investigate; not a screen error) | FR:Prediction: Ripple Will Soar Over the Next 3 Years. Here's 1 Reason Why.,v1-2026-06-09,2026-06-09T16:04:40Z
FNF,Financials,12758067200.0,CLEAR,CLEAR,,AGREE,done,0,0,0,0,4.09,,,v1-2026-06-09,2026-06-09T16:04:40Z
AIZ,Financials,12751084544.0,CLEAR,CLEAR,,AGREE,done,0,0,0,0,1.97,,,v1-2026-06-09,2026-06-09T16:04:40Z
U,Information Technology,12733726720.0,DISTRESSED-RECOVERABLE,DISTRESSED-RECOVERABLE,,AGREE,done,0,0,0,0,2.87,,,v1-2026-06-09,2026-06-09T16:04:40Z
ENLT,Utilities,12711294976.0,CLEAR,CLEAR,,AGREE,done,0,0,0,0,2.83,,,v1-2026-06-09,2026-06-09T16:04:40Z
MKC,Consumer Staples,12700152832.0,CLEAR,CLEAR,,AGREE,done,0,0,0,0,3.57,,,v1-2026-06-09,2026-06-09T16:04:40Z
HUT,Financials,12637562880.0,WATCH,WATCH,,AGREE,done,0,0,0,0,2.59,,,v1-2026-06-09,2026-06-09T16:04:40Z
TRMB,Information Technology,12632312832.0,CLEAR,CLEAR,,AGREE,done,0,0,0,0,2.59,,,v1-2026-06-09,2026-06-09T16:04:40Z
PEN,Health Care,12606901248.0,CLEAR,CLEAR,,AGREE,done,0,0,0,0,4.65,,,v1-2026-06-09,2026-06-09T16:04:40Z
ONTO,Health Care,12597061632.0,CLEAR,CLEAR,,AGREE,done,0,0,0,0,1.08,,,v1-2026-06-09,2026-06-09T16:04:40Z
ELS,Financials,12509964288.0,CLEAR,CLEAR,,AGREE,done,0,0,0,0,5.06,,,v1-2026-06-09,2026-06-09T16:04:40Z
PNW,Utilities,12489548800.0,CLEAR,CLEAR,,AGREE,done,0,0,0,0,5.75,,,v1-2026-06-09,2026-06-09T16:04:40Z
SUN,Energy,12482291712.0,CLEAR,CLEAR,,AGREE,done,0,0,0,0,3.44,,,v1-2026-06-09,2026-06-09T16:04:40Z
AEG,Unknown,12463209472.0,SKIP_no_data,,,SKIP,skip,,,,,,,no cached fundamentals/context,v1-2026-06-09,2026-06-09T16:04:40Z
NYT,Communication Services,12444004352.0,CLEAR,CLEAR,,AGREE,done,0,0,0,0,4.78,,,v1-2026-06-09,2026-06-09T16:04:40Z
SAIA,Industrials,12410062848.0,CLEAR,CLEAR,,AGREE,done,0,0,0,0,3.27,,,v1-2026-06-09,2026-06-09T16:04:40Z
AUR,Information Technology,12375191552.0,WATCH,WATCH,,AGREE,done,0,0,0,0,4.84,,,v1-2026-06-09,2026-06-09T16:04:40Z
DKNG,Communication Services,12368491520.0,CLEAR,CLEAR,,AGREE,done,0,0,0,0,2.84,,,v1-2026-06-09,2026-06-09T16:04:40Z
ONON,Unknown,12359867392.0,CLEAR,CLEAR,,AGREE,done,0,0,0,0,1.76,,,v1-2026-06-09,2026-06-09T16:04:40Z
GL,Financials,12359492608.0,CLEAR,CLEAR,,NEWS_NOTE,done,0,1,0,0,2.95,single news mention (kept screen bucket; investigate),single news mention of distress/fraud (investigate; not a screen error) | FR:Why Globe Life Stock Was a Winner Today,v1-2026-06-09,2026-06-09T16:04:40Z
VICR,Information Technology,12354384896.0,CLEAR,CLEAR,,AGREE,done,0,0,0,0,1.62,,,v1-2026-06-09,2026-06-09T16:04:40Z
GGG,Industrials,12338073600.0,CLEAR,CLEAR,,AGREE,done,0,0,0,0,3.03,,,v1-2026-06-09,2026-06-09T16:04:40Z
DVA,Health Care,12333790208.0,CLEAR,CLEAR,,AGREE,done,0,0,0,0,4.45,,,v1-2026-06-09,2026-06-09T16:04:40Z
DRS,Health Care,12311070720.0,CLEAR,CLEAR,,AGREE,done,0,0,0,0,3.77,,,v1-2026-06-09,2026-06-09T16:04:40Z
IONS,Health Care,12308756480.0,WATCH,WATCH,,AGREE,done,0,0,1,0,10.0,,,v1-2026-06-09,2026-06-09T16:04:40Z
RNR,Financials,12298779648.0,CLEAR,CLEAR,,AGREE,done,0,0,0,0,3.16,,,v1-2026-06-09,2026-06-09T16:04:40Z
DT,Information Technology,12297361408.0,CLEAR,CLEAR,,AGREE,done,0,0,0,0,1.31,,,v1-2026-06-09,2026-06-09T16:04:40Z
CRBG,Financials,12267851776.0,DISTRESSED-RECOVERABLE,DISTRESSED-RECOVERABLE,,AGREE,done,0,0,0,0,2.12,,,v1-2026-06-09,2026-06-09T16:04:40Z
BF.A,Consumer Staples,12242799616.0,CLEAR,CLEAR,,AGREE,done,0,0,0,0,4.46,,,v1-2026-06-09,2026-06-09T16:04:40Z
SWK,Industrials,12200153088.0,CLEAR,CLEAR,,AGREE,done,0,0,0,0,3.85,,,v1-2026-06-09,2026-06-09T16:04:40Z
BNT,Financials,12190437376.0,CLEAR,CLEAR,,AGREE,done,0,0,1,0,22.82,,,v1-2026-06-09,2026-06-09T16:04:40Z
MGM,Consumer Discretionary,12155491328.0,CLEAR,CLEAR,,AGREE,done,0,0,0,0,5.25,,,v1-2026-06-09,2026-06-09T16:04:40Z
IVZ,Financials,12124163072.0,DISTRESSED-RECOVERABLE,DISTRESSED-RECOVERABLE,,AGREE,done,0,0,0,0,3.98,,,v1-2026-06-09,2026-06-09T16:04:40Z
ALGN,Health Care,12013224960.0,CLEAR,CLEAR,,AGREE,done,0,0,0,0,6.36,,,v1-2026-06-09,2026-06-09T16:04:40Z
BF.B,Consumer Staples,11999686656.0,CLEAR,CLEAR,,AGREE,done,0,0,0,0,7.12,,,v1-2026-06-09,2026-06-09T16:04:40Z
PINS,Information Technology,11998569472.0,CLEAR,CLEAR,,AGREE,done,0,0,0,0,2.72,,,v1-2026-06-09,2026-06-09T16:04:40Z
COKE,Consumer Staples,11975582720.0,CLEAR,CLEAR,,AGREE,done,0,0,0,0,3.21,,,v1-2026-06-09,2026-06-09T16:04:40Z
AXSM,Health Care,11955133440.0,WATCH,WATCH,,NEWS_NOTE,done,0,1,0,0,2.93,single news mention (kept screen bucket; investigate),single news mention of distress/fraud (investigate; not a screen error) | FR:Why Axsome Therapeutics Stock Is Sinking Today,v1-2026-06-09,2026-06-09T16:04:40Z
HAS,Consumer Discretionary,11910685696.0,DISTRESSED-RECOVERABLE,DISTRESSED-RECOVERABLE,,AGREE,done,0,0,0,0,4.36,,,v1-2026-06-09,2026-06-09T16:04:40Z
WULF,Financials,11892783104.0,WATCH,WATCH,,AGREE,done,0,0,0,1,3.81,, | RAISE:TeraWulf Announces Pricing of Upsized Common Stock Offering,v1-2026-06-09,2026-06-09T16:04:40Z
ERIE,Financials,11881304064.0,CLEAR,CLEAR,,AGREE,done,0,0,1,0,11.35,,,v1-2026-06-09,2026-06-09T16:04:40Z
AVY,Materials,11869776896.0,CLEAR,CLEAR,,AGREE,done,0,0,0,0,3.22,,,v1-2026-06-09,2026-06-09T16:04:40Z
FMS,Unknown,11832957952.0,CLEAR,CLEAR,,AGREE,done,0,0,0,0,1.05,,,v1-2026-06-09,2026-06-09T16:04:40Z
PNR,Industrials,11821445120.0,CLEAR,CLEAR,,AGREE,done,0,0,0,0,3.79,,,v1-2026-06-09,2026-06-09T16:04:40Z
CNA,Financials,11811401728.0,CLEAR,CLEAR,,AGREE,done,0,0,0,0,4.18,,,v1-2026-06-09,2026-06-09T16:04:40Z
ELAN,Health Care,11801993216.0,DISTRESSED-RECOVERABLE,DISTRESSED-RECOVERABLE,,AGREE,done,0,0,0,0,3.93,,,v1-2026-06-09,2026-06-09T16:04:40Z
AEIS,Information Technology,11795540992.0,CLEAR,CLEAR,,AGREE,done,0,0,0,0,2.59,,,v1-2026-06-09,2026-06-09T16:04:40Z
CACI,Information Technology,11739539456.0,CLEAR,CLEAR,,AGREE,done,0,0,0,0,3.8,,,v1-2026-06-09,2026-06-09T16:04:40Z
VIAV,Information Technology,11732369408.0,CLEAR,CLEAR,,AGREE,done,0,0,0,0,2.31,,,v1-2026-06-09,2026-06-09T16:04:40Z
WBS,Financials,11709654016.0,CLEAR,CLEAR,,AGREE,done,0,0,0,0,3.39,,,v1-2026-06-09,2026-06-09T16:04:40Z
AGNC,Financials,11674440704.0,SKIP_lt2y,,,SKIP,skip,,,,,,,<2y data,v1-2026-06-09,2026-06-09T16:04:40Z
MOG.A,Industrials,11667101696.0,CLEAR,CLEAR,,AGREE,done,0,0,0,0,5.04,,,v1-2026-06-09,2026-06-09T16:04:40Z
AIT,Industrials,11652973568.0,CLEAR,CLEAR,,AGREE,done,0,0,0,0,3.19,,,v1-2026-06-09,2026-06-09T16:04:40Z
LFUS,Information Technology,11565627392.0,DISTRESSED-RECOVERABLE,DISTRESSED-RECOVERABLE,,AGREE,done,0,0,0,0,1.22,,,v1-2026-06-09,2026-06-09T16:04:40Z
HII,Industrials,11546956800.0,CLEAR,CLEAR,,AGREE,done,0,0,0,0,1.25,,,v1-2026-06-09,2026-06-09T16:04:40Z
FIG,Information Technology,11492190208.0,SKIP_lt2y,,,SKIP,skip,,,,,,,<2y data,v1-2026-06-09,2026-06-09T16:04:40Z
EQH,Financials,11485990912.0,CLEAR,CLEAR,,AGREE,done,0,0,0,0,1.72,,,v1-2026-06-09,2026-06-09T16:04:40Z
PL,Information Technology,11482988544.0,CLEAR,CLEAR,,AGREE,done,0,0,0,1,3.59,," | RAISE:Berto Acquisition Corp. II Announces Pricing of Upsized $274,000,000 Initial Public Offering",v1-2026-06-09,2026-06-09T16:04:40Z
FHN,Financials,11466766336.0,CLEAR,CLEAR,,AGREE,done,0,0,0,0,3.89,,,v1-2026-06-09,2026-06-09T16:04:40Z
SMMT,Health Care,11463922688.0,SKIP_lt2y,,,SKIP,skip,,,,,,,<2y data,v1-2026-06-09,2026-06-09T16:04:40Z
ICLR,Unknown,11442987008.0,CLEAR,CLEAR,,AGREE,done,0,0,0,0,3.51,,,v1-2026-06-09,2026-06-09T16:04:40Z
PSKY,Communication Services,11437949952.0,SKIP_no_data,,,SKIP,skip,,,,,,,no cached fundamentals/context,v1-2026-06-09,2026-06-09T16:04:40Z
QXO,Industrials,11430812672.0,DISTRESSED-RECOVERABLE,DISTRESSED-RECOVERABLE,,NEWS_NOTE,done,1,0,0,1,7.13,single news mention (kept screen bucket; investigate),"single news mention of distress/fraud (investigate; not a screen error) | BK:Deal Dispatch: QXO Nabs TopBuild For $17 Million, Voya Financial Urged To Evaluate Strategic Options, Pat McGrath Exits Chapter 11",v1-2026-06-09,2026-06-09T16:04:40Z
SPXC,Industrials,11404770304.0,CLEAR,CLEAR,,AGREE,done,0,0,0,1,3.01,, | RAISE:SPX Announces Pricing of Public Offering of Common Stock,v1-2026-06-09,2026-06-09T16:04:40Z
BJ,Consumer Discretionary,11391580160.0,CLEAR,CLEAR,,AGREE,done,0,0,0,0,4.6,,,v1-2026-06-09,2026-06-09T16:04:40Z
JEF,Financials,11384835072.0,WATCH,WATCH,,AGREE,done,0,0,0,1,1.93,, | RAISE:Suja Life Announces Pricing of Initial Public Offering,v1-2026-06-09,2026-06-09T16:04:40Z
CLX,Consumer Staples,11383535616.0,CLEAR,CLEAR,,AGREE,done,0,0,0,0,2.14,,,v1-2026-06-09,2026-06-09T16:04:40Z
GWRE,Information Technology,11327860736.0,CLEAR,CLEAR,,AGREE,done,0,0,0,0,4.51,,,v1-2026-06-09,2026-06-09T16:04:40Z
BTSG,Health Care,11324152832.0,CLEAR,CLEAR,,AGREE,done,0,0,0,1,3.07,, | RAISE:BrightSpring Announces Pricing of Secondary Offering of Common Stock and Concurrent Share Repurchase,v1-2026-06-09,2026-06-09T16:04:40Z
APLD,Information Technology,11322188800.0,AVOID,AVOID,insolvency,AVOID_unconfirmed,done,0,0,0,0,3.53,,no API distress/short signal (coverage may be thin),v1-2026-06-09,2026-06-09T16:04:40Z
BLD,Industrials,11309047808.0,CLEAR,CLEAR,,AGREE,done,0,0,0,1,2.34,, | RAISE:TopBuild Announces Pricing of its Senior Notes Offering,v1-2026-06-09,2026-06-09T16:04:40Z
PAG,Consumer Discretionary,11244438528.0,CLEAR,CLEAR,,AGREE,done,0,0,0,0,8.4,,,v1-2026-06-09,2026-06-09T16:04:40Z
VIRT,Financials,11227993088.0,CLEAR,CLEAR,,AGREE,done,0,0,0,1,2.54,," | RAISE:Virtu Financial, Inc. Announces Pricing of Opportunistic Refinancings",v1-2026-06-09,2026-06-09T16:04:40Z
MDGL,Health Care,11227645952.0,WATCH,WATCH,,AGREE,done,0,0,1,0,12.33,,,v1-2026-06-09,2026-06-09T16:04:40Z
TXRH,Consumer Discretionary,11204271104.0,CLEAR,CLEAR,,AGREE,done,0,0,0,0,2.49,,,v1-2026-06-09,2026-06-09T16:04:40Z
ARW,Industrials,11202935808.0,CLEAR,CLEAR,,AGREE,done,0,0,0,0,1.4,,,v1-2026-06-09,2026-06-09T16:04:40Z
ALLE,Industrials,11185412096.0,CLEAR,CLEAR,,AGREE,done,0,0,0,0,3.14,,,v1-2026-06-09,2026-06-09T16:04:40Z
GDDY,Information Technology,11172742144.0,CLEAR,CLEAR,,AGREE,done,0,0,0,0,3.61,,,v1-2026-06-09,2026-06-09T16:04:40Z
CPT,Real Estate,11157600256.0,CLEAR,CLEAR,,AGREE,done,0,0,0,0,4.95,,,v1-2026-06-09,2026-06-09T16:04:40Z
BXP,Real Estate,11114150912.0,CLEAR,CLEAR,,AGREE,done,0,0,0,0,6.9,,,v1-2026-06-09,2026-06-09T16:04:40Z
SWKS,Information Technology,11065366528.0,CLEAR,CLEAR,,AGREE,done,0,0,0,0,4.27,,,v1-2026-06-09,2026-06-09T16:04:40Z
ZBRA,Information Technology,11056186368.0,CLEAR,CLEAR,,AGREE,done,0,0,0,0,3.86,,,v1-2026-06-09,2026-06-09T16:04:40Z
SJM,Consumer Staples,11042367488.0,DISTRESSED-RECOVERABLE,DISTRESSED-RECOVERABLE,,AGREE,done,0,0,0,0,2.57,,,v1-2026-06-09,2026-06-09T16:04:40Z
AR,Energy,11017768960.0,CLEAR,CLEAR,,AGREE,done,0,0,0,0,2.72,,,v1-2026-06-09,2026-06-09T16:04:40Z
AFG,Financials,11005582336.0,CLEAR,CLEAR,,AGREE,done,0,0,0,0,3.68,,,v1-2026-06-09,2026-06-09T16:04:40Z
IT,Information Technology,10981448704.0,CLEAR,CLEAR,,AGREE,done,0,0,0,0,5.94,,,v1-2026-06-09,2026-06-09T16:04:40Z
RVTY,Health Care,10974135296.0,CLEAR,CLEAR,,AGREE,done,0,0,0,0,5.6,,,v1-2026-06-09,2026-06-09T16:04:40Z
KTOS,Industrials,10973669376.0,WATCH,WATCH,,AGREE,done,0,0,0,1,2.67,," | RAISE:Kratos Defense & Security Solutions, Inc. Prices Public Offering of Common Stock",v1-2026-06-09,2026-06-09T16:04:40Z
BMRN,Health Care,10972756992.0,CLEAR,CLEAR,,AGREE,done,0,0,0,0,5.42,,,v1-2026-06-09,2026-06-09T16:04:40Z
UHAL,Consumer Discretionary,10933227520.0,CLEAR,CLEAR,,AGREE,done,0,0,0,0,9.77,,,v1-2026-06-09,2026-06-09T16:04:40Z
CR,Materials,10905850880.0,CLEAR,CLEAR,,AGREE,done,0,0,0,0,2.2,,,v1-2026-06-09,2026-06-09T16:04:40Z
HUBS,Information Technology,10885191680.0,CLEAR,CLEAR,,AGREE,done,0,0,0,0,2.13,,,v1-2026-06-09,2026-06-09T16:04:40Z
AAON,Industrials,10863130624.0,CLEAR,CLEAR,,AGREE,done,0,0,0,0,2.9,,,v1-2026-06-09,2026-06-09T16:04:40Z
GMED,Health Care,10859570176.0,CLEAR,CLEAR,,AGREE,done,0,0,0,0,1.62,,,v1-2026-06-09,2026-06-09T16:04:40Z
SF,Financials,10848573440.0,CLEAR,CLEAR,,AGREE,done,0,0,0,1,2.13,, | RAISE:Juggernaut Exploration Announces Bought Deal Private Placement Structured Flow-Through Financing for Gross Proceeds of C$10M,v1-2026-06-09,2026-06-09T16:04:40Z
WLK,Materials,10844325888.0,WATCH,WATCH,,AGREE,done,0,0,0,0,2.49,,,v1-2026-06-09,2026-06-09T16:04:40Z
WYNN,Consumer Discretionary,10843637760.0,CLEAR,CLEAR,,AGREE,done,0,0,0,1,5.39,," | RAISE:Wynn's Al Marjan Island Resort Expansion Gains Momentum, Secures Financing",v1-2026-06-09,2026-06-09T16:04:40Z
SEIC,Financials,10754808832.0,CLEAR,CLEAR,,AGREE,done,0,0,0,0,3.38,,,v1-2026-06-09,2026-06-09T16:04:40Z
LINE,Financials,10689381376.0,WATCH,WATCH,,AGREE,done,0,0,0,0,6.8,,,v1-2026-06-09,2026-06-09T16:04:40Z
GIL,Unknown,10668275712.0,CLEAR,CLEAR,,AGREE,done,0,0,0,1,6.49,, | RAISE:Gildan Announces Pricing of Private Offering of US$1.2 Billion Senior Unsecured Notes,v1-2026-06-09,2026-06-09T16:04:40Z
EGP,Financials,10654824448.0,CLEAR,CLEAR,,AGREE,done,0,0,0,0,7.04,,,v1-2026-06-09,2026-06-09T16:04:40Z
FRT,Real Estate,10652719104.0,CLEAR,CLEAR,,AGREE,done,0,0,0,0,3.4,,,v1-2026-06-09,2026-06-09T16:04:40Z
PODD,Health Care,10612732928.0,CLEAR,CLEAR,,AGREE,done,0,0,0,0,1.6,,,v1-2026-06-09,2026-06-09T16:04:40Z
WTRG,Utilities,10596529152.0,CLEAR,CLEAR,,AGREE,done,0,0,0,0,2.17,,,v1-2026-06-09,2026-06-09T16:04:40Z
SFD,Consumer Staples,10572734464.0,CLEAR,CLEAR,,AGREE,done,0,0,0,1,2.58,, | RAISE:Smithfield Foods Announces Pricing of Upsized Secondary Offering of Common Stock,v1-2026-06-09,2026-06-09T16:04:40Z
MP,Materials,10535353344.0,WATCH,WATCH,,AGREE,done,0,0,0,0,3.74,,,v1-2026-06-09,2026-06-09T16:04:40Z
FIVE,Consumer Discretionary,10531828736.0,CLEAR,CLEAR,,AGREE,done,0,0,0,0,2.28,,,v1-2026-06-09,2026-06-09T16:04:40Z
GSAT,Communication Services,10495009792.0,DISTRESSED-RECOVERABLE,DISTRESSED-RECOVERABLE,,AGREE,done,0,0,0,0,2.8,,,v1-2026-06-09,2026-06-09T16:04:40Z
WTS,Materials,10491751424.0,CLEAR,CLEAR,,AGREE,done,0,0,0,0,3.17,,,v1-2026-06-09,2026-06-09T16:04:40Z
AES,Utilities,10462023680.0,CLEAR,CLEAR,,AGREE,done,0,0,0,0,1.33,,,v1-2026-06-09,2026-06-09T16:04:40Z
MICC,Unknown,10461129728.0,SKIP_lt2y,,,SKIP,skip,,,,,,,<2y data,v1-2026-06-09,2026-06-09T16:04:40Z
DPZ,Consumer Discretionary,10443893760.0,CLEAR,CLEAR,,AGREE,done,0,0,0,0,3.8,,,v1-2026-06-09,2026-06-09T16:04:40Z
CCK,Materials,10434898944.0,CLEAR,CLEAR,,AGREE,done,0,0,0,0,3.91,,,v1-2026-06-09,2026-06-09T16:04:40Z
POWL,Information Technology,10378283008.0,CLEAR,CLEAR,,AGREE,done,0,0,0,0,3.51,,,v1-2026-06-09,2026-06-09T16:04:40Z
VMI,Materials,10363006976.0,CLEAR,CLEAR,,AGREE,done,0,0,0,0,1.8,,,v1-2026-06-09,2026-06-09T16:04:40Z
SAIL,Information Technology,10346139648.0,SKIP_lt2y,,,SKIP,skip,,,,,,,<2y data,v1-2026-06-09,2026-06-09T16:04:40Z
EHC,Health Care,10317697024.0,CLEAR,CLEAR,,AGREE,done,0,0,0,0,3.29,,,v1-2026-06-09,2026-06-09T16:04:40Z
WTFC,Financials,10312762368.0,CLEAR,CLEAR,,AGREE,done,0,0,0,0,5.16,,,v1-2026-06-09,2026-06-09T16:04:40Z
ARWR,Health Care,10295239680.0,CLEAR,CLEAR,,AGREE,done,0,0,0,0,7.01,,,v1-2026-06-09,2026-06-09T16:04:40Z
R,Consumer Discretionary,10261630976.0,CLEAR,CLEAR,,AGREE,done,0,0,0,1,3.18,, | RAISE:HappyRobot raises $44M to build a digital workforce for the real economy,v1-2026-06-09,2026-06-09T16:04:40Z
AM,Utilities,10221570048.0,CLEAR,CLEAR,,AGREE,done,0,0,0,0,4.18,,,v1-2026-06-09,2026-06-09T16:04:40Z
HBM,Unknown,10192052224.0,CLEAR,CLEAR,,AGREE,done,0,0,0,1,1.6,, | RAISE:Osisko Metals Announces Closing of $32.5 Million Private Placement With Strategic Investors,v1-2026-06-09,2026-06-09T16:04:40Z
FROG,Information Technology,10174057472.0,CLEAR,CLEAR,,AGREE,done,0,0,0,0,1.29,,,v1-2026-06-09,2026-06-09T16:04:40Z
MOG.B,Industrials,10146338816.0,CLEAR,CLEAR,,AGREE,done,0,0,0,0,1.57,,,v1-2026-06-09,2026-06-09T16:04:40Z
CGNX,Health Care,10121631744.0,CLEAR,CLEAR,,AGREE,done,0,0,0,0,1.54,,,v1-2026-06-09,2026-06-09T16:04:40Z
CNM,Industrials,10119621632.0,CLEAR,CLEAR,,AGREE,done,0,0,0,0,4.3,,,v1-2026-06-09,2026-06-09T16:04:40Z
OKLO,Utilities,10107137024.0,SKIP_lt2y,,,SKIP,skip,,,,,,,<2y data,v1-2026-06-09,2026-06-09T16:04:40Z
MUSA,Consumer Discretionary,10094413824.0,CLEAR,CLEAR,,AGREE,done,0,0,0,0,3.53,,,v1-2026-06-09,2026-06-09T16:04:40Z
BAX,Health Care,10009168896.0,DISTRESSED-RECOVERABLE,DISTRESSED-RECOVERABLE,,AGREE,done,0,0,0,0,5.6,,,v1-2026-06-09,2026-06-09T16:04:40Z
BSY,Information Technology,10004024320.0,CLEAR,CLEAR,,AGREE,done,0,0,0,0,7.6,,,v1-2026-06-09,2026-06-09T16:04:40Z
WMS,Materials,9968931840.0,CLEAR,CLEAR,,AGREE,done,0,0,0,0,4.04,,,v1-2026-06-09,2026-06-09T16:04:40Z
ENSG,Health Care,9953251328.0,CLEAR,CLEAR,,AGREE,done,0,0,0,0,3.01,,,v1-2026-06-09,2026-06-09T16:04:40Z
MOH,Financials,9943805952.0,WATCH,WATCH,,AGREE,done,0,0,0,0,3.12,,,v1-2026-06-09,2026-06-09T16:04:40Z
GTLS,Materials,9923737600.0,CLEAR,CLEAR,,AGREE,done,0,0,0,1,3.84,, | RAISE:Chart Industries Announces Favorable Repricing of Term Loan Facility,v1-2026-06-09,2026-06-09T16:04:40Z
HL,Materials,9913128960.0,CLEAR,CLEAR,,AGREE,done,0,0,0,1,2.04,, | RAISE:Silver North Announces Closing of Final Tranche of Private Placement - Benzinga,v1-2026-06-09,2026-06-09T16:04:40Z
UHAL.B,Consumer Discretionary,9891527680.0,CLEAR,CLEAR,,AGREE,done,0,0,0,0,,,,v1-2026-06-09,2026-06-09T16:04:40Z
RGC,Unknown,9884832768.0,SKIP_lt2y,,,SKIP,skip,,,,,,,<2y data,v1-2026-06-09,2026-06-09T16:04:40Z
FCFS,Consumer Discretionary,9882543104.0,CLEAR,CLEAR,,AGREE,done,0,0,0,1,3.9,, | RAISE:FirstCash Announces Pricing of $500 Million Senior Notes Due 2032,v1-2026-06-09,2026-06-09T16:04:40Z
BPOP,Financials,9878787072.0,CLEAR,CLEAR,,AGREE,done,0,0,0,0,3.76,,,v1-2026-06-09,2026-06-09T16:04:40Z
UMBF,Financials,9871156224.0,CLEAR,CLEAR,,AGREE,done,0,0,0,0,5.42,,,v1-2026-06-09,2026-06-09T16:04:40Z
OGE,Utilities,9864692736.0,CLEAR,CLEAR,,AGREE,done,0,0,0,0,6.82,,,v1-2026-06-09,2026-06-09T16:04:40Z
AHR,Financials,9815175168.0,CLEAR,CLEAR,,AGREE,done,0,0,0,0,6.63,,,v1-2026-06-09,2026-06-09T16:04:40Z
GME,Consumer Discretionary,9781468160.0,CLEAR,CLEAR,,AGREE,done,0,0,0,0,4.16,,,v1-2026-06-09,2026-06-09T16:04:40Z
AGX,Industrials,9739450368.0,CLEAR,CLEAR,,AGREE,done,0,0,0,0,2.22,,,v1-2026-06-09,2026-06-09T16:04:40Z
ESI,Materials,9705311232.0,CLEAR,CLEAR,,AGREE,done,0,0,0,0,4.18,,,v1-2026-06-09,2026-06-09T16:04:40Z
CYTK,Health Care,9704882176.0,AVOID,AVOID,insolvency,AVOID_unconfirmed,done,0,0,0,0,3.38,,no API distress/short signal (coverage may be thin),v1-2026-06-09,2026-06-09T16:04:40Z
BROS,Consumer Discretionary,9698422784.0,CLEAR,CLEAR,,AGREE,done,0,0,0,0,3.25,,,v1-2026-06-09,2026-06-09T16:04:40Z
CART,Industrials,9697329152.0,CLEAR,CLEAR,,AGREE,done,0,0,0,0,2.49,,,v1-2026-06-09,2026-06-09T16:04:40Z
DCI,Industrials,9695960064.0,CLEAR,CLEAR,,AGREE,done,0,0,0,0,6.37,,,v1-2026-06-09,2026-06-09T16:04:40Z
HLI,Financials,9616519168.0,CLEAR,CLEAR,,AGREE,done,0,0,0,0,1.93,,,v1-2026-06-09,2026-06-09T16:04:40Z
SCI,Unknown,9613818880.0,CLEAR,CLEAR,,AGREE,done,0,0,0,0,4.98,,,v1-2026-06-09,2026-06-09T16:04:40Z
ALSN,Industrials,9599840256.0,CLEAR,CLEAR,,AGREE,done,0,0,0,0,3.04,,,v1-2026-06-09,2026-06-09T16:04:40Z
OC,Materials,9598976000.0,DISTRESSED-RECOVERABLE,DISTRESSED-RECOVERABLE,,AGREE,done,0,0,0,0,3.59,,,v1-2026-06-09,2026-06-09T16:04:40Z
ALV,Industrials,9549566976.0,CLEAR,CLEAR,,AGREE,done,0,0,0,0,5.98,,,v1-2026-06-09,2026-06-09T16:04:40Z
SNAP,Information Technology,9545247744.0,DISTRESSED-RECOVERABLE,DISTRESSED-RECOVERABLE,,AGREE,done,0,0,0,0,2.43,,,v1-2026-06-09,2026-06-09T16:04:40Z
CWEN,Utilities,9541445632.0,DISTRESSED-RECOVERABLE,DISTRESSED-RECOVERABLE,,AGREE,done,0,0,0,0,5.2,,,v1-2026-06-09,2026-06-09T16:04:40Z
BAH,Industrials,9517422592.0,CLEAR,CLEAR,,AGREE,done,0,0,0,0,4.57,,,v1-2026-06-09,2026-06-09T16:04:40Z
BRX,Financials,9505798144.0,CLEAR,CLEAR,,AGREE,done,0,0,0,0,7.58,,,v1-2026-06-09,2026-06-09T16:04:40Z
DDS,Consumer Discretionary,9468149760.0,CLEAR,CLEAR,,AGREE,done,0,0,0,0,7.59,,,v1-2026-06-09,2026-06-09T16:04:40Z
DAR,Consumer Staples,9448231936.0,CLEAR,CLEAR,,AGREE,done,0,0,0,0,2.55,,,v1-2026-06-09,2026-06-09T16:04:40Z
AVAV,Industrials,9408494592.0,WATCH,WATCH,,AGREE,done,0,0,0,1,3.83,, | RAISE:This Drone Maker Just Raised $320 Million As War Supercharges Defense IPOs,v1-2026-06-09,2026-06-09T16:04:40Z
FLS,Industrials,9393816576.0,CLEAR,CLEAR,,AGREE,done,0,0,0,0,2.58,,,v1-2026-06-09,2026-06-09T16:04:40Z
JOBY,Industrials,9393789952.0,WATCH,WATCH,,AGREE,done,0,0,0,0,2.42,,,v1-2026-06-09,2026-06-09T16:04:40Z
TTD,Communication Services,9378662400.0,CLEAR,CLEAR,,AGREE,done,0,0,0,0,3.61,,,v1-2026-06-09,2026-06-09T16:04:40Z
MASI,Health Care,9364640768.0,DISTRESSED-RECOVERABLE,DISTRESSED-RECOVERABLE,,AGREE,done,0,0,0,0,4.28,,,v1-2026-06-09,2026-06-09T16:04:40Z
PSO,Unknown,9342485504.0,CLEAR,CLEAR,,AGREE,done,0,0,0,0,3.17,,,v1-2026-06-09,2026-06-09T16:04:40Z
RIOT,Financials,9325209600.0,WATCH,WATCH,,AGREE,done,0,0,0,0,3.1,,,v1-2026-06-09,2026-06-09T16:04:40Z
FDS,Financials,9312524288.0,CLEAR,CLEAR,,AGREE,done,0,0,0,0,6.22,,,v1-2026-06-09,2026-06-09T16:04:40Z
SSB,Financials,9309717504.0,CLEAR,CLEAR,,AGREE,done,0,0,0,0,3.27,,,v1-2026-06-09,2026-06-09T16:04:40Z
ZION,Financials,9300616192.0,CLEAR,CLEAR,,AGREE,done,0,0,0,0,3.42,,,v1-2026-06-09,2026-06-09T16:04:40Z
MSGS,Communication Services,9298915328.0,AVOID,AVOID,insolvency,AVOID_unconfirmed,done,0,0,0,0,4.23,,no API distress/short signal (coverage may be thin),v1-2026-06-09,2026-06-09T16:04:40Z
ORI,Financials,9294022656.0,CLEAR,CLEAR,,AGREE,done,0,0,0,0,7.25,,,v1-2026-06-09,2026-06-09T16:04:40Z
ONB,Financials,9257496576.0,CLEAR,CLEAR,,AGREE,done,0,0,0,0,8.15,,,v1-2026-06-09,2026-06-09T16:04:40Z
JKHY,Financials,9244418048.0,CLEAR,CLEAR,,AGREE,done,0,0,0,0,4.01,,,v1-2026-06-09,2026-06-09T16:04:40Z
RRC,Energy,9212829696.0,CLEAR,CLEAR,,AGREE,done,0,0,0,0,8.51,,,v1-2026-06-09,2026-06-09T16:04:40Z
CIFR,Financials,9183154176.0,WATCH,WATCH,,AGREE,done,0,0,0,1,1.84,, | RAISE:Cipher Digital Inc. Announces Pricing of $810.0 Million of Senior Secured Notes,v1-2026-06-09,2026-06-09T16:04:40Z
DOCU,Information Technology,9182211072.0,CLEAR,CLEAR,,AGREE,done,0,0,0,0,4.87,,,v1-2026-06-09,2026-06-09T16:04:40Z
LUMN,Communication Services,9180070912.0,AVOID,AVOID,insolvency,AVOID_unconfirmed,done,0,0,0,0,3.27,,no API distress/short signal (coverage may be thin),v1-2026-06-09,2026-06-09T16:04:40Z
CUBE,Financials,9174892544.0,CLEAR,CLEAR,,AGREE,done,0,0,0,1,2.39,, | RAISE:CubeSmart Announces Pricing of 5.125% Senior Unsecured Notes Due 2035,v1-2026-06-09,2026-06-09T16:04:40Z
VSAT,Communication Services,9174703104.0,CLEAR,CLEAR,,AGREE,done,0,0,0,0,7.32,,,v1-2026-06-09,2026-06-09T16:04:40Z
TKR,Industrials,9161461760.0,CLEAR,CLEAR,,AGREE,done,0,0,0,0,1.9,,,v1-2026-06-09,2026-06-09T16:04:40Z
SNEX,Financials,9156717568.0,CLEAR,CLEAR,,AGREE,done,0,0,0,1,3.82,, | RAISE:StoneX Group Inc. Announces Pricing of $625.0 Million of Senior Secured Notes due 2032,v1-2026-06-09,2026-06-09T16:04:40Z
AYI,Information Technology,9156393984.0,CLEAR,CLEAR,,AGREE,done,0,0,0,0,4.32,,,v1-2026-06-09,2026-06-09T16:04:40Z
ACM,Industrials,9143120896.0,CLEAR,CLEAR,,AGREE,done,0,0,0,0,4.17,,,v1-2026-06-09,2026-06-09T16:04:40Z
FRHC,Financials,9102560256.0,DISTRESSED-RECOVERABLE,DISTRESSED-RECOVERABLE,,AGREE,done,0,0,1,0,14.24,,,v1-2026-06-09,2026-06-09T16:04:40Z
FORM,Information Technology,9097321472.0,CLEAR,CLEAR,,AGREE,done,0,0,0,0,1.17,,,v1-2026-06-09,2026-06-09T16:04:40Z
SIRI,Communication Services,9092104192.0,CLEAR,CLEAR,,AGREE,done,0,0,0,0,7.74,,,v1-2026-06-09,2026-06-09T16:04:40Z
BMNR,Unknown,9056271360.0,SKIP_no_data,,,SKIP,skip,,,,,,,no cached fundamentals/context,v1-2026-06-09,2026-06-09T16:04:40Z
W,Consumer Discretionary,9021960192.0,AVOID,AVOID,insolvency,AVOID_unconfirmed,done,0,0,0,0,3.92,,no API distress/short signal (coverage may be thin),v1-2026-06-09,2026-06-09T16:04:40Z
YMM,Unknown,8984230912.0,CLEAR,CLEAR,,AGREE,done,0,0,0,0,2.43,,,v1-2026-06-09,2026-06-09T16:04:40Z
CTRE,Financials,8970042368.0,CLEAR,CLEAR,,AGREE,done,0,0,0,0,3.68,,,v1-2026-06-09,2026-06-09T16:04:40Z
ARE,Real Estate,8936538112.0,WATCH,WATCH,,AGREE,done,0,0,0,0,3.21,,,v1-2026-06-09,2026-06-09T16:04:40Z
AAL,Industrials,8928699392.0,DISTRESSED-RECOVERABLE,DISTRESSED-RECOVERABLE,,AGREE,done,0,0,0,0,1.67,,,v1-2026-06-09,2026-06-09T16:04:40Z
IAG,Unknown,8912759808.0,CLEAR,CLEAR,,AGREE,done,0,0,0,0,1.0,,,v1-2026-06-09,2026-06-09T16:04:40Z
AMG,Financials,8895853568.0,CLEAR,CLEAR,,AGREE,done,0,0,0,0,2.68,,,v1-2026-06-09,2026-06-09T16:04:40Z
KRYS,Health Care,8873406464.0,CLEAR,CLEAR,,AGREE,done,0,0,0,0,8.01,,,v1-2026-06-09,2026-06-09T16:04:40Z
ADC,Financials,8842269696.0,CLEAR,CLEAR,,AGREE,done,0,0,1,0,15.58,,,v1-2026-06-09,2026-06-09T16:04:40Z
QBTS,Information Technology,8835118080.0,WATCH,WATCH,,AGREE,done,0,0,0,0,1.78,,,v1-2026-06-09,2026-06-09T16:04:40Z
HSIC,Health Care,8822852608.0,CLEAR,CLEAR,,AGREE,done,0,0,0,0,3.84,,,v1-2026-06-09,2026-06-09T16:04:40Z
CFR,Financials,8801634304.0,CLEAR,CLEAR,,AGREE,done,0,0,0,0,4.56,,,v1-2026-06-09,2026-06-09T16:04:40Z
UHS,Health Care,8788062208.0,CLEAR,CLEAR,,AGREE,done,0,0,0,0,2.9,,,v1-2026-06-09,2026-06-09T16:04:40Z
SIMO,Unknown,8771957760.0,CLEAR,CLEAR,,AGREE,done,0,0,0,0,1.0,,,v1-2026-06-09,2026-06-09T16:04:40Z
WAL,Financials,8751206400.0,WATCH,WATCH,,AGREE,done,0,0,0,0,2.75,,,v1-2026-06-09,2026-06-09T16:04:40Z
MANH,Information Technology,8735062016.0,CLEAR,CLEAR,,AGREE,done,0,0,0,0,4.42,,,v1-2026-06-09,2026-06-09T16:04:40Z
CRL,Health Care,8734735360.0,DISTRESSED-RECOVERABLE,DISTRESSED-RECOVERABLE,,AGREE,done,0,0,0,0,3.83,,,v1-2026-06-09,2026-06-09T16:04:40Z
LEVI,Consumer Discretionary,8664953856.0,CLEAR,CLEAR,,AGREE,done,0,0,0,0,3.33,,,v1-2026-06-09,2026-06-09T16:04:40Z
QRVO,Information Technology,8649984000.0,CLEAR,CLEAR,,AGREE,done,0,0,0,0,5.14,,,v1-2026-06-09,2026-06-09T16:04:40Z
ALGM,Information Technology,8638857216.0,DISTRESSED-RECOVERABLE,DISTRESSED-RECOVERABLE,,AGREE,done,0,0,0,0,3.45,,,v1-2026-06-09,2026-06-09T16:04:40Z
NCLH,Consumer Discretionary,8608315392.0,DISTRESSED-RECOVERABLE,DISTRESSED-RECOVERABLE,,AGREE,done,0,0,0,0,2.46,,,v1-2026-06-09,2026-06-09T16:04:40Z
ORA,Utilities,8603497472.0,CLEAR,CLEAR,,AGREE,done,0,0,0,1,3.7,, | RAISE:Ormat Announces Pricing of Public Offering of Common Stock on Behalf of Stockholder Orix Corporation,v1-2026-06-09,2026-06-09T16:04:40Z
RYAN,Financials,8595092480.0,CLEAR,CLEAR,,AGREE,done,0,0,0,0,3.58,,,v1-2026-06-09,2026-06-09T16:04:40Z
COLB,Financials,8586284032.0,CLEAR,CLEAR,,AGREE,done,0,0,0,0,2.98,,,v1-2026-06-09,2026-06-09T16:04:40Z
BRKR,Health Care,8584003072.0,DISTRESSED-RECOVERABLE,DISTRESSED-RECOVERABLE,,AGREE,done,0,0,0,0,5.09,,,v1-2026-06-09,2026-06-09T16:04:40Z
NNN,Financials,8553558016.0,CLEAR,CLEAR,,AGREE,done,0,0,0,0,4.61,,,v1-2026-06-09,2026-06-09T16:04:40Z
SARO,Industrials,8514607104.0,CLEAR,CLEAR,,AGREE,done,0,0,0,0,3.42,,,v1-2026-06-09,2026-06-09T16:04:40Z
EQX,Materials,8514523136.0,CLEAR,CLEAR,,AGREE,done,0,0,0,1,2.18,, | RAISE:Canterra Minerals Closes $5.7M Flow-Through Private Placement to Fund Exploration in Newfoundland,v1-2026-06-09,2026-06-09T16:04:40Z
HALO,Health Care,8484387840.0,CLEAR,CLEAR,,AGREE,done,0,0,0,0,6.72,,,v1-2026-06-09,2026-06-09T16:04:40Z
ASR,Unknown,8473248256.0,SKIP_no_data,,,SKIP,skip,,,,,,,no cached fundamentals/context,v1-2026-06-09,2026-06-09T16:04:40Z
CAVA,Consumer Discretionary,8456001536.0,CLEAR,CLEAR,,AGREE,done,0,0,0,0,4.67,,,v1-2026-06-09,2026-06-09T16:04:40Z
CHWY,Consumer Discretionary,8441422336.0,CLEAR,CLEAR,,AGREE,done,0,0,0,0,3.07,,,v1-2026-06-09,2026-06-09T16:04:40Z
FR,Financials,8437473280.0,CLEAR,CLEAR,,AGREE,done,0,0,0,0,4.3,,,v1-2026-06-09,2026-06-09T16:04:40Z
AGCO,Industrials,8429076992.0,CLEAR,CLEAR,,AGREE,done,0,0,0,0,2.51,,,v1-2026-06-09,2026-06-09T16:04:40Z
STN,Unknown,8427269120.0,CLEAR,CLEAR,,AGREE,done,0,0,0,1,3.79,, | RAISE:FUELPOSITIVE ANNOUNCES FILING OF OFFERING DOCUMENT FOR $5 MILLION LIFE PRIVATE PLACEMENT FINANCING,v1-2026-06-09,2026-06-09T16:04:40Z
TAP.A,Consumer Staples,8391048192.0,WATCH,WATCH,,AGREE,done,0,0,0,0,3.3,,,v1-2026-06-09,2026-06-09T16:04:40Z
AG,Materials,8389145088.0,CLEAR,CLEAR,,AGREE,done,0,0,0,0,1.35,,,v1-2026-06-09,2026-06-09T16:04:40Z
TEM,Information Technology,8337192448.0,WATCH,WATCH,,AGREE,done,0,0,0,0,4.88,,,v1-2026-06-09,2026-06-09T16:04:40Z
TTC,Industrials,8304967680.0,CLEAR,CLEAR,,AGREE,done,0,0,0,0,5.45,,,v1-2026-06-09,2026-06-09T16:04:40Z
CRUS,Information Technology,8294426624.0,CLEAR,CLEAR,,AGREE,done,0,0,0,0,4.02,,,v1-2026-06-09,2026-06-09T16:04:40Z
VIST,Unknown,8293543424.0,CLEAR,CLEAR,,AGREE,done,0,0,0,0,1.78,,,v1-2026-06-09,2026-06-09T16:04:40Z
ENS,Information Technology,8292455936.0,CLEAR,CLEAR,,AGREE,done,0,0,0,0,3.77,,,v1-2026-06-09,2026-06-09T16:04:40Z
PRI,Financials,8289956352.0,CLEAR,CLEAR,,AGREE,done,0,0,0,0,5.06,,,v1-2026-06-09,2026-06-09T16:04:40Z
CMC,Materials,8222299648.0,CLEAR,CLEAR,,AGREE,done,0,0,0,1,6.84,, | RAISE:Cielo Announces Final Closing of Private Placement of Convertible Debenture Units,v1-2026-06-09,2026-06-09T16:04:40Z
CORZ,Financials,8217334784.0,AVOID,AVOID,insolvency,AVOID_unconfirmed,done,0,0,0,0,3.56,,no API distress/short signal (coverage may be thin),v1-2026-06-09,2026-06-09T16:04:40Z
EMN,Materials,8214900736.0,CLEAR,CLEAR,,AGREE,done,0,0,0,0,4.24,,,v1-2026-06-09,2026-06-09T16:04:40Z
CAE,Information Technology,8204227072.0,CLEAR,CLEAR,,AGREE,done,0,0,0,0,5.02,,,v1-2026-06-09,2026-06-09T16:04:40Z
TECH,Health Care,8140009472.0,CLEAR,CLEAR,,AGREE,done,0,0,0,0,3.68,,,v1-2026-06-09,2026-06-09T16:04:40Z
BIO.B,Health Care,8139539968.0,CLEAR,CLEAR,,AGREE,done,0,0,0,0,1.0,,,v1-2026-06-09,2026-06-09T16:04:40Z
OSK,Consumer Discretionary,8138716160.0,CLEAR,CLEAR,,NEWS_NOTE,done,1,0,0,0,3.23,single news mention (kept screen bucket; investigate),single news mention of distress/fraud (investigate; not a screen error) | BK:Polestar (PSNY) Faces Delisting Risk on Delayed Annual Filing,v1-2026-06-09,2026-06-09T16:04:40Z
ZG,Industrials,8097295872.0,CLEAR,CLEAR,,AGREE,done,0,0,0,0,2.54,,,v1-2026-06-09,2026-06-09T16:04:40Z
ABVX,Health Care,8091386368.0,WATCH,WATCH,,AGREE,done,0,0,0,0,2.98,,,v1-2026-06-09,2026-06-09T16:04:40Z
ACI,Consumer Discretionary,8090590208.0,CLEAR,CLEAR,,AGREE,done,0,0,0,0,7.28,,,v1-2026-06-09,2026-06-09T16:04:40Z
MTCH,Information Technology,8029033472.0,CLEAR,CLEAR,,AGREE,done,0,0,0,0,2.01,,,v1-2026-06-09,2026-06-09T16:04:40Z
Z,Industrials,8021791744.0,CLEAR,CLEAR,,AGREE,done,0,0,0,0,4.09,,,v1-2026-06-09,2026-06-09T16:04:40Z
HESM,Energy,8021538816.0,CLEAR,CLEAR,,AGREE,done,0,0,0,0,2.54,,,v1-2026-06-09,2026-06-09T16:04:40Z
MBLY,Information Technology,7975502848.0,CLEAR,CLEAR,,AGREE,done,0,0,0,0,4.98,,,v1-2026-06-09,2026-06-09T16:04:40Z
JHG,Financials,7974953472.0,CLEAR,CLEAR,,AGREE,done,0,0,0,0,1.0,,,v1-2026-06-09,2026-06-09T16:04:40Z
ZWS,Industrials,7936478720.0,CLEAR,CLEAR,,AGREE,done,0,0,0,0,5.72,,,v1-2026-06-09,2026-06-09T16:04:40Z
XP,Unknown,7925832192.0,CLEAR,CLEAR,,AGREE,done,0,0,0,0,3.64,,,v1-2026-06-09,2026-06-09T16:04:40Z
BLDR,Industrials,7920709120.0,CLEAR,CLEAR,,AGREE,done,0,0,0,0,2.85,,,v1-2026-06-09,2026-06-09T16:04:40Z
AOS,Industrials,7883797504.0,CLEAR,CLEAR,,AGREE,done,0,0,0,0,4.21,,,v1-2026-06-09,2026-06-09T16:04:40Z
REXR,Financials,7882587136.0,CLEAR,CLEAR,,AGREE,done,0,0,0,0,6.28,,,v1-2026-06-09,2026-06-09T16:04:40Z
BIO,Health Care,7876473856.0,CLEAR,CLEAR,,AGREE,done,0,0,0,0,2.92,,,v1-2026-06-09,2026-06-09T16:04:40Z
VOYA,Financials,7859863040.0,CLEAR,CLEAR,,AGREE,done,0,0,0,0,2.4,,,v1-2026-06-09,2026-06-09T16:04:40Z
BOKF,Financials,7851406336.0,CLEAR,CLEAR,,AGREE,done,0,0,0,0,7.57,,,v1-2026-06-09,2026-06-09T16:04:40Z
IDA,Utilities,7831399936.0,CLEAR,CLEAR,,AGREE,done,0,0,0,0,9.88,,,v1-2026-06-09,2026-06-09T16:04:40Z
FRO,Unknown,7829646848.0,CLEAR,CLEAR,,AGREE,done,0,0,0,0,2.63,,,v1-2026-06-09,2026-06-09T16:04:40Z
CORT,Health Care,7795872768.0,CLEAR,CLEAR,,AGREE,done,0,0,0,0,6.3,,,v1-2026-06-09,2026-06-09T16:04:40Z
SFM,Consumer Discretionary,7793451520.0,CLEAR,CLEAR,,AGREE,done,0,0,0,0,4.41,,,v1-2026-06-09,2026-06-09T16:04:40Z
BIRK,Materials,7786582016.0,CLEAR,CLEAR,,AGREE,done,0,0,0,0,3.74,,,v1-2026-06-09,2026-06-09T16:04:40Z
VSH,Information Technology,7785253376.0,DISTRESSED-RECOVERABLE,DISTRESSED-RECOVERABLE,,AGREE,done,0,0,0,0,1.91,,,v1-2026-06-09,2026-06-09T16:04:40Z
GAP,Consumer Discretionary,7761145856.0,CLEAR,CLEAR,,AGREE,done,0,0,0,0,3.77,,,v1-2026-06-09,2026-06-09T16:04:40Z
CBSH,Financials,7733477888.0,CLEAR,CLEAR,,AGREE,done,0,0,0,0,5.03,,,v1-2026-06-09,2026-06-09T16:04:40Z
SM,Energy,7722305536.0,CLEAR,CLEAR,,AGREE,done,0,0,0,0,3.12,,,v1-2026-06-09,2026-06-09T16:04:40Z
CLF,Materials,7717710336.0,AVOID,AVOID,cash_burn,AVOID_unconfirmed,done,0,0,0,0,6.02,,no API distress/short signal (coverage may be thin),v1-2026-06-09,2026-06-09T16:04:40Z
EGO,Materials,7709258240.0,CLEAR,CLEAR,,AGREE,done,0,0,0,0,1.74,,,v1-2026-06-09,2026-06-09T16:04:40Z
BVN,Unknown,7685642752.0,SKIP_no_data,,,SKIP,skip,,,,,,,no cached fundamentals/context,v1-2026-06-09,2026-06-09T16:04:40Z
ECG,Industrials,7671043072.0,CLEAR,CLEAR,,AGREE,done,0,0,0,0,2.02,,,v1-2026-06-09,2026-06-09T16:04:40Z
VLY,Financials,7635931136.0,CLEAR,CLEAR,,AGREE,done,0,0,0,1,7.52,, | RAISE:Valley National Bancorp Announces Pricing Of Subordinated Notes,v1-2026-06-09,2026-06-09T16:04:40Z
SSD,Materials,7627457024.0,CLEAR,CLEAR,,AGREE,done,0,0,0,0,4.28,,,v1-2026-06-09,2026-06-09T16:04:40Z
EDU,Consumer Discretionary,7625413120.0,CLEAR,CLEAR,,AGREE,done,0,0,0,0,4.98,,,v1-2026-06-09,2026-06-09T16:04:40Z
CHRD,Energy,7588566528.0,CLEAR,CLEAR,,AGREE,done,0,0,0,1,4.32,, | RAISE:MaverickX Secures Strategic Investment from Chord Energy and Olive Tree to Advance PetroX Boost™,v1-2026-06-09,2026-06-09T16:04:40Z
ESE,Information Technology,7581475328.0,CLEAR,CLEAR,,AGREE,done,0,0,0,0,2.02,,,v1-2026-06-09,2026-06-09T16:04:40Z
QGEN,Unknown,7565250048.0,CLEAR,CLEAR,,AGREE,done,0,0,0,0,3.98,,,v1-2026-06-09,2026-06-09T16:04:40Z
CAMT,Health Care,7560963584.0,CLEAR,CLEAR,,AGREE,done,0,0,0,0,5.34,,,v1-2026-06-09,2026-06-09T16:04:40Z
KNTK,Utilities,7553957376.0,CLEAR,CLEAR,,AGREE,done,0,0,0,0,4.62,,,v1-2026-06-09,2026-06-09T16:04:40Z
KEX,Industrials,7542225920.0,CLEAR,CLEAR,,AGREE,done,0,0,0,0,2.26,,,v1-2026-06-09,2026-06-09T16:04:40Z
JXN,Financials,7522491392.0,DISTRESSED-RECOVERABLE,DISTRESSED-RECOVERABLE,,AGREE,done,0,0,0,0,5.89,,,v1-2026-06-09,2026-06-09T16:04:40Z
RHP,Financials,7511896576.0,CLEAR,CLEAR,,AGREE,done,0,0,0,1,2.21,," | RAISE:Ryman Hospitality Properties, Inc. Announces Upsizing and Pricing of $625 Million of Senior Notes Due 2033",v1-2026-06-09,2026-06-09T16:04:40Z
VFS,Unknown,7509911040.0,AVOID,AVOID,insolvency,AVOID_unconfirmed,done,0,0,0,0,3.73,,no API distress/short signal (coverage may be thin),v1-2026-06-09,2026-06-09T16:04:40Z
UGI,Utilities,7471620608.0,CLEAR,CLEAR,,AGREE,done,0,0,0,0,4.33,,,v1-2026-06-09,2026-06-09T16:04:40Z
HQY,Industrials,7413003264.0,CLEAR,CLEAR,,AGREE,done,0,0,0,0,5.64,,,v1-2026-06-09,2026-06-09T16:04:40Z
LSTR,Industrials,7398385152.0,CLEAR,CLEAR,,AGREE,done,0,0,0,0,2.59,,,v1-2026-06-09,2026-06-09T16:04:40Z
ENPH,Information Technology,7389926400.0,CLEAR,CLEAR,,AGREE,done,0,0,0,0,3.6,,,v1-2026-06-09,2026-06-09T16:04:40Z
OSCR,Financials,7389593088.0,CLEAR,CLEAR,,AGREE,done,0,0,0,0,1.82,,,v1-2026-06-09,2026-06-09T16:04:40Z
TTAN,Information Technology,7383040512.0,CLEAR,CLEAR,,AGREE,done,0,0,0,0,5.93,,,v1-2026-06-09,2026-06-09T16:04:40Z
NFG,Utilities,7357637632.0,CLEAR,CLEAR,,AGREE,done,0,0,0,0,5.55,,,v1-2026-06-09,2026-06-09T16:04:40Z
GKOS,Health Care,7341739008.0,WATCH,WATCH,,AGREE,done,0,0,0,0,4.26,,,v1-2026-06-09,2026-06-09T16:04:40Z
PCOR,Information Technology,7328737280.0,CLEAR,CLEAR,,AGREE,done,0,0,0,0,3.28,,,v1-2026-06-09,2026-06-09T16:04:40Z
TAP,Consumer Staples,7325756416.0,WATCH,WATCH,,AGREE,done,0,0,0,0,6.2,,,v1-2026-06-09,2026-06-09T16:04:40Z
PLXS,Information Technology,7304770560.0,CLEAR,CLEAR,,AGREE,done,0,0,0,0,3.41,,,v1-2026-06-09,2026-06-09T16:04:40Z
YOU,Information Technology,7287213568.0,CLEAR,CLEAR,,AGREE,done,0,0,0,0,4.73,,,v1-2026-06-09,2026-06-09T16:04:40Z
AXS,Financials,7284592128.0,WATCH,WATCH,,AGREE,done,0,0,0,0,2.86,,,v1-2026-06-09,2026-06-09T16:04:40Z
BILI,Information Technology,7277181440.0,CLEAR,CLEAR,,AGREE,done,0,0,0,0,5.53,,,v1-2026-06-09,2026-06-09T16:04:40Z
CWAN,Information Technology,7274159616.0,DISTRESSED-RECOVERABLE,DISTRESSED-RECOVERABLE,,AGREE,done,0,0,0,0,6.71,,,v1-2026-06-09,2026-06-09T16:04:40Z
STAG,Financials,7273316352.0,CLEAR,CLEAR,,AGREE,done,0,0,0,0,5.43,,,v1-2026-06-09,2026-06-09T16:04:40Z
NEU,Materials,7267630592.0,CLEAR,CLEAR,,AGREE,done,0,0,0,0,8.31,,,v1-2026-06-09,2026-06-09T16:04:40Z
ST,Health Care,7248333312.0,CLEAR,CLEAR,,AGREE,done,0,0,0,0,3.35,,,v1-2026-06-09,2026-06-09T16:04:40Z
IBRX,Health Care,7247689728.0,AVOID,AVOID,insolvency,CORROBORATED,done,0,0,1,0,10.57,API event/short-interest confirms the fundamentals AVOID,API distress/short-interest confirms,v1-2026-06-09,2026-06-09T16:04:40Z
MXL,Information Technology,7246059008.0,DISTRESSED-RECOVERABLE,DISTRESSED-RECOVERABLE,,AGREE,done,0,0,0,0,1.0,,,v1-2026-06-09,2026-06-09T16:04:40Z
NE,Energy,7244981760.0,CLEAR,CLEAR,,AGREE,done,0,0,0,0,5.98,,,v1-2026-06-09,2026-06-09T16:04:40Z
TTEK,Industrials,7240739328.0,CLEAR,CLEAR,,NEWS_NOTE,done,0,1,0,1,3.31,single news mention (kept screen bucket; investigate),"single news mention of distress/fraud (investigate; not a screen error) | FR:iRobot (IRBT) Provides Q1 FY24 Outlook, Restates FY24 View",v1-2026-06-09,2026-06-09T16:04:40Z
ATR,Materials,7234671104.0,CLEAR,CLEAR,,AGREE,done,0,0,0,0,2.59,,,v1-2026-06-09,2026-06-09T16:04:40Z
ICL,Unknown,7228022784.0,CLEAR,CLEAR,,AGREE,done,0,0,0,0,2.36,,,v1-2026-06-09,2026-06-09T16:04:40Z
NOV,Industrials,7228013568.0,CLEAR,CLEAR,,AGREE,done,0,0,0,0,5.73,,,v1-2026-06-09,2026-06-09T16:04:40Z
VNO,Financials,7210726912.0,CLEAR,CLEAR,,AGREE,done,0,0,0,1,5.59,, | RAISE:Vornado Prices Public Offering of $500 Million of 7-Year Bonds,v1-2026-06-09,2026-06-09T16:04:40Z
LTH,Communication Services,7210102272.0,CLEAR,CLEAR,,AGREE,done,0,0,0,1,2.17,, | RAISE:Lithium Ionic Announces Closing of Over-Subscribed Premium to Market Private Placement With Strategic Shareholders,v1-2026-06-09,2026-06-09T16:04:40Z
SLAB,Information Technology,7193665536.0,CLEAR,CLEAR,,AGREE,done,0,0,0,0,5.59,,,v1-2026-06-09,2026-06-09T16:04:40Z
CELH,Consumer Staples,7191162880.0,CLEAR,CLEAR,,AGREE,done,0,0,0,0,2.14,,,v1-2026-06-09,2026-06-09T16:04:40Z
NUVL,Health Care,7184859648.0,SKIP_lt2y,,,SKIP,skip,,,,,,,<2y data,v1-2026-06-09,2026-06-09T16:04:40Z
ALKS,Health Care,7133724672.0,CLEAR,CLEAR,,AGREE,done,0,0,0,0,7.55,,,v1-2026-06-09,2026-06-09T16:04:40Z
AVT,Industrials,7120509952.0,CLEAR,CLEAR,,AGREE,done,0,0,0,0,4.92,,,v1-2026-06-09,2026-06-09T16:04:40Z
PPC,Consumer Staples,7109107200.0,CLEAR,CLEAR,,AGREE,done,0,0,0,0,3.6,,,v1-2026-06-09,2026-06-09T16:04:40Z
LEA,Industrials,7088456704.0,CLEAR,CLEAR,,AGREE,done,0,0,0,1,2.99,, | RAISE:LEA Raises $1.25M to Power Client Data Automation Across the Wealth Management Industry,v1-2026-06-09,2026-06-09T16:04:40Z
PRAX,Health Care,7081208832.0,SKIP_lt2y,,,SKIP,skip,,,,,,,<2y data,v1-2026-06-09,2026-06-09T16:04:40Z
MOS,Materials,7068909568.0,CLEAR,CLEAR,,AGREE,done,0,0,0,0,2.15,,,v1-2026-06-09,2026-06-09T16:04:40Z
MORN,Financials,7064083968.0,CLEAR,CLEAR,,AGREE,done,0,0,0,0,2.84,,,v1-2026-06-09,2026-06-09T16:04:40Z
BEPC,Utilities,7061815296.0,WATCH,WATCH,,AGREE,done,0,0,0,0,5.18,,,v1-2026-06-09,2026-06-09T16:04:40Z
KNSL,Financials,7059990528.0,CLEAR,CLEAR,,AGREE,done,0,0,0,0,6.17,,,v1-2026-06-09,2026-06-09T16:04:40Z
MIDD,Industrials,7005081600.0,DISTRESSED-RECOVERABLE,DISTRESSED-RECOVERABLE,,AGREE,done,0,0,0,0,2.94,,,v1-2026-06-09,2026-06-09T16:04:40Z
PB,Financials,6995281408.0,CLEAR,CLEAR,,AGREE,done,0,0,0,0,5.87,,,v1-2026-06-09,2026-06-09T16:04:40Z
WFRD,Industrials,6988983808.0,CLEAR,CLEAR,,AGREE,done,0,0,0,1,4.36,," | RAISE:Weatherford Announces Upsize and Pricing of $1,200 Million of Senior Notes due 2033",v1-2026-06-09,2026-06-09T16:04:40Z
MAC,Financials,6978095616.0,DISTRESSED-RECOVERABLE,DISTRESSED-RECOVERABLE,,AGREE,done,0,0,0,1,2.8,, | RAISE:Macerich Announces Pricing of Upsized Public Offering of Common Stock,v1-2026-06-09,2026-06-09T16:04:40Z
MYRG,Industrials,6939387904.0,CLEAR,CLEAR,,AGREE,done,0,0,0,0,2.1,,,v1-2026-06-09,2026-06-09T16:04:40Z
TEX,Industrials,6900965376.0,CLEAR,CLEAR,,AGREE,done,0,0,0,0,3.89,,,v1-2026-06-09,2026-06-09T16:04:40Z
RGEN,Health Care,6899230720.0,CLEAR,CLEAR,,AGREE,done,0,0,0,0,3.87,,,v1-2026-06-09,2026-06-09T16:04:40Z
HR,Financials,6892276736.0,DISTRESSED-RECOVERABLE,DISTRESSED-RECOVERABLE,,NEWS_NOTE,done,1,0,0,0,2.48,single news mention (kept screen bucket; investigate),single news mention of distress/fraud (investigate; not a screen error) | BK:Healthcare Realty Trust Announces Participation in Citi's 2025 Global Property CEO Conference and Provides Update on Rent Collecti,v1-2026-06-09,2026-06-09T16:04:40Z
AXTA,Materials,6887123968.0,CLEAR,CLEAR,,AGREE,done,0,0,0,0,4.2,,,v1-2026-06-09,2026-06-09T16:04:40Z
MWH,Industrials,6880034816.0,SKIP_no_data,,,SKIP,skip,,,,,,,no cached fundamentals/context,v1-2026-06-09,2026-06-09T16:04:40Z
RGTI,Information Technology,6874007552.0,WATCH,WATCH,,AGREE,done,0,0,0,0,1.66,,,v1-2026-06-09,2026-06-09T16:04:40Z
PCVX,Health Care,6838674432.0,SKIP_lt2y,,,SKIP,skip,,,,,,,<2y data,v1-2026-06-09,2026-06-09T16:04:40Z
CBC,Financials,6835790336.0,SKIP_lt2y,,,SKIP,skip,,,,,,,<2y data,v1-2026-06-09,2026-06-09T16:04:40Z
QMMM,Unknown,6830437376.0,SKIP_lt2y,,,SKIP,skip,,,,,,,<2y data,v1-2026-06-09,2026-06-09T16:04:40Z
FAF,Financials,6829337600.0,CLEAR,CLEAR,,AGREE,done,0,0,0,0,5.57,,,v1-2026-06-09,2026-06-09T16:04:40Z
GDS,Unknown,6812838912.0,DISTRESSED-RECOVERABLE,DISTRESSED-RECOVERABLE,,AGREE,done,0,0,0,1,4.96,, | RAISE:GDS Announces the Launch of an Initial Public Offering for its C-REIT on the Shanghai Stock Exchange,v1-2026-06-09,2026-06-09T16:04:40Z
NXE,Unknown,6804428800.0,SKIP_lt2y,,,SKIP,skip,,,,,,,<2y data,v1-2026-06-09,2026-06-09T16:04:40Z
TRNO,Real Estate,6800799744.0,CLEAR,CLEAR,,AGREE,done,0,0,1,0,10.49,,,v1-2026-06-09,2026-06-09T16:04:40Z
INGM,Industrials,6800420352.0,CLEAR,CLEAR,,AGREE,done,0,0,0,0,1.62,,,v1-2026-06-09,2026-06-09T16:04:40Z
BBUC,Industrials,6791542784.0,CLEAR,CLEAR,,AGREE,done,0,0,0,0,2.66,,,v1-2026-06-09,2026-06-09T16:04:40Z
POOL,Consumer Discretionary,6760906240.0,CLEAR,CLEAR,,AGREE,done,0,0,0,0,3.52,,,v1-2026-06-09,2026-06-09T16:04:40Z
THG,Financials,6759097856.0,CLEAR,CLEAR,,AGREE,done,0,0,0,0,3.55,,,v1-2026-06-09,2026-06-09T16:04:40Z
IDCC,Financials,6736248320.0,CLEAR,CLEAR,,AGREE,done,0,0,0,0,5.54,,,v1-2026-06-09,2026-06-09T16:04:40Z
RAL,Health Care,6735017472.0,SKIP_lt2y,,,SKIP,skip,,,,,,,<2y data,v1-2026-06-09,2026-06-09T16:04:40Z
HXL,Materials,6725088256.0,CLEAR,CLEAR,,AGREE,done,0,0,0,0,4.49,,,v1-2026-06-09,2026-06-09T16:04:40Z
KMX,Consumer Discretionary,6686846976.0,CLEAR,CLEAR,,AGREE,done,0,0,0,0,6.44,,,v1-2026-06-09,2026-06-09T16:04:40Z
MRCY,Information Technology,6681015808.0,DISTRESSED-RECOVERABLE,DISTRESSED-RECOVERABLE,,AGREE,done,0,0,0,0,7.73,,,v1-2026-06-09,2026-06-09T16:04:40Z
CHYM,Financials,6660214272.0,SKIP_lt2y,,,SKIP,skip,,,,,,,<2y data,v1-2026-06-09,2026-06-09T16:04:40Z
MTDR,Energy,6652227584.0,CLEAR,CLEAR,,AGREE,done,0,0,0,0,6.47,,,v1-2026-06-09,2026-06-09T16:04:40Z
LNC,Financials,6642746880.0,WATCH,WATCH,,AGREE,done,0,0,0,0,4.11,,,v1-2026-06-09,2026-06-09T16:04:40Z
FLR,Industrials,6642700288.0,WATCH,WATCH,,AGREE,done,0,0,0,0,2.2,,,v1-2026-06-09,2026-06-09T16:04:40Z
AWI,Materials,6621621248.0,CLEAR,CLEAR,,AGREE,done,0,0,0,0,2.97,,,v1-2026-06-09,2026-06-09T16:04:40Z
PRIM,Industrials,6610421248.0,CLEAR,CLEAR,,AGREE,done,0,0,0,0,1.04,,,v1-2026-06-09,2026-06-09T16:04:40Z
NPO,Materials,6594477056.0,CLEAR,CLEAR,,AGREE,done,0,0,0,0,1.46,,,v1-2026-06-09,2026-06-09T16:04:40Z
LAD,Consumer Discretionary,6587232768.0,CLEAR,CLEAR,,AGREE,done,0,0,0,0,8.14,,,v1-2026-06-09,2026-06-09T16:04:40Z
TMHC,Industrials,6586114560.0,CLEAR,CLEAR,,AGREE,done,0,0,0,0,5.13,,,v1-2026-06-09,2026-06-09T16:04:40Z
RIG,Energy,6585223680.0,DISTRESSED-RECOVERABLE,DISTRESSED-RECOVERABLE,,AGREE,done,0,0,0,1,6.35,, | RAISE:Transocean Ltd. Announces Pricing of Upsized Public Offering of Shares,v1-2026-06-09,2026-06-09T16:04:40Z
EXP,Materials,6583289856.0,CLEAR,CLEAR,,AGREE,done,0,0,0,0,5.93,,,v1-2026-06-09,2026-06-09T16:04:40Z
SGHC,Unknown,6574513664.0,CLEAR,CLEAR,,AGREE,done,0,0,0,0,4.16,,,v1-2026-06-09,2026-06-09T16:04:40Z
LNTH,Health Care,6574412288.0,CLEAR,CLEAR,,AGREE,done,0,0,0,0,5.84,,,v1-2026-06-09,2026-06-09T16:04:40Z
KGS,Utilities,6570830336.0,CLEAR,CLEAR,,AGREE,done,0,0,0,0,2.08,,,v1-2026-06-09,2026-06-09T16:04:40Z
TXNM,Utilities,6568261632.0,CLEAR,CLEAR,,AGREE,done,0,0,0,0,4.3,,,v1-2026-06-09,2026-06-09T16:04:40Z
EPRT,Financials,6563103232.0,CLEAR,CLEAR,,AGREE,done,0,0,1,0,10.56,,,v1-2026-06-09,2026-06-09T16:04:40Z
APGE,Health Care,6552844288.0,SKIP_lt2y,,,SKIP,skip,,,,,,,<2y data,v1-2026-06-09,2026-06-09T16:04:40Z
KRMN,Industrials,6552099840.0,SKIP_lt2y,,,SKIP,skip,,,,,,,<2y data,v1-2026-06-09,2026-06-09T16:04:40Z
BYD,Consumer Discretionary,6531391488.0,CLEAR,CLEAR,,AGREE,done,0,0,0,0,3.45,,,v1-2026-06-09,2026-06-09T16:04:40Z
SNDR,Industrials,6516375040.0,CLEAR,CLEAR,,AGREE,done,0,0,0,0,4.85,,,v1-2026-06-09,2026-06-09T16:04:40Z
GTES,Industrials,6510018048.0,CLEAR,CLEAR,,AGREE,done,0,0,0,0,4.56,,,v1-2026-06-09,2026-06-09T16:04:40Z
VFC,Consumer Discretionary,6499459072.0,CLEAR,CLEAR,,AGREE,done,0,0,0,0,5.1,,,v1-2026-06-09,2026-06-09T16:04:40Z
FSS,Consumer Discretionary,6496130048.0,CLEAR,CLEAR,,AGREE,done,0,0,0,0,8.95,,,v1-2026-06-09,2026-06-09T16:04:40Z
STWD,Financials,6484942848.0,CLEAR,CLEAR,,AGREE,done,0,0,0,0,4.76,,,v1-2026-06-09,2026-06-09T16:04:40Z
SEI,Industrials,6481522688.0,CLEAR,CLEAR,,AGREE,done,0,0,0,0,5.28,,,v1-2026-06-09,2026-06-09T16:04:40Z
ESTC,Information Technology,6472593408.0,CLEAR,CLEAR,,AGREE,done,0,0,0,0,3.2,,,v1-2026-06-09,2026-06-09T16:04:40Z
FSV,Unknown,6469160448.0,CLEAR,CLEAR,,AGREE,done,0,0,0,0,2.2,,,v1-2026-06-09,2026-06-09T16:04:40Z
DSGX,Information Technology,6466229248.0,CLEAR,CLEAR,,AGREE,done,0,0,0,0,4.04,,,v1-2026-06-09,2026-06-09T16:04:40Z
CPB,Consumer Staples,6463816192.0,CLEAR,CLEAR,,AGREE,done,0,0,0,0,7.8,,,v1-2026-06-09,2026-06-09T16:04:40Z
JBTM,Industrials,6456408576.0,DISTRESSED-RECOVERABLE,DISTRESSED-RECOVERABLE,,AGREE,done,0,0,0,0,3.1,,,v1-2026-06-09,2026-06-09T16:04:40Z
MSM,Industrials,6449421312.0,CLEAR,CLEAR,,AGREE,done,0,0,0,0,3.7,,,v1-2026-06-09,2026-06-09T16:04:40Z
LKQ,Industrials,6425824768.0,CLEAR,CLEAR,,AGREE,done,0,0,0,0,3.96,,,v1-2026-06-09,2026-06-09T16:04:40Z
SWX,Utilities,6421098496.0,CLEAR,CLEAR,,AGREE,done,0,0,0,0,3.0,,,v1-2026-06-09,2026-06-09T16:04:40Z
DBX,Information Technology,6420433920.0,CLEAR,CLEAR,,AGREE,done,0,0,0,0,5.81,,,v1-2026-06-09,2026-06-09T16:04:40Z
PAYC,Information Technology,6416820736.0,CLEAR,CLEAR,,AGREE,done,0,0,0,0,3.42,,,v1-2026-06-09,2026-06-09T16:04:40Z
PJT,Financials,6414278144.0,CLEAR,CLEAR,,AGREE,done,0,0,0,0,5.19,,,v1-2026-06-09,2026-06-09T16:04:40Z
SYRE,Health Care,6395858432.0,SKIP_lt2y,,,SKIP,skip,,,,,,,<2y data,v1-2026-06-09,2026-06-09T16:04:40Z
OMF,Financials,6395793408.0,CLEAR,CLEAR,,AGREE,done,0,0,0,0,3.27,,,v1-2026-06-09,2026-06-09T16:04:40Z
URBN,Consumer Discretionary,6394108416.0,CLEAR,CLEAR,,AGREE,done,0,0,0,0,5.99,,,v1-2026-06-09,2026-06-09T16:04:40Z
IMVT,Health Care,6387160576.0,SKIP_lt2y,,,SKIP,skip,,,,,,,<2y data,v1-2026-06-09,2026-06-09T16:04:40Z
NSA,Financials,6386808832.0,CLEAR,CLEAR,,AGREE,done,0,0,0,0,3.81,,,v1-2026-06-09,2026-06-09T16:04:40Z
DOX,Information Technology,6379394560.0,CLEAR,CLEAR,,AGREE,done,0,0,0,0,5.41,,,v1-2026-06-09,2026-06-09T16:04:40Z
OR,Unknown,6350484992.0,CLEAR,CLEAR,,AGREE,done,0,0,0,0,2.66,,,v1-2026-06-09,2026-06-09T16:04:40Z
ETSY,Industrials,6344762368.0,CLEAR,CLEAR,,AGREE,done,0,0,0,0,5.09,,,v1-2026-06-09,2026-06-09T16:04:40Z
RYN,Financials,6341959168.0,CLEAR,CLEAR,,AGREE,done,0,0,0,0,4.16,,,v1-2026-06-09,2026-06-09T16:04:40Z
BZ,Information Technology,6322262016.0,CLEAR,CLEAR,,AGREE,done,0,0,0,0,5.18,,,v1-2026-06-09,2026-06-09T16:04:40Z
INGR,Consumer Staples,6304645120.0,CLEAR,CLEAR,,AGREE,done,0,0,0,0,3.0,,,v1-2026-06-09,2026-06-09T16:04:40Z
FIGR,Financials,6299163136.0,SKIP_lt2y,,,SKIP,skip,,,,,,,<2y data,v1-2026-06-09,2026-06-09T16:04:40Z
FNB,Financials,6297001984.0,CLEAR,CLEAR,,AGREE,done,0,0,0,0,5.18,,,v1-2026-06-09,2026-06-09T16:04:40Z
PSN,Information Technology,6281778688.0,CLEAR,CLEAR,,AGREE,done,0,0,0,0,3.65,,,v1-2026-06-09,2026-06-09T16:04:40Z
AN,Consumer Discretionary,6281392128.0,DISTRESSED-RECOVERABLE,DISTRESSED-RECOVERABLE,,AGREE,done,0,0,0,0,5.32,,,v1-2026-06-09,2026-06-09T16:04:40Z
MHK,Consumer Discretionary,6269640192.0,CLEAR,CLEAR,,AGREE,done,0,0,0,0,4.25,,,v1-2026-06-09,2026-06-09T16:04:40Z
PTGX,Health Care,6262641152.0,CLEAR,CLEAR,,AGREE,done,0,0,1,0,12.76,,,v1-2026-06-09,2026-06-09T16:04:40Z
AVTR,Health Care,6254039040.0,DISTRESSED-RECOVERABLE,DISTRESSED-RECOVERABLE,,AGREE,done,0,0,0,0,4.21,,,v1-2026-06-09,2026-06-09T16:04:40Z
ROAD,Industrials,6251046400.0,CLEAR,CLEAR,,AGREE,done,0,0,0,0,3.68,,,v1-2026-06-09,2026-06-09T16:04:40Z
CAR,Consumer Discretionary,6245103616.0,DISTRESSED-RECOVERABLE,DISTRESSED-RECOVERABLE,,AGREE,done,0,0,0,0,5.23,,,v1-2026-06-09,2026-06-09T16:04:40Z
MSA,Health Care,6226839552.0,CLEAR,CLEAR,,AGREE,done,0,0,0,0,4.44,,,v1-2026-06-09,2026-06-09T16:04:40Z
CAG,Consumer Staples,6224467456.0,CLEAR,CLEAR,,AGREE,done,0,0,0,0,3.37,,,v1-2026-06-09,2026-06-09T16:04:40Z
UEC,Materials,6201292288.0,WATCH,WATCH,,AGREE,done,0,0,0,1,6.84,," | RAISE:Anfield Energy Amends Previously Announced Private Placement: US$6,000,000 Non-Brokered LIFE Offering of Common Shares and Concurr",v1-2026-06-09,2026-06-09T16:04:40Z
KLAR,Unknown,6185936384.0,SKIP_lt2y,,,SKIP,skip,,,,,,,<2y data,v1-2026-06-09,2026-06-09T16:04:40Z
GVA,Industrials,6183596544.0,CLEAR,CLEAR,,AGREE,done,0,0,0,0,5.92,,,v1-2026-06-09,2026-06-09T16:04:40Z
TGTX,Health Care,6147836928.0,AVOID,AVOID,,CORROBORATED,done,0,0,1,0,10.18,API event/short-interest confirms the fundamentals AVOID,API fraud/short-interest confirms,v1-2026-06-09,2026-06-09T16:04:40Z
GBCI,Financials,6136226304.0,CLEAR,CLEAR,,AGREE,done,0,0,0,0,6.79,,,v1-2026-06-09,2026-06-09T16:04:40Z
WH,Consumer Discretionary,6135564800.0,CLEAR,CLEAR,,AGREE,done,0,0,0,0,6.26,,,v1-2026-06-09,2026-06-09T16:04:40Z
VAL,Energy,6131552256.0,CLEAR,CLEAR,,AGREE,done,0,0,0,0,8.46,,,v1-2026-06-09,2026-06-09T16:04:40Z
CNTA,Health Care,6130361344.0,AVOID,WATCH,cash_burn,OVERFLAG_recent_raise,done,0,0,0,1,2.25,downgraded from AVOID — recent capital raise extends runway / no event found,"recent capital raise extends runway | RAISE:Centessa Pharmaceuticals Announces Pricing of $250,000,000 Public Offering of American Depositary Shares",v1-2026-06-09,2026-06-09T16:04:40Z
KYMR,Health Care,6097754624.0,WATCH,WATCH,,AGREE,done,0,0,1,1,21.29,, | RAISE:Kymera Therapeutics Announces Closing of Upsized $602 Million Public Offering and Full Exercise of Underwriters' Option to Purchas,v1-2026-06-09,2026-06-09T16:04:40Z
PCTY,Information Technology,6075108352.0,CLEAR,CLEAR,,AGREE,done,0,0,0,0,3.07,,,v1-2026-06-09,2026-06-09T16:04:40Z
GATX,Industrials,6073101824.0,CLEAR,CLEAR,,AGREE,done,0,0,0,0,3.53,,,v1-2026-06-09,2026-06-09T16:04:40Z
HIMS,Health Care,6061877248.0,CLEAR,CLEAR,,AGREE,done,0,0,0,0,2.45,,,v1-2026-06-09,2026-06-09T16:04:40Z
LEGN,Unknown,6058831872.0,WATCH,WATCH,,AGREE,done,0,0,0,0,4.74,,,v1-2026-06-09,2026-06-09T16:04:40Z
CHDN,Communication Services,6058055680.0,CLEAR,CLEAR,,AGREE,done,0,0,0,0,4.14,,,v1-2026-06-09,2026-06-09T16:04:40Z
RSI,Communication Services,6053350912.0,CLEAR,CLEAR,,AGREE,done,0,0,0,1,3.34,, | RAISE:Rush Street Interactive Announces Pricing of Secondary Offering of Class A Common Stock by Selling Stockholders and Concurrent Rep,v1-2026-06-09,2026-06-09T16:04:40Z
UBSI,Financials,6049358336.0,CLEAR,CLEAR,,AGREE,done,0,0,0,0,7.26,,,v1-2026-06-09,2026-06-09T16:04:40Z
HPP,Real Estate,6035502592.0,DISTRESSED-RECOVERABLE,DISTRESSED-RECOVERABLE,,AGREE,done,0,0,0,0,3.46,,,v1-2026-06-09,2026-06-09T16:04:40Z
NVTS,Information Technology,6026083328.0,WATCH,WATCH,,AGREE,done,0,0,0,0,1.0,,,v1-2026-06-09,2026-06-09T16:04:40Z
EAT,Consumer Discretionary,6024019456.0,CLEAR,CLEAR,,AGREE,done,0,0,0,0,4.72,,,v1-2026-06-09,2026-06-09T16:04:40Z
ACA,Materials,6013813760.0,CLEAR,CLEAR,,AGREE,done,0,0,0,0,4.24,,,v1-2026-06-09,2026-06-09T16:04:40Z
AROC,Utilities,5993946624.0,CLEAR,CLEAR,,AGREE,done,0,0,0,1,3.42,, | RAISE:Archrock Announces Upsizing and Pricing of $700 Million of Senior Notes,v1-2026-06-09,2026-06-09T16:04:40Z
GTX,Industrials,5982544384.0,CLEAR,CLEAR,,AGREE,done,0,0,0,1,1.96,, | RAISE:Garrett Motion Announces Successful Repricing of Term Loan,v1-2026-06-09,2026-06-09T16:04:40Z
CENX,Materials,5950319616.0,CLEAR,CLEAR,,AGREE,done,0,0,0,1,4.85,, | RAISE:Century Aluminum Company Announces Pricing of Private Offering of $400 million of Senior Secured Notes,v1-2026-06-09,2026-06-09T16:04:40Z
CZR,Consumer Discretionary,5947852288.0,DISTRESSED-RECOVERABLE,DISTRESSED-RECOVERABLE,,AGREE,done,0,0,0,0,5.55,,,v1-2026-06-09,2026-06-09T16:04:40Z
CROX,Materials,5930459648.0,DISTRESSED-RECOVERABLE,DISTRESSED-RECOVERABLE,,AGREE,done,0,0,0,0,4.77,,,v1-2026-06-09,2026-06-09T16:04:40Z
FLY,Industrials,5928890880.0,SKIP_lt2y,,,SKIP,skip,,,,,,,<2y data,v1-2026-06-09,2026-06-09T16:04:40Z
RYTM,Health Care,5926484992.0,WATCH,WATCH,,AGREE,done,0,0,0,0,8.28,,,v1-2026-06-09,2026-06-09T16:04:40Z
LOAR,Industrials,5925492736.0,CLEAR,CLEAR,,AGREE,done,0,0,0,0,6.83,,,v1-2026-06-09,2026-06-09T16:04:40Z
VSXY,Consumer Discretionary,5925154304.0,CLEAR,CLEAR,,AGREE,done,0,0,0,0,,,,v1-2026-06-09,2026-06-09T16:04:40Z
APPF,Information Technology,5902753280.0,CLEAR,CLEAR,,AGREE,done,0,0,0,0,8.95,,,v1-2026-06-09,2026-06-09T16:04:40Z
PTCT,Health Care,5886914560.0,CLEAR,CLEAR,,AGREE,done,0,0,0,0,5.99,,,v1-2026-06-09,2026-06-09T16:04:40Z
CHE,Health Care,5861711360.0,CLEAR,CLEAR,,AGREE,done,0,0,0,0,2.74,,,v1-2026-06-09,2026-06-09T16:04:40Z
PACS,Health Care,5857660416.0,CLEAR,CLEAR,,AGREE,done,0,0,0,0,4.18,,,v1-2026-06-09,2026-06-09T16:04:40Z
POR,Utilities,5847837184.0,CLEAR,CLEAR,,AGREE,done,0,0,0,0,4.31,,,v1-2026-06-09,2026-06-09T16:04:40Z
FLG,Financials,5843748352.0,WATCH,WATCH,,AGREE,done,0,0,1,0,15.01,,,v1-2026-06-09,2026-06-09T16:04:40Z
TFPM,Unknown,5840692224.0,CLEAR,CLEAR,,AGREE,done,0,0,0,0,2.06,,,v1-2026-06-09,2026-06-09T16:04:40Z
ACT,Financials,5833915392.0,CLEAR,CLEAR,,AGREE,done,0,0,1,0,10.8,,,v1-2026-06-09,2026-06-09T16:04:40Z
M,Consumer Discretionary,5828920832.0,CLEAR,CLEAR,,AGREE,done,0,0,0,0,6.6,,,v1-2026-06-09,2026-06-09T16:04:40Z
AXTI,Information Technology,5825280512.0,WATCH,WATCH,,AGREE,done,0,0,0,0,1.0,,,v1-2026-06-09,2026-06-09T16:04:40Z
PATH,Information Technology,5823671808.0,CLEAR,CLEAR,,AGREE,done,0,0,0,0,3.76,,,v1-2026-06-09,2026-06-09T16:04:40Z
TAL,Unknown,5817467904.0,CLEAR,CLEAR,,AGREE,done,0,0,0,0,6.38,,,v1-2026-06-09,2026-06-09T16:04:40Z
LW,Consumer Staples,5815626240.0,CLEAR,CLEAR,,AGREE,done,0,0,0,0,4.27,,,v1-2026-06-09,2026-06-09T16:04:40Z
RRR,Consumer Discretionary,5814925312.0,CLEAR,CLEAR,,AGREE,done,0,0,0,0,4.03,,,v1-2026-06-09,2026-06-09T16:04:40Z
PEGA,Information Technology,5800598016.0,CLEAR,CLEAR,,AGREE,done,0,0,0,0,6.48,,,v1-2026-06-09,2026-06-09T16:04:40Z
COMP,Real Estate,5760549888.0,CLEAR,CLEAR,,AGREE,done,0,0,0,1,2.51,," | RAISE:Stock Market Today, Jan. 7: Compass Surges After Announcing $750 Million Convertible Notes Offering",v1-2026-06-09,2026-06-09T16:04:40Z
KRG,Financials,5757198336.0,CLEAR,CLEAR,,AGREE,done,0,0,0,1,5.92,, | RAISE:Kite Realty Group Announces Pricing of $300 Million Senior Notes Offering,v1-2026-06-09,2026-06-09T16:04:40Z
ABCB,Financials,5751490560.0,CLEAR,CLEAR,,AGREE,done,0,0,0,0,6.54,,,v1-2026-06-09,2026-06-09T16:04:40Z
TFX,Health Care,5748044288.0,DISTRESSED-RECOVERABLE,DISTRESSED-RECOVERABLE,,AGREE,done,0,0,0,0,2.95,,,v1-2026-06-09,2026-06-09T16:04:40Z
BLTE,Health Care,5746198016.0,SKIP_lt2y,,,SKIP,skip,,,,,,,<2y data,v1-2026-06-09,2026-06-09T16:04:40Z
MIRM,Health Care,5700525568.0,CLEAR,CLEAR,,AGREE,done,0,0,0,0,4.83,,,v1-2026-06-09,2026-06-09T16:04:40Z
PAGP,Energy,5699190272.0,CLEAR,CLEAR,,AGREE,done,0,0,0,0,8.57,,,v1-2026-06-09,2026-06-09T16:04:40Z
AVAL,Unknown,5698434048.0,SKIP_no_data,,,SKIP,skip,,,,,,,no cached fundamentals/context,v1-2026-06-09,2026-06-09T16:04:40Z
CACC,Financials,5697705472.0,CLEAR,CLEAR,,AGREE,done,0,0,0,1,5.99,, | RAISE:Credit Acceptance Announces Pricing of $600.0 Million Senior Notes Offering,v1-2026-06-09,2026-06-09T16:04:40Z
VSNT,Communication Services,5686804992.0,SKIP_lt2y,,,SKIP,skip,,,,,,,<2y data,v1-2026-06-09,2026-06-09T16:04:40Z
MATX,Industrials,5668917760.0,CLEAR,CLEAR,,AGREE,done,0,0,0,0,3.72,,,v1-2026-06-09,2026-06-09T16:04:40Z
STEP,Financials,5660281344.0,DISTRESSED-RECOVERABLE,DISTRESSED-RECOVERABLE,,AGREE,done,0,0,0,1,6.96,, | RAISE:StepStone Announces Pricing of Secondary Offering,v1-2026-06-09,2026-06-09T16:04:40Z
HWC,Financials,5630739456.0,CLEAR,CLEAR,,AGREE,done,0,0,0,0,6.73,,,v1-2026-06-09,2026-06-09T16:04:40Z
MCY,Financials,5620283904.0,CLEAR,CLEAR,,AGREE,done,0,0,0,0,5.19,,,v1-2026-06-09,2026-06-09T16:04:40Z
OTEX,Information Technology,5610354176.0,CLEAR,CLEAR,,AGREE,done,0,0,0,0,4.18,,,v1-2026-06-09,2026-06-09T16:04:40Z
GXO,Industrials,5600565248.0,CLEAR,CLEAR,,AGREE,done,0,0,0,0,2.68,,,v1-2026-06-09,2026-06-09T16:04:40Z
CE,Materials,5596079104.0,DISTRESSED-RECOVERABLE,DISTRESSED-RECOVERABLE,,AGREE,done,0,0,0,0,2.55,,,v1-2026-06-09,2026-06-09T16:04:40Z
NJR,Utilities,5592064512.0,CLEAR,CLEAR,,AGREE,done,0,0,0,0,3.53,,,v1-2026-06-09,2026-06-09T16:04:40Z
PECO,Financials,5591519744.0,CLEAR,CLEAR,,AGREE,done,0,0,0,1,3.99,, | RAISE:Phillips Edison & Company Announces Pricing of Offering of $350 Million Aggregate Principal Amount of 5.250% Senior Unsecured Note,v1-2026-06-09,2026-06-09T16:04:40Z
AMTM,Industrials,5570412032.0,CLEAR,CLEAR,,AGREE,done,0,0,0,0,5.32,,,v1-2026-06-09,2026-06-09T16:04:40Z
BTG,Materials,5569505792.0,CLEAR,CLEAR,,AGREE,done,0,0,0,1,1.78,, | RAISE:B2Gold Completes Upsized Offering of Convertible Senior Notes,v1-2026-06-09,2026-06-09T16:04:40Z
NOVT,Information Technology,5565776896.0,CLEAR,CLEAR,,AGREE,done,0,0,0,0,7.07,,,v1-2026-06-09,2026-06-09T16:04:40Z
NXST,Communication Services,5558702592.0,CLEAR,CLEAR,,AGREE,done,0,0,0,0,4.51,,,v1-2026-06-09,2026-06-09T16:04:40Z
SSRM,Financials,5546236416.0,CLEAR,CLEAR,,AGREE,done,0,0,0,1,1.86,, | RAISE:WESCAN GOLDFIELDS INC. ANNOUNCES CLOSING OF FIRST TRANCHE OF PRIVATE PLACEMENT,v1-2026-06-09,2026-06-09T16:04:40Z
MUR,Energy,5543327744.0,CLEAR,CLEAR,,AGREE,done,0,0,0,0,4.94,,,v1-2026-06-09,2026-06-09T16:04:40Z
BKH,Utilities,5540604416.0,CLEAR,CLEAR,,AGREE,done,0,0,0,0,9.54,,,v1-2026-06-09,2026-06-09T16:04:40Z
G,Industrials,5529302016.0,CLEAR,CLEAR,,AGREE,done,0,0,0,0,4.81,,,v1-2026-06-09,2026-06-09T16:04:40Z
BB,Information Technology,5514837504.0,CLEAR,CLEAR,,AGREE,done,0,0,0,0,1.19,,,v1-2026-06-09,2026-06-09T16:04:40Z
BLCO,Health Care,5512052224.0,DISTRESSED-RECOVERABLE,DISTRESSED-RECOVERABLE,,AGREE,done,0,0,0,0,4.69,,,v1-2026-06-09,2026-06-09T16:04:40Z
LQDA,Health Care,5500202496.0,WATCH,WATCH,,AGREE,done,0,0,0,0,4.94,,,v1-2026-06-09,2026-06-09T16:04:40Z
USAR,Materials,5497492992.0,WATCH,WATCH,,AGREE,done,0,0,0,0,1.32,,,v1-2026-06-09,2026-06-09T16:04:40Z
OUT,Financials,5493181440.0,CLEAR,CLEAR,,AGREE,done,0,0,0,0,2.45,,,v1-2026-06-09,2026-06-09T16:04:40Z
ZETA,Information Technology,5488652800.0,CLEAR,CLEAR,,AGREE,done,0,0,0,0,3.29,,,v1-2026-06-09,2026-06-09T16:04:40Z
BXSL,Unknown,5483607552.0,SKIP_no_data,,,SKIP,skip,,,,,,,no cached fundamentals/context,v1-2026-06-09,2026-06-09T16:04:40Z
VCTR,Financials,5471471616.0,CLEAR,CLEAR,,AGREE,done,0,0,0,0,6.04,,,v1-2026-06-09,2026-06-09T16:04:40Z
OBDC,Unknown,5469285888.0,SKIP_lt2y,,,SKIP,skip,,,,,,,<2y data,v1-2026-06-09,2026-06-09T16:04:40Z
S,Information Technology,5467719168.0,CLEAR,CLEAR,,AGREE,done,0,0,0,0,3.11,,,v1-2026-06-09,2026-06-09T16:04:40Z
CWST,Utilities,5464093696.0,CLEAR,CLEAR,,NEWS_NOTE,done,0,1,0,1,5.07,single news mention (kept screen bucket; investigate),"single news mention of distress/fraud (investigate; not a screen error) | FR:Casella Waste Systems, Inc. Announces Closing of $1.5 Billon Amended and Restated Credit Facility",v1-2026-06-09,2026-06-09T16:04:40Z
HOMB,Financials,5462332416.0,CLEAR,CLEAR,,AGREE,done,0,0,0,0,6.91,,,v1-2026-06-09,2026-06-09T16:04:40Z
NICE,Unknown,5457741824.0,CLEAR,CLEAR,,AGREE,done,0,0,0,0,3.79,,,v1-2026-06-09,2026-06-09T16:04:40Z
CPA,Industrials,5450399744.0,CLEAR,CLEAR,,AGREE,done,0,0,0,0,3.52,,,v1-2026-06-09,2026-06-09T16:04:40Z
AUB,Financials,5432671232.0,CLEAR,CLEAR,,AGREE,done,0,0,0,0,9.96,,,v1-2026-06-09,2026-06-09T16:04:40Z
BMA,Unknown,5430981632.0,SKIP_no_data,,,SKIP,skip,,,,,,,no cached fundamentals/context,v1-2026-06-09,2026-06-09T16:04:40Z
LB,Financials,5412755456.0,CLEAR,CLEAR,,AGREE,done,0,0,0,0,9.14,,,v1-2026-06-09,2026-06-09T16:04:40Z
GLBE,Unknown,5396792320.0,CLEAR,CLEAR,,AGREE,done,0,0,0,0,1.65,,,v1-2026-06-09,2026-06-09T16:04:40Z
MTG,Financials,5395117056.0,CLEAR,CLEAR,,AGREE,done,0,0,0,0,3.45,,,v1-2026-06-09,2026-06-09T16:04:40Z
PSMT,Consumer Discretionary,5374956032.0,CLEAR,CLEAR,,AGREE,done,0,0,0,0,6.47,,,v1-2026-06-09,2026-06-09T16:04:40Z
ESAB,Industrials,5354546176.0,CLEAR,CLEAR,,AGREE,done,0,0,0,0,4.59,,,v1-2026-06-09,2026-06-09T16:04:40Z
NAVN,Information Technology,5354114560.0,SKIP_lt2y,,,SKIP,skip,,,,,,,<2y data,v1-2026-06-09,2026-06-09T16:04:40Z
JAN,Financials,5331041792.0,SKIP_no_data,,,SKIP,skip,,,,,,,no cached fundamentals/context,v1-2026-06-09,2026-06-09T16:04:40Z
IBP,Industrials,5323753472.0,CLEAR,CLEAR,,AGREE,done,0,0,0,0,1.6,,,v1-2026-06-09,2026-06-09T16:04:40Z
ONDS,Information Technology,5316354560.0,WATCH,WATCH,,AGREE,done,0,0,0,0,2.13,,,v1-2026-06-09,2026-06-09T16:04:40Z
SRRK,Health Care,5308395008.0,SKIP_lt2y,,,SKIP,skip,,,,,,,<2y data,v1-2026-06-09,2026-06-09T16:04:40Z
SIGI,Financials,5303840768.0,CLEAR,CLEAR,,AGREE,done,0,0,0,0,3.67,,,v1-2026-06-09,2026-06-09T16:04:40Z
COGT,Health Care,5300325376.0,SKIP_lt2y,,,SKIP,skip,,,,,,,<2y data,v1-2026-06-09,2026-06-09T16:04:40Z
ESNT,Financials,5293260288.0,CLEAR,CLEAR,,AGREE,done,0,0,0,0,2.9,,,v1-2026-06-09,2026-06-09T16:04:40Z
HCC,Materials,5275972096.0,CLEAR,CLEAR,,AGREE,done,0,0,0,1,4.32,, | RAISE:Hanna Announces Private Placement,v1-2026-06-09,2026-06-09T16:04:40Z
ACMR,Industrials,5272363008.0,WATCH,WATCH,,AGREE,done,0,0,0,0,1.5,,,v1-2026-06-09,2026-06-09T16:04:40Z
GOLF,Consumer Discretionary,5269864448.0,CLEAR,CLEAR,,AGREE,done,0,0,0,0,6.24,,,v1-2026-06-09,2026-06-09T16:04:40Z
GTLB,Information Technology,5256167936.0,CLEAR,CLEAR,,AGREE,done,0,0,0,0,3.33,,,v1-2026-06-09,2026-06-09T16:04:40Z
GNTX,Industrials,5245003776.0,CLEAR,CLEAR,,AGREE,done,0,0,0,0,6.4,,,v1-2026-06-09,2026-06-09T16:04:40Z
ASB,Financials,5244336128.0,CLEAR,CLEAR,,AGREE,done,0,0,0,0,4.32,,,v1-2026-06-09,2026-06-09T16:04:40Z
MGY,Energy,5239867904.0,CLEAR,CLEAR,,AGREE,done,0,0,0,0,7.27,,,v1-2026-06-09,2026-06-09T16:04:40Z
IFS,Unknown,5233742848.0,CLEAR,CLEAR,,AGREE,done,0,0,0,0,1.95,,,v1-2026-06-09,2026-06-09T16:04:40Z
BC,Industrials,5223945216.0,DISTRESSED-RECOVERABLE,DISTRESSED-RECOVERABLE,,AGREE,done,0,0,0,0,8.98,,,v1-2026-06-09,2026-06-09T16:04:40Z
RUSHA,Consumer Discretionary,5208277504.0,CLEAR,CLEAR,,AGREE,done,0,0,0,0,7.83,,,v1-2026-06-09,2026-06-09T16:04:40Z
RUSHB,Consumer Discretionary,5206334976.0,CLEAR,CLEAR,,AGREE,done,0,0,0,0,1.54,,,v1-2026-06-09,2026-06-09T16:04:40Z
SEB,Industrials,5203795968.0,CLEAR,CLEAR,,AGREE,done,0,0,0,1,3.85,, | RAISE:SEB Announces Closing of $5 Million Private Placement Financing,v1-2026-06-09,2026-06-09T16:04:40Z
BGC,Financials,5202554880.0,DISTRESSED-RECOVERABLE,DISTRESSED-RECOVERABLE,,AGREE,done,0,0,0,0,2.32,,,v1-2026-06-09,2026-06-09T16:04:40Z
LYFT,Industrials,5182666240.0,CLEAR,CLEAR,,AGREE,done,0,0,0,0,5.13,,,v1-2026-06-09,2026-06-09T16:04:40Z
PIPR,Financials,5181161472.0,CLEAR,CLEAR,,AGREE,done,0,0,0,1,3.76,, | RAISE:LB Pharmaceuticals Announces Pricing of its Upsized Initial Public Offering,v1-2026-06-09,2026-06-09T16:04:40Z
CRC,Energy,5180294656.0,CLEAR,CLEAR,,AGREE,done,0,0,0,1,2.65,, | RAISE:California Resources Corporation Announces Pricing of Upsized Private Offering of $350 Million of Additional 7.000% Senior Unsecur,v1-2026-06-09,2026-06-09T16:04:40Z
WFG,Unknown,5168052224.0,WATCH,WATCH,,AGREE,done,0,0,1,0,11.42,,,v1-2026-06-09,2026-06-09T16:04:40Z
ADT,Industrials,5164143616.0,CLEAR,CLEAR,,AGREE,done,0,0,0,1,1.73,, | RAISE:ADT Announces Pricing of Secondary Public Offering of Common Stock and Concurrent Share Repurchase,v1-2026-06-09,2026-06-09T16:04:40Z
GLNG,Unknown,5157180416.0,DISTRESSED-RECOVERABLE,DISTRESSED-RECOVERABLE,,AGREE,done,0,0,0,1,4.15,, | RAISE:Golar LNG Limited Announces Pricing of $500 Million of 2.75% Convertible Senior Notes Due 2030 and repurchase of 2.5 million commo,v1-2026-06-09,2026-06-09T16:04:40Z
WEX,Industrials,5138165760.0,CLEAR,CLEAR,,AGREE,done,0,0,0,0,3.34,,,v1-2026-06-09,2026-06-09T16:04:40Z
BCPC,Materials,5137882112.0,CLEAR,CLEAR,,AGREE,done,0,0,0,0,2.13,,,v1-2026-06-09,2026-06-09T16:04:40Z
KLIC,Information Technology,5136995328.0,CLEAR,CLEAR,,AGREE,done,0,0,0,0,1.43,,,v1-2026-06-09,2026-06-09T16:04:40Z
FND,Consumer Discretionary,5124743680.0,CLEAR,CLEAR,,AGREE,done,0,0,0,0,3.14,,,v1-2026-06-09,2026-06-09T16:04:40Z
EPAM,Information Technology,5122045952.0,CLEAR,CLEAR,,AGREE,done,0,0,0,0,4.64,,,v1-2026-06-09,2026-06-09T16:04:40Z
WTM,Financials,5114670080.0,CLEAR,CLEAR,,AGREE,done,0,0,0,1,3.69,, | RAISE:Bishop Street Underwriters Announces Strategic Investment by White Mountains,v1-2026-06-09,2026-06-09T16:04:40Z
CRSP,Health Care,5105417216.0,WATCH,WATCH,,AGREE,done,0,0,1,0,16.54,,,v1-2026-06-09,2026-06-09T16:04:40Z
RITM,Financials,5097339392.0,WATCH,WATCH,,AGREE,done,0,0,0,0,5.71,,,v1-2026-06-09,2026-06-09T16:04:40Z
DLB,Financials,5087486464.0,CLEAR,CLEAR,,AGREE,done,0,0,0,0,4.3,,,v1-2026-06-09,2026-06-09T16:04:40Z
BOOT,Consumer Discretionary,5086236672.0,CLEAR,CLEAR,,AGREE,done,0,0,0,0,2.88,,,v1-2026-06-09,2026-06-09T16:04:40Z
BIPC,Utilities,5080744960.0,CLEAR,CLEAR,,AGREE,done,0,0,0,0,6.09,,,v1-2026-06-09,2026-06-09T16:04:40Z
DUOL,Information Technology,5080047616.0,CLEAR,CLEAR,,AGREE,done,0,0,0,0,3.17,,,v1-2026-06-09,2026-06-09T16:04:40Z
VSEC,Industrials,5065999360.0,CLEAR,CLEAR,,AGREE,done,0,0,0,0,5.2,,,v1-2026-06-09,2026-06-09T16:04:40Z
MC,Financials,5047177216.0,CLEAR,CLEAR,,AGREE,done,0,0,0,0,5.04,,,v1-2026-06-09,2026-06-09T16:04:40Z
AUGO,Materials,5043400192.0,SKIP_lt2y,,,SKIP,skip,,,,,,,<2y data,v1-2026-06-09,2026-06-09T16:04:40Z
STVN,Unknown,5039647744.0,CLEAR,CLEAR,,AGREE,done,0,0,0,0,1.84,,,v1-2026-06-09,2026-06-09T16:04:40Z
PBF,Energy,5028109312.0,WATCH,WATCH,,AGREE,done,0,0,0,0,4.07,,,v1-2026-06-09,2026-06-09T16:04:40Z
IRDM,Communication Services,5007265792.0,CLEAR,CLEAR,,AGREE,done,0,0,0,0,2.94,,,v1-2026-06-09,2026-06-09T16:04:40Z
XENE,Health Care,5000508928.0,AVOID,WATCH,cash_burn,OVERFLAG_recent_raise,done,0,0,0,1,4.04,downgraded from AVOID — recent capital raise extends runway / no event found,recent capital raise extends runway | RAISE:Xenon Pharmaceuticals Announces Pricing of Upsized $650.0 Million Public Offering,v1-2026-06-09,2026-06-09T16:04:40Z
CHH,Consumer Discretionary,4995859968.0,CLEAR,CLEAR,,AGREE,done,0,0,1,0,11.65,,,v1-2026-06-09,2026-06-09T16:04:40Z
AX,Financials,4995039744.0,CLEAR,CLEAR,,NEWS_NOTE,done,0,1,0,0,5.71,single news mention (kept screen bucket; investigate),single news mention of distress/fraud (investigate; not a screen error) | FR:Hindenburg Targets Real Estate Lender,v1-2026-06-09,2026-06-09T16:04:40Z
SPHR,Communication Services,4993012224.0,CLEAR,CLEAR,,AGREE,done,0,0,0,0,8.45,,,v1-2026-06-09,2026-06-09T16:04:40Z
IEP,Energy,4979894784.0,WATCH,WATCH,,AGREE,done,0,0,1,0,11.1,,,v1-2026-06-09,2026-06-09T16:04:40Z
ALH,Industrials,4975146496.0,SKIP_lt2y,,,SKIP,skip,,,,,,,<2y data,v1-2026-06-09,2026-06-09T16:04:40Z
CIGI,Real Estate,4965247488.0,CLEAR,CLEAR,,AGREE,done,0,0,0,1,1.45,, | RAISE:Colliers International Group Inc. Completes US$300 Million Bought Deal Public Offering of Equity,v1-2026-06-09,2026-06-09T16:04:40Z
HASI,Financials,4942066688.0,DISTRESSED-RECOVERABLE,DISTRESSED-RECOVERABLE,,AGREE,done,0,0,1,0,10.75,,,v1-2026-06-09,2026-06-09T16:04:40Z
EQPT,Information Technology,4933933056.0,SKIP_no_data,,,SKIP,skip,,,,,,,no cached fundamentals/context,v1-2026-06-09,2026-06-09T16:04:40Z
LPX,Materials,4932460544.0,CLEAR,CLEAR,,AGREE,done,0,0,0,0,4.26,,,v1-2026-06-09,2026-06-09T16:04:40Z
HNGE,Information Technology,4922923520.0,SKIP_lt2y,,,SKIP,skip,,,,,,,<2y data,v1-2026-06-09,2026-06-09T16:04:40Z
OGS,Utilities,4920582656.0,CLEAR,CLEAR,,AGREE,done,0,0,0,0,4.9,,,v1-2026-06-09,2026-06-09T16:04:40Z
PRM,Materials,4919911936.0,DISTRESSED-RECOVERABLE,DISTRESSED-RECOVERABLE,,AGREE,done,0,0,0,1,1.89,, | RAISE:Perimeter Solutions Prices Offering of $550 Million of Senior Secured Notes Due 2034,v1-2026-06-09,2026-06-09T16:04:40Z
CVLT,Information Technology,4895624704.0,CLEAR,CLEAR,,AGREE,done,0,0,0,0,3.49,,,v1-2026-06-09,2026-06-09T16:04:40Z
UNF,Unknown,4881207808.0,CLEAR,CLEAR,,AGREE,done,0,0,0,0,2.44,,,v1-2026-06-09,2026-06-09T16:04:40Z
GHC,Consumer Discretionary,4877901824.0,CLEAR,CLEAR,,AGREE,done,0,0,0,0,6.22,,,v1-2026-06-09,2026-06-09T16:04:40Z
GBTG,Industrials,4870398464.0,CLEAR,CLEAR,,AGREE,done,0,0,0,0,1.0,,,v1-2026-06-09,2026-06-09T16:04:40Z
SR,Utilities,4870041088.0,CLEAR,CLEAR,,AGREE,done,0,0,0,0,4.13,,,v1-2026-06-09,2026-06-09T16:04:40Z
SAIC,Information Technology,4834354176.0,CLEAR,CLEAR,,AGREE,done,0,0,0,0,6.21,,,v1-2026-06-09,2026-06-09T16:04:40Z
HRB,Unknown,4828296192.0,CLEAR,CLEAR,,AGREE,done,0,0,0,0,5.22,,,v1-2026-06-09,2026-06-09T16:04:40Z
MTN,Communication Services,4823646208.0,CLEAR,CLEAR,,AGREE,done,0,0,1,0,10.75,,,v1-2026-06-09,2026-06-09T16:04:40Z
MAIN,Unknown,4817803776.0,WATCH,WATCH,,AGREE,done,0,0,1,0,11.33,,,v1-2026-06-09,2026-06-09T16:04:40Z
RLI,Financials,4815729664.0,CLEAR,CLEAR,,AGREE,done,0,0,0,0,4.69,,,v1-2026-06-09,2026-06-09T16:04:40Z
FCN,Industrials,4814003712.0,CLEAR,CLEAR,,AGREE,done,0,0,0,0,2.85,,,v1-2026-06-09,2026-06-09T16:04:40Z
MRP,Real Estate,4803766272.0,SKIP_lt2y,,,SKIP,skip,,,,,,,<2y data,v1-2026-06-09,2026-06-09T16:04:40Z
SXT,Materials,4775811584.0,CLEAR,CLEAR,,AGREE,done,0,0,0,0,3.11,,,v1-2026-06-09,2026-06-09T16:04:40Z
ALK,Industrials,4771388928.0,DISTRESSED-RECOVERABLE,DISTRESSED-RECOVERABLE,,AGREE,done,0,0,0,0,3.8,,,v1-2026-06-09,2026-06-09T16:04:40Z
TBBB,Unknown,4752584192.0,WATCH,WATCH,,AGREE,done,0,0,1,0,11.24,,,v1-2026-06-09,2026-06-09T16:04:40Z
CNX,Energy,4752232448.0,CLEAR,CLEAR,,AGREE,done,0,0,0,0,7.55,,,v1-2026-06-09,2026-06-09T16:04:40Z
LGND,Health Care,4749731328.0,CLEAR,CLEAR,,AGREE,done,0,0,0,1,6.67,, | RAISE:Ligand Announces Pricing of $400 Million Convertible Senior Notes Offering,v1-2026-06-09,2026-06-09T16:04:40Z
SYNA,Information Technology,4743934976.0,DISTRESSED-RECOVERABLE,DISTRESSED-RECOVERABLE,,AGREE,done,0,0,0,0,4.35,,,v1-2026-06-09,2026-06-09T16:04:40Z
WSC,Information Technology,4743869952.0,DISTRESSED-RECOVERABLE,DISTRESSED-RECOVERABLE,,AGREE,done,0,0,0,1,5.62,, | RAISE:WillScot Mobile Mini Holdings Announces Pricing of $500 Million Senior Secured Notes Offering,v1-2026-06-09,2026-06-09T16:04:40Z
CGON,Health Care,4738236928.0,WATCH,WATCH,,AGREE,done,0,0,1,1,10.0,, | RAISE:CG Oncology Announces Pricing of Public Offering,v1-2026-06-09,2026-06-09T16:04:40Z
LAUR,Consumer Discretionary,4734065664.0,CLEAR,CLEAR,,AGREE,done,0,0,0,1,4.26,, | RAISE:Laureate Education Announces the Commencement of an Underwritten Public Offering by Selling Stockholders,v1-2026-06-09,2026-06-09T16:04:40Z
REYN,Materials,4733835264.0,CLEAR,CLEAR,,AGREE,done,0,0,0,0,6.77,,,v1-2026-06-09,2026-06-09T16:04:40Z
LBTYB,Communication Services,4733364224.0,DISTRESSED-RECOVERABLE,DISTRESSED-RECOVERABLE,,AGREE,done,0,0,0,0,1.0,,,v1-2026-06-09,2026-06-09T16:04:40Z
REZI,Industrials,4726013440.0,AVOID,AVOID,cash_burn,AVOID_unconfirmed,done,0,0,0,0,2.47,,no API distress/short signal (coverage may be thin),v1-2026-06-09,2026-06-09T16:04:40Z
QS,Information Technology,4718162944.0,SKIP_lt2y,,,SKIP,skip,,,,,,,<2y data,v1-2026-06-09,2026-06-09T16:04:40Z
MAAS,Unknown,4713591808.0,CLEAR,CLEAR,,AGREE,done,0,0,0,0,3.57,,,v1-2026-06-09,2026-06-09T16:04:40Z
LUNR,Health Care,4710879744.0,WATCH,WATCH,,AGREE,done,0,0,0,0,2.41,,,v1-2026-06-09,2026-06-09T16:04:40Z
CNR,Materials,4710087168.0,DISTRESSED-RECOVERABLE,DISTRESSED-RECOVERABLE,,AGREE,done,0,0,0,1,2.29,, | RAISE:Condor Gold Closes Previously Announced Private Placement of Units for Aggregate Gross Proceeds of £3.25 Million,v1-2026-06-09,2026-06-09T16:04:40Z
MARA,Financials,4697252352.0,WATCH,WATCH,,AGREE,done,0,0,0,1,2.22,," | RAISE:MARA Holdings, Inc. Announces Pricing of Upsized $950 Million Offering of 0.00% Convertible Senior Notes due 2032",v1-2026-06-09,2026-06-09T16:04:40Z
SON,Materials,4695273984.0,CLEAR,CLEAR,,AGREE,done,0,0,0,0,6.02,,,v1-2026-06-09,2026-06-09T16:04:40Z
KVYO,Information Technology,4662779392.0,CLEAR,CLEAR,,AGREE,done,0,0,0,0,2.12,,,v1-2026-06-09,2026-06-09T16:04:40Z
CAI,Health Care,4661404672.0,SKIP_lt2y,,,SKIP,skip,,,,,,,<2y data,v1-2026-06-09,2026-06-09T16:04:40Z
FBIN,Materials,4659600896.0,CLEAR,CLEAR,,AGREE,done,0,0,0,0,3.25,,,v1-2026-06-09,2026-06-09T16:04:40Z
SBRA,Financials,4655429120.0,CLEAR,CLEAR,,AGREE,done,0,0,1,0,16.54,,,v1-2026-06-09,2026-06-09T16:04:40Z
SITE,Industrials,4654579712.0,CLEAR,CLEAR,,AGREE,done,0,0,0,0,2.94,,,v1-2026-06-09,2026-06-09T16:04:40Z
FFIN,Financials,4653797376.0,CLEAR,CLEAR,,AGREE,done,0,0,1,0,10.89,,,v1-2026-06-09,2026-06-09T16:04:40Z
DIOD,Information Technology,4643174912.0,CLEAR,CLEAR,,AGREE,done,0,0,0,0,1.9,,,v1-2026-06-09,2026-06-09T16:04:40Z
LBRT,Energy,4642796032.0,CLEAR,CLEAR,,AGREE,done,0,0,0,0,3.39,,,v1-2026-06-09,2026-06-09T16:04:40Z
AIR,Industrials,4638501888.0,CLEAR,CLEAR,,AGREE,done,0,0,0,0,2.92,,,v1-2026-06-09,2026-06-09T16:04:40Z
OLLI,Consumer Discretionary,4636767232.0,CLEAR,CLEAR,,AGREE,done,0,0,0,0,3.04,,,v1-2026-06-09,2026-06-09T16:04:40Z
NNI,Financials,4636567040.0,CLEAR,CLEAR,,AGREE,done,0,0,0,0,2.59,,,v1-2026-06-09,2026-06-09T16:04:40Z
ALM,Materials,4627829760.0,SKIP_lt2y,,,SKIP,skip,,,,,,,<2y data,v1-2026-06-09,2026-06-09T16:04:40Z
AQN,Utilities,4625690112.0,CLEAR,CLEAR,,AGREE,done,0,0,0,0,2.77,,,v1-2026-06-09,2026-06-09T16:04:40Z
ATAT,Consumer Discretionary,4618174464.0,CLEAR,CLEAR,,AGREE,done,0,0,0,1,1.9,, | RAISE:Atour Lifestyle Holdings Limited Announces Pricing of Registered Secondary Offering of American Depositary Shares by Legend Capita,v1-2026-06-09,2026-06-09T16:04:40Z
CSTM,Materials,4614138368.0,CLEAR,CLEAR,,AGREE,done,0,0,0,0,3.01,,,v1-2026-06-09,2026-06-09T16:04:40Z
TFSL,Financials,4604695552.0,CLEAR,CLEAR,,AGREE,done,0,0,0,0,8.57,,,v1-2026-06-09,2026-06-09T16:04:40Z
MTRN,Materials,4591927808.0,CLEAR,CLEAR,,AGREE,done,0,0,0,0,1.44,,,v1-2026-06-09,2026-06-09T16:04:40Z
MTH,Industrials,4564489728.0,CLEAR,CLEAR,,AGREE,done,0,0,0,1,3.74,, | RAISE:Meritage Homes Completes Offering of 1.75% Convertible Senior Notes,v1-2026-06-09,2026-06-09T16:04:40Z
HRI,Information Technology,4564162048.0,DISTRESSED-RECOVERABLE,DISTRESSED-RECOVERABLE,,AGREE,done,0,0,0,0,4.04,,,v1-2026-06-09,2026-06-09T16:04:40Z
LAZ,Financials,4563571200.0,CLEAR,CLEAR,,AGREE,done,0,0,0,0,2.93,,,v1-2026-06-09,2026-06-09T16:04:40Z
IPGP,Information Technology,4557171200.0,CLEAR,CLEAR,,AGREE,done,0,0,0,0,3.22,,,v1-2026-06-09,2026-06-09T16:04:40Z
VVV,Energy,4556864000.0,CLEAR,CLEAR,,AGREE,done,0,0,0,0,5.12,,,v1-2026-06-09,2026-06-09T16:04:40Z
CUZ,Financials,4556813824.0,CLEAR,CLEAR,,AGREE,done,0,0,0,0,5.67,,,v1-2026-06-09,2026-06-09T16:04:40Z
IBOC,Financials,4537987584.0,CLEAR,CLEAR,,AGREE,done,0,0,0,0,5.96,,,v1-2026-06-09,2026-06-09T16:04:40Z
EXLS,Industrials,4533069312.0,CLEAR,CLEAR,,AGREE,done,0,0,0,0,5.5,,,v1-2026-06-09,2026-06-09T16:04:40Z
UFPI,Materials,4524066304.0,CLEAR,CLEAR,,AGREE,done,0,0,0,0,2.35,,,v1-2026-06-09,2026-06-09T16:04:40Z
ACLS,Industrials,4522800128.0,CLEAR,CLEAR,,AGREE,done,0,0,0,0,3.26,,,v1-2026-06-09,2026-06-09T16:04:40Z
KBR,Industrials,4508651008.0,CLEAR,CLEAR,,AGREE,done,0,0,0,1,2.72,, | RAISE:KBR Announces Strategic Investment in Geolith to Accelerate Commercial Deployment of Direct Lithium Extraction,v1-2026-06-09,2026-06-09T16:04:40Z
RDN,Financials,4494561792.0,CLEAR,CLEAR,,AGREE,done,0,0,0,0,3.25,,,v1-2026-06-09,2026-06-09T16:04:40Z
PLUG,Information Technology,4485147136.0,AVOID,AVOID,cash_burn,AVOID_unconfirmed,done,0,0,0,0,3.55,,no API distress/short signal (coverage may be thin),v1-2026-06-09,2026-06-09T16:04:40Z
TNL,Consumer Discretionary,4475838464.0,CLEAR,CLEAR,,AGREE,done,0,0,0,0,3.88,,,v1-2026-06-09,2026-06-09T16:04:40Z
CNO,Financials,4472326656.0,CLEAR,CLEAR,,AGREE,done,0,0,0,0,2.16,,,v1-2026-06-09,2026-06-09T16:04:40Z
BLLN,Health Care,4470301184.0,SKIP_lt2y,,,SKIP,skip,,,,,,,<2y data,v1-2026-06-09,2026-06-09T16:04:40Z
FTDR,Information Technology,4469750272.0,CLEAR,CLEAR,,AGREE,done,0,0,0,0,4.45,,,v1-2026-06-09,2026-06-09T16:04:40Z
HLNE,Financials,4468250624.0,CLEAR,CLEAR,,AGREE,done,0,0,0,0,4.83,,,v1-2026-06-09,2026-06-09T16:04:40Z
MDU,Materials,4464368640.0,DISTRESSED-RECOVERABLE,DISTRESSED-RECOVERABLE,,AGREE,done,0,0,0,0,5.85,,,v1-2026-06-09,2026-06-09T16:04:40Z
TDS,Communication Services,4458365952.0,CLEAR,CLEAR,,AGREE,done,0,0,0,0,3.35,,,v1-2026-06-09,2026-06-09T16:04:40Z
MEOH,Unknown,4457729024.0,CLEAR,CLEAR,,AGREE,done,0,0,0,0,1.02,,,v1-2026-06-09,2026-06-09T16:04:40Z
XMTR,Industrials,4456131072.0,DISTRESSED-RECOVERABLE,DISTRESSED-RECOVERABLE,,AGREE,done,0,0,0,1,2.98,, | RAISE:Xometry Announces Pricing of Public Offering of Class A Common Stock,v1-2026-06-09,2026-06-09T16:04:40Z
SHC,Health Care,4454308864.0,CLEAR,CLEAR,,AGREE,done,0,0,0,1,3.29,, | RAISE:Sotera Health Announces Pricing of Secondary Offering,v1-2026-06-09,2026-06-09T16:04:40Z
DOO,Industrials,4452128256.0,CLEAR,CLEAR,,AGREE,done,0,0,0,0,1.78,,,v1-2026-06-09,2026-06-09T16:04:40Z
INDV,Health Care,4446265856.0,WATCH,WATCH,,AGREE,done,0,0,0,0,5.34,,,v1-2026-06-09,2026-06-09T16:04:40Z
LBRDA,Communication Services,4442435584.0,SKIP_lt2y,,,SKIP,skip,,,,,,,<2y data,v1-2026-06-09,2026-06-09T16:04:40Z
TCBI,Financials,4440898048.0,CLEAR,CLEAR,,AGREE,done,0,0,0,0,8.64,,,v1-2026-06-09,2026-06-09T16:04:40Z
RXO,Industrials,4429760000.0,DISTRESSED-RECOVERABLE,DISTRESSED-RECOVERABLE,,AGREE,done,0,0,0,0,4.24,,,v1-2026-06-09,2026-06-09T16:04:40Z
MNDY,Unknown,4420022272.0,CLEAR,CLEAR,,AGREE,done,0,0,0,0,3.19,,,v1-2026-06-09,2026-06-09T16:04:40Z
DNTH,Health Care,4401178624.0,WATCH,WATCH,,AGREE,done,0,0,1,1,14.27,," | RAISE:Dianthus Therapeutics, Inc. Announces Pricing of Upsized $625 Million Underwritten Public Offering",v1-2026-06-09,2026-06-09T16:04:40Z
EPR,Financials,4388479488.0,CLEAR,CLEAR,,AGREE,done,0,0,0,0,8.66,,,v1-2026-06-09,2026-06-09T16:04:40Z
AMRX,Health Care,4386563072.0,CLEAR,CLEAR,,AGREE,done,0,0,0,0,5.4,,,v1-2026-06-09,2026-06-09T16:04:40Z
PTEN,Energy,4369399296.0,DISTRESSED-RECOVERABLE,DISTRESSED-RECOVERABLE,,AGREE,done,0,0,0,0,2.07,,,v1-2026-06-09,2026-06-09T16:04:40Z
AD,Communication Services,4361047040.0,DISTRESSED-RECOVERABLE,DISTRESSED-RECOVERABLE,,AGREE,done,0,0,0,0,5.11,,,v1-2026-06-09,2026-06-09T16:04:40Z
FELE,Information Technology,4354600448.0,CLEAR,CLEAR,,AGREE,done,0,0,0,0,2.71,,,v1-2026-06-09,2026-06-09T16:04:40Z
ACIW,Information Technology,4351115264.0,CLEAR,CLEAR,,AGREE,done,0,0,0,0,6.21,,,v1-2026-06-09,2026-06-09T16:04:40Z
KRC,Financials,4347780096.0,CLEAR,CLEAR,,AGREE,done,0,0,0,0,6.71,,,v1-2026-06-09,2026-06-09T16:04:40Z
CSW,Materials,4347020800.0,CLEAR,CLEAR,,AGREE,done,0,0,0,0,8.19,,,v1-2026-06-09,2026-06-09T16:04:40Z
NWE,Utilities,4334470144.0,CLEAR,CLEAR,,AGREE,done,0,0,0,0,5.21,,,v1-2026-06-09,2026-06-09T16:04:40Z
ANDG,Industrials,4334345216.0,SKIP_lt2y,,,SKIP,skip,,,,,,,<2y data,v1-2026-06-09,2026-06-09T16:04:40Z
FHI,Financials,4329298432.0,CLEAR,CLEAR,,AGREE,done,0,0,0,0,4.28,,,v1-2026-06-09,2026-06-09T16:04:40Z
TWST,Health Care,4310420480.0,WATCH,WATCH,,AGREE,done,0,0,1,0,10.4,,,v1-2026-06-09,2026-06-09T16:04:40Z
CVSA,Consumer Discretionary,4310011904.0,CLEAR,CLEAR,,AGREE,done,0,0,0,0,4.55,,,v1-2026-06-09,2026-06-09T16:04:40Z
AKO.B,Unknown,4308473344.0,SKIP_no_data,,,SKIP,skip,,,,,,,no cached fundamentals/context,v1-2026-06-09,2026-06-09T16:04:40Z
CELC,Health Care,4305088000.0,SKIP_lt2y,,,SKIP,skip,,,,,,,<2y data,v1-2026-06-09,2026-06-09T16:04:40Z
POWI,Information Technology,4291553024.0,CLEAR,CLEAR,,AGREE,done,0,0,0,0,3.08,,,v1-2026-06-09,2026-06-09T16:04:40Z
CMBT,Industrials,4288708864.0,DISTRESSED-RECOVERABLE,DISTRESSED-RECOVERABLE,,AGREE,done,0,0,0,0,1.0,,,v1-2026-06-09,2026-06-09T16:04:40Z
RDNT,Health Care,4272984576.0,CLEAR,CLEAR,,AGREE,done,0,0,0,0,8.04,,,v1-2026-06-09,2026-06-09T16:04:40Z
SFBS,Financials,4271899904.0,CLEAR,CLEAR,,AGREE,done,0,0,1,0,11.69,,,v1-2026-06-09,2026-06-09T16:04:40Z
EBC,Financials,4267352832.0,CLEAR,CLEAR,,AGREE,done,0,0,0,0,5.47,,,v1-2026-06-09,2026-06-09T16:04:40Z
OPEN,Real Estate,4264135936.0,DISTRESSED-RECOVERABLE,DISTRESSED-RECOVERABLE,,AGREE,done,0,0,0,0,3.59,,,v1-2026-06-09,2026-06-09T16:04:40Z
SKT,Financials,4260745216.0,CLEAR,CLEAR,,AGREE,done,0,0,0,0,3.89,,,v1-2026-06-09,2026-06-09T16:04:40Z
TVTX,Health Care,4260005120.0,DISTRESSED-RECOVERABLE,DISTRESSED-RECOVERABLE,,AGREE,done,0,0,0,1,4.48,, | RAISE:Travere Therapeutics Announces Pricing of Public Offering of Common Stock,v1-2026-06-09,2026-06-09T16:04:40Z
LRN,Consumer Discretionary,4252909312.0,CLEAR,CLEAR,,AGREE,done,0,0,0,0,9.4,,,v1-2026-06-09,2026-06-09T16:04:40Z
BTDR,Financials,4250689280.0,AVOID,AVOID,,AVOID_unconfirmed,done,0,0,0,0,7.05,,no API fraud/short signal (coverage may be thin),v1-2026-06-09,2026-06-09T16:04:40Z
COCO,Consumer Staples,4231475712.0,CLEAR,CLEAR,,AGREE,done,0,0,0,0,3.46,,,v1-2026-06-09,2026-06-09T16:04:40Z
ACHR,Industrials,4226271488.0,WATCH,WATCH,,AGREE,done,0,0,0,0,2.21,,,v1-2026-06-09,2026-06-09T16:04:40Z
CVCO,Materials,4225496576.0,CLEAR,CLEAR,,AGREE,done,0,0,0,0,3.98,,,v1-2026-06-09,2026-06-09T16:04:40Z
SLM,Financials,4222596864.0,WATCH,WATCH,,AGREE,done,0,0,1,0,11.04,,,v1-2026-06-09,2026-06-09T16:04:40Z
FLNC,Information Technology,4222557952.0,WATCH,WATCH,,AGREE,done,0,0,0,1,1.34,, | RAISE:Fluence Announces Pricing of Secondary Offering of Class A Common Stock by Existing Controlling Stockholders,v1-2026-06-09,2026-06-09T16:04:40Z
PFSI,Financials,4218376704.0,WATCH,WATCH,,AGREE,done,0,0,0,0,3.23,,,v1-2026-06-09,2026-06-09T16:04:40Z
COLD,Financials,4216950784.0,DISTRESSED-RECOVERABLE,DISTRESSED-RECOVERABLE,,AGREE,done,0,0,0,0,4.17,,,v1-2026-06-09,2026-06-09T16:04:40Z
KNF,Materials,4208866048.0,CLEAR,CLEAR,,AGREE,done,0,0,0,0,5.74,,,v1-2026-06-09,2026-06-09T16:04:40Z
ENVA,Financials,4201068288.0,CLEAR,CLEAR,,AGREE,done,0,0,0,0,7.99,,,v1-2026-06-09,2026-06-09T16:04:40Z
FULT,Financials,4195382272.0,CLEAR,CLEAR,,AGREE,done,0,0,0,0,5.23,,,v1-2026-06-09,2026-06-09T16:04:40Z
UWMC,Financials,4184684032.0,WATCH,WATCH,,AGREE,done,0,0,0,0,1.94,,,v1-2026-06-09,2026-06-09T16:04:40Z
MMYT,Unknown,4182694400.0,CLEAR,CLEAR,,AGREE,done,0,0,0,0,9.89,,,v1-2026-06-09,2026-06-09T16:04:40Z
MIR,Health Care,4178719488.0,CLEAR,CLEAR,,NEWS_NOTE,done,1,0,0,0,9.0,single news mention (kept screen bucket; investigate),single news mention of distress/fraud (investigate; not a screen error) | BK:CLARIFICATION: Evome Medical Technologies Announces Significant Debt Restructuring,v1-2026-06-09,2026-06-09T16:04:40Z
BRC,Consumer Discretionary,4175606528.0,CLEAR,CLEAR,,AGREE,done,0,0,0,0,2.77,,,v1-2026-06-09,2026-06-09T16:04:40Z
CBT,Materials,4175140096.0,CLEAR,CLEAR,,AGREE,done,0,0,0,0,6.81,,,v1-2026-06-09,2026-06-09T16:04:40Z
BCO,Industrials,4158871808.0,CLEAR,CLEAR,,AGREE,done,0,0,0,0,6.05,,,v1-2026-06-09,2026-06-09T16:04:40Z
MKTX,Financials,4155628032.0,CLEAR,CLEAR,,AGREE,done,0,0,0,0,3.97,,,v1-2026-06-09,2026-06-09T16:04:40Z
CAAP,Industrials,4137695488.0,CLEAR,CLEAR,,AGREE,done,0,0,0,0,6.61,,,v1-2026-06-09,2026-06-09T16:04:40Z
BDC,Materials,4136635904.0,CLEAR,CLEAR,,AGREE,done,0,0,0,0,2.59,,,v1-2026-06-09,2026-06-09T16:04:40Z
AZZ,Materials,4133588736.0,CLEAR,CLEAR,,AGREE,done,0,0,0,0,4.11,,,v1-2026-06-09,2026-06-09T16:04:40Z
TREX,Materials,4119584768.0,CLEAR,CLEAR,,AGREE,done,0,0,0,0,4.02,,,v1-2026-06-09,2026-06-09T16:04:40Z
BNL,Financials,4117287424.0,CLEAR,CLEAR,,AGREE,done,0,0,0,0,5.33,,,v1-2026-06-09,2026-06-09T16:04:40Z
SRAD,Unknown,4113727744.0,CLEAR,CLEAR,,AGREE,done,0,0,0,0,2.33,,,v1-2026-06-09,2026-06-09T16:04:40Z
SKY,Materials,4104413440.0,CLEAR,CLEAR,,AGREE,done,0,0,0,0,3.59,,,v1-2026-06-09,2026-06-09T16:04:40Z
POST,Consumer Staples,4098521344.0,CLEAR,CLEAR,,AGREE,done,0,0,0,0,6.81,,,v1-2026-06-09,2026-06-09T16:04:40Z
BETA,Industrials,4098480896.0,SKIP_lt2y,,,SKIP,skip,,,,,,,<2y data,v1-2026-06-09,2026-06-09T16:04:40Z
MAT,Consumer Discretionary,4091211264.0,CLEAR,CLEAR,,AGREE,done,0,0,0,0,4.25,,,v1-2026-06-09,2026-06-09T16:04:40Z
BLSH,Financials,4088439552.0,SKIP_lt2y,,,SKIP,skip,,,,,,,<2y data,v1-2026-06-09,2026-06-09T16:04:40Z
LOPE,Consumer Discretionary,4045286400.0,CLEAR,CLEAR,,AGREE,done,0,0,0,0,4.38,,,v1-2026-06-09,2026-06-09T16:04:40Z
USAC,Utilities,4037479936.0,CLEAR,CLEAR,,AGREE,done,0,0,1,0,12.23,,,v1-2026-06-09,2026-06-09T16:04:40Z
PLNT,Communication Services,4026159872.0,CLEAR,CLEAR,,AGREE,done,0,0,0,0,1.13,,,v1-2026-06-09,2026-06-09T16:04:40Z
OLED,Information Technology,4025719296.0,CLEAR,CLEAR,,AGREE,done,0,0,0,0,2.39,,,v1-2026-06-09,2026-06-09T16:04:40Z
IRT,Financials,4016328192.0,CLEAR,CLEAR,,AGREE,done,0,0,0,0,4.93,,,v1-2026-06-09,2026-06-09T16:04:40Z
INSW,Industrials,4013345792.0,CLEAR,CLEAR,,AGREE,done,0,0,0,0,2.77,,,v1-2026-06-09,2026-06-09T16:04:40Z
CLSK,Financials,4000528128.0,AVOID,AVOID,,AVOID_unconfirmed,done,0,0,0,0,4.09,,no API fraud/short signal (coverage may be thin),v1-2026-06-09,2026-06-09T16:04:40Z
UCB,Financials,3990352640.0,CLEAR,CLEAR,,AGREE,done,0,0,0,0,6.1,,,v1-2026-06-09,2026-06-09T16:04:40Z
LBTYA,Communication Services,3976025856.0,DISTRESSED-RECOVERABLE,DISTRESSED-RECOVERABLE,,AGREE,done,0,0,0,0,4.89,,,v1-2026-06-09,2026-06-09T16:04:40Z
LIVN,Health Care,3974990592.0,CLEAR,CLEAR,,AGREE,done,0,0,0,0,3.27,,,v1-2026-06-09,2026-06-09T16:04:40Z
MRX,Unknown,3964110336.0,CLEAR,CLEAR,,AGREE,done,0,0,0,1,2.35,, | RAISE:Marex Group plc Announces Pricing of U.S.$500 Million Senior Notes Offering,v1-2026-06-09,2026-06-09T16:04:40Z
VNT,Health Care,3963520000.0,CLEAR,CLEAR,,AGREE,done,0,0,0,0,3.11,,,v1-2026-06-09,2026-06-09T16:04:40Z
MWA,Materials,3963412224.0,CLEAR,CLEAR,,AGREE,done,0,0,0,0,2.78,,,v1-2026-06-09,2026-06-09T16:04:40Z
LMND,Financials,3953197824.0,WATCH,WATCH,,AGREE,done,0,0,0,0,6.47,,,v1-2026-06-09,2026-06-09T16:04:40Z
RELY,Industrials,3952231424.0,CLEAR,CLEAR,,AGREE,done,0,0,0,0,1.64,,,v1-2026-06-09,2026-06-09T16:04:40Z
THO,Industrials,3940742912.0,CLEAR,CLEAR,,AGREE,done,0,0,0,0,6.35,,,v1-2026-06-09,2026-06-09T16:04:40Z
TXG,Health Care,3940720384.0,CLEAR,CLEAR,,AGREE,done,0,0,0,0,7.93,,,v1-2026-06-09,2026-06-09T16:04:40Z
EMAT,Information Technology,3939842816.0,SKIP_lt2y,,,SKIP,skip,,,,,,,<2y data,v1-2026-06-09,2026-06-09T16:04:40Z
WHD,Industrials,3930471424.0,CLEAR,CLEAR,,AGREE,done,0,0,0,0,4.94,,,v1-2026-06-09,2026-06-09T16:04:40Z
ZGN,Unknown,3929722112.0,CLEAR,CLEAR,,AGREE,done,0,0,0,0,4.94,,,v1-2026-06-09,2026-06-09T16:04:40Z
GFF,Materials,3921596928.0,CLEAR,CLEAR,,AGREE,done,0,0,0,0,3.45,,,v1-2026-06-09,2026-06-09T16:04:40Z
KEN,Unknown,3913340416.0,CLEAR,CLEAR,,AGREE,done,0,0,0,0,1.0,,,v1-2026-06-09,2026-06-09T16:04:40Z
HGV,Consumer Discretionary,3905358848.0,CLEAR,CLEAR,,AGREE,done,0,0,0,0,7.87,,,v1-2026-06-09,2026-06-09T16:04:40Z
CATY,Financials,3902805504.0,CLEAR,CLEAR,,AGREE,done,0,0,0,0,4.44,,,v1-2026-06-09,2026-06-09T16:04:40Z
SEZL,Industrials,3901070592.0,CLEAR,WATCH,,UNDERFLAG_fraud_event,done,0,1,0,0,5.72,promoted — ≥2 live fraud/SEC/short-seller news articles,4 live news articles show a fraud/SEC/restatement event the screen missed | FR:Sezzle Inc. (SEZL) Shares Crash After Hindenburg Alleges Risky Practices – Hagens Berman,v1-2026-06-09,2026-06-09T16:04:40Z
LION,Communication Services,3894490112.0,SKIP_lt2y,,,SKIP,skip,,,,,,,<2y data,v1-2026-06-09,2026-06-09T16:04:40Z
NTSK,Information Technology,3891804416.0,SKIP_lt2y,,,SKIP,skip,,,,,,,<2y data,v1-2026-06-09,2026-06-09T16:04:40Z
VCYT,Health Care,3888295680.0,CLEAR,CLEAR,,AGREE,done,0,0,0,0,7.22,,,v1-2026-06-09,2026-06-09T16:04:40Z
HHH,Financials,3883349248.0,CLEAR,CLEAR,,AGREE,done,0,0,0,0,6.18,,,v1-2026-06-09,2026-06-09T16:04:40Z
PTRN,Consumer Discretionary,3880067584.0,SKIP_lt2y,,,SKIP,skip,,,,,,,<2y data,v1-2026-06-09,2026-06-09T16:04:40Z
WING,Consumer Discretionary,3873285632.0,CLEAR,CLEAR,,AGREE,done,0,0,0,0,3.29,,,v1-2026-06-09,2026-06-09T16:04:40Z
KTB,Consumer Discretionary,3872934144.0,CLEAR,CLEAR,,AGREE,done,0,0,0,0,4.14,,,v1-2026-06-09,2026-06-09T16:04:40Z
SLGN,Materials,3871049728.0,CLEAR,CLEAR,,AGREE,done,0,0,1,0,10.59,,,v1-2026-06-09,2026-06-09T16:04:40Z
QLYS,Information Technology,3870349312.0,CLEAR,CLEAR,,AGREE,done,0,0,0,0,5.69,,,v1-2026-06-09,2026-06-09T16:04:40Z
OPLN,Consumer Discretionary,3864913920.0,CLEAR,CLEAR,,AGREE,done,0,0,0,0,1.1,,,v1-2026-06-09,2026-06-09T16:04:40Z
MMSI,Health Care,3846545408.0,CLEAR,CLEAR,,AGREE,done,0,0,0,0,2.61,,,v1-2026-06-09,2026-06-09T16:04:40Z
SEDG,Information Technology,3841885696.0,CLEAR,CLEAR,,AGREE,done,0,0,0,0,2.12,,,v1-2026-06-09,2026-06-09T16:04:40Z
VRNS,Information Technology,3839366144.0,CLEAR,CLEAR,,AGREE,done,0,0,0,0,3.81,,,v1-2026-06-09,2026-06-09T16:04:40Z
INDB,Financials,3839236864.0,CLEAR,CLEAR,,AGREE,done,0,0,0,0,6.43,,,v1-2026-06-09,2026-06-09T16:04:40Z
WAY,Information Technology,3836257792.0,CLEAR,CLEAR,,AGREE,done,0,0,0,0,4.86,,,v1-2026-06-09,2026-06-09T16:04:40Z
MANE,Health Care,3830688000.0,SKIP_no_data,,,SKIP,skip,,,,,,,no cached fundamentals/context,v1-2026-06-09,2026-06-09T16:04:40Z
LBTYK,Communication Services,3830643968.0,DISTRESSED-RECOVERABLE,DISTRESSED-RECOVERABLE,,AGREE,done,0,0,0,0,6.71,,,v1-2026-06-09,2026-06-09T16:04:40Z
EWTX,Health Care,3829235200.0,SKIP_lt2y,,,SKIP,skip,,,,,,,<2y data,v1-2026-06-09,2026-06-09T16:04:40Z
DAN,Industrials,3828296448.0,CLEAR,CLEAR,,AGREE,done,0,0,0,0,3.48,,,v1-2026-06-09,2026-06-09T16:04:40Z
CPRX,Health Care,3826853632.0,CLEAR,CLEAR,,AGREE,done,0,0,0,1,1.9,," | RAISE:Catalyst Pharmaceuticals, Inc. Announces Closing of Public Offering",v1-2026-06-09,2026-06-09T16:04:40Z
CRK,Energy,3818045952.0,CLEAR,CLEAR,,AGREE,done,0,0,0,1,6.76,," | RAISE:COMSTOCK RESOURCES, INC. ANNOUNCES UPSIZE AND PRICING OF $400.0 MILLION OFFERING OF SENIOR NOTES DUE 2029",v1-2026-06-09,2026-06-09T16:04:40Z
WPP,Unknown,3817977088.0,DISTRESSED-RECOVERABLE,DISTRESSED-RECOVERABLE,,AGREE,done,0,0,0,0,6.16,,,v1-2026-06-09,2026-06-09T16:04:40Z
CRGY,Energy,3811103744.0,CLEAR,CLEAR,,AGREE,done,0,0,0,0,3.94,,,v1-2026-06-09,2026-06-09T16:04:40Z
CNS,Financials,3800930816.0,WATCH,WATCH,,AGREE,done,0,0,0,0,3.8,,,v1-2026-06-09,2026-06-09T16:04:40Z
DORM,Industrials,3796010496.0,CLEAR,CLEAR,,AGREE,done,0,0,0,0,4.9,,,v1-2026-06-09,2026-06-09T16:04:40Z
STNG,Unknown,3780419072.0,CLEAR,CLEAR,,AGREE,done,0,0,0,1,1.3,, | RAISE:Scorpio Tankers Inc. Announces Pricing of Convertible Senior Notes due 2031 and Concurrent Stock Repurchase,v1-2026-06-09,2026-06-09T16:04:40Z
YSS,Industrials,3779296256.0,SKIP_no_data,,,SKIP,skip,,,,,,,no cached fundamentals/context,v1-2026-06-09,2026-06-09T16:04:40Z
FOUR,Industrials,3774868736.0,CLEAR,CLEAR,,AGREE,done,0,0,0,0,7.28,,,v1-2026-06-09,2026-06-09T16:04:40Z
CDP,Financials,3770777344.0,CLEAR,CLEAR,,AGREE,done,0,0,0,0,6.91,,,v1-2026-06-09,2026-06-09T16:04:40Z
RNST,Financials,3767470848.0,CLEAR,CLEAR,,AGREE,done,0,0,0,0,7.3,,,v1-2026-06-09,2026-06-09T16:04:40Z
DOCS,Information Technology,3765335552.0,CLEAR,CLEAR,,AGREE,done,0,0,0,0,2.34,,,v1-2026-06-09,2026-06-09T16:04:40Z
FBP,Financials,3761923328.0,CLEAR,CLEAR,,AGREE,done,0,0,0,0,7.57,,,v1-2026-06-09,2026-06-09T16:04:40Z
NVST,Health Care,3759014912.0,CLEAR,CLEAR,,AGREE,done,0,0,0,0,2.73,,,v1-2026-06-09,2026-06-09T16:04:40Z
PII,Industrials,3757900032.0,DISTRESSED-RECOVERABLE,DISTRESSED-RECOVERABLE,,AGREE,done,0,0,0,0,6.01,,,v1-2026-06-09,2026-06-09T16:04:40Z
UUUU,Materials,3755501056.0,WATCH,WATCH,,AGREE,done,0,0,0,0,3.49,,,v1-2026-06-09,2026-06-09T16:04:40Z
KFY,Information Technology,3752474112.0,CLEAR,CLEAR,,AGREE,done,0,0,0,0,5.09,,,v1-2026-06-09,2026-06-09T16:04:40Z
ATMU,Industrials,3749581312.0,CLEAR,CLEAR,,AGREE,done,0,0,0,0,2.38,,,v1-2026-06-09,2026-06-09T16:04:40Z
HP,Energy,3743413248.0,DISTRESSED-RECOVERABLE,DISTRESSED-RECOVERABLE,,AGREE,done,0,0,0,0,6.62,,,v1-2026-06-09,2026-06-09T16:04:40Z
ORLA,Unknown,3740173568.0,CLEAR,CLEAR,,AGREE,done,0,0,0,0,1.69,,,v1-2026-06-09,2026-06-09T16:04:40Z
PONY,Unknown,3737128192.0,WATCH,WATCH,,AGREE,done,0,0,0,1,6.2,, | RAISE:PONY AI Inc. Launches Hong Kong Initial Public Offering,v1-2026-06-09,2026-06-09T16:04:40Z
WSFS,Financials,3735201024.0,CLEAR,CLEAR,,AGREE,done,0,0,0,0,4.13,,,v1-2026-06-09,2026-06-09T16:04:40Z
BELFB,Information Technology,3734313984.0,CLEAR,CLEAR,,AGREE,done,0,0,0,0,1.39,,,v1-2026-06-09,2026-06-09T16:04:40Z
KNSA,Health Care,3725338624.0,CLEAR,CLEAR,,AGREE,done,0,0,0,0,5.55,,,v1-2026-06-09,2026-06-09T16:04:40Z
JOE,Real Estate,3724170240.0,CLEAR,CLEAR,,AGREE,done,0,0,0,0,2.27,,,v1-2026-06-09,2026-06-09T16:04:40Z
TPC,Industrials,3723380992.0,CLEAR,CLEAR,,AGREE,done,0,0,0,0,2.74,,,v1-2026-06-09,2026-06-09T16:04:40Z
ERAS,Health Care,3722484992.0,SKIP_lt2y,,,SKIP,skip,,,,,,,<2y data,v1-2026-06-09,2026-06-09T16:04:40Z
MIAX,Financials,3721306880.0,SKIP_lt2y,,,SKIP,skip,,,,,,,<2y data,v1-2026-06-09,2026-06-09T16:04:40Z
LASR,Information Technology,3714513408.0,CLEAR,CLEAR,,AGREE,done,0,0,0,0,1.76,,,v1-2026-06-09,2026-06-09T16:04:40Z
BANF,Financials,3706929664.0,CLEAR,CLEAR,,AGREE,done,0,0,0,0,7.45,,,v1-2026-06-09,2026-06-09T16:04:40Z
OII,Energy,3705536000.0,CLEAR,CLEAR,,AGREE,done,0,0,0,0,4.41,,,v1-2026-06-09,2026-06-09T16:04:40Z
GPI,Consumer Discretionary,3700337920.0,CLEAR,CLEAR,,AGREE,done,0,0,0,0,5.65,,,v1-2026-06-09,2026-06-09T16:04:40Z
BOX,Information Technology,3696050944.0,CLEAR,CLEAR,,AGREE,done,0,0,0,0,6.4,,,v1-2026-06-09,2026-06-09T16:04:40Z
BMI,Health Care,3692850176.0,CLEAR,CLEAR,,AGREE,done,0,0,0,0,7.9,,,v1-2026-06-09,2026-06-09T16:04:40Z
APLE,Financials,3692096512.0,CLEAR,CLEAR,,AGREE,done,0,0,0,0,4.58,,,v1-2026-06-09,2026-06-09T16:04:40Z
ACAD,Health Care,3691845376.0,WATCH,WATCH,,AGREE,done,0,0,0,0,5.87,,,v1-2026-06-09,2026-06-09T16:04:40Z
FRMI,Financials,3685179136.0,SKIP_lt2y,,,SKIP,skip,,,,,,,<2y data,v1-2026-06-09,2026-06-09T16:04:40Z
NAMS,Health Care,3684813312.0,WATCH,WATCH,,AGREE,done,0,0,0,1,3.72,," | RAISE:NewAmsterdam Pharma Announces Closing of Upsized $479.0 Million Public Offering of Ordinary Shares and Pre-Funded Warrants, Includ",v1-2026-06-09,2026-06-09T16:04:40Z
FG,Financials,3684407552.0,CLEAR,CLEAR,,AGREE,done,0,0,0,0,4.21,,,v1-2026-06-09,2026-06-09T16:04:40Z
PI,Information Technology,3683429120.0,DISTRESSED-RECOVERABLE,DISTRESSED-RECOVERABLE,,AGREE,done,0,0,0,0,5.98,,,v1-2026-06-09,2026-06-09T16:04:40Z
SLG,Financials,3683044096.0,DISTRESSED-RECOVERABLE,DISTRESSED-RECOVERABLE,,AGREE,done,0,0,0,1,8.93,," | RAISE:SL Green Realty Corp. Announces Pricing of 5,063,291 Shares of Common Stock",v1-2026-06-09,2026-06-09T16:04:40Z
BFH,Financials,3681487616.0,CLEAR,CLEAR,,AGREE,done,0,0,0,1,6.6,, | RAISE:Bread Financial Announces Pricing of an Offering of Depositary Shares Representing Interests in Its Series A Preferred Stock,v1-2026-06-09,2026-06-09T16:04:40Z
UCTT,Information Technology,3679062784.0,DISTRESSED-RECOVERABLE,DISTRESSED-RECOVERABLE,,AGREE,done,0,0,0,0,2.66,,,v1-2026-06-09,2026-06-09T16:04:40Z
LIF,Information Technology,3676407552.0,CLEAR,CLEAR,,AGREE,done,0,0,1,1,10.79,, | RAISE:Life360 Announces Pricing of Upsized Convertible Senior Notes Offering,v1-2026-06-09,2026-06-09T16:04:40Z
RDW,Industrials,3670050560.0,AVOID,AVOID,cash_burn,AVOID_unconfirmed,done,0,0,0,0,1.0,,no API distress/short signal (coverage may be thin),v1-2026-06-09,2026-06-09T16:04:40Z
EE,Utilities,3669682432.0,CLEAR,CLEAR,,AGREE,done,0,0,0,0,3.82,,,v1-2026-06-09,2026-06-09T16:04:40Z
EXTR,Information Technology,3664402176.0,CLEAR,CLEAR,,AGREE,done,0,0,0,0,2.96,,,v1-2026-06-09,2026-06-09T16:04:40Z
CNK,Communication Services,3647281664.0,CLEAR,CLEAR,,AGREE,done,0,0,0,0,4.6,,,v1-2026-06-09,2026-06-09T16:04:40Z
OTTR,Utilities,3642964736.0,CLEAR,CLEAR,,AGREE,done,0,0,1,0,19.61,,,v1-2026-06-09,2026-06-09T16:04:40Z
NMRK,Real Estate,3640947712.0,CLEAR,CLEAR,,AGREE,done,0,0,0,0,2.66,,,v1-2026-06-09,2026-06-09T16:04:40Z
HAFN,Unknown,3638407936.0,CLEAR,CLEAR,,AGREE,done,0,0,0,0,1.53,,,v1-2026-06-09,2026-06-09T16:04:40Z
SMR,Materials,3634110720.0,WATCH,WATCH,,AGREE,done,0,0,0,0,1.86,,,v1-2026-06-09,2026-06-09T16:04:40Z
ORKA,Health Care,3627169536.0,SKIP_lt2y,,,SKIP,skip,,,,,,,<2y data,v1-2026-06-09,2026-06-09T16:04:40Z
CVBF,Financials,3617331712.0,CLEAR,CLEAR,,AGREE,done,0,0,0,0,4.83,,,v1-2026-06-09,2026-06-09T16:04:40Z
GEF,Materials,3612938496.0,CLEAR,CLEAR,,AGREE,done,0,0,0,0,6.68,,,v1-2026-06-09,2026-06-09T16:04:40Z
TDW,Industrials,3604477696.0,CLEAR,CLEAR,,AGREE,done,0,0,0,0,6.54,,,v1-2026-06-09,2026-06-09T16:04:40Z
BHF,Financials,3598978560.0,CLEAR,CLEAR,,AGREE,done,0,0,1,0,11.65,,,v1-2026-06-09,2026-06-09T16:04:40Z
AKO.A,Unknown,3596967936.0,SKIP_no_data,,,SKIP,skip,,,,,,,no cached fundamentals/context,v1-2026-06-09,2026-06-09T16:04:40Z
YETI,Consumer Discretionary,3588671488.0,CLEAR,CLEAR,,AGREE,done,0,0,0,0,4.32,,,v1-2026-06-09,2026-06-09T16:04:40Z
HGTY,Financials,3588053504.0,CLEAR,CLEAR,,AGREE,done,0,0,0,0,5.1,,,v1-2026-06-09,2026-06-09T16:04:40Z
PVH,Consumer Discretionary,3584561152.0,CLEAR,CLEAR,,AGREE,done,0,0,0,0,4.03,,,v1-2026-06-09,2026-06-09T16:04:40Z
CALM,Materials,3584038912.0,CLEAR,CLEAR,,AGREE,done,0,0,0,0,7.38,,,v1-2026-06-09,2026-06-09T16:04:40Z
BILL,Information Technology,3582494464.0,CLEAR,CLEAR,,AGREE,done,0,0,0,0,4.28,,,v1-2026-06-09,2026-06-09T16:04:40Z
BBAR,Unknown,3574141952.0,SKIP_no_data,,,SKIP,skip,,,,,,,no cached fundamentals/context,v1-2026-06-09,2026-06-09T16:04:40Z
VECO,Industrials,3567407104.0,CLEAR,CLEAR,,AGREE,done,0,0,0,0,3.01,,,v1-2026-06-09,2026-06-09T16:04:40Z
ABG,Consumer Discretionary,3555818240.0,CLEAR,CLEAR,,AGREE,done,0,0,0,0,3.86,,,v1-2026-06-09,2026-06-09T16:04:40Z
IRTC,Health Care,3552590848.0,DISTRESSED-RECOVERABLE,DISTRESSED-RECOVERABLE,,AGREE,done,0,0,0,1,5.11,, | RAISE:iRhythm Prices Upsized Offering of $575.0 Million of 1.50% Convertible Senior Notes Due 2029 ,v1-2026-06-09,2026-06-09T16:04:40Z
ITRI,Health Care,3550251520.0,CLEAR,CLEAR,,AGREE,done,0,0,0,0,8.8,,,v1-2026-06-09,2026-06-09T16:04:40Z
RNG,Information Technology,3546380544.0,AVOID,AVOID,insolvency,AVOID_unconfirmed,done,0,0,0,0,3.69,,no API distress/short signal (coverage may be thin),v1-2026-06-09,2026-06-09T16:04:40Z
MHO,Industrials,3538679552.0,CLEAR,CLEAR,,AGREE,done,0,0,0,0,6.85,,,v1-2026-06-09,2026-06-09T16:04:40Z
TCGL,Unknown,3531553280.0,SKIP_lt2y,,,SKIP,skip,,,,,,,<2y data,v1-2026-06-09,2026-06-09T16:04:40Z
NP,Financials,3526054912.0,SKIP_lt2y,,,SKIP,skip,,,,,,,<2y data,v1-2026-06-09,2026-06-09T16:04:40Z
SXI,Industrials,3518779136.0,CLEAR,CLEAR,,AGREE,done,0,0,0,0,3.51,,,v1-2026-06-09,2026-06-09T16:04:40Z
BBWI,Consumer Discretionary,3513222400.0,CLEAR,CLEAR,,AGREE,done,0,0,0,0,2.44,,,v1-2026-06-09,2026-06-09T16:04:40Z
OGN,Health Care,3508347392.0,CLEAR,CLEAR,,AGREE,done,0,0,0,0,3.17,,,v1-2026-06-09,2026-06-09T16:04:40Z
AVA,Utilities,3505522176.0,CLEAR,CLEAR,,AGREE,done,0,0,0,0,5.37,,,v1-2026-06-09,2026-06-09T16:04:40Z
HIMX,Unknown,3502472448.0,CLEAR,CLEAR,,AGREE,done,0,0,0,1,1.0,, | RAISE:Himax to Make Strategic Investment in FOCI Private Placement Financing; Companies to Unite FOCI’s World Leading CPO Technology wit,v1-2026-06-09,2026-06-09T16:04:40Z
KC,Unknown,3499631360.0,DISTRESSED-RECOVERABLE,DISTRESSED-RECOVERABLE,,AGREE,done,0,0,0,0,4.49,,,v1-2026-06-09,2026-06-09T16:04:40Z
STUB,Communication Services,3487812608.0,SKIP_lt2y,,,SKIP,skip,,,,,,,<2y data,v1-2026-06-09,2026-06-09T16:04:40Z
AB,Financials,3480227584.0,SKIP_lt2y,,,SKIP,skip,,,,,,,<2y data,v1-2026-06-09,2026-06-09T16:04:40Z
CRNX,Health Care,3471091456.0,WATCH,WATCH,,AGREE,done,0,0,0,1,8.14,, | RAISE:Crinetics Pharmaceuticals Announces Pricing of Upsized Public Offering of Common Stock,v1-2026-06-09,2026-06-09T16:04:40Z
KAI,Industrials,3463185664.0,CLEAR,CLEAR,,AGREE,done,0,0,0,0,4.5,,,v1-2026-06-09,2026-06-09T16:04:40Z
BATRA,Communication Services,3457351936.0,WATCH,WATCH,,AGREE,done,0,0,1,0,10.95,,,v1-2026-06-09,2026-06-09T16:04:40Z
FIBK,Financials,3455372288.0,CLEAR,CLEAR,,AGREE,done,0,0,0,0,6.66,,,v1-2026-06-09,2026-06-09T16:04:40Z
ARCB,Industrials,3452889600.0,CLEAR,CLEAR,,AGREE,done,0,0,0,0,3.04,,,v1-2026-06-09,2026-06-09T16:04:40Z
GPGI,Financials,3446452736.0,WATCH,WATCH,,AGREE,done,0,0,0,0,7.81,,,v1-2026-06-09,2026-06-09T16:04:40Z
CLBT,Information Technology,3444764160.0,CLEAR,CLEAR,,AGREE,done,0,0,0,0,1.75,,,v1-2026-06-09,2026-06-09T16:04:40Z
BTE,Energy,3443384064.0,CLEAR,CLEAR,,AGREE,done,0,0,0,0,1.0,,,v1-2026-06-09,2026-06-09T16:04:40Z
AAP,Consumer Discretionary,3427302400.0,WATCH,WATCH,,AGREE,done,0,0,0,0,7.05,,,v1-2026-06-09,2026-06-09T16:04:40Z
BKU,Financials,3426215936.0,CLEAR,CLEAR,,AGREE,done,0,0,0,0,4.49,,,v1-2026-06-09,2026-06-09T16:04:40Z
BTU,Materials,3423536384.0,DISTRESSED-RECOVERABLE,DISTRESSED-RECOVERABLE,,AGREE,done,0,0,0,0,3.98,,,v1-2026-06-09,2026-06-09T16:04:40Z
FIZZ,Consumer Staples,3418508032.0,CLEAR,CLEAR,,AGREE,done,0,0,0,0,9.78,,,v1-2026-06-09,2026-06-09T16:04:40Z
ICUI,Health Care,3414373632.0,CLEAR,CLEAR,,AGREE,done,0,0,0,0,5.58,,,v1-2026-06-09,2026-06-09T16:04:40Z
NHI,Financials,3413818112.0,CLEAR,CLEAR,,AGREE,done,0,0,0,0,3.46,,,v1-2026-06-09,2026-06-09T16:04:40Z
MSGE,Communication Services,3409761280.0,CLEAR,CLEAR,,AGREE,done,0,0,0,0,2.66,,,v1-2026-06-09,2026-06-09T16:04:40Z
ANF,Consumer Discretionary,3384609536.0,CLEAR,CLEAR,,AGREE,done,0,0,0,0,2.84,,,v1-2026-06-09,2026-06-09T16:04:40Z
UNFI,Industrials,3382934528.0,DISTRESSED-RECOVERABLE,DISTRESSED-RECOVERABLE,,AGREE,done,0,0,0,0,3.6,,,v1-2026-06-09,2026-06-09T16:04:40Z
GEO,Industrials,3381878784.0,CLEAR,CLEAR,,AGREE,done,0,0,0,0,4.21,,,v1-2026-06-09,2026-06-09T16:04:40Z
VGNT,Industrials,3360359680.0,SKIP_no_data,,,SKIP,skip,,,,,,,no cached fundamentals/context,v1-2026-06-09,2026-06-09T16:04:40Z
SMG,Materials,3355352064.0,CLEAR,CLEAR,,AGREE,done,0,0,0,0,4.96,,,v1-2026-06-09,2026-06-09T16:04:40Z
NSIT,Consumer Discretionary,3354748928.0,CLEAR,CLEAR,,AGREE,done,0,0,0,0,1.46,,,v1-2026-06-09,2026-06-09T16:04:40Z
SKYW,Industrials,3349310464.0,CLEAR,CLEAR,,AGREE,done,0,0,0,0,3.6,,,v1-2026-06-09,2026-06-09T16:04:40Z
AGO,Financials,3346425856.0,CLEAR,CLEAR,,AGREE,done,0,0,0,0,3.34,,,v1-2026-06-09,2026-06-09T16:04:40Z
CBU,Financials,3341967872.0,CLEAR,CLEAR,,AGREE,done,0,0,0,0,8.18,,,v1-2026-06-09,2026-06-09T16:04:40Z
ASO,Consumer Discretionary,3338296064.0,CLEAR,CLEAR,,AGREE,done,0,0,0,0,5.25,,,v1-2026-06-09,2026-06-09T16:04:40Z
CVI,Energy,3332589568.0,CLEAR,CLEAR,,AGREE,done,0,0,0,1,6.55,, | RAISE:CVR Energy Announces Pricing of Private Placement of $600 Million of 8.500% Senior Notes due 2029,v1-2026-06-09,2026-06-09T16:04:40Z
INOD,Information Technology,3329867008.0,CLEAR,CLEAR,,AGREE,done,0,0,0,0,1.0,,,v1-2026-06-09,2026-06-09T16:04:40Z
FHB,Financials,3327099648.0,CLEAR,CLEAR,,AGREE,done,0,0,0,0,6.85,,,v1-2026-06-09,2026-06-09T16:04:40Z
MCHB,Financials,3318802176.0,CLEAR,CLEAR,,AGREE,done,0,0,0,0,9.41,,,v1-2026-06-09,2026-06-09T16:04:40Z
GNW,Financials,3316859904.0,CLEAR,CLEAR,,AGREE,done,0,0,0,0,2.58,,,v1-2026-06-09,2026-06-09T16:04:40Z
WSBC,Financials,3307649280.0,CLEAR,CLEAR,,AGREE,done,0,0,0,0,3.77,,,v1-2026-06-09,2026-06-09T16:04:40Z
DLO,Industrials,3307584768.0,CLEAR,CLEAR,,AGREE,done,0,0,0,0,4.98,,,v1-2026-06-09,2026-06-09T16:04:40Z
VKTX,Health Care,3303205632.0,SKIP_lt2y,,,SKIP,skip,,,,,,,<2y data,v1-2026-06-09,2026-06-09T16:04:40Z
ARLP,Materials,3296238592.0,CLEAR,CLEAR,,AGREE,done,0,0,0,0,3.47,,,v1-2026-06-09,2026-06-09T16:04:40Z
CHEF,Industrials,3292385536.0,CLEAR,CLEAR,,AGREE,done,0,0,0,0,9.37,,,v1-2026-06-09,2026-06-09T16:04:40Z
CAKE,Consumer Discretionary,3285692928.0,CLEAR,CLEAR,,AGREE,done,0,0,0,0,7.3,,,v1-2026-06-09,2026-06-09T16:04:40Z
COLM,Consumer Discretionary,3284261632.0,CLEAR,CLEAR,,AGREE,done,0,0,0,0,4.36,,,v1-2026-06-09,2026-06-09T16:04:40Z
DAVE,Financials,3283454208.0,CLEAR,CLEAR,,AGREE,done,0,0,0,1,3.91,, | RAISE:Dave Announces Pricing of $175 Million 0% Convertible Notes,v1-2026-06-09,2026-06-09T16:04:40Z
SIG,Consumer Discretionary,3275777792.0,CLEAR,CLEAR,,AGREE,done,0,0,0,0,6.53,,,v1-2026-06-09,2026-06-09T16:04:40Z
ARX,Financials,3270838016.0,SKIP_lt2y,,,SKIP,skip,,,,,,,<2y data,v1-2026-06-09,2026-06-09T16:04:40Z
BFAM,Unknown,3270556928.0,CLEAR,CLEAR,,AGREE,done,0,0,0,0,1.33,,,v1-2026-06-09,2026-06-09T16:04:40Z
FUL,Materials,3262699264.0,CLEAR,CLEAR,,AGREE,done,0,0,0,0,5.46,,,v1-2026-06-09,2026-06-09T16:04:40Z
OSIS,Information Technology,3259161856.0,CLEAR,CLEAR,,AGREE,done,0,0,0,0,4.82,,,v1-2026-06-09,2026-06-09T16:04:40Z
NATL,Information Technology,3258177536.0,CLEAR,CLEAR,,AGREE,done,0,0,0,0,1.77,,,v1-2026-06-09,2026-06-09T16:04:40Z
KBH,Industrials,3257703936.0,CLEAR,CLEAR,,AGREE,done,0,0,0,0,6.71,,,v1-2026-06-09,2026-06-09T16:04:40Z
SKE,Unknown,3249769984.0,SKIP_lt2y,,,SKIP,skip,,,,,,,<2y data,v1-2026-06-09,2026-06-09T16:04:40Z
AKR,Financials,3247080704.0,DISTRESSED-RECOVERABLE,DISTRESSED-RECOVERABLE,,AGREE,done,0,0,1,0,16.99,,,v1-2026-06-09,2026-06-09T16:04:40Z
CON,Health Care,3239992064.0,CLEAR,CLEAR,,AGREE,done,0,0,0,0,1.91,,,v1-2026-06-09,2026-06-09T16:04:40Z
HAE,Health Care,3239389696.0,CLEAR,CLEAR,,AGREE,done,0,0,0,0,2.43,,,v1-2026-06-09,2026-06-09T16:04:40Z
FFBC,Financials,3237071360.0,CLEAR,CLEAR,,AGREE,done,0,0,0,0,5.11,,,v1-2026-06-09,2026-06-09T16:04:40Z
HWKN,Industrials,3236028160.0,CLEAR,CLEAR,,AGREE,done,0,0,0,0,6.76,,,v1-2026-06-09,2026-06-09T16:04:40Z
OPCH,Health Care,3220634112.0,CLEAR,CLEAR,,AGREE,done,0,0,0,0,2.8,,,v1-2026-06-09,2026-06-09T16:04:40Z
SHOO,Materials,3217951744.0,CLEAR,CLEAR,,AGREE,done,0,0,0,0,3.58,,,v1-2026-06-09,2026-06-09T16:04:40Z
NG,Materials,3216261888.0,SKIP_lt2y,,,SKIP,skip,,,,,,,<2y data,v1-2026-06-09,2026-06-09T16:04:40Z
AAUC,Unknown,3209971456.0,SKIP_no_data,,,SKIP,skip,,,,,,,no cached fundamentals/context,v1-2026-06-09,2026-06-09T16:04:40Z
SOUN,Information Technology,3198167552.0,WATCH,WATCH,,AGREE,done,0,0,0,0,4.08,,,v1-2026-06-09,2026-06-09T16:04:40Z
RHI,Information Technology,3197697792.0,CLEAR,CLEAR,,AGREE,done,0,0,1,0,13.13,,,v1-2026-06-09,2026-06-09T16:04:40Z
ADEA,Communication Services,3196312832.0,CLEAR,CLEAR,,AGREE,done,0,0,0,0,2.32,,,v1-2026-06-09,2026-06-09T16:04:40Z
KN,Information Technology,3187990016.0,CLEAR,CLEAR,,AGREE,done,0,0,0,0,3.0,,,v1-2026-06-09,2026-06-09T16:04:40Z
RUN,Information Technology,3185825536.0,AVOID,AVOID,insolvency,AVOID_unconfirmed,done,0,0,0,0,6.47,,no API distress/short signal (coverage may be thin),v1-2026-06-09,2026-06-09T16:04:40Z
LEU,Materials,3182664704.0,CLEAR,CLEAR,,AGREE,done,0,0,0,1,4.84,," | RAISE:Centrus Energy Stock Dips On Mixed Q3 Results, Announced Equity Offering Announcement",v1-2026-06-09,2026-06-09T16:04:40Z
BATRK,Communication Services,3180892160.0,WATCH,WATCH,,AGREE,done,0,0,0,0,3.71,,,v1-2026-06-09,2026-06-09T16:04:40Z
MMS,Industrials,3180793600.0,CLEAR,CLEAR,,AGREE,done,0,0,0,0,3.53,,,v1-2026-06-09,2026-06-09T16:04:40Z
ALHC,Financials,3177498880.0,CLEAR,CLEAR,,AGREE,done,0,0,0,1,2.71,, | RAISE:Alignment Healthcare Announces Pricing of Secondary Offering,v1-2026-06-09,2026-06-09T16:04:40Z
INFQ,Information Technology,3176946944.0,SKIP_lt2y,,,SKIP,skip,,,,,,,<2y data,v1-2026-06-09,2026-06-09T16:04:40Z
TDC,Information Technology,3171170048.0,CLEAR,CLEAR,,AGREE,done,0,0,0,0,4.85,,,v1-2026-06-09,2026-06-09T16:04:40Z
SA,Unknown,3166266880.0,SKIP_lt2y,,,SKIP,skip,,,,,,,<2y data,v1-2026-06-09,2026-06-09T16:04:40Z
SII,Unknown,3165842944.0,CLEAR,CLEAR,,AGREE,done,0,0,0,1,2.12,, | RAISE:Sprott Physical Uranium Trust Raises US$25.55 Million Through Non-Brokered Private Placement,v1-2026-06-09,2026-06-09T16:04:40Z
PENG,Information Technology,3146251008.0,CLEAR,CLEAR,,AGREE,done,0,0,0,1,2.13,, | RAISE:Penguin Solutions Announces Closing of $200 Million Strategic Investment from SK Telecom,v1-2026-06-09,2026-06-09T16:04:40Z
ARIS,Materials,3143471872.0,CLEAR,CLEAR,,AGREE,done,0,0,0,0,3.69,,,v1-2026-06-09,2026-06-09T16:04:40Z
VC,Industrials,3135479552.0,CLEAR,CLEAR,,AGREE,done,0,0,0,0,5.58,,,v1-2026-06-09,2026-06-09T16:04:40Z
CWK,Real Estate,3132597760.0,CLEAR,CLEAR,,AGREE,done,0,0,0,0,4.98,,,v1-2026-06-09,2026-06-09T16:04:40Z
HIW,Financials,3131390976.0,CLEAR,CLEAR,,AGREE,done,0,0,0,0,4.57,,,v1-2026-06-09,2026-06-09T16:04:40Z
PRK,Financials,3131346944.0,CLEAR,CLEAR,,AGREE,done,0,0,0,0,5.71,,,v1-2026-06-09,2026-06-09T16:04:40Z
SFNC,Financials,3130485504.0,CLEAR,CLEAR,,AGREE,done,0,0,0,0,5.39,,,v1-2026-06-09,2026-06-09T16:04:40Z
ITGR,Health Care,3123166208.0,CLEAR,CLEAR,,AGREE,done,0,0,0,0,6.89,,,v1-2026-06-09,2026-06-09T16:04:40Z
GPK,Materials,3118653184.0,CLEAR,CLEAR,,AGREE,done,0,0,0,0,4.64,,,v1-2026-06-09,2026-06-09T16:04:40Z
AVNT,Materials,3112643072.0,CLEAR,CLEAR,,AGREE,done,0,0,0,0,2.35,,,v1-2026-06-09,2026-06-09T16:04:40Z
BWLP,Industrials,3112199424.0,CLEAR,CLEAR,,AGREE,done,0,0,0,0,1.21,,,v1-2026-06-09,2026-06-09T16:04:40Z
VTMX,Unknown,3111902720.0,CLEAR,CLEAR,,AGREE,done,0,0,0,0,2.1,,,v1-2026-06-09,2026-06-09T16:04:40Z
PPLI,Information Technology,3101958656.0,DISTRESSED-RECOVERABLE,DISTRESSED-RECOVERABLE,,AGREE,done,0,0,0,0,,,,v1-2026-06-09,2026-06-09T16:04:40Z
DNLI,Health Care,3098014208.0,SKIP_lt2y,,,SKIP,skip,,,,,,,<2y data,v1-2026-06-09,2026-06-09T16:04:40Z
KEEL,Financials,3097641216.0,WATCH,WATCH,,AGREE,done,0,0,0,0,1.77,,,v1-2026-06-09,2026-06-09T16:04:40Z
AEHR,Health Care,3096572672.0,WATCH,WATCH,,AGREE,done,0,0,0,0,1.74,,,v1-2026-06-09,2026-06-09T16:04:40Z
BXMT,Financials,3095342592.0,CLEAR,CLEAR,,AGREE,done,0,0,0,0,6.92,,,v1-2026-06-09,2026-06-09T16:04:40Z
CURB,Real Estate,3089136640.0,CLEAR,CLEAR,,AGREE,done,0,0,1,0,12.5,,,v1-2026-06-09,2026-06-09T16:04:40Z
CC,Materials,3082743040.0,DISTRESSED-RECOVERABLE,DISTRESSED-RECOVERABLE,,AGREE,done,0,0,0,0,2.48,,,v1-2026-06-09,2026-06-09T16:04:40Z
LXP,Financials,3077910528.0,CLEAR,CLEAR,,AGREE,done,0,0,0,1,3.05,, | RAISE:LXP Industrial Trust Announces Pricing of Public Offering of $300 Million of Senior Notes,v1-2026-06-09,2026-06-09T16:04:40Z
VAC,Real Estate,3073360640.0,DISTRESSED-RECOVERABLE,DISTRESSED-RECOVERABLE,,AGREE,done,0,0,0,0,4.75,,,v1-2026-06-09,2026-06-09T16:04:40Z
AWR,Utilities,3071528192.0,CLEAR,CLEAR,,AGREE,done,0,0,0,0,3.24,,,v1-2026-06-09,2026-06-09T16:04:40Z
TENB,Information Technology,3071074560.0,CLEAR,CLEAR,,AGREE,done,0,0,0,0,4.98,,,v1-2026-06-09,2026-06-09T16:04:40Z
CLMT,Energy,3064964864.0,AVOID,AVOID,insolvency,AVOID_unconfirmed,done,0,1,0,0,4.45,,no API distress/short signal (coverage may be thin) | FR:Why Calumet Stock Is Up and Down Today,v1-2026-06-09,2026-06-09T16:04:40Z
BOH,Financials,3053195520.0,CLEAR,CLEAR,,AGREE,done,0,0,0,0,7.34,,,v1-2026-06-09,2026-06-09T16:04:40Z
HAYW,Industrials,3052669184.0,CLEAR,CLEAR,,AGREE,done,0,0,0,0,3.17,,,v1-2026-06-09,2026-06-09T16:04:40Z
SBLK,Unknown,3047024896.0,CLEAR,CLEAR,,AGREE,done,0,0,0,0,1.41,,,v1-2026-06-09,2026-06-09T16:04:40Z
ZIM,Unknown,3041912064.0,CLEAR,CLEAR,,AGREE,done,0,0,0,0,1.63,,,v1-2026-06-09,2026-06-09T16:04:40Z
ETOR,Financials,3040320512.0,SKIP_lt2y,,,SKIP,skip,,,,,,,<2y data,v1-2026-06-09,2026-06-09T16:04:40Z
UE,Real Estate,3038836736.0,CLEAR,CLEAR,,AGREE,done,0,0,0,0,5.65,,,v1-2026-06-09,2026-06-09T16:04:40Z
ATRO,Industrials,3036395008.0,CLEAR,CLEAR,,AGREE,done,0,0,0,0,4.19,,,v1-2026-06-09,2026-06-09T16:04:40Z
CRVL,Financials,3034627840.0,CLEAR,CLEAR,,AGREE,done,0,0,0,0,5.98,,,v1-2026-06-09,2026-06-09T16:04:40Z
HG,Financials,3026315520.0,CLEAR,CLEAR,,AGREE,done,0,0,0,0,2.29,,,v1-2026-06-09,2026-06-09T16:04:40Z
BEAM,Health Care,3024648960.0,WATCH,WATCH,,AGREE,done,0,0,1,1,12.57,, | RAISE:Beam Therapeutics Announces Pricing of Underwritten Offering,v1-2026-06-09,2026-06-09T16:04:40Z
GPOR,Energy,3019977728.0,CLEAR,CLEAR,,AGREE,done,0,0,0,0,2.19,,,v1-2026-06-09,2026-06-09T16:04:40Z
CTRI,Utilities,3011890432.0,CLEAR,CLEAR,,AGREE,done,0,0,0,0,1.5,,,v1-2026-06-09,2026-06-09T16:04:40Z
BHE,Information Technology,3010800896.0,CLEAR,CLEAR,,AGREE,done,0,0,0,0,2.79,,,v1-2026-06-09,2026-06-09T16:04:40Z
GEF.B,Materials,3010119680.0,CLEAR,CLEAR,,AGREE,done,0,0,0,0,9.11,,,v1-2026-06-09,2026-06-09T16:04:40Z
NHC,Health Care,3001001728.0,CLEAR,CLEAR,,AGREE,done,0,0,0,0,6.89,,,v1-2026-06-09,2026-06-09T16:04:40Z
USLM,Materials,3000429824.0,CLEAR,CLEAR,,AGREE,done,0,0,0,0,3.65,,,v1-2026-06-09,2026-06-09T16:04:40Z
FSK,Unknown,2996710656.0,CLEAR,CLEAR,,AGREE,done,0,0,0,0,2.86,,,v1-2026-06-09,2026-06-09T16:04:40Z
MPT,Financials,2978537728.0,DISTRESSED-RECOVERABLE,DISTRESSED-RECOVERABLE,,AGREE,done,0,0,1,0,21.6,,,v1-2026-06-09,2026-06-09T16:04:40Z
BULL,Unknown,2978184448.0,SKIP_no_data,,,SKIP,skip,,,,,,,no cached fundamentals/context,v1-2026-06-09,2026-06-09T16:04:40Z
BANC,Financials,2971474688.0,CLEAR,CLEAR,,AGREE,done,0,0,0,0,3.88,,,v1-2026-06-09,2026-06-09T16:04:40Z
CPK,Utilities,2971309056.0,CLEAR,CLEAR,,AGREE,done,0,0,0,0,5.44,,,v1-2026-06-09,2026-06-09T16:04:40Z
GRBK,Industrials,2968776448.0,CLEAR,CLEAR,,AGREE,done,0,0,0,0,8.39,,,v1-2026-06-09,2026-06-09T16:04:40Z
DK,Energy,2958962432.0,CLEAR,CLEAR,,AGREE,done,0,0,0,0,5.22,,,v1-2026-06-09,2026-06-09T16:04:40Z
BELFA,Information Technology,2952176896.0,CLEAR,CLEAR,,NEWS_NOTE,done,1,0,0,1,1.62,single news mention (kept screen bucket; investigate),single news mention of distress/fraud (investigate; not a screen error) | BK:Bel Announces Expected Impairment Charge Related to Innolectric Investment,v1-2026-06-09,2026-06-09T16:04:40Z
BSM,Energy,2951615744.0,CLEAR,CLEAR,,AGREE,done,0,0,0,0,8.27,,,v1-2026-06-09,2026-06-09T16:04:40Z
EFXT,Industrials,2947916800.0,CLEAR,CLEAR,,AGREE,done,0,0,0,1,1.12,, | RAISE:Enerflex Ltd. Announces Pricing of $400 Million Senior Unsecured Notes Offering,v1-2026-06-09,2026-06-09T16:04:40Z
NN,Health Care,2947037952.0,WATCH,WATCH,,AGREE,done,0,0,0,0,8.94,,,v1-2026-06-09,2026-06-09T16:04:40Z
BKD,Health Care,2947023104.0,AVOID,AVOID,insolvency,AVOID_unconfirmed,done,0,0,0,0,9.55,,no API distress/short signal (coverage may be thin),v1-2026-06-09,2026-06-09T16:04:40Z
RLAY,Health Care,2946553344.0,WATCH,WATCH,,AGREE,done,0,0,1,1,10.29,, | RAISE:Relay Therapeutics Announces Pricing of Public Offering of Common Stock,v1-2026-06-09,2026-06-09T16:04:40Z
ELF,Materials,2946467072.0,CLEAR,CLEAR,,AGREE,done,0,0,0,0,2.66,,,v1-2026-06-09,2026-06-09T16:04:40Z
MZTI,Consumer Staples,2944066816.0,CLEAR,CLEAR,,AGREE,done,0,0,0,0,3.44,,,v1-2026-06-09,2026-06-09T16:04:40Z
PHIN,Industrials,2942394112.0,CLEAR,CLEAR,,AGREE,done,0,0,0,0,7.81,,,v1-2026-06-09,2026-06-09T16:04:40Z
SBCF,Financials,2932962560.0,CLEAR,CLEAR,,AGREE,done,0,0,0,0,6.3,,,v1-2026-06-09,2026-06-09T16:04:40Z
PFS,Financials,2932057856.0,CLEAR,CLEAR,,AGREE,done,0,0,0,0,5.89,,,v1-2026-06-09,2026-06-09T16:04:40Z
TNGX,Health Care,2924782080.0,WATCH,WATCH,,AGREE,done,0,0,1,1,10.0,, | RAISE:Tango Therapeutics Announces $80 million Private Placement Financing,v1-2026-06-09,2026-06-09T16:04:40Z
IPAR,Materials,2922992896.0,CLEAR,CLEAR,,AGREE,done,0,0,0,0,5.51,,,v1-2026-06-09,2026-06-09T16:04:40Z
NIC,Financials,2917461248.0,CLEAR,CLEAR,,AGREE,done,0,0,0,0,4.24,,,v1-2026-06-09,2026-06-09T16:04:40Z
RCUS,Health Care,2916679680.0,WATCH,WATCH,,AGREE,done,0,0,1,0,11.22,,,v1-2026-06-09,2026-06-09T16:04:40Z
TRMD,Unknown,2911320832.0,CLEAR,CLEAR,,AGREE,done,0,0,0,0,1.0,,,v1-2026-06-09,2026-06-09T16:04:40Z
HSAI,Unknown,2905559296.0,CLEAR,CLEAR,,AGREE,done,0,0,0,0,3.85,,,v1-2026-06-09,2026-06-09T16:04:40Z
NTCT,Information Technology,2901990912.0,CLEAR,CLEAR,,AGREE,done,0,0,0,0,3.85,,,v1-2026-06-09,2026-06-09T16:04:40Z
DBRG,Financials,2895229440.0,CLEAR,CLEAR,,AGREE,done,0,0,0,0,5.79,,,v1-2026-06-09,2026-06-09T16:04:40Z
EXPO,Industrials,2894203648.0,CLEAR,CLEAR,,AGREE,done,0,0,0,0,5.61,,,v1-2026-06-09,2026-06-09T16:04:40Z
KALU,Materials,2890653184.0,CLEAR,CLEAR,,AGREE,done,0,0,0,0,2.49,,,v1-2026-06-09,2026-06-09T16:04:40Z
TTAM,Unknown,2888959744.0,SKIP_lt2y,,,SKIP,skip,,,,,,,<2y data,v1-2026-06-09,2026-06-09T16:04:40Z
TR,Consumer Staples,2885821696.0,CLEAR,CLEAR,,AGREE,done,0,0,1,0,18.03,,,v1-2026-06-09,2026-06-09T16:04:40Z
PLMR,Financials,2875935232.0,CLEAR,CLEAR,,AGREE,done,0,0,0,0,2.2,,,v1-2026-06-09,2026-06-09T16:04:40Z
BGSI,Unknown,2869558016.0,SKIP_no_data,,,SKIP,skip,,,,,,,no cached fundamentals/context,v1-2026-06-09,2026-06-09T16:04:40Z
QTWO,Information Technology,2861465344.0,CLEAR,CLEAR,,AGREE,done,0,0,0,0,3.24,,,v1-2026-06-09,2026-06-09T16:04:40Z
HTGC,Unknown,2859172096.0,WATCH,WATCH,,AGREE,done,0,0,0,0,5.02,,,v1-2026-06-09,2026-06-09T16:04:40Z
TMC,Materials,2856563456.0,SKIP_lt2y,,,SKIP,skip,,,,,,,<2y data,v1-2026-06-09,2026-06-09T16:04:40Z
MGEE,Utilities,2855901952.0,CLEAR,CLEAR,,AGREE,done,0,0,0,0,3.48,,,v1-2026-06-09,2026-06-09T16:04:40Z
UPST,Financials,2846461952.0,WATCH,WATCH,,AGREE,done,0,0,0,0,5.01,,,v1-2026-06-09,2026-06-09T16:04:40Z
WOR,Materials,2839514880.0,CLEAR,CLEAR,,AGREE,done,0,0,0,0,5.23,,,v1-2026-06-09,2026-06-09T16:04:40Z
BKV,Energy,2838582528.0,CLEAR,CLEAR,,AGREE,done,0,0,0,0,4.3,,,v1-2026-06-09,2026-06-09T16:04:40Z
UNIT,Communication Services,2836086784.0,SKIP_lt2y,,,SKIP,skip,,,,,,,<2y data,v1-2026-06-09,2026-06-09T16:04:40Z
PPTA,Materials,2833390592.0,SKIP_lt2y,,,SKIP,skip,,,,,,,<2y data,v1-2026-06-09,2026-06-09T16:04:40Z
LFST,Health Care,2829393152.0,CLEAR,CLEAR,,AGREE,done,0,0,0,1,1.08,, | RAISE:LifeStance Health Group Announces Pricing of Secondary Public Offering,v1-2026-06-09,2026-06-09T16:04:40Z
PK,Consumer Discretionary,2829133824.0,DISTRESSED-RECOVERABLE,DISTRESSED-RECOVERABLE,,AGREE,done,0,0,0,1,7.91,, | RAISE:Park Hotels & Resorts Inc. Announces Upsizing and Pricing of Senior Notes Offering,v1-2026-06-09,2026-06-09T16:04:40Z
FSLY,Information Technology,2827954944.0,DISTRESSED-RECOVERABLE,DISTRESSED-RECOVERABLE,,AGREE,done,0,0,0,0,1.48,,,v1-2026-06-09,2026-06-09T16:04:40Z
DYN,Health Care,2816947200.0,SKIP_lt2y,,,SKIP,skip,,,,,,,<2y data,v1-2026-06-09,2026-06-09T16:04:40Z
DBD,Information Technology,2809747712.0,CLEAR,CLEAR,,AGREE,done,0,0,0,0,7.55,,,v1-2026-06-09,2026-06-09T16:04:40Z
PATK,Industrials,2799871232.0,CLEAR,CLEAR,,AGREE,done,0,0,0,0,4.02,,,v1-2026-06-09,2026-06-09T16:04:40Z
CECO,Industrials,2798813952.0,CLEAR,CLEAR,,AGREE,done,0,0,0,0,5.94,,,v1-2026-06-09,2026-06-09T16:04:40Z
OLN,Materials,2795051264.0,DISTRESSED-RECOVERABLE,DISTRESSED-RECOVERABLE,,AGREE,done,0,0,0,0,4.83,,,v1-2026-06-09,2026-06-09T16:04:40Z
IHS,Unknown,2794369536.0,CLEAR,CLEAR,,AGREE,done,0,0,0,0,1.0,,,v1-2026-06-09,2026-06-09T16:04:40Z
PARR,Energy,2791030272.0,CLEAR,CLEAR,,AGREE,done,0,0,0,1,2.99,, | RAISE:Par Pacific Announces Pricing of Private Placement of $500 Million of 7.375% Senior Notes due 2034,v1-2026-06-09,2026-06-09T16:04:40Z
AMPX,Information Technology,2788638976.0,WATCH,WATCH,,AGREE,done,0,0,0,0,2.24,,,v1-2026-06-09,2026-06-09T16:04:40Z
WRBY,Health Care,2788090112.0,CLEAR,CLEAR,,AGREE,done,0,0,0,0,3.33,,,v1-2026-06-09,2026-06-09T16:04:40Z
AMBA,Information Technology,2786507008.0,CLEAR,CLEAR,,AGREE,done,0,0,0,0,2.49,,,v1-2026-06-09,2026-06-09T16:04:40Z
WT,Financials,2780472320.0,CLEAR,CLEAR,,AGREE,done,0,0,0,0,5.02,,,v1-2026-06-09,2026-06-09T16:04:40Z
NMIH,Financials,2776772352.0,CLEAR,CLEAR,,AGREE,done,0,0,0,0,2.85,,,v1-2026-06-09,2026-06-09T16:04:40Z
RH,Consumer Discretionary,2771419648.0,CLEAR,CLEAR,,AGREE,done,0,0,0,0,6.76,,,v1-2026-06-09,2026-06-09T16:04:40Z
DX,Financials,2768992256.0,SKIP_lt2y,,,SKIP,skip,,,,,,,<2y data,v1-2026-06-09,2026-06-09T16:04:40Z
DKL,Energy,2767405056.0,DISTRESSED-RECOVERABLE,DISTRESSED-RECOVERABLE,,AGREE,done,0,0,0,0,8.9,,,v1-2026-06-09,2026-06-09T16:04:40Z
WK,Information Technology,2757143040.0,CLEAR,CLEAR,,AGREE,done,0,0,0,0,2.59,,,v1-2026-06-09,2026-06-09T16:04:40Z
AEO,Consumer Discretionary,2754905600.0,CLEAR,CLEAR,,AGREE,done,0,0,0,0,3.91,,,v1-2026-06-09,2026-06-09T16:04:40Z
CWT,Utilities,2742476544.0,CLEAR,CLEAR,,AGREE,done,0,0,0,0,3.76,,,v1-2026-06-09,2026-06-09T16:04:40Z
DNN,Materials,2742201344.0,WATCH,WATCH,,AGREE,done,0,0,0,1,3.1,, | RAISE:Skyharbour Closes $5.25 Million Private Placement of Flow-Through Shares,v1-2026-06-09,2026-06-09T16:04:40Z
FBK,Financials,2740017920.0,CLEAR,CLEAR,,AGREE,done,0,0,0,0,6.71,,,v1-2026-06-09,2026-06-09T16:04:40Z
WDFC,Materials,2736694272.0,CLEAR,CLEAR,,AGREE,done,0,0,0,0,4.02,,,v1-2026-06-09,2026-06-09T16:04:40Z
CCC,Information Technology,2735142912.0,CLEAR,CLEAR,,AGREE,done,0,0,0,0,2.8,,,v1-2026-06-09,2026-06-09T16:04:40Z
PRVA,Health Care,2725647616.0,CLEAR,CLEAR,,AGREE,done,0,0,0,0,2.62,,,v1-2026-06-09,2026-06-09T16:04:40Z
FA,Information Technology,2724008192.0,DISTRESSED-RECOVERABLE,DISTRESSED-RECOVERABLE,,AGREE,done,0,0,0,0,8.92,,,v1-2026-06-09,2026-06-09T16:04:40Z
CHRN,Industrials,2723067136.0,AVOID,AVOID,cash_burn,AVOID_unconfirmed,done,0,0,0,0,1.01,,no API distress/short signal (coverage may be thin),v1-2026-06-09,2026-06-09T16:04:40Z
ATKR,Information Technology,2721979136.0,DISTRESSED-RECOVERABLE,DISTRESSED-RECOVERABLE,,AGREE,done,0,0,0,0,1.84,,,v1-2026-06-09,2026-06-09T16:04:40Z
FCPT,Financials,2710805248.0,CLEAR,CLEAR,,AGREE,done,0,0,0,0,6.29,,,v1-2026-06-09,2026-06-09T16:04:40Z
ADPT,Health Care,2704750080.0,WATCH,WATCH,,AGREE,done,0,0,0,0,4.55,,,v1-2026-06-09,2026-06-09T16:04:40Z
ERO,Materials,2688286208.0,CLEAR,CLEAR,,AGREE,done,0,0,0,0,2.03,,,v1-2026-06-09,2026-06-09T16:04:40Z
HLIO,Materials,2685677312.0,CLEAR,CLEAR,,AGREE,done,0,0,0,0,2.67,,,v1-2026-06-09,2026-06-09T16:04:40Z
MGRC,Information Technology,2674285568.0,CLEAR,CLEAR,,AGREE,done,0,0,0,0,2.23,,,v1-2026-06-09,2026-06-09T16:04:40Z
GPCR,Health Care,2670980352.0,SKIP_lt2y,,,SKIP,skip,,,,,,,<2y data,v1-2026-06-09,2026-06-09T16:04:40Z
WOLF,Information Technology,2661549824.0,AVOID,AVOID,insolvency,CORROBORATED,done,1,0,0,0,2.19,API event/short-interest confirms the fundamentals AVOID,API distress/short-interest confirms | BK:Forget About Micron: The Hottest US Semiconductor Stock Is Already Up 100% This Month,v1-2026-06-09,2026-06-09T16:04:40Z
CALY,Consumer Discretionary,2660412160.0,DISTRESSED-RECOVERABLE,DISTRESSED-RECOVERABLE,,AGREE,done,0,0,0,0,1.67,,,v1-2026-06-09,2026-06-09T16:04:40Z
VVX,Industrials,2659512576.0,CLEAR,CLEAR,,AGREE,done,0,0,0,0,1.0,,,v1-2026-06-09,2026-06-09T16:04:40Z
ARQT,Health Care,2655520000.0,WATCH,WATCH,,AGREE,done,0,0,0,0,7.3,,,v1-2026-06-09,2026-06-09T16:04:40Z
VISN,Information Technology,2650443264.0,AVOID,AVOID,insolvency,AVOID_unconfirmed,done,0,0,0,0,2.0,,no API distress/short signal (coverage may be thin),v1-2026-06-09,2026-06-09T16:04:40Z
APAM,Financials,2640239104.0,CLEAR,CLEAR,,AGREE,done,0,0,0,0,8.14,,,v1-2026-06-09,2026-06-09T16:04:40Z
AAMI,Financials,2636545024.0,WATCH,WATCH,,AGREE,done,0,0,0,0,2.12,,,v1-2026-06-09,2026-06-09T16:04:40Z
FSM,Unknown,2632699392.0,CLEAR,CLEAR,,AGREE,done,0,0,0,1,2.77,, | RAISE:Fortuna Completes Strategic Investment in Awalé Resources Limited and Files Early Warning Report,v1-2026-06-09,2026-06-09T16:04:40Z
PAY,Industrials,2628997120.0,CLEAR,CLEAR,,AGREE,done,0,0,0,0,2.85,,,v1-2026-06-09,2026-06-09T16:04:40Z
WAFD,Financials,2628213248.0,CLEAR,CLEAR,,AGREE,done,0,0,0,0,5.95,,,v1-2026-06-09,2026-06-09T16:04:40Z
HUBG,Industrials,2625320192.0,CLEAR,CLEAR,,NEWS_NOTE,done,0,1,0,0,3.61,single news mention (kept screen bucket; investigate),single news mention of distress/fraud (investigate; not a screen error) | FR:Logistics Stock Drops 34% After Accounting Error as $30 Million Stake Emerges,v1-2026-06-09,2026-06-09T16:04:40Z
FRSH,Information Technology,2612302848.0,CLEAR,CLEAR,,AGREE,done,0,0,0,0,1.97,,,v1-2026-06-09,2026-06-09T16:04:40Z
ATS,Industrials,2611432192.0,CLEAR,CLEAR,,AGREE,done,0,0,1,0,13.37,,,v1-2026-06-09,2026-06-09T16:04:40Z
IVT,Financials,2606954496.0,CLEAR,CLEAR,,AGREE,done,0,0,0,0,7.3,,,v1-2026-06-09,2026-06-09T16:04:40Z
WERN,Industrials,2605432064.0,DISTRESSED-RECOVERABLE,DISTRESSED-RECOVERABLE,,AGREE,done,0,0,0,0,2.5,,,v1-2026-06-09,2026-06-09T16:04:40Z
TRN,Industrials,2604600064.0,DISTRESSED-RECOVERABLE,DISTRESSED-RECOVERABLE,,AGREE,done,0,0,0,0,6.13,,,v1-2026-06-09,2026-06-09T16:04:40Z
SUPN,Health Care,2597277440.0,CLEAR,CLEAR,,AGREE,done,0,0,0,0,5.29,,,v1-2026-06-09,2026-06-09T16:04:40Z
SAH,Consumer Discretionary,2596593408.0,CLEAR,CLEAR,,AGREE,done,0,0,0,0,7.1,,,v1-2026-06-09,2026-06-09T16:04:40Z
TRMK,Financials,2587435008.0,CLEAR,CLEAR,,AGREE,done,0,0,0,0,9.17,,,v1-2026-06-09,2026-06-09T16:04:40Z
BRZE,Information Technology,2580391680.0,CLEAR,CLEAR,,AGREE,done,0,0,0,0,4.36,,,v1-2026-06-09,2026-06-09T16:04:40Z
HOG,Industrials,2578020864.0,CLEAR,CLEAR,,AGREE,done,0,0,0,0,4.21,,,v1-2026-06-09,2026-06-09T16:04:40Z
GRAL,Health Care,2574137088.0,WATCH,WATCH,,AGREE,done,0,0,1,0,11.41,,,v1-2026-06-09,2026-06-09T16:04:40Z
PENN,Consumer Discretionary,2573807872.0,DISTRESSED-RECOVERABLE,DISTRESSED-RECOVERABLE,,AGREE,done,0,0,0,0,5.81,,,v1-2026-06-09,2026-06-09T16:04:40Z
ASH,Industrials,2573273088.0,WATCH,WATCH,,AGREE,done,0,0,0,0,4.34,,,v1-2026-06-09,2026-06-09T16:04:40Z
AMR,Materials,2573185792.0,CLEAR,CLEAR,,AGREE,done,0,0,0,0,6.11,,,v1-2026-06-09,2026-06-09T16:04:40Z
DFTX,Materials,2568522752.0,SKIP_lt2y,,,SKIP,skip,,,,,,,<2y data,v1-2026-06-09,2026-06-09T16:04:40Z
GRDN,Consumer Discretionary,2563219200.0,CLEAR,CLEAR,,AGREE,done,0,0,0,0,6.28,,,v1-2026-06-09,2026-06-09T16:04:40Z
IRON,Health Care,2559339008.0,SKIP_lt2y,,,SKIP,skip,,,,,,,<2y data,v1-2026-06-09,2026-06-09T16:04:40Z
WHR,Information Technology,2558568704.0,CLEAR,CLEAR,,AGREE,done,0,0,0,0,3.0,,,v1-2026-06-09,2026-06-09T16:04:40Z
KD,Information Technology,2555449344.0,CLEAR,CLEAR,,AGREE,done,0,0,0,0,4.36,,,v1-2026-06-09,2026-06-09T16:04:40Z
SPNT,Financials,2553015040.0,CLEAR,CLEAR,,AGREE,done,0,0,0,1,4.24,," | RAISE:SiriusPoint Announces Pricing of Secondary Offering of 4,106,631 Common Shares by Entities Associated with Daniel S. Loeb and Repu",v1-2026-06-09,2026-06-09T16:04:40Z
TARS,Health Care,2550460416.0,WATCH,WATCH,,AGREE,done,0,0,0,1,5.73,, | RAISE:Tarsus Announces Pricing of Upsized $125.0 Million Public Offering,v1-2026-06-09,2026-06-09T16:04:40Z
EEFT,Financials,2541131776.0,CLEAR,CLEAR,,AGREE,done,0,0,0,0,7.43,,,v1-2026-06-09,2026-06-09T16:04:40Z
WTTR,Energy,2531756800.0,CLEAR,CLEAR,,AGREE,done,0,0,0,0,2.03,,,v1-2026-06-09,2026-06-09T16:04:40Z
STNE,Unknown,2529573376.0,AVOID,AVOID,cash_burn,AVOID_unconfirmed,done,0,0,0,0,2.93,,no API distress/short signal (coverage may be thin),v1-2026-06-09,2026-06-09T16:04:40Z
OUST,Industrials,2526542592.0,WATCH,WATCH,,AGREE,done,0,0,0,0,1.04,,,v1-2026-06-09,2026-06-09T16:04:40Z
VNET,Unknown,2516674304.0,DISTRESSED-RECOVERABLE,DISTRESSED-RECOVERABLE,,AGREE,done,0,0,0,0,2.91,,,v1-2026-06-09,2026-06-09T16:04:40Z
FRME,Financials,2516497920.0,CLEAR,CLEAR,,AGREE,done,0,0,0,0,3.97,,,v1-2026-06-09,2026-06-09T16:04:40Z
CENT,Industrials,2512842496.0,CLEAR,CLEAR,,AGREE,done,0,0,0,0,5.83,,,v1-2026-06-09,2026-06-09T16:04:40Z
INTR,Unknown,2503239168.0,CLEAR,CLEAR,,AGREE,done,0,0,0,1,1.38,, | RAISE:Inter&Co Announces Commencement of Follow-on Public Offering of its Class A Common Shares,v1-2026-06-09,2026-06-09T16:04:40Z
TNK,Unknown,2501286400.0,CLEAR,CLEAR,,AGREE,done,0,0,0,0,2.27,,,v1-2026-06-09,2026-06-09T16:04:40Z
CUBI,Financials,2498659328.0,CLEAR,CLEAR,,AGREE,done,0,0,0,0,6.61,,,v1-2026-06-09,2026-06-09T16:04:40Z
PTON,Consumer Discretionary,2498363392.0,AVOID,AVOID,insolvency,AVOID_unconfirmed,done,0,0,0,0,3.95,,no API distress/short signal (coverage may be thin),v1-2026-06-09,2026-06-09T16:04:40Z
AGYS,Information Technology,2493309696.0,CLEAR,CLEAR,,AGREE,done,0,0,0,0,4.04,,,v1-2026-06-09,2026-06-09T16:04:40Z
HUN,Materials,2491710976.0,WATCH,WATCH,,AGREE,done,0,0,0,0,4.81,,,v1-2026-06-09,2026-06-09T16:04:40Z
ABM,Information Technology,2489986304.0,CLEAR,CLEAR,,AGREE,done,0,0,0,0,6.88,,,v1-2026-06-09,2026-06-09T16:04:40Z
KMT,Industrials,2486735872.0,CLEAR,CLEAR,,AGREE,done,0,0,0,0,1.51,,,v1-2026-06-09,2026-06-09T16:04:40Z
DGII,Information Technology,2486459904.0,CLEAR,CLEAR,,AGREE,done,0,0,0,0,4.81,,,v1-2026-06-09,2026-06-09T16:04:40Z
IDYA,Health Care,2485585408.0,WATCH,WATCH,,AGREE,done,0,0,1,0,13.96,,,v1-2026-06-09,2026-06-09T16:04:40Z
ANDE,Industrials,2479475712.0,CLEAR,CLEAR,,AGREE,done,0,0,0,0,1.86,,,v1-2026-06-09,2026-06-09T16:04:40Z
CARG,Information Technology,2472930304.0,CLEAR,CLEAR,,AGREE,done,0,0,0,0,4.74,,,v1-2026-06-09,2026-06-09T16:04:40Z
FLOC,Industrials,2472082176.0,SKIP_lt2y,,,SKIP,skip,,,,,,,<2y data,v1-2026-06-09,2026-06-09T16:04:40Z
NIQ,Information Technology,2464388608.0,SKIP_lt2y,,,SKIP,skip,,,,,,,<2y data,v1-2026-06-09,2026-06-09T16:04:40Z
VOYG,Industrials,2462342144.0,SKIP_lt2y,,,SKIP,skip,,,,,,,<2y data,v1-2026-06-09,2026-06-09T16:04:40Z
ROG,Materials,2457207808.0,CLEAR,CLEAR,,AGREE,done,0,0,0,0,1.4,,,v1-2026-06-09,2026-06-09T16:04:40Z
DEI,Financials,2453182976.0,DISTRESSED-RECOVERABLE,DISTRESSED-RECOVERABLE,,AGREE,done,0,0,0,0,9.57,,,v1-2026-06-09,2026-06-09T16:04:40Z
FBNC,Financials,2452320768.0,CLEAR,CLEAR,,AGREE,done,0,0,0,0,9.88,,,v1-2026-06-09,2026-06-09T16:04:40Z
RLX,Unknown,2444509184.0,CLEAR,CLEAR,,AGREE,done,0,0,0,0,2.88,,,v1-2026-06-09,2026-06-09T16:04:40Z
FRPT,Consumer Staples,2444362496.0,CLEAR,CLEAR,,AGREE,done,0,0,0,0,4.66,,,v1-2026-06-09,2026-06-09T16:04:40Z
OSW,Communication Services,2443462400.0,CLEAR,CLEAR,,AGREE,done,0,0,0,0,7.18,,,v1-2026-06-09,2026-06-09T16:04:40Z
KWR,Energy,2443284992.0,DISTRESSED-RECOVERABLE,DISTRESSED-RECOVERABLE,,AGREE,done,0,0,1,0,10.83,,,v1-2026-06-09,2026-06-09T16:04:40Z
DXPE,Industrials,2440536064.0,CLEAR,CLEAR,,AGREE,done,0,0,0,0,1.71,,,v1-2026-06-09,2026-06-09T16:04:40Z
BW,Materials,2435014912.0,AVOID,AVOID,insolvency,AVOID_unconfirmed,done,0,0,0,0,2.11,,no API distress/short signal (coverage may be thin),v1-2026-06-09,2026-06-09T16:04:40Z
TGB,Unknown,2431554816.0,DISTRESSED-RECOVERABLE,DISTRESSED-RECOVERABLE,,NEWS_NOTE,done,1,0,0,0,1.53,single news mention (kept screen bucket; investigate),"single news mention of distress/fraud (investigate; not a screen error) | BK:Why Shares Of Oil & Gas Companies Are Trading Lower, Here Are 62 Stocks Moving In Friday's Mid-Day Session",v1-2026-06-09,2026-06-09T16:04:40Z
ALMS,Health Care,2429997056.0,AVOID,AVOID,cash_burn,CORROBORATED,done,0,0,1,1,14.08,API event/short-interest confirms the fundamentals AVOID,API distress/short-interest confirms | RAISE:Alumis Announces Pricing of Upsized Public Offering of Common Stock,v1-2026-06-09,2026-06-09T16:04:40Z
NYAX,Unknown,2429579008.0,CLEAR,CLEAR,,AGREE,done,0,0,0,1,1.37,, | RAISE:Nayax Announces Pricing of Public Offering,v1-2026-06-09,2026-06-09T16:04:40Z
HTFL,Health Care,2423367424.0,SKIP_lt2y,,,SKIP,skip,,,,,,,<2y data,v1-2026-06-09,2026-06-09T16:04:40Z
BBT,Financials,2416417792.0,CLEAR,CLEAR,,AGREE,done,0,0,0,0,4.79,,,v1-2026-06-09,2026-06-09T16:04:40Z
DNOW,Industrials,2415083264.0,DISTRESSED-RECOVERABLE,DISTRESSED-RECOVERABLE,,AGREE,done,0,0,0,0,3.29,,,v1-2026-06-09,2026-06-09T16:04:40Z
HYMC,Materials,2414660608.0,SKIP_lt2y,,,SKIP,skip,,,,,,,<2y data,v1-2026-06-09,2026-06-09T16:04:40Z
NBTB,Financials,2413794816.0,CLEAR,CLEAR,,AGREE,done,0,0,0,0,4.51,,,v1-2026-06-09,2026-06-09T16:04:40Z
TALO,Energy,2410408704.0,WATCH,WATCH,,AGREE,done,0,0,0,0,4.8,,,v1-2026-06-09,2026-06-09T16:04:40Z
EOSE,Information Technology,2403759104.0,WATCH,WATCH,,AGREE,done,0,0,0,0,2.9,,,v1-2026-06-09,2026-06-09T16:04:40Z
HTO,Utilities,2402885376.0,CLEAR,CLEAR,,AGREE,done,0,0,1,0,10.41,,,v1-2026-06-09,2026-06-09T16:04:40Z
TMDX,Health Care,2399564032.0,CLEAR,CLEAR,,AGREE,done,0,0,0,0,3.38,,,v1-2026-06-09,2026-06-09T16:04:40Z
UTI,Consumer Discretionary,2399024384.0,CLEAR,CLEAR,,AGREE,done,0,0,0,0,3.65,,,v1-2026-06-09,2026-06-09T16:04:40Z
BCC,Industrials,2395717376.0,CLEAR,CLEAR,,AGREE,done,0,0,0,0,1.66,,,v1-2026-06-09,2026-06-09T16:04:40Z
PAGS,Unknown,2384299776.0,CLEAR,CLEAR,,AGREE,done,0,0,0,0,5.22,,,v1-2026-06-09,2026-06-09T16:04:40Z
DRH,Financials,2383231232.0,CLEAR,CLEAR,,AGREE,done,0,0,0,0,7.27,,,v1-2026-06-09,2026-06-09T16:04:40Z
CALX,Communication Services,2377166336.0,CLEAR,CLEAR,,AGREE,done,0,0,0,0,7.28,,,v1-2026-06-09,2026-06-09T16:04:40Z
UAA,Consumer Discretionary,2370366464.0,WATCH,WATCH,,AGREE,done,0,0,0,0,4.54,,,v1-2026-06-09,2026-06-09T16:04:40Z
EXK,Materials,2368550400.0,DISTRESSED-RECOVERABLE,DISTRESSED-RECOVERABLE,,AGREE,done,0,0,0,1,2.08,, | RAISE:Endeavour Silver Prices Offering of Convertible Senior Notes,v1-2026-06-09,2026-06-09T16:04:40Z
AMBP,Materials,2354962944.0,AVOID,AVOID,insolvency,AVOID_unconfirmed,done,0,0,0,0,6.92,,no API distress/short signal (coverage may be thin),v1-2026-06-09,2026-06-09T16:04:40Z
SVM,Unknown,2353594880.0,CLEAR,CLEAR,,AGREE,done,0,0,0,0,6.71,,,v1-2026-06-09,2026-06-09T16:04:40Z
PIII,Health Care,2353078784.0,AVOID,AVOID,insolvency,AVOID_unconfirmed,done,0,0,0,0,1.0,,no API distress/short signal (coverage may be thin),v1-2026-06-09,2026-06-09T16:04:40Z
MTX,Materials,2351392256.0,DISTRESSED-RECOVERABLE,DISTRESSED-RECOVERABLE,,AGREE,done,0,0,0,0,1.36,,,v1-2026-06-09,2026-06-09T16:04:40Z
DAC,Industrials,2351349248.0,CLEAR,CLEAR,,AGREE,done,0,0,0,0,4.66,,,v1-2026-06-09,2026-06-09T16:04:40Z
COHU,Health Care,2349804032.0,CLEAR,CLEAR,,AGREE,done,0,0,0,0,4.6,,,v1-2026-06-09,2026-06-09T16:04:40Z
AERO,Industrials,2347585792.0,SKIP_lt2y,,,SKIP,skip,,,,,,,<2y data,v1-2026-06-09,2026-06-09T16:04:40Z
HE,Utilities,2337486336.0,CLEAR,CLEAR,,AGREE,done,0,0,0,0,7.33,,,v1-2026-06-09,2026-06-09T16:04:40Z
WU,Industrials,2337014528.0,CLEAR,CLEAR,,AGREE,done,0,0,0,0,6.71,,,v1-2026-06-09,2026-06-09T16:04:40Z
BUSE,Financials,2332637952.0,CLEAR,CLEAR,,AGREE,done,0,0,0,0,6.78,,,v1-2026-06-09,2026-06-09T16:04:40Z
MH,Communication Services,2332128512.0,SKIP_no_data,,,SKIP,skip,,,,,,,no cached fundamentals/context,v1-2026-06-09,2026-06-09T16:04:40Z
VERA,Health Care,2317870080.0,SKIP_lt2y,,,SKIP,skip,,,,,,,<2y data,v1-2026-06-09,2026-06-09T16:04:40Z
BAND,Information Technology,2311649536.0,DISTRESSED-RECOVERABLE,DISTRESSED-RECOVERABLE,,AGREE,done,0,0,0,0,1.0,,,v1-2026-06-09,2026-06-09T16:04:40Z
BKE,Consumer Discretionary,2309040640.0,CLEAR,CLEAR,,AGREE,done,0,0,0,0,8.21,,,v1-2026-06-09,2026-06-09T16:04:40Z
UA,Consumer Discretionary,2297891072.0,WATCH,WATCH,,AGREE,done,0,0,0,0,7.05,,,v1-2026-06-09,2026-06-09T16:04:40Z
CXW,Financials,2295201280.0,CLEAR,CLEAR,,NEWS_NOTE,done,0,1,0,1,1.67,single news mention (kept screen bucket; investigate),single news mention of distress/fraud (investigate; not a screen error) | FR:CoreCivic Enters Into Amendment and Extension of Bank Credit Facility,v1-2026-06-09,2026-06-09T16:04:40Z
NGVT,Materials,2294583552.0,DISTRESSED-RECOVERABLE,DISTRESSED-RECOVERABLE,,AGREE,done,0,0,0,0,3.74,,,v1-2026-06-09,2026-06-09T16:04:40Z
NTB,Unknown,2293848576.0,CLEAR,CLEAR,,AGREE,done,0,0,0,0,2.1,,,v1-2026-06-09,2026-06-09T16:04:40Z
CMPR,Communication Services,2291144192.0,CLEAR,CLEAR,,AGREE,done,0,0,1,0,10.44,,,v1-2026-06-09,2026-06-09T16:04:40Z
DJT,Information Technology,2290408192.0,CLEAR,CLEAR,,AGREE,done,0,0,0,0,2.73,,,v1-2026-06-09,2026-06-09T16:04:40Z
TSAT,Unknown,2289427968.0,DISTRESSED-RECOVERABLE,DISTRESSED-RECOVERABLE,,NEWS_NOTE,done,1,0,0,0,4.65,single news mention (kept screen bucket; investigate),single news mention of distress/fraud (investigate; not a screen error) | BK:Why Maxeon Solar Technologies Are Trading Lower By Around 32%? Here Are Other Stocks Moving In Friday's Mid-Day Session,v1-2026-06-09,2026-06-09T16:04:40Z
LCII,Industrials,2289123072.0,CLEAR,CLEAR,,AGREE,done,0,0,0,0,4.77,,,v1-2026-06-09,2026-06-09T16:04:40Z
PBI,Information Technology,2283542528.0,CLEAR,CLEAR,,AGREE,done,0,0,0,0,5.0,,,v1-2026-06-09,2026-06-09T16:04:40Z
NOG,Energy,2282291456.0,CLEAR,CLEAR,,AGREE,done,0,0,0,0,6.31,,,v1-2026-06-09,2026-06-09T16:04:40Z
WLYB,Communication Services,2282076928.0,CLEAR,CLEAR,,AGREE,done,0,0,1,0,16.22,,,v1-2026-06-09,2026-06-09T16:04:40Z
AVPT,Information Technology,2277064704.0,CLEAR,CLEAR,,AGREE,done,0,0,0,0,3.97,,,v1-2026-06-09,2026-06-09T16:04:40Z
AXGN,Health Care,2276010752.0,DISTRESSED-RECOVERABLE,DISTRESSED-RECOVERABLE,,AGREE,done,0,0,0,1,4.07,, | RAISE:Axogen Announces Pricing of Upsized $124 Million Public Offering of Common Stock,v1-2026-06-09,2026-06-09T16:04:40Z
WLY,Communication Services,2266423552.0,CLEAR,CLEAR,,AGREE,done,0,0,1,0,10.26,,,v1-2026-06-09,2026-06-09T16:04:40Z
PCT,Materials,2263507456.0,AVOID,AVOID,cash_burn,AVOID_unconfirmed,done,0,0,0,0,8.64,,no API distress/short signal (coverage may be thin),v1-2026-06-09,2026-06-09T16:04:40Z
DCO,Industrials,2261174528.0,AVOID,AVOID,cash_burn,AVOID_unconfirmed,done,0,0,0,0,2.37,,no API distress/short signal (coverage may be thin),v1-2026-06-09,2026-06-09T16:04:40Z
ALGT,Industrials,2260719104.0,DISTRESSED-RECOVERABLE,DISTRESSED-RECOVERABLE,,AGREE,done,0,0,0,0,2.26,,,v1-2026-06-09,2026-06-09T16:04:40Z
NEXT,Utilities,2260390144.0,SKIP_lt2y,,,SKIP,skip,,,,,,,<2y data,v1-2026-06-09,2026-06-09T16:04:40Z
TBBK,Financials,2252839680.0,CLEAR,CLEAR,,AGREE,done,0,0,0,0,6.88,,,v1-2026-06-09,2026-06-09T16:04:40Z
ACHC,Health Care,2251352832.0,DISTRESSED-RECOVERABLE,DISTRESSED-RECOVERABLE,,AGREE,done,0,0,0,0,8.17,,,v1-2026-06-09,2026-06-09T16:04:40Z
RAMP,Information Technology,2248487680.0,CLEAR,CLEAR,,AGREE,done,0,0,0,0,7.61,,,v1-2026-06-09,2026-06-09T16:04:40Z
CLDX,Health Care,2246443264.0,WATCH,WATCH,,AGREE,done,0,0,1,1,10.06,, | RAISE:Celldex Therapeutics Announces Closing of Public Offering of Common Stock and Full Exercise of Underwriters’ Option to Purchase Ad,v1-2026-06-09,2026-06-09T16:04:40Z
QUBT,Information Technology,2245200896.0,WATCH,WATCH,,AGREE,done,0,0,0,0,1.91,,,v1-2026-06-09,2026-06-09T16:04:40Z
EFSC,Financials,2244356096.0,CLEAR,CLEAR,,AGREE,done,0,0,0,0,3.17,,,v1-2026-06-09,2026-06-09T16:04:40Z
ALRM,Information Technology,2244026624.0,CLEAR,CLEAR,,AGREE,done,0,0,0,0,4.78,,,v1-2026-06-09,2026-06-09T16:04:40Z
HNI,Consumer Discretionary,2241859328.0,CLEAR,CLEAR,,AGREE,done,0,0,0,0,3.07,,,v1-2026-06-09,2026-06-09T16:04:40Z
SHAK,Consumer Discretionary,2239184640.0,CLEAR,CLEAR,,AGREE,done,0,0,0,0,1.32,,,v1-2026-06-09,2026-06-09T16:04:40Z
PBH,Health Care,2235019008.0,CLEAR,CLEAR,,AGREE,done,0,0,0,0,2.78,,,v1-2026-06-09,2026-06-09T16:04:40Z
MLCO,Unknown,2213261824.0,AVOID,AVOID,insolvency,AVOID_unconfirmed,done,0,0,0,1,2.28,,no API distress/short signal (coverage may be thin) | RAISE:Melco Resorts Finance Announces Pricing of Senior Notes Offering,v1-2026-06-09,2026-06-09T16:04:40Z
CENTA,Industrials,2209374208.0,CLEAR,CLEAR,,AGREE,done,0,0,0,0,2.87,,,v1-2026-06-09,2026-06-09T16:04:40Z
BLBD,Consumer Discretionary,2205134336.0,CLEAR,CLEAR,,AGREE,done,0,0,0,0,5.49,,,v1-2026-06-09,2026-06-09T16:04:40Z
BANR,Financials,2203160832.0,CLEAR,CLEAR,,AGREE,done,0,0,0,0,3.7,,,v1-2026-06-09,2026-06-09T16:04:40Z
CTOS,Information Technology,2201549824.0,DISTRESSED-RECOVERABLE,DISTRESSED-RECOVERABLE,,AGREE,done,0,0,0,0,1.57,,,v1-2026-06-09,2026-06-09T16:04:40Z
ATEN,Information Technology,2200984320.0,CLEAR,CLEAR,,AGREE,done,0,0,0,0,7.47,,,v1-2026-06-09,2026-06-09T16:04:40Z
RNW,Unknown,2199753728.0,DISTRESSED-RECOVERABLE,DISTRESSED-RECOVERABLE,,AGREE,done,0,0,0,0,3.42,,,v1-2026-06-09,2026-06-09T16:04:40Z
ICHR,Information Technology,2193486336.0,DISTRESSED-RECOVERABLE,DISTRESSED-RECOVERABLE,,AGREE,done,0,0,0,0,1.29,,,v1-2026-06-09,2026-06-09T16:04:40Z
WIX,Unknown,2192495872.0,CLEAR,CLEAR,,AGREE,done,0,0,0,1,3.05,, | RAISE:Wix Announces Pricing of Upsized Private Offering of $1.0 billion of 0.00% Convertible Senior Notes due 2030,v1-2026-06-09,2026-06-09T16:04:40Z
HTH,Financials,2187273472.0,CLEAR,CLEAR,,AGREE,done,0,0,0,0,5.98,,,v1-2026-06-09,2026-06-09T16:04:40Z
ESTA,Health Care,2186972160.0,AVOID,AVOID,cash_burn,AVOID_unconfirmed,done,0,0,0,0,5.68,,no API distress/short signal (coverage may be thin),v1-2026-06-09,2026-06-09T16:04:40Z
MBIN,Financials,2182391040.0,WATCH,WATCH,,AGREE,done,0,0,1,0,12.79,,,v1-2026-06-09,2026-06-09T16:04:40Z
WRD,Unknown,2178267904.0,WATCH,WATCH,,AGREE,done,0,0,0,0,4.27,,,v1-2026-06-09,2026-06-09T16:04:40Z
MCRI,Consumer Discretionary,2177865472.0,CLEAR,CLEAR,,AGREE,done,0,0,0,0,1.97,,,v1-2026-06-09,2026-06-09T16:04:40Z
CPRI,Materials,2173530368.0,CLEAR,CLEAR,,AGREE,done,0,0,0,0,3.8,,,v1-2026-06-09,2026-06-09T16:04:40Z
LMAT,Health Care,2158938112.0,CLEAR,CLEAR,,AGREE,done,0,0,0,0,3.72,,,v1-2026-06-09,2026-06-09T16:04:40Z
RARE,Health Care,2157899008.0,AVOID,AVOID,insolvency,AVOID_unconfirmed,done,0,0,0,0,8.22,,no API distress/short signal (coverage may be thin),v1-2026-06-09,2026-06-09T16:04:40Z
PDFS,Information Technology,2154094336.0,DISTRESSED-RECOVERABLE,DISTRESSED-RECOVERABLE,,AGREE,done,0,0,0,0,1.43,,,v1-2026-06-09,2026-06-09T16:04:40Z
PLUS,Industrials,2152798464.0,WATCH,WATCH,,AGREE,done,0,0,0,0,6.14,,,v1-2026-06-09,2026-06-09T16:04:40Z
PRDO,Consumer Discretionary,2148836352.0,CLEAR,CLEAR,,AGREE,done,0,0,0,0,6.57,,,v1-2026-06-09,2026-06-09T16:04:40Z
DRVN,Consumer Discretionary,2144128256.0,CLEAR,CLEAR,,AGREE,done,0,0,0,0,7.41,,,v1-2026-06-09,2026-06-09T16:04:40Z
IMAX,Information Technology,2143969408.0,CLEAR,CLEAR,,AGREE,done,0,0,0,0,4.66,,,v1-2026-06-09,2026-06-09T16:04:40Z
TNET,Industrials,2142858112.0,CLEAR,CLEAR,,AGREE,done,0,0,0,0,3.89,,,v1-2026-06-09,2026-06-09T16:04:40Z
SHO,Consumer Discretionary,2138623616.0,CLEAR,CLEAR,,AGREE,done,0,0,0,0,6.17,,,v1-2026-06-09,2026-06-09T16:04:40Z
BCRX,Health Care,2137507840.0,CLEAR,CLEAR,,AGREE,done,0,0,0,0,6.09,,,v1-2026-06-09,2026-06-09T16:04:40Z
CYD,Industrials,2129539968.0,CLEAR,CLEAR,,AGREE,done,0,0,0,0,1.71,,,v1-2026-06-09,2026-06-09T16:04:40Z
VERX,Information Technology,2129510784.0,CLEAR,CLEAR,,AGREE,done,0,0,0,1,4.03,," | RAISE:Vertex, Inc. Announces Closing of Upsized Offering of $345 Million Convertible Senior Notes",v1-2026-06-09,2026-06-09T16:04:40Z
ARR,Financials,2122429056.0,SKIP_lt2y,,,SKIP,skip,,,,,,,<2y data,v1-2026-06-09,2026-06-09T16:04:40Z
SYBT,Financials,2119485568.0,CLEAR,CLEAR,,AGREE,done,0,0,1,0,10.37,,,v1-2026-06-09,2026-06-09T16:04:40Z
ELVN,Health Care,2114010496.0,SKIP_lt2y,,,SKIP,skip,,,,,,,<2y data,v1-2026-06-09,2026-06-09T16:04:40Z
WS,Materials,2109479040.0,CLEAR,CLEAR,,AGREE,done,0,0,0,0,6.38,,,v1-2026-06-09,2026-06-09T16:04:40Z
CLBK,Financials,2109042304.0,CLEAR,CLEAR,,AGREE,done,0,0,0,0,6.83,,,v1-2026-06-09,2026-06-09T16:04:40Z
IMNM,Health Care,2104192256.0,WATCH,WATCH,,AGREE,done,0,0,1,0,20.06,,,v1-2026-06-09,2026-06-09T16:04:40Z
MGNI,Information Technology,2102396416.0,CLEAR,CLEAR,,AGREE,done,0,0,0,0,3.61,,,v1-2026-06-09,2026-06-09T16:04:40Z
NWN,Utilities,2094759808.0,CLEAR,CLEAR,,AGREE,done,0,0,0,0,4.13,,,v1-2026-06-09,2026-06-09T16:04:40Z
BLX,Financials,2092710016.0,CLEAR,CLEAR,,AGREE,done,0,0,0,0,1.98,,,v1-2026-06-09,2026-06-09T16:04:40Z
MLYS,Health Care,2088474496.0,SKIP_lt2y,,,SKIP,skip,,,,,,,<2y data,v1-2026-06-09,2026-06-09T16:04:40Z
AESI,Energy,2083425152.0,DISTRESSED-RECOVERABLE,DISTRESSED-RECOVERABLE,,AGREE,done,0,0,0,0,3.26,,,v1-2026-06-09,2026-06-09T16:04:40Z
CXT,Materials,2079005824.0,CLEAR,CLEAR,,AGREE,done,0,0,0,0,8.65,,,v1-2026-06-09,2026-06-09T16:04:40Z
BRSL,Communication Services,2078578816.0,WATCH,WATCH,,AGREE,done,0,0,0,0,3.04,,,v1-2026-06-09,2026-06-09T16:04:40Z
NWBI,Financials,2076204928.0,CLEAR,CLEAR,,AGREE,done,0,0,0,0,5.42,,,v1-2026-06-09,2026-06-09T16:04:40Z
SEM,Health Care,2051151872.0,CLEAR,CLEAR,,AGREE,done,0,0,0,0,1.75,,,v1-2026-06-09,2026-06-09T16:04:40Z
POET,Unknown,2046981504.0,WATCH,WATCH,,UNDERFLAG_fraud_event,done,0,1,0,0,1.0,promoted — ≥2 live fraud/SEC/short-seller news articles,"2 live news articles show a fraud/SEC/restatement event the screen missed | FR:Stock Market Today, April 20: POET Technologies Jumps After Responding to Short Report and Clarifying PFIC Status",v1-2026-06-09,2026-06-09T16:04:40Z
NMM,Unknown,2037476736.0,CLEAR,CLEAR,,AGREE,done,0,0,0,0,2.79,,,v1-2026-06-09,2026-06-09T16:04:40Z
AUPH,Health Care,2037050496.0,WATCH,WATCH,,AGREE,done,0,0,0,0,6.79,,,v1-2026-06-09,2026-06-09T16:04:40Z
SPSC,Information Technology,2036453760.0,CLEAR,CLEAR,,AGREE,done,0,0,0,0,4.63,,,v1-2026-06-09,2026-06-09T16:04:40Z
GRC,Industrials,2035965568.0,CLEAR,CLEAR,,AGREE,done,0,0,0,0,4.28,,,v1-2026-06-09,2026-06-09T16:04:40Z
PGNY,Health Care,2025675136.0,CLEAR,CLEAR,,AGREE,done,0,0,0,0,2.82,,,v1-2026-06-09,2026-06-09T16:04:40Z
AMSC,Information Technology,2019382784.0,WATCH,WATCH,,AGREE,done,0,0,0,1,3.14,, | RAISE:AMSC Prices Upsized $60 Million Public Offering of Common Stock,v1-2026-06-09,2026-06-09T16:04:40Z
CLOV,Financials,2017200896.0,WATCH,WATCH,,NEWS_NOTE,done,0,1,0,0,4.6,single news mention (kept screen bucket; investigate),single news mention of distress/fraud (investigate; not a screen error) | FR:Hindenburg Research Issued a Scathing Short Report on Super Micro Computer. This Is What Happened to 3 Other Big Stocks It Targete,v1-2026-06-09,2026-06-09T16:04:40Z
BBAI,Information Technology,2011587584.0,WATCH,WATCH,,AGREE,done,0,0,0,0,2.97,,,v1-2026-06-09,2026-06-09T16:04:40Z
BHC,Health Care,2005564160.0,CLEAR,CLEAR,,AGREE,done,0,0,0,0,3.41,,,v1-2026-06-09,2026-06-09T16:04:40Z
HCI,Financials,2003819520.0,CLEAR,CLEAR,,AGREE,done,0,0,0,1,1.63,," | RAISE:HCI Group Announces Public Filing of Registration Statement for Proposed Initial Public Offering of Subsidiary, Exzeo Group, Inc.",v1-2026-06-09,2026-06-09T16:04:40Z
XRAY,Health Care,2003266816.0,DISTRESSED-RECOVERABLE,DISTRESSED-RECOVERABLE,,AGREE,done,0,0,0,1,3.85,, | RAISE:Dentsply Sirona Prices Offering of $550 million of Junior Subordinated Notes,v1-2026-06-09,2026-06-09T16:04:40Z
STC,Financials,2003015040.0,CLEAR,CLEAR,,AGREE,done,0,0,0,0,3.68,,,v1-2026-06-09,2026-06-09T16:04:40Z
LCID,Consumer Discretionary,1996163456.0,AVOID,AVOID,cash_burn,AVOID_unconfirmed,done,0,0,0,0,3.38,,no API distress/short signal (coverage may be thin),v1-2026-06-09,2026-06-09T16:04:40Z
GTY,Real Estate,1994202496.0,CLEAR,CLEAR,,AGREE,done,0,0,1,1,18.73,," | RAISE:Getty Realty Corp. Announces Pricing of Public Offering of 4,000,000 Shares of Common Stock",v1-2026-06-09,2026-06-09T16:04:40Z
GNL,Financials,1990036480.0,DISTRESSED-RECOVERABLE,DISTRESSED-RECOVERABLE,,AGREE,done,0,0,0,0,3.55,,,v1-2026-06-09,2026-06-09T16:04:40Z
NVCR,Health Care,1987487360.0,WATCH,WATCH,,AGREE,done,0,0,0,0,4.28,,,v1-2026-06-09,2026-06-09T16:04:40Z
IOSP,Materials,1987233024.0,CLEAR,CLEAR,,AGREE,done,0,0,0,0,1.22,,,v1-2026-06-09,2026-06-09T16:04:40Z
FIGS,Consumer Discretionary,1982850816.0,CLEAR,CLEAR,,AGREE,done,0,0,0,0,2.6,,,v1-2026-06-09,2026-06-09T16:04:40Z
LC,Financials,1978268416.0,WATCH,WATCH,,AGREE,done,0,0,0,0,3.44,,,v1-2026-06-09,2026-06-09T16:04:40Z
EZPW,Consumer Discretionary,1966074496.0,CLEAR,CLEAR,,AGREE,done,0,0,1,0,13.76,,,v1-2026-06-09,2026-06-09T16:04:40Z
AGM,Financials,1963560192.0,CLEAR,CLEAR,,AGREE,done,0,0,0,0,2.76,,,v1-2026-06-09,2026-06-09T16:04:40Z
OMCL,Information Technology,1955593088.0,CLEAR,CLEAR,,AGREE,done,0,0,0,0,4.92,,,v1-2026-06-09,2026-06-09T16:04:40Z
OFG,Financials,1955295872.0,CLEAR,CLEAR,,AGREE,done,0,0,0,0,5.39,,,v1-2026-06-09,2026-06-09T16:04:40Z
NTST,Financials,1952478336.0,CLEAR,CLEAR,,AGREE,done,0,0,1,0,26.85,,,v1-2026-06-09,2026-06-09T16:04:40Z
FCF,Financials,1943190016.0,CLEAR,CLEAR,,AGREE,done,0,0,0,0,4.0,,,v1-2026-06-09,2026-06-09T16:04:40Z
KOD,Health Care,1943060480.0,SKIP_lt2y,,,SKIP,skip,,,,,,,<2y data,v1-2026-06-09,2026-06-09T16:04:40Z
BWIN,Financials,1938100224.0,WATCH,WATCH,,AGREE,done,0,0,0,0,9.04,,,v1-2026-06-09,2026-06-09T16:04:40Z
NEOG,Health Care,1937289984.0,WATCH,WATCH,,AGREE,done,0,0,0,0,5.79,,,v1-2026-06-09,2026-06-09T16:04:40Z
GRND,Information Technology,1937213184.0,CLEAR,CLEAR,,AGREE,done,0,0,0,0,3.36,,,v1-2026-06-09,2026-06-09T16:04:40Z
NKTR,Health Care,1936615296.0,AVOID,AVOID,cash_burn,AVOID_unconfirmed,done,0,0,0,0,5.21,,no API distress/short signal (coverage may be thin),v1-2026-06-09,2026-06-09T16:04:40Z
WMK,Consumer Discretionary,1935522304.0,CLEAR,CLEAR,,AGREE,done,0,0,1,0,10.62,,,v1-2026-06-09,2026-06-09T16:04:40Z
CMRE,Industrials,1930606336.0,CLEAR,CLEAR,,AGREE,done,0,0,0,0,3.66,,,v1-2026-06-09,2026-06-09T16:04:40Z
RCAT,Information Technology,1929798016.0,AVOID,WATCH,cash_burn,OVERFLAG_recent_raise,done,0,0,0,1,2.45,downgraded from AVOID — recent capital raise extends runway / no event found,recent capital raise extends runway | RAISE:Red Cat Announces Pricing of Public Offering of Common Stock,v1-2026-06-09,2026-06-09T16:04:40Z
PRKS,Communication Services,1921715456.0,CLEAR,CLEAR,,AGREE,done,0,0,0,0,5.93,,,v1-2026-06-09,2026-06-09T16:04:40Z
AIN,Consumer Discretionary,1920765184.0,WATCH,WATCH,,AGREE,done,0,0,0,0,1.97,,,v1-2026-06-09,2026-06-09T16:04:40Z
SLDE,Financials,1917721728.0,SKIP_lt2y,,,SKIP,skip,,,,,,,<2y data,v1-2026-06-09,2026-06-09T16:04:40Z
PEB,Financials,1914806272.0,DISTRESSED-RECOVERABLE,DISTRESSED-RECOVERABLE,,AGREE,done,0,0,0,0,6.89,,,v1-2026-06-09,2026-06-09T16:04:40Z
GEL,Energy,1914117376.0,DISTRESSED-RECOVERABLE,DISTRESSED-RECOVERABLE,,AGREE,done,0,0,1,0,10.1,,,v1-2026-06-09,2026-06-09T16:04:40Z
STEL,Financials,1914108928.0,CLEAR,CLEAR,,AGREE,done,0,0,0,0,3.3,,,v1-2026-06-09,2026-06-09T16:04:40Z
ATHM,Information Technology,1903775232.0,CLEAR,CLEAR,,AGREE,done,0,0,0,0,2.99,,,v1-2026-06-09,2026-06-09T16:04:40Z
NGL,Utilities,1899673472.0,DISTRESSED-RECOVERABLE,DISTRESSED-RECOVERABLE,,AGREE,done,0,0,1,0,14.19,,,v1-2026-06-09,2026-06-09T16:04:40Z
HMN,Financials,1896703744.0,CLEAR,CLEAR,,AGREE,done,0,0,0,0,4.68,,,v1-2026-06-09,2026-06-09T16:04:40Z
TRVI,Health Care,1892589568.0,SKIP_lt2y,,,SKIP,skip,,,,,,,<2y data,v1-2026-06-09,2026-06-09T16:04:40Z
NTLA,Health Care,1891839616.0,AVOID,WATCH,cash_burn,OVERFLAG_recent_raise,done,0,0,0,1,7.68,downgraded from AVOID — recent capital raise extends runway / no event found,recent capital raise extends runway | RAISE:Intellia Therapeutics Announces Pricing of Public Offering of Common Stock,v1-2026-06-09,2026-06-09T16:04:40Z
WB,Unknown,1891678848.0,CLEAR,CLEAR,,AGREE,done,0,0,1,0,13.33,,,v1-2026-06-09,2026-06-09T16:04:40Z
SPB,Information Technology,1891495040.0,CLEAR,CLEAR,,AGREE,done,0,0,0,0,6.41,,,v1-2026-06-09,2026-06-09T16:04:40Z
SOC,Energy,1890945664.0,SKIP_lt2y,,,SKIP,skip,,,,,,,<2y data,v1-2026-06-09,2026-06-09T16:04:40Z
NBHC,Financials,1889724800.0,CLEAR,CLEAR,,AGREE,done,0,0,0,0,7.54,,,v1-2026-06-09,2026-06-09T16:04:40Z
IOVA,Health Care,1888705152.0,AVOID,AVOID,cash_burn,AVOID_unconfirmed,done,0,1,0,0,6.0,,no API distress/short signal (coverage may be thin) | FR:Iovance Biotherapeutics Reports Inducement Grants under NASDAQ Listing Rule 5635(c)(4),v1-2026-06-09,2026-06-09T16:04:40Z
ASTH,Industrials,1883674112.0,CLEAR,CLEAR,,AGREE,done,0,0,0,0,5.08,,,v1-2026-06-09,2026-06-09T16:04:40Z
TGLS,Materials,1878849920.0,CLEAR,CLEAR,,AGREE,done,0,0,0,0,4.68,,,v1-2026-06-09,2026-06-09T16:04:40Z
INTA,Information Technology,1876449792.0,CLEAR,CLEAR,,AGREE,done,0,0,0,0,4.28,,,v1-2026-06-09,2026-06-09T16:04:40Z
STOK,Health Care,1869072512.0,CLEAR,CLEAR,,AGREE,done,0,0,1,0,24.75,,,v1-2026-06-09,2026-06-09T16:04:40Z
ZLAB,Health Care,1867337856.0,WATCH,WATCH,,AGREE,done,0,0,0,0,6.76,,,v1-2026-06-09,2026-06-09T16:04:40Z
PLGO,Unknown,1864684288.0,WATCH,WATCH,,AGREE,done,0,0,0,0,3.43,,,v1-2026-06-09,2026-06-09T16:04:40Z
HRMY,Health Care,1864144256.0,CLEAR,CLEAR,,AGREE,done,0,0,0,0,8.21,,,v1-2026-06-09,2026-06-09T16:04:40Z
ECO,Industrials,1863991936.0,CLEAR,CLEAR,,AGREE,done,0,0,0,0,1.0,,,v1-2026-06-09,2026-06-09T16:04:40Z
SKWD,Financials,1863359232.0,CLEAR,CLEAR,,AGREE,done,0,0,0,1,2.67,, | RAISE:Skyward Specialty Announces Pricing of Its Secondary Offering of Its Common Stock,v1-2026-06-09,2026-06-09T16:04:40Z
MD,Health Care,1856776448.0,CLEAR,CLEAR,,AGREE,done,0,0,0,1,3.17,, | RAISE:Midland Completes the Second Tranche of a Private Placement Totalling $2.7M,v1-2026-06-09,2026-06-09T16:04:40Z
STRA,Consumer Discretionary,1854345472.0,CLEAR,CLEAR,,AGREE,done,0,0,0,0,3.71,,,v1-2026-06-09,2026-06-09T16:04:40Z
VCEL,Health Care,1853776640.0,CLEAR,CLEAR,,AGREE,done,0,0,0,0,7.55,,,v1-2026-06-09,2026-06-09T16:04:40Z
MRVI,Health Care,1851749120.0,WATCH,WATCH,,AGREE,done,0,0,0,0,2.67,,,v1-2026-06-09,2026-06-09T16:04:40Z
ADMA,Health Care,1847228544.0,WATCH,WATCH,,NEWS_NOTE,done,0,1,0,0,2.26,single news mention (kept screen bucket; investigate),"single news mention of distress/fraud (investigate; not a screen error) | FR:ADMA Biologics, Inc. (ADMA) Crashes 16% Amid Scrutiny Over Skyrocketing Days Sales Outstanding That Short Seller Claims Points to ",v1-2026-06-09,2026-06-09T16:04:40Z
LTC,Financials,1845091456.0,CLEAR,CLEAR,,AGREE,done,0,0,0,0,6.03,,,v1-2026-06-09,2026-06-09T16:04:40Z
ANIP,Health Care,1844004864.0,CLEAR,CLEAR,,AGREE,done,0,0,0,0,7.71,,,v1-2026-06-09,2026-06-09T16:04:40Z
INVX,Industrials,1842071936.0,CLEAR,CLEAR,,AGREE,done,0,0,0,0,8.37,,,v1-2026-06-09,2026-06-09T16:04:40Z
AAT,Financials,1835364736.0,CLEAR,CLEAR,,NEWS_NOTE,done,0,1,0,0,6.15,single news mention (kept screen bucket; investigate),"single news mention of distress/fraud (investigate; not a screen error) | FR:American Assets Trust, Inc. Increases Borrowings and Extends Maturity Date in its Amended and Restated Term Loan Agreement",v1-2026-06-09,2026-06-09T16:04:40Z
CBZ,Industrials,1820301440.0,CLEAR,CLEAR,,AGREE,done,0,0,0,0,4.98,,,v1-2026-06-09,2026-06-09T16:04:40Z
CNXN,Industrials,1820059392.0,CLEAR,CLEAR,,AGREE,done,0,0,0,0,4.14,,,v1-2026-06-09,2026-06-09T16:04:40Z
IE,Materials,1818770432.0,WATCH,WATCH,,AGREE,done,0,0,0,1,4.05,, | RAISE:Ivanhoe Electric Announces Closing of Initial Public Offering,v1-2026-06-09,2026-06-09T16:04:40Z
ALG,Industrials,1817585280.0,CLEAR,CLEAR,,AGREE,done,0,0,0,0,1.77,,,v1-2026-06-09,2026-06-09T16:04:40Z
APPN,Information Technology,1815481728.0,AVOID,AVOID,insolvency,AVOID_unconfirmed,done,0,0,0,0,5.54,,no API distress/short signal (coverage may be thin),v1-2026-06-09,2026-06-09T16:04:40Z
SHLS,Information Technology,1813613440.0,CLEAR,CLEAR,,AGREE,done,0,0,0,0,2.14,,,v1-2026-06-09,2026-06-09T16:04:40Z
SRCE,Financials,1813590912.0,CLEAR,CLEAR,,AGREE,done,0,0,0,0,3.89,,,v1-2026-06-09,2026-06-09T16:04:40Z
PUMP,Energy,1807374208.0,CLEAR,CLEAR,,AGREE,done,0,0,0,0,2.1,,,v1-2026-06-09,2026-06-09T16:04:40Z
ASAN,Information Technology,1807197056.0,CLEAR,CLEAR,,AGREE,done,0,0,0,0,4.51,,,v1-2026-06-09,2026-06-09T16:04:40Z
OCUL,Health Care,1806422912.0,WATCH,WATCH,,AGREE,done,0,0,0,1,8.49,," | RAISE:Ocular Therapeutix, Inc. Announces $325.0 Million Private Placement",v1-2026-06-09,2026-06-09T16:04:40Z
JBLU,Industrials,1804291584.0,WATCH,WATCH,,AGREE,done,0,0,0,0,2.46,,,v1-2026-06-09,2026-06-09T16:04:40Z
FIVN,Information Technology,1800784896.0,CLEAR,CLEAR,,AGREE,done,0,0,0,0,1.89,,,v1-2026-06-09,2026-06-09T16:04:40Z
XHR,Consumer Discretionary,1797623168.0,CLEAR,CLEAR,,AGREE,done,0,0,0,0,6.89,,,v1-2026-06-09,2026-06-09T16:04:40Z
CTS,Information Technology,1797064320.0,CLEAR,CLEAR,,AGREE,done,0,0,0,0,1.63,,,v1-2026-06-09,2026-06-09T16:04:40Z
SONO,Information Technology,1796460416.0,CLEAR,CLEAR,,AGREE,done,0,0,0,0,4.43,,,v1-2026-06-09,2026-06-09T16:04:40Z
SGRY,Health Care,1793105664.0,CLEAR,CLEAR,,AGREE,done,0,0,0,1,6.56,," | RAISE:Surgery Partners, Inc. Announces Pricing of Add-On Notes Offering",v1-2026-06-09,2026-06-09T16:04:40Z
CHCO,Financials,1789013632.0,CLEAR,CLEAR,,AGREE,done,0,0,0,0,9.98,,,v1-2026-06-09,2026-06-09T16:04:40Z
HURN,Industrials,1783301248.0,CLEAR,CLEAR,,AGREE,done,0,0,0,0,1.95,,,v1-2026-06-09,2026-06-09T16:04:40Z
LPG,Industrials,1778903936.0,CLEAR,CLEAR,,AGREE,done,0,0,0,0,4.08,,,v1-2026-06-09,2026-06-09T16:04:40Z
PAX,Unknown,1778738944.0,CLEAR,CLEAR,,AGREE,done,0,0,0,0,4.97,,,v1-2026-06-09,2026-06-09T16:04:40Z
FLYW,Industrials,1777217408.0,CLEAR,CLEAR,,AGREE,done,0,0,0,0,1.47,,,v1-2026-06-09,2026-06-09T16:04:40Z
PLPC,Industrials,1774446080.0,CLEAR,CLEAR,,AGREE,done,0,0,0,0,1.99,,,v1-2026-06-09,2026-06-09T16:04:40Z
QFIN,Unknown,1769054848.0,CLEAR,CLEAR,,AGREE,done,0,0,0,0,1.84,,,v1-2026-06-09,2026-06-09T16:04:40Z
ZYME,Health Care,1768717696.0,WATCH,WATCH,,AGREE,done,0,0,0,0,6.64,,,v1-2026-06-09,2026-06-09T16:04:40Z
EPAC,Industrials,1765367424.0,CLEAR,CLEAR,,AGREE,done,0,0,0,0,2.9,,,v1-2026-06-09,2026-06-09T16:04:40Z
RXRX,Health Care,1759476736.0,AVOID,AVOID,cash_burn,CORROBORATED,done,0,0,1,0,13.28,API event/short-interest confirms the fundamentals AVOID,API distress/short-interest confirms,v1-2026-06-09,2026-06-09T16:04:40Z
WD,Financials,1759476096.0,WATCH,WATCH,,AGREE,done,0,0,0,0,3.29,,,v1-2026-06-09,2026-06-09T16:04:40Z
KSS,Consumer Discretionary,1753163904.0,CLEAR,CLEAR,,AGREE,done,0,0,0,0,5.99,,,v1-2026-06-09,2026-06-09T16:04:40Z
PLSE,Health Care,1753081984.0,AVOID,AVOID,cash_burn,AVOID_unconfirmed,done,0,0,0,0,6.94,,no API distress/short signal (coverage may be thin),v1-2026-06-09,2026-06-09T16:04:40Z
TILE,Consumer Discretionary,1749813632.0,CLEAR,CLEAR,,AGREE,done,0,0,0,0,4.82,,,v1-2026-06-09,2026-06-09T16:04:40Z
ECPG,Financials,1746535936.0,CLEAR,CLEAR,,AGREE,done,0,0,0,1,3.6,," | RAISE:Encore Capital Group, Inc. Announces Pricing of Upsized Senior Secured Floating Rate Notes Offering",v1-2026-06-09,2026-06-09T16:04:40Z
XPRO,Energy,1744019456.0,CLEAR,CLEAR,,AGREE,done,0,0,0,0,6.78,,,v1-2026-06-09,2026-06-09T16:04:40Z
VRDN,Health Care,1742548736.0,WATCH,WATCH,,AGREE,done,0,0,0,0,3.06,,,v1-2026-06-09,2026-06-09T16:04:40Z
VET,Unknown,1737288064.0,DISTRESSED-RECOVERABLE,DISTRESSED-RECOVERABLE,,AGREE,done,0,0,0,0,8.18,,,v1-2026-06-09,2026-06-09T16:04:40Z
UFPT,Health Care,1732068480.0,CLEAR,CLEAR,,AGREE,done,0,0,0,0,4.41,,,v1-2026-06-09,2026-06-09T16:04:40Z
IMKTA,Consumer Discretionary,1731337344.0,CLEAR,CLEAR,,AGREE,done,0,0,0,0,6.37,,,v1-2026-06-09,2026-06-09T16:04:40Z
LOB,Financials,1730676096.0,CLEAR,CLEAR,,AGREE,done,0,0,1,0,10.85,,,v1-2026-06-09,2026-06-09T16:04:40Z
ADNT,Industrials,1730583424.0,DISTRESSED-RECOVERABLE,DISTRESSED-RECOVERABLE,,AGREE,done,0,0,0,0,4.98,,,v1-2026-06-09,2026-06-09T16:04:40Z
PSNY,Unknown,1729495936.0,AVOID,AVOID,insolvency,CORROBORATED,done,0,0,1,0,18.97,API event/short-interest confirms the fundamentals AVOID,API distress/short-interest confirms,v1-2026-06-09,2026-06-09T16:04:40Z
PRLB,Materials,1728399360.0,CLEAR,CLEAR,,AGREE,done,0,0,0,0,2.88,,,v1-2026-06-09,2026-06-09T16:04:40Z
NEXA,Unknown,1728323840.0,CLEAR,CLEAR,,AGREE,done,0,0,0,0,1.0,,,v1-2026-06-09,2026-06-09T16:04:40Z
ARCO,Consumer Discretionary,1727437056.0,CLEAR,CLEAR,,AGREE,done,0,0,0,0,2.85,,,v1-2026-06-09,2026-06-09T16:04:40Z
RAPP,Health Care,1726552064.0,SKIP_lt2y,,,SKIP,skip,,,,,,,<2y data,v1-2026-06-09,2026-06-09T16:04:40Z
COTY,Materials,1725714304.0,DISTRESSED-RECOVERABLE,DISTRESSED-RECOVERABLE,,AGREE,done,0,0,0,0,4.68,,,v1-2026-06-09,2026-06-09T16:04:40Z
SKYT,Information Technology,1720684928.0,AVOID,AVOID,insolvency,AVOID_unconfirmed,done,0,0,0,0,2.12,,no API fraud/short signal (coverage may be thin),v1-2026-06-09,2026-06-09T16:04:40Z
ADUS,Health Care,1719025792.0,CLEAR,CLEAR,,AGREE,done,0,0,0,0,2.68,,,v1-2026-06-09,2026-06-09T16:04:40Z
PLAB,Information Technology,1718870272.0,CLEAR,CLEAR,,AGREE,done,0,0,0,0,4.07,,,v1-2026-06-09,2026-06-09T16:04:40Z
ABCL,Health Care,1716209664.0,WATCH,WATCH,,AGREE,done,0,0,0,0,4.24,,,v1-2026-06-09,2026-06-09T16:04:40Z
SAM,Consumer Staples,1715302144.0,CLEAR,CLEAR,,AGREE,done,0,0,0,0,3.61,,,v1-2026-06-09,2026-06-09T16:04:40Z
SMA,Financials,1711341312.0,SKIP_lt2y,,,SKIP,skip,,,,,,,<2y data,v1-2026-06-09,2026-06-09T16:04:40Z
ALKT,Information Technology,1700534784.0,DISTRESSED-RECOVERABLE,DISTRESSED-RECOVERABLE,,AGREE,done,0,0,0,0,4.26,,,v1-2026-06-09,2026-06-09T16:04:40Z
EFC,Real Estate,1699083648.0,WATCH,WATCH,,AGREE,done,0,0,0,0,4.13,,,v1-2026-06-09,2026-06-09T16:04:40Z
VSTS,Industrials,1697550336.0,DISTRESSED-RECOVERABLE,DISTRESSED-RECOVERABLE,,AGREE,done,0,0,0,0,3.41,,,v1-2026-06-09,2026-06-09T16:04:40Z
CNXC,Industrials,1697154176.0,DISTRESSED-RECOVERABLE,DISTRESSED-RECOVERABLE,,AGREE,done,0,0,0,0,5.28,,,v1-2026-06-09,2026-06-09T16:04:40Z
BVC,Financials,1696800128.0,SKIP_lt2y,,,SKIP,skip,,,,,,,<2y data,v1-2026-06-09,2026-06-09T16:04:40Z
TFIN,Financials,1696671488.0,CLEAR,CLEAR,,AGREE,done,0,0,1,0,10.42,,,v1-2026-06-09,2026-06-09T16:04:40Z
ZD,Communication Services,1687429760.0,CLEAR,CLEAR,,AGREE,done,0,0,0,0,7.65,,,v1-2026-06-09,2026-06-09T16:04:40Z
PAYO,Industrials,1687284352.0,CLEAR,CLEAR,,AGREE,done,0,0,0,0,2.02,,,v1-2026-06-09,2026-06-09T16:04:40Z
CASH,Financials,1686480640.0,CLEAR,CLEAR,,AGREE,done,0,0,1,0,11.43,,,v1-2026-06-09,2026-06-09T16:04:40Z
IIPR,Real Estate,1685032960.0,CLEAR,CLEAR,,AGREE,done,0,0,0,0,8.1,,,v1-2026-06-09,2026-06-09T16:04:40Z
AGIO,Health Care,1682451840.0,WATCH,WATCH,,AGREE,done,0,0,0,0,8.67,,,v1-2026-06-09,2026-06-09T16:04:40Z
BL,Information Technology,1681221888.0,CLEAR,CLEAR,,AGREE,done,0,0,0,1,5.49,," | RAISE:BlackLine, Inc. Announces Upsize and Pricing of Offering of $600,000,000 of Convertible Senior Notes",v1-2026-06-09,2026-06-09T16:04:40Z
NUVB,Health Care,1678333568.0,WATCH,WATCH,,AGREE,done,0,0,0,0,9.96,,,v1-2026-06-09,2026-06-09T16:04:40Z
TPB,Consumer Staples,1676260096.0,CLEAR,CLEAR,,AGREE,done,0,0,0,0,3.17,,,v1-2026-06-09,2026-06-09T16:04:40Z
SILA,Financials,1671043200.0,CLEAR,CLEAR,,AGREE,done,0,0,0,0,1.0,,,v1-2026-06-09,2026-06-09T16:04:40Z
GLP,Industrials,1668335872.0,CLEAR,CLEAR,,AGREE,done,0,0,0,0,3.11,,,v1-2026-06-09,2026-06-09T16:04:40Z
QURE,Health Care,1668135040.0,WATCH,WATCH,,AGREE,done,0,0,0,0,4.01,,,v1-2026-06-09,2026-06-09T16:04:40Z
FSUN,Financials,1667098112.0,CLEAR,CLEAR,,AGREE,done,0,0,0,0,6.87,,,v1-2026-06-09,2026-06-09T16:04:40Z
KOS,Energy,1666861696.0,WATCH,WATCH,,AGREE,done,0,0,0,1,1.77,, | RAISE:Kosmos Energy Announces Pricing of Public Offering of Common Stock,v1-2026-06-09,2026-06-09T16:04:40Z
DCOM,Financials,1666607616.0,CLEAR,CLEAR,,AGREE,done,0,0,1,1,10.08,, | RAISE:Dime Community Bancshares Announces Closing of Common Stock Offering,v1-2026-06-09,2026-06-09T16:04:40Z
GABC,Financials,1663347840.0,CLEAR,CLEAR,,AGREE,done,0,0,1,0,11.81,,,v1-2026-06-09,2026-06-09T16:04:40Z
SRPT,Health Care,1662825472.0,WATCH,WATCH,,AGREE,done,0,0,0,0,7.32,,,v1-2026-06-09,2026-06-09T16:04:40Z
INVA,Health Care,1662173184.0,CLEAR,CLEAR,,AGREE,done,0,0,0,0,9.55,,,v1-2026-06-09,2026-06-09T16:04:40Z
AZUL,Unknown,1662042112.0,SKIP_no_data,,,SKIP,skip,,,,,,,no cached fundamentals/context,v1-2026-06-09,2026-06-09T16:04:40Z
RBCAA,Financials,1657698176.0,CLEAR,CLEAR,,AGREE,done,0,0,0,0,2.43,,,v1-2026-06-09,2026-06-09T16:04:40Z
GLOB,Unknown,1653777024.0,CLEAR,CLEAR,,AGREE,done,0,0,0,0,3.76,,,v1-2026-06-09,2026-06-09T16:04:40Z
TSLX,Unknown,1652390784.0,CLEAR,CLEAR,,AGREE,done,0,0,0,1,7.61,, | RAISE:FirstLight Fiber Raises $120 Million in Strategic Holdco Financing from Sixth Street and Palistar Capital,v1-2026-06-09,2026-06-09T16:04:40Z
GENB,Health Care,1649837184.0,SKIP_no_data,,,SKIP,skip,,,,,,,no cached fundamentals/context,v1-2026-06-09,2026-06-09T16:04:40Z
AGRO,Materials,1648002688.0,WATCH,WATCH,,AGREE,done,0,0,0,0,1.13,,,v1-2026-06-09,2026-06-09T16:04:40Z
MQ,Information Technology,1645237632.0,CLEAR,CLEAR,,AGREE,done,0,0,0,0,3.73,,,v1-2026-06-09,2026-06-09T16:04:40Z
KRP,Energy,1644640256.0,CLEAR,CLEAR,,AGREE,done,0,0,0,0,2.19,,,v1-2026-06-09,2026-06-09T16:04:40Z
GT,Materials,1641274496.0,DISTRESSED-RECOVERABLE,DISTRESSED-RECOVERABLE,,AGREE,done,0,0,0,0,3.04,,,v1-2026-06-09,2026-06-09T16:04:40Z
STBA,Financials,1640546048.0,CLEAR,CLEAR,,AGREE,done,0,0,0,0,5.09,,,v1-2026-06-09,2026-06-09T16:04:40Z
RUM,Information Technology,1640289152.0,WATCH,WATCH,,AGREE,done,0,0,0,1,7.1,, | RAISE:Rumble Announces $775 Million Strategic Investment from Tether,v1-2026-06-09,2026-06-09T16:04:40Z
NCNO,Information Technology,1634530048.0,CLEAR,CLEAR,,AGREE,done,0,0,0,0,5.17,,,v1-2026-06-09,2026-06-09T16:04:40Z
CMPS,Health Care,1634236160.0,SKIP_lt2y,,,SKIP,skip,,,,,,,<2y data,v1-2026-06-09,2026-06-09T16:04:40Z
TCBK,Financials,1629715456.0,CLEAR,CLEAR,,AGREE,done,0,0,1,0,14.13,,,v1-2026-06-09,2026-06-09T16:04:40Z
EVCM,Information Technology,1627946496.0,CLEAR,CLEAR,,AGREE,done,0,0,1,0,12.05,,,v1-2026-06-09,2026-06-09T16:04:40Z
SNDA,Health Care,1627764352.0,DISTRESSED-RECOVERABLE,DISTRESSED-RECOVERABLE,,AGREE,done,0,0,0,0,1.76,,,v1-2026-06-09,2026-06-09T16:04:40Z
BHVN,Health Care,1626058752.0,SKIP_lt2y,,,SKIP,skip,,,,,,,<2y data,v1-2026-06-09,2026-06-09T16:04:40Z
RLJ,Financials,1618636544.0,CLEAR,CLEAR,,AGREE,done,0,0,0,0,3.51,,,v1-2026-06-09,2026-06-09T16:04:40Z
SLS,Health Care,1618285952.0,SKIP_lt2y,,,SKIP,skip,,,,,,,<2y data,v1-2026-06-09,2026-06-09T16:04:40Z
AGL,Health Care,1615824640.0,WATCH,WATCH,,AGREE,done,0,0,0,0,1.0,,,v1-2026-06-09,2026-06-09T16:04:40Z
ESRT,Financials,1613381120.0,CLEAR,CLEAR,,AGREE,done,0,0,0,0,6.9,,,v1-2026-06-09,2026-06-09T16:04:40Z
HOPE,Financials,1610769920.0,CLEAR,CLEAR,,AGREE,done,0,0,0,0,5.61,,,v1-2026-06-09,2026-06-09T16:04:40Z
FLNG,Unknown,1610330112.0,CLEAR,CLEAR,,AGREE,done,0,0,0,0,9.24,,,v1-2026-06-09,2026-06-09T16:04:40Z
USAS,Unknown,1608513152.0,WATCH,WATCH,,AGREE,done,0,0,0,1,1.78,, | RAISE:Americas Gold and Silver Corporation Announces Private Placement of up to C$6.5 Million,v1-2026-06-09,2026-06-09T16:04:40Z
HTZ,Consumer Discretionary,1607241472.0,AVOID,AVOID,insolvency,AVOID_unconfirmed,done,0,0,0,0,6.06,,no API distress/short signal (coverage may be thin),v1-2026-06-09,2026-06-09T16:04:40Z
BOBS,Consumer Discretionary,1605411840.0,SKIP_no_data,,,SKIP,skip,,,,,,,no cached fundamentals/context,v1-2026-06-09,2026-06-09T16:04:40Z
AAPG,Health Care,1605400192.0,SKIP_lt2y,,,SKIP,skip,,,,,,,<2y data,v1-2026-06-09,2026-06-09T16:04:40Z
TH,Consumer Discretionary,1604321920.0,CLEAR,CLEAR,,AGREE,done,0,0,0,0,2.2,,,v1-2026-06-09,2026-06-09T16:04:40Z
LIFE,Financials,1599136768.0,SKIP_no_data,,,SKIP,skip,,,,,,,no cached fundamentals/context,v1-2026-06-09,2026-06-09T16:04:40Z
CCS,Industrials,1597847296.0,CLEAR,CLEAR,,AGREE,done,0,0,0,0,5.56,,,v1-2026-06-09,2026-06-09T16:04:40Z
SION,Health Care,1596967040.0,SKIP_lt2y,,,SKIP,skip,,,,,,,<2y data,v1-2026-06-09,2026-06-09T16:04:40Z
STGW,Information Technology,1596182144.0,CLEAR,CLEAR,,AGREE,done,0,0,0,0,6.96,,,v1-2026-06-09,2026-06-09T16:04:40Z
AMBQ,Information Technology,1592279808.0,SKIP_lt2y,,,SKIP,skip,,,,,,,<2y data,v1-2026-06-09,2026-06-09T16:04:40Z
LAC,Materials,1590313088.0,SKIP_lt2y,,,SKIP,skip,,,,,,,<2y data,v1-2026-06-09,2026-06-09T16:04:40Z
ENVX,Information Technology,1588157056.0,WATCH,WATCH,,AGREE,done,0,0,0,1,6.45,, | RAISE:Enovix Announces Pricing of Public Offering of Common Stock,v1-2026-06-09,2026-06-09T16:04:40Z
FLO,Consumer Staples,1585709440.0,CLEAR,CLEAR,,AGREE,done,0,0,0,0,3.54,,,v1-2026-06-09,2026-06-09T16:04:40Z
GENI,Unknown,1585319936.0,CLEAR,CLEAR,,AGREE,done,0,0,0,0,3.36,,,v1-2026-06-09,2026-06-09T16:04:40Z
TYRA,Health Care,1584290944.0,SKIP_lt2y,,,SKIP,skip,,,,,,,<2y data,v1-2026-06-09,2026-06-09T16:04:40Z
PRCT,Health Care,1584051456.0,WATCH,WATCH,,AGREE,done,0,0,0,1,4.03,, | RAISE:PROCEPT BioRobotics Corporation Announces Pricing of Upsized Offering of Common Stock,v1-2026-06-09,2026-06-09T16:04:40Z
AIP,Information Technology,1582775552.0,CLEAR,CLEAR,,AGREE,done,0,0,0,0,1.3,,,v1-2026-06-09,2026-06-09T16:04:40Z
NWL,Materials,1580731392.0,DISTRESSED-RECOVERABLE,DISTRESSED-RECOVERABLE,,AGREE,done,0,0,0,0,5.17,,,v1-2026-06-09,2026-06-09T16:04:40Z
TSHA,Health Care,1580485632.0,WATCH,WATCH,,AGREE,done,0,0,1,1,15.09,, | RAISE:Taysha Gene Therapies Announces Pricing of Public Offering of Common Stock and Pre-Funded Warrants,v1-2026-06-09,2026-06-09T16:04:40Z
BFC,Financials,1575015296.0,CLEAR,CLEAR,,AGREE,done,0,0,0,0,4.5,,,v1-2026-06-09,2026-06-09T16:04:40Z
DV,Information Technology,1573008000.0,CLEAR,CLEAR,,AGREE,done,0,0,0,0,3.69,,,v1-2026-06-09,2026-06-09T16:04:40Z
COUR,Information Technology,1566381568.0,CLEAR,CLEAR,,AGREE,done,0,0,0,0,4.14,,,v1-2026-06-09,2026-06-09T16:04:40Z
VPG,Information Technology,1563000576.0,CLEAR,CLEAR,,AGREE,done,0,0,0,0,1.49,,,v1-2026-06-09,2026-06-09T16:04:40Z
LWLG,Materials,1562367488.0,WATCH,WATCH,,AGREE,done,0,0,0,0,1.2,,,v1-2026-06-09,2026-06-09T16:04:40Z
NVAX,Health Care,1560517632.0,WATCH,WATCH,,AGREE,done,0,0,0,0,6.35,,,v1-2026-06-09,2026-06-09T16:04:40Z
PVLA,Health Care,1558636800.0,SKIP_lt2y,,,SKIP,skip,,,,,,,<2y data,v1-2026-06-09,2026-06-09T16:04:40Z
AEVA,Industrials,1553985024.0,AVOID,AVOID,cash_burn,AVOID_unconfirmed,done,0,0,0,0,2.73,,no API distress/short signal (coverage may be thin),v1-2026-06-09,2026-06-09T16:04:40Z
WBTN,Communication Services,1552494720.0,CLEAR,CLEAR,,AGREE,done,0,0,1,0,14.8,,,v1-2026-06-09,2026-06-09T16:04:40Z
WGS,Health Care,1550011904.0,CLEAR,CLEAR,,NEWS_NOTE,done,0,1,0,0,1.68,single news mention (kept screen bucket; investigate),"single news mention of distress/fraud (investigate; not a screen error) | FR:GeneDx Stock Was up 2,700% in 2024 — Can It Keep Rising?",v1-2026-06-09,2026-06-09T16:04:40Z
ABTC,Financials,1549470080.0,WATCH,WATCH,,AGREE,done,0,0,0,0,1.0,,,v1-2026-06-09,2026-06-09T16:04:40Z
CAPR,Health Care,1546826624.0,SKIP_lt2y,,,SKIP,skip,,,,,,,<2y data,v1-2026-06-09,2026-06-09T16:04:40Z
QCRH,Financials,1544325632.0,CLEAR,CLEAR,,AGREE,done,0,0,0,0,4.15,,,v1-2026-06-09,2026-06-09T16:04:40Z
CNOB,Financials,1541845248.0,CLEAR,CLEAR,,AGREE,done,0,0,0,0,5.39,,,v1-2026-06-09,2026-06-09T16:04:40Z
CLVT,Information Technology,1540511872.0,DISTRESSED-RECOVERABLE,DISTRESSED-RECOVERABLE,,AGREE,done,0,0,1,0,11.05,,,v1-2026-06-09,2026-06-09T16:04:40Z
SNDX,Health Care,1536497792.0,AVOID,AVOID,cash_burn,CORROBORATED,done,0,0,1,0,10.54,API event/short-interest confirms the fundamentals AVOID,API distress/short-interest confirms,v1-2026-06-09,2026-06-09T16:04:40Z
SLVM,Materials,1535404288.0,CLEAR,CLEAR,,AGREE,done,0,0,0,0,5.48,,,v1-2026-06-09,2026-06-09T16:04:40Z
BY,Financials,1533924736.0,CLEAR,CLEAR,,AGREE,done,0,0,0,0,1.53,,,v1-2026-06-09,2026-06-09T16:04:40Z
KW,Real Estate,1533729152.0,CLEAR,CLEAR,,AGREE,done,0,0,0,0,3.58,,,v1-2026-06-09,2026-06-09T16:04:40Z
LILAK,Communication Services,1532654080.0,DISTRESSED-RECOVERABLE,DISTRESSED-RECOVERABLE,,AGREE,done,0,0,0,0,6.16,,,v1-2026-06-09,2026-06-09T16:04:40Z
WKC,Industrials,1531933184.0,DISTRESSED-RECOVERABLE,DISTRESSED-RECOVERABLE,,AGREE,done,0,0,0,0,8.07,,,v1-2026-06-09,2026-06-09T16:04:40Z
AGM.A,Financials,1525369216.0,CLEAR,CLEAR,,AGREE,done,0,0,0,0,1.0,,,v1-2026-06-09,2026-06-09T16:04:40Z
LILA,Communication Services,1522583936.0,DISTRESSED-RECOVERABLE,DISTRESSED-RECOVERABLE,,AGREE,done,0,0,0,0,1.97,,,v1-2026-06-09,2026-06-09T16:04:40Z
LINC,Consumer Discretionary,1522277760.0,CLEAR,CLEAR,,AGREE,done,0,0,0,0,2.95,,,v1-2026-06-09,2026-06-09T16:04:40Z
FTRE,Health Care,1520922368.0,DISTRESSED-RECOVERABLE,DISTRESSED-RECOVERABLE,,AGREE,done,0,0,0,0,5.54,,,v1-2026-06-09,2026-06-09T16:04:40Z
TRIN,Unknown,1517303424.0,WATCH,WATCH,,AGREE,done,0,0,0,0,5.06,,,v1-2026-06-09,2026-06-09T16:04:40Z
AI,Information Technology,1515387392.0,WATCH,WATCH,,AGREE,done,0,0,1,0,10.19,,,v1-2026-06-09,2026-06-09T16:04:40Z
NRIX,Health Care,1513861120.0,WATCH,WATCH,,AGREE,done,0,0,1,1,22.21,, | RAISE:Nurix Therapeutics Announces Closing of Public Offering and Full Exercise of Underwriters’ Option to Purchase Additional Shares,v1-2026-06-09,2026-06-09T16:04:40Z
RES,Energy,1509354368.0,CLEAR,CLEAR,,AGREE,done,0,0,0,0,5.41,,,v1-2026-06-09,2026-06-09T16:04:40Z
AMRC,Industrials,1506997248.0,DISTRESSED-RECOVERABLE,DISTRESSED-RECOVERABLE,,AGREE,done,0,0,0,0,5.91,,,v1-2026-06-09,2026-06-09T16:04:40Z
MAN,Information Technology,1502187136.0,WATCH,WATCH,,AGREE,done,0,0,0,0,6.16,,,v1-2026-06-09,2026-06-09T16:04:40Z
DCH,Industrials,1500157824.0,WATCH,WATCH,,AGREE,done,0,0,0,0,4.85,,,v1-2026-06-09,2026-06-09T16:04:40Z
CBL,Financials,1498654592.0,CLEAR,CLEAR,,AGREE,done,0,0,0,0,3.74,,,v1-2026-06-09,2026-06-09T16:04:40Z
LZB,Consumer Discretionary,1498575232.0,CLEAR,CLEAR,,AGREE,done,0,0,0,0,3.84,,,v1-2026-06-09,2026-06-09T16:04:40Z
PRGO,Health Care,1498523008.0,DISTRESSED-RECOVERABLE,DISTRESSED-RECOVERABLE,,AGREE,done,0,0,0,0,5.55,,,v1-2026-06-09,2026-06-09T16:04:40Z
NXRT,Financials,1495332864.0,DISTRESSED-RECOVERABLE,DISTRESSED-RECOVERABLE,,AGREE,done,0,0,0,0,4.89,,,v1-2026-06-09,2026-06-09T16:04:40Z
LKFN,Financials,1494566016.0,CLEAR,CLEAR,,AGREE,done,0,0,0,0,8.7,,,v1-2026-06-09,2026-06-09T16:04:40Z
STAA,Health Care,1493156992.0,WATCH,WATCH,,AGREE,done,0,0,0,0,4.88,,,v1-2026-06-09,2026-06-09T16:04:40Z
SGML,Unknown,1488218496.0,DISTRESSED-RECOVERABLE,DISTRESSED-RECOVERABLE,,AGREE,done,0,0,0,0,1.0,,,v1-2026-06-09,2026-06-09T16:04:40Z
OBK,Financials,1485250688.0,CLEAR,CLEAR,,AGREE,done,0,0,0,0,3.59,,,v1-2026-06-09,2026-06-09T16:04:40Z
BORR,Energy,1484783104.0,CLEAR,CLEAR,,AGREE,done,0,0,0,0,4.2,,,v1-2026-06-09,2026-06-09T16:04:40Z
BLDP,Information Technology,1483261184.0,WATCH,WATCH,,AGREE,done,0,0,0,0,1.72,,,v1-2026-06-09,2026-06-09T16:04:40Z
AMLX,Health Care,1481001728.0,SKIP_lt2y,,,SKIP,skip,,,,,,,<2y data,v1-2026-06-09,2026-06-09T16:04:40Z
REX,Materials,1479562240.0,CLEAR,CLEAR,,AGREE,done,0,0,0,0,4.07,,,v1-2026-06-09,2026-06-09T16:04:40Z
WLTH,Financials,1472333952.0,SKIP_lt2y,,,SKIP,skip,,,,,,,<2y data,v1-2026-06-09,2026-06-09T16:04:40Z
PWP,Financials,1471800832.0,CLEAR,CLEAR,,AGREE,done,0,0,0,1,4.93,, | RAISE:Perella Weinberg Partners Prices Upsized Public Offering of Class A Common Stock,v1-2026-06-09,2026-06-09T16:04:40Z
GHRS,Unknown,1470289152.0,SKIP_lt2y,,,SKIP,skip,,,,,,,<2y data,v1-2026-06-09,2026-06-09T16:04:40Z
WLDN,Industrials,1468902016.0,CLEAR,CLEAR,,AGREE,done,0,0,0,0,1.64,,,v1-2026-06-09,2026-06-09T16:04:40Z
SLSR,Unknown,1468240512.0,SKIP_lt2y,,,SKIP,skip,,,,,,,<2y data,v1-2026-06-09,2026-06-09T16:04:40Z
ANAB,Health Care,1465812352.0,CLEAR,CLEAR,,AGREE,done,0,0,0,1,7.26,, | RAISE:Anaptys Announces Pricing of $100 Million Underwritten Registered Direct Offering,v1-2026-06-09,2026-06-09T16:04:40Z
WLFC,Industrials,1465538688.0,CLEAR,CLEAR,,AGREE,done,0,0,0,1,3.05,, | RAISE:Willis Lease Finance Corporation Announces Pricing of $392.9 Million in Fixed Rate Notes,v1-2026-06-09,2026-06-09T16:04:40Z
DXC,Information Technology,1460343168.0,CLEAR,CLEAR,,AGREE,done,0,0,0,0,4.04,,,v1-2026-06-09,2026-06-09T16:04:40Z
VIR,Health Care,1458839424.0,AVOID,AVOID,cash_burn,CORROBORATED,done,0,0,1,0,10.95,API event/short-interest confirms the fundamentals AVOID,API distress/short-interest confirms,v1-2026-06-09,2026-06-09T16:04:40Z
SFL,Unknown,1457600896.0,DISTRESSED-RECOVERABLE,DISTRESSED-RECOVERABLE,,AGREE,done,0,0,0,0,2.34,,,v1-2026-06-09,2026-06-09T16:04:40Z
KMPR,Financials,1457137280.0,CLEAR,CLEAR,,AGREE,done,0,0,0,0,3.19,,,v1-2026-06-09,2026-06-09T16:04:40Z
KARO,Unknown,1455692288.0,CLEAR,CLEAR,,AGREE,done,0,0,0,0,1.0,,,v1-2026-06-09,2026-06-09T16:04:40Z
FMC,Materials,1455527424.0,WATCH,WATCH,,AGREE,done,0,0,0,0,5.51,,,v1-2026-06-09,2026-06-09T16:04:40Z
AVAH,Health Care,1454604672.0,CLEAR,CLEAR,,AGREE,done,0,0,0,1,2.15,, | RAISE:Aveanna Announces Pricing of Secondary Offering of Common Stock,v1-2026-06-09,2026-06-09T16:04:40Z
ATAI,Unknown,1454258432.0,SKIP_no_data,,,SKIP,skip,,,,,,,no cached fundamentals/context,v1-2026-06-09,2026-06-09T16:04:40Z
GBX,Industrials,1450710656.0,CLEAR,CLEAR,,AGREE,done,0,0,0,0,7.34,,,v1-2026-06-09,2026-06-09T16:04:40Z
MRTN,Industrials,1448207104.0,CLEAR,CLEAR,,AGREE,done,0,0,0,0,2.43,,,v1-2026-06-09,2026-06-09T16:04:40Z
ALNT,Health Care,1442323968.0,CLEAR,CLEAR,,AGREE,done,0,0,0,0,2.37,,,v1-2026-06-09,2026-06-09T16:04:40Z
CSWC,Unknown,1442286208.0,WATCH,WATCH,,AGREE,done,0,0,0,1,6.18,, | RAISE:Capital Southwest Corporation Prices Public Offering of $350 million 5.950% Notes due 2030,v1-2026-06-09,2026-06-09T16:04:40Z
HLIT,Information Technology,1439747712.0,CLEAR,CLEAR,,AGREE,done,0,0,0,0,1.21,,,v1-2026-06-09,2026-06-09T16:04:40Z
ARI,Financials,1437800704.0,CLEAR,CLEAR,,AGREE,done,0,0,0,0,5.03,,,v1-2026-06-09,2026-06-09T16:04:40Z
FOR,Real Estate,1437426048.0,WATCH,WATCH,,AGREE,done,0,0,0,0,3.67,,,v1-2026-06-09,2026-06-09T16:04:40Z
KALV,Health Care,1434841984.0,SKIP_lt2y,,,SKIP,skip,,,,,,,<2y data,v1-2026-06-09,2026-06-09T16:04:40Z
HLMN,Materials,1432330112.0,CLEAR,CLEAR,,AGREE,done,0,0,0,1,4.15,, | RAISE:Hillman Announces Pricing of Secondary Offering of Common Stock by Selling Stockholders,v1-2026-06-09,2026-06-09T16:04:40Z
TNC,Industrials,1431438336.0,CLEAR,CLEAR,,AGREE,done,0,0,0,0,4.38,,,v1-2026-06-09,2026-06-09T16:04:40Z
CRML,Materials,1430696448.0,SKIP_lt2y,,,SKIP,skip,,,,,,,<2y data,v1-2026-06-09,2026-06-09T16:04:40Z
GIII,Consumer Discretionary,1422200832.0,CLEAR,CLEAR,,AGREE,done,0,0,1,0,14.38,,,v1-2026-06-09,2026-06-09T16:04:40Z
LIND,Industrials,1420896000.0,AVOID,AVOID,insolvency,AVOID_unconfirmed,done,0,0,0,0,5.71,,no API distress/short signal (coverage may be thin),v1-2026-06-09,2026-06-09T16:04:40Z
NBR,Energy,1419371520.0,CLEAR,CLEAR,,AGREE,done,0,0,0,1,3.26,, | RAISE:Superior Energy Services Announces Pricing of $600 Million Senior Secured Notes Offering,v1-2026-06-09,2026-06-09T16:04:40Z
NEO,Industrials,1419308288.0,DISTRESSED-RECOVERABLE,DISTRESSED-RECOVERABLE,,AGREE,done,0,0,0,0,5.48,,,v1-2026-06-09,2026-06-09T16:04:40Z
JJSF,Consumer Staples,1414382592.0,CLEAR,CLEAR,,AGREE,done,0,0,0,0,2.31,,,v1-2026-06-09,2026-06-09T16:04:40Z
LAR,Unknown,1413887488.0,SKIP_lt2y,,,SKIP,skip,,,,,,,<2y data,v1-2026-06-09,2026-06-09T16:04:40Z
AVBP,Health Care,1413549056.0,SKIP_lt2y,,,SKIP,skip,,,,,,,<2y data,v1-2026-06-09,2026-06-09T16:04:40Z
PRG,Information Technology,1412311168.0,CLEAR,CLEAR,,AGREE,done,0,0,0,0,7.5,,,v1-2026-06-09,2026-06-09T16:04:40Z
RYZ,Industrials,1408778880.0,DISTRESSED-RECOVERABLE,DISTRESSED-RECOVERABLE,,AGREE,done,0,0,0,0,3.69,,,v1-2026-06-09,2026-06-09T16:04:40Z
CRI,Consumer Discretionary,1407305856.0,CLEAR,CLEAR,,AGREE,done,0,0,0,1,2.24,," | RAISE:Churchill Resources Commences 5,000m Drilling at Taylor Brook; Completes $2,600,000 Private Placement",v1-2026-06-09,2026-06-09T16:04:40Z
DAO,Consumer Discretionary,1406599808.0,CLEAR,CLEAR,,AGREE,done,0,0,1,0,12.04,,,v1-2026-06-09,2026-06-09T16:04:40Z
ECVT,Materials,1406477312.0,DISTRESSED-RECOVERABLE,DISTRESSED-RECOVERABLE,,AGREE,done,0,0,0,0,1.4,,,v1-2026-06-09,2026-06-09T16:04:40Z
FDP,Materials,1404461440.0,CLEAR,CLEAR,,AGREE,done,0,0,0,0,3.73,,,v1-2026-06-09,2026-06-09T16:04:40Z
SEPN,Health Care,1404102784.0,CLEAR,CLEAR,,AGREE,done,0,0,0,0,7.43,,,v1-2026-06-09,2026-06-09T16:04:40Z
TRS,Materials,1403370368.0,CLEAR,CLEAR,,AGREE,done,0,0,0,0,7.66,,,v1-2026-06-09,2026-06-09T16:04:40Z
HCSG,Health Care,1398303104.0,CLEAR,CLEAR,,AGREE,done,0,0,0,0,4.46,,,v1-2026-06-09,2026-06-09T16:04:40Z
NRP,Materials,1398050944.0,CLEAR,CLEAR,,AGREE,done,0,0,0,0,8.68,,,v1-2026-06-09,2026-06-09T16:04:40Z
IDT,Communication Services,1394350720.0,CLEAR,CLEAR,,AGREE,done,0,0,0,0,2.99,,,v1-2026-06-09,2026-06-09T16:04:40Z
ARLO,Industrials,1390205696.0,CLEAR,CLEAR,,AGREE,done,0,0,0,0,5.67,,,v1-2026-06-09,2026-06-09T16:04:40Z
BAK,Unknown,1386724992.0,SKIP_no_data,,,SKIP,skip,,,,,,,no cached fundamentals/context,v1-2026-06-09,2026-06-09T16:04:40Z
NOMD,Unknown,1385330432.0,CLEAR,CLEAR,,AGREE,done,0,0,0,0,1.0,,,v1-2026-06-09,2026-06-09T16:04:40Z
SVV,Consumer Discretionary,1384335488.0,CLEAR,CLEAR,,AGREE,done,0,0,0,0,5.76,,,v1-2026-06-09,2026-06-09T16:04:40Z
WBI,Energy,1384152832.0,SKIP_lt2y,,,SKIP,skip,,,,,,,<2y data,v1-2026-06-09,2026-06-09T16:04:40Z
GLUE,Health Care,1382928128.0,WATCH,WATCH,,AGREE,done,0,0,1,1,20.63,, | RAISE:Monte Rosa Therapeutics Announces Pricing of $300 Million Underwritten Public Offering,v1-2026-06-09,2026-06-09T16:04:40Z
TRIP,Information Technology,1380043392.0,CLEAR,CLEAR,,AGREE,done,0,0,0,0,9.04,,,v1-2026-06-09,2026-06-09T16:04:40Z
EVTC,Information Technology,1376598528.0,CLEAR,CLEAR,,AGREE,done,0,0,0,0,2.5,,,v1-2026-06-09,2026-06-09T16:04:40Z
GSL,Unknown,1374031104.0,CLEAR,CLEAR,,AGREE,done,0,0,0,0,2.39,,,v1-2026-06-09,2026-06-09T16:04:40Z
ARDX,Health Care,1373483392.0,WATCH,WATCH,,AGREE,done,0,0,0,0,4.55,,,v1-2026-06-09,2026-06-09T16:04:40Z
ATRC,Health Care,1372370304.0,CLEAR,CLEAR,,AGREE,done,0,0,0,0,4.52,,,v1-2026-06-09,2026-06-09T16:04:40Z
OLPX,Materials,1371118592.0,DISTRESSED-RECOVERABLE,DISTRESSED-RECOVERABLE,,AGREE,done,0,0,0,0,2.38,,,v1-2026-06-09,2026-06-09T16:04:40Z
ENOV,Health Care,1368838784.0,DISTRESSED-RECOVERABLE,DISTRESSED-RECOVERABLE,,AGREE,done,0,0,0,0,6.44,,,v1-2026-06-09,2026-06-09T16:04:40Z
LEG,Consumer Discretionary,1365688832.0,CLEAR,CLEAR,,AGREE,done,0,0,0,0,5.73,,,v1-2026-06-09,2026-06-09T16:04:40Z
GSHD,Financials,1365492224.0,CLEAR,CLEAR,,AGREE,done,0,0,0,0,5.19,,,v1-2026-06-09,2026-06-09T16:04:40Z
ULCC,Industrials,1364948608.0,AVOID,AVOID,cash_burn,AVOID_unconfirmed,done,0,0,0,0,3.04,,no API distress/short signal (coverage may be thin),v1-2026-06-09,2026-06-09T16:04:40Z
HLX,Energy,1361813760.0,CLEAR,CLEAR,,AGREE,done,0,0,0,0,4.8,,,v1-2026-06-09,2026-06-09T16:04:40Z
TTI,Energy,1358205440.0,CLEAR,CLEAR,,AGREE,done,0,0,0,0,4.95,,,v1-2026-06-09,2026-06-09T16:04:40Z
RVLV,Consumer Discretionary,1350968576.0,CLEAR,CLEAR,,AGREE,done,0,0,0,0,2.03,,,v1-2026-06-09,2026-06-09T16:04:40Z
WINA,Consumer Discretionary,1350892800.0,CLEAR,CLEAR,,AGREE,done,0,0,0,0,7.23,,,v1-2026-06-09,2026-06-09T16:04:40Z
NSP,Information Technology,1350425728.0,WATCH,WATCH,,AGREE,done,0,0,0,0,5.35,,,v1-2026-06-09,2026-06-09T16:04:40Z
AMC,Communication Services,1349967360.0,WATCH,WATCH,,AGREE,done,0,0,0,0,2.24,,,v1-2026-06-09,2026-06-09T16:04:40Z
AHCO,Health Care,1345575552.0,DISTRESSED-RECOVERABLE,DISTRESSED-RECOVERABLE,,AGREE,done,0,0,0,0,3.8,,,v1-2026-06-09,2026-06-09T16:04:40Z
NVGS,Unknown,1344919808.0,CLEAR,CLEAR,,AGREE,done,0,0,0,1,2.11,, | RAISE:Navigator Gas Announces Closing of Upsized Secondary Public Offering by Selling Shareholder and Concurrent Repurchase of Shares by,v1-2026-06-09,2026-06-09T16:04:40Z
MAZE,Health Care,1343229440.0,SKIP_lt2y,,,SKIP,skip,,,,,,,<2y data,v1-2026-06-09,2026-06-09T16:04:40Z
UVV,Industrials,1339887104.0,CLEAR,CLEAR,,AGREE,done,0,0,0,0,9.71,,,v1-2026-06-09,2026-06-09T16:04:40Z
IMTX,Unknown,1338030336.0,AVOID,WATCH,cash_burn,OVERFLAG_recent_raise,done,0,0,0,1,8.3,downgraded from AVOID — recent capital raise extends runway / no event found,recent capital raise extends runway | RAISE:Immatics Announces Pricing of $150 Million Public Offering,v1-2026-06-09,2026-06-09T16:04:40Z
DFH,Industrials,1336417280.0,WATCH,WATCH,,AGREE,done,0,0,0,0,5.92,,,v1-2026-06-09,2026-06-09T16:04:40Z
CCEC,Industrials,1335119488.0,DISTRESSED-RECOVERABLE,DISTRESSED-RECOVERABLE,,AGREE,done,0,0,0,1,3.61,, | RAISE:Capital Clean Energy Carriers Corp. Announces Pricing of €250 Million Unsecured Bonds,v1-2026-06-09,2026-06-09T16:04:40Z
ORC,Financials,1334656512.0,SKIP_lt2y,,,SKIP,skip,,,,,,,<2y data,v1-2026-06-09,2026-06-09T16:04:40Z
DOLE,Materials,1333176960.0,CLEAR,CLEAR,,AGREE,done,0,0,0,0,2.52,,,v1-2026-06-09,2026-06-09T16:04:40Z
ENR,Information Technology,1331124608.0,CLEAR,CLEAR,,AGREE,done,0,0,0,0,5.68,,,v1-2026-06-09,2026-06-09T16:04:40Z
WABC,Financials,1328948608.0,CLEAR,CLEAR,,AGREE,done,0,0,0,0,3.7,,,v1-2026-06-09,2026-06-09T16:04:40Z
PBT,Financials,1326952448.0,CLEAR,CLEAR,,AGREE,done,0,0,0,0,1.0,,,v1-2026-06-09,2026-06-09T16:04:40Z
DMLP,Energy,1326059648.0,CLEAR,CLEAR,,AGREE,done,0,0,0,0,3.54,,,v1-2026-06-09,2026-06-09T16:04:40Z
TNDM,Health Care,1325352576.0,WATCH,WATCH,,AGREE,done,0,0,0,0,3.35,,,v1-2026-06-09,2026-06-09T16:04:40Z
IART,Health Care,1321769344.0,DISTRESSED-RECOVERABLE,DISTRESSED-RECOVERABLE,,AGREE,done,0,0,0,0,6.08,,,v1-2026-06-09,2026-06-09T16:04:40Z
ALX,Financials,1320694144.0,CLEAR,CLEAR,,AGREE,done,0,0,0,0,7.36,,,v1-2026-06-09,2026-06-09T16:04:40Z
AFYA,Consumer Discretionary,1320575872.0,CLEAR,CLEAR,,AGREE,done,0,0,0,0,4.61,,,v1-2026-06-09,2026-06-09T16:04:40Z
PRGS,Information Technology,1319585152.0,CLEAR,CLEAR,,AGREE,done,0,0,0,0,7.47,,,v1-2026-06-09,2026-06-09T16:04:40Z
MLTX,Health Care,1317715456.0,SKIP_lt2y,,,SKIP,skip,,,,,,,<2y data,v1-2026-06-09,2026-06-09T16:04:40Z
PAHC,Health Care,1315513728.0,CLEAR,CLEAR,,AGREE,done,0,0,0,0,2.02,,,v1-2026-06-09,2026-06-09T16:04:40Z
BCAX,Health Care,1314077312.0,SKIP_lt2y,,,SKIP,skip,,,,,,,<2y data,v1-2026-06-09,2026-06-09T16:04:40Z
URGN,Health Care,1308177664.0,AVOID,AVOID,insolvency,AVOID_unconfirmed,done,0,0,0,1,5.82,,no API distress/short signal (coverage may be thin) | RAISE:UroGen Pharma Announces Commencement of Public Offering of Ordinary Shares and Pre-Funded Warrants,v1-2026-06-09,2026-06-09T16:04:40Z
LADR,Financials,1306044416.0,DISTRESSED-RECOVERABLE,DISTRESSED-RECOVERABLE,,AGREE,done,0,0,0,0,3.23,,,v1-2026-06-09,2026-06-09T16:04:40Z
WWW,Materials,1303633664.0,CLEAR,CLEAR,,AGREE,done,0,0,0,0,4.16,,,v1-2026-06-09,2026-06-09T16:04:40Z
BLFS,Health Care,1302050176.0,CLEAR,CLEAR,,AGREE,done,0,0,1,1,10.72,, | RAISE:BioLife Solutions Makes Strategic Investment in Pluristyx,v1-2026-06-09,2026-06-09T16:04:40Z
BLKB,Information Technology,1300337792.0,CLEAR,CLEAR,,AGREE,done,0,0,0,0,5.84,,,v1-2026-06-09,2026-06-09T16:04:40Z
UMH,Financials,1299636096.0,CLEAR,CLEAR,,AGREE,done,0,0,0,0,3.71,,,v1-2026-06-09,2026-06-09T16:04:40Z
BHRB,Financials,1299460992.0,CLEAR,CLEAR,,AGREE,done,0,0,0,0,4.47,,,v1-2026-06-09,2026-06-09T16:04:40Z
TWO,Financials,1296271744.0,DISTRESSED-RECOVERABLE,DISTRESSED-RECOVERABLE,,AGREE,done,0,0,0,0,1.02,,,v1-2026-06-09,2026-06-09T16:04:40Z
DMRA,Health Care,1293232640.0,SKIP_lt2y,,,SKIP,skip,,,,,,,<2y data,v1-2026-06-09,2026-06-09T16:04:40Z
BKSY,Information Technology,1289909632.0,WATCH,WATCH,,AGREE,done,0,0,0,0,2.65,,,v1-2026-06-09,2026-06-09T16:04:40Z
CDRE,Health Care,1284351488.0,CLEAR,CLEAR,,AGREE,done,0,0,0,0,4.29,,,v1-2026-06-09,2026-06-09T16:04:40Z
YELP,Unknown,1278533888.0,CLEAR,CLEAR,,AGREE,done,0,0,0,0,5.77,,,v1-2026-06-09,2026-06-09T16:04:40Z
WEN,Consumer Discretionary,1278125056.0,CLEAR,CLEAR,,AGREE,done,0,0,0,0,3.05,,,v1-2026-06-09,2026-06-09T16:04:40Z
SPH,Consumer Discretionary,1277103872.0,CLEAR,CLEAR,,AGREE,done,0,0,0,0,1.88,,,v1-2026-06-09,2026-06-09T16:04:40Z
INBX,Health Care,1276539904.0,AVOID,AVOID,cash_burn,AVOID_unconfirmed,done,0,0,0,0,4.48,,no API distress/short signal (coverage may be thin),v1-2026-06-09,2026-06-09T16:04:40Z
PGEN,Health Care,1276309248.0,AVOID,AVOID,cash_burn,CORROBORATED,done,0,0,1,0,11.05,API event/short-interest confirms the fundamentals AVOID,API distress/short-interest confirms,v1-2026-06-09,2026-06-09T16:04:40Z
UMAC,Information Technology,1276097792.0,WATCH,WATCH,,AGREE,done,0,0,0,1,1.65,," | RAISE:Unusual Machines Announces Closing of $5,000,000 Initial Public Offering",v1-2026-06-09,2026-06-09T16:04:40Z
PRA,Financials,1275226880.0,WATCH,WATCH,,AGREE,done,0,0,1,0,10.37,,,v1-2026-06-09,2026-06-09T16:04:40Z
LSPD,Unknown,1273142784.0,CLEAR,CLEAR,,AGREE,done,0,0,0,1,6.94,," | RAISE:Coral raises $12.5M to automate healthcare’s back office by working with, not against, the fax machine",v1-2026-06-09,2026-06-09T16:04:40Z
TDOC,Health Care,1272617344.0,DISTRESSED-RECOVERABLE,DISTRESSED-RECOVERABLE,,AGREE,done,0,0,0,0,4.58,,,v1-2026-06-09,2026-06-09T16:04:40Z
ATLC,Financials,1271423488.0,CLEAR,CLEAR,,AGREE,done,0,0,0,0,5.84,,,v1-2026-06-09,2026-06-09T16:04:40Z
MPLT,Health Care,1270132352.0,SKIP_lt2y,,,SKIP,skip,,,,,,,<2y data,v1-2026-06-09,2026-06-09T16:04:40Z
AMAL,Financials,1266972800.0,CLEAR,CLEAR,,AGREE,done,0,0,0,0,7.95,,,v1-2026-06-09,2026-06-09T16:04:40Z
DSGR,Industrials,1266209408.0,CLEAR,CLEAR,,AGREE,done,0,0,0,0,7.81,,,v1-2026-06-09,2026-06-09T16:04:40Z
ICFI,Industrials,1265120000.0,CLEAR,CLEAR,,AGREE,done,0,0,0,0,1.0,,,v1-2026-06-09,2026-06-09T16:04:40Z
BFS,Financials,1262371072.0,CLEAR,CLEAR,,AGREE,done,0,0,0,0,5.9,,,v1-2026-06-09,2026-06-09T16:04:40Z
PEBO,Financials,1262350848.0,CLEAR,CLEAR,,AGREE,done,0,0,0,0,8.0,,,v1-2026-06-09,2026-06-09T16:04:40Z
CXM,Information Technology,1258752384.0,CLEAR,CLEAR,,AGREE,done,0,0,0,0,5.49,,,v1-2026-06-09,2026-06-09T16:04:40Z
AOSL,Information Technology,1257341568.0,DISTRESSED-RECOVERABLE,DISTRESSED-RECOVERABLE,,AGREE,done,0,0,0,0,1.33,,,v1-2026-06-09,2026-06-09T16:04:40Z
TMP,Financials,1257212928.0,CLEAR,CLEAR,,AGREE,done,0,0,0,0,4.43,,,v1-2026-06-09,2026-06-09T16:04:40Z
VIA,Information Technology,1254993920.0,SKIP_lt2y,,,SKIP,skip,,,,,,,<2y data,v1-2026-06-09,2026-06-09T16:04:40Z
ACDC,Energy,1253780736.0,DISTRESSED-RECOVERABLE,DISTRESSED-RECOVERABLE,,AGREE,done,0,0,0,0,3.49,,,v1-2026-06-09,2026-06-09T16:04:40Z
UAN,Materials,1253664768.0,CLEAR,CLEAR,,AGREE,done,0,0,0,0,3.41,,,v1-2026-06-09,2026-06-09T16:04:40Z
TBLA,Information Technology,1251825536.0,CLEAR,CLEAR,,AGREE,done,0,0,0,0,1.0,,,v1-2026-06-09,2026-06-09T16:04:40Z
NSSC,Information Technology,1249027584.0,CLEAR,CLEAR,,AGREE,done,0,0,0,0,5.94,,,v1-2026-06-09,2026-06-09T16:04:40Z
ATEX,Communication Services,1248359680.0,AVOID,AVOID,cash_burn,AVOID_unconfirmed,done,0,0,0,0,5.16,,no API distress/short signal (coverage may be thin),v1-2026-06-09,2026-06-09T16:04:40Z
ITRN,Unknown,1247137920.0,CLEAR,CLEAR,,AGREE,done,0,0,0,0,1.75,,,v1-2026-06-09,2026-06-09T16:04:40Z
ARRY,Information Technology,1244455424.0,AVOID,AVOID,insolvency,AVOID_unconfirmed,done,0,0,0,1,5.53,,no API distress/short signal (coverage may be thin) | RAISE:Array Technologies Announces Pricing of Upsized Offering of Convertible Senior Notes,v1-2026-06-09,2026-06-09T16:04:40Z
ARDT,Health Care,1244278272.0,CLEAR,CLEAR,,AGREE,done,0,0,0,0,6.0,,,v1-2026-06-09,2026-06-09T16:04:40Z
ADTN,Information Technology,1243320832.0,DISTRESSED-RECOVERABLE,DISTRESSED-RECOVERABLE,,AGREE,done,0,0,0,0,3.76,,,v1-2026-06-09,2026-06-09T16:04:40Z
CMP,Materials,1243225856.0,DISTRESSED-RECOVERABLE,DISTRESSED-RECOVERABLE,,AGREE,done,0,0,0,0,1.26,,,v1-2026-06-09,2026-06-09T16:04:40Z
TBN,Energy,1239842560.0,SKIP_lt2y,,,SKIP,skip,,,,,,,<2y data,v1-2026-06-09,2026-06-09T16:04:40Z
HROW,Health Care,1237160832.0,DISTRESSED-RECOVERABLE,DISTRESSED-RECOVERABLE,,AGREE,done,0,0,0,1,5.2,, | RAISE:Harrow Announces Pricing of $50.0 Million Offering of Senior Unsecured Notes Due 2030,v1-2026-06-09,2026-06-09T16:04:40Z
EYE,Health Care,1237001216.0,CLEAR,CLEAR,,AGREE,done,0,0,0,0,2.96,,,v1-2026-06-09,2026-06-09T16:04:40Z
VTOL,Industrials,1232786048.0,CLEAR,CLEAR,,AGREE,done,0,0,0,0,2.24,,,v1-2026-06-09,2026-06-09T16:04:40Z
IAUX,Materials,1232733056.0,AVOID,WATCH,cash_burn,OVERFLAG_recent_raise,done,0,0,0,1,4.78,downgraded from AVOID — recent capital raise extends runway / no event found,recent capital raise extends runway | RAISE:i-80 Gold Announces Upsizing of Previously Announced Bought Deal Public Offering of Units,v1-2026-06-09,2026-06-09T16:04:40Z
KDK,Information Technology,1232301184.0,AVOID,AVOID,insolvency,AVOID_unconfirmed,done,0,0,0,0,5.5,,no API distress/short signal (coverage may be thin),v1-2026-06-09,2026-06-09T16:04:40Z
HYLN,Consumer Discretionary,1230457856.0,AVOID,AVOID,cash_burn,AVOID_unconfirmed,done,0,0,0,0,3.86,,no API distress/short signal (coverage may be thin),v1-2026-06-09,2026-06-09T16:04:40Z
ATEC,Health Care,1230314496.0,DISTRESSED-RECOVERABLE,DISTRESSED-RECOVERABLE,,AGREE,done,0,0,0,0,2.16,,,v1-2026-06-09,2026-06-09T16:04:40Z
AMN,Information Technology,1229129984.0,DISTRESSED-RECOVERABLE,DISTRESSED-RECOVERABLE,,AGREE,done,0,0,0,0,1.59,,,v1-2026-06-09,2026-06-09T16:04:40Z
XPEL,Materials,1228117504.0,CLEAR,CLEAR,,AGREE,done,0,0,0,0,8.03,,,v1-2026-06-09,2026-06-09T16:04:40Z
NNE,Utilities,1227991424.0,SKIP_lt2y,,,SKIP,skip,,,,,,,<2y data,v1-2026-06-09,2026-06-09T16:04:40Z
CTBI,Financials,1227504256.0,CLEAR,CLEAR,,AGREE,done,0,0,0,0,3.2,,,v1-2026-06-09,2026-06-09T16:04:40Z
CCO,Information Technology,1221560448.0,AVOID,AVOID,insolvency,AVOID_unconfirmed,done,0,0,0,0,2.89,,no API distress/short signal (coverage may be thin),v1-2026-06-09,2026-06-09T16:04:40Z
HTLD,Industrials,1219687808.0,DISTRESSED-RECOVERABLE,DISTRESSED-RECOVERABLE,,AGREE,done,0,0,0,0,4.2,,,v1-2026-06-09,2026-06-09T16:04:40Z
ODC,Consumer Discretionary,1216754944.0,CLEAR,CLEAR,,AGREE,done,0,0,0,0,6.32,,,v1-2026-06-09,2026-06-09T16:04:40Z
CEVA,Information Technology,1213971968.0,WATCH,WATCH,,AGREE,done,0,0,0,1,1.38,, | RAISE:CEVA ANNOUNCES THE PRICING OF UNDERWRITTEN PUBLIC OFFERING OF COMMON STOCK,v1-2026-06-09,2026-06-09T16:04:40Z
OI,Materials,1212599552.0,DISTRESSED-RECOVERABLE,DISTRESSED-RECOVERABLE,,AGREE,done,0,0,0,1,4.98,, | RAISE:Owens-Brockway Glass Container Inc. Announces Pricing of Senior Notes Offering,v1-2026-06-09,2026-06-09T16:04:40Z
PGY,Financials,1206599424.0,CLEAR,CLEAR,,AGREE,done,0,0,0,0,3.07,,,v1-2026-06-09,2026-06-09T16:04:40Z
NPKI,Information Technology,1205903744.0,CLEAR,CLEAR,,AGREE,done,0,0,0,0,1.57,,,v1-2026-06-09,2026-06-09T16:04:40Z
PRSU,Communication Services,1205571584.0,CLEAR,CLEAR,,AGREE,done,0,0,0,0,5.19,,,v1-2026-06-09,2026-06-09T16:04:40Z
PDS,Unknown,1203535360.0,CLEAR,CLEAR,,AGREE,done,0,0,0,0,3.45,,,v1-2026-06-09,2026-06-09T16:04:40Z
XZO,Information Technology,1201941632.0,SKIP_lt2y,,,SKIP,skip,,,,,,,<2y data,v1-2026-06-09,2026-06-09T16:04:40Z
TDAY,Communication Services,1198925696.0,CLEAR,CLEAR,,AGREE,done,0,0,0,0,9.57,,,v1-2026-06-09,2026-06-09T16:04:40Z
FMBH,Financials,1198509312.0,CLEAR,CLEAR,,AGREE,done,0,0,0,0,3.22,,,v1-2026-06-09,2026-06-09T16:04:40Z
OPFI,Financials,1196901760.0,CLEAR,CLEAR,,AGREE,done,0,0,0,0,3.53,,,v1-2026-06-09,2026-06-09T16:04:40Z
BFLY,Health Care,1195699072.0,WATCH,WATCH,,AGREE,done,0,0,0,0,5.03,,,v1-2026-06-09,2026-06-09T16:04:40Z
TUYA,Unknown,1195565824.0,CLEAR,CLEAR,,AGREE,done,0,0,0,0,2.6,,,v1-2026-06-09,2026-06-09T16:04:40Z
IRMD,Health Care,1189717120.0,CLEAR,CLEAR,,AGREE,done,0,0,0,0,5.53,,,v1-2026-06-09,2026-06-09T16:04:40Z
INSP,Health Care,1186813696.0,CLEAR,CLEAR,,AGREE,done,0,0,0,0,2.1,,,v1-2026-06-09,2026-06-09T16:04:40Z
GHM,Industrials,1185894784.0,CLEAR,CLEAR,,AGREE,done,0,0,0,0,2.08,,,v1-2026-06-09,2026-06-09T16:04:40Z
HLF,Industrials,1184941440.0,CLEAR,CLEAR,,AGREE,done,0,0,0,0,4.57,,,v1-2026-06-09,2026-06-09T16:04:40Z
GIC,Industrials,1178059264.0,CLEAR,CLEAR,,AGREE,done,0,0,0,0,2.36,,,v1-2026-06-09,2026-06-09T16:04:40Z
LNN,Industrials,1177927680.0,CLEAR,CLEAR,,AGREE,done,0,0,0,0,2.65,,,v1-2026-06-09,2026-06-09T16:04:40Z
NMAX,Communication Services,1176653440.0,SKIP_lt2y,,,SKIP,skip,,,,,,,<2y data,v1-2026-06-09,2026-06-09T16:04:40Z
RDWR,Unknown,1175784704.0,CLEAR,CLEAR,,AGREE,done,0,0,0,0,3.58,,,v1-2026-06-09,2026-06-09T16:04:40Z
PLTK,Information Technology,1175372800.0,AVOID,AVOID,insolvency,AVOID_unconfirmed,done,0,0,0,0,5.42,,no API distress/short signal (coverage may be thin),v1-2026-06-09,2026-06-09T16:04:40Z
VZLA,Unknown,1174316032.0,SKIP_lt2y,,,SKIP,skip,,,,,,,<2y data,v1-2026-06-09,2026-06-09T16:04:40Z
AVNS,Health Care,1172961024.0,DISTRESSED-RECOVERABLE,DISTRESSED-RECOVERABLE,,AGREE,done,0,0,0,0,1.01,,,v1-2026-06-09,2026-06-09T16:04:40Z
RXT,Information Technology,1172591872.0,AVOID,AVOID,insolvency,AVOID_unconfirmed,done,0,1,0,0,1.0,,no API distress/short signal (coverage may be thin) | FR:Rackspace Technology Enhances User Experience and Operational Performance for Sharestates through AWS Cloud Modernization,v1-2026-06-09,2026-06-09T16:04:40Z
TROX,Materials,1170906880.0,WATCH,WATCH,,AGREE,done,0,0,0,0,4.63,,,v1-2026-06-09,2026-06-09T16:04:40Z
LGIH,Industrials,1169745280.0,WATCH,WATCH,,AGREE,done,0,0,0,0,7.65,,,v1-2026-06-09,2026-06-09T16:04:40Z
SCL,Materials,1164739200.0,CLEAR,CLEAR,,AGREE,done,0,0,0,0,2.91,,,v1-2026-06-09,2026-06-09T16:04:40Z
FINV,Unknown,1163943424.0,CLEAR,CLEAR,,AGREE,done,0,0,0,0,6.38,,,v1-2026-06-09,2026-06-09T16:04:40Z
CSIQ,Information Technology,1163734912.0,WATCH,WATCH,,AGREE,done,0,0,0,0,4.36,,,v1-2026-06-09,2026-06-09T16:04:40Z
LQDT,Industrials,1160877312.0,CLEAR,CLEAR,,AGREE,done,0,0,0,0,3.81,,,v1-2026-06-09,2026-06-09T16:04:40Z
UFCS,Financials,1160428416.0,CLEAR,CLEAR,,AGREE,done,0,0,0,0,2.04,,,v1-2026-06-09,2026-06-09T16:04:40Z
ASTE,Industrials,1154919808.0,CLEAR,CLEAR,,AGREE,done,0,0,0,0,1.8,,,v1-2026-06-09,2026-06-09T16:04:40Z
SBH,Consumer Discretionary,1152534528.0,CLEAR,CLEAR,,AGREE,done,0,0,0,0,9.45,,,v1-2026-06-09,2026-06-09T16:04:40Z
DEA,Financials,1150392320.0,CLEAR,CLEAR,,AGREE,done,0,0,0,0,4.47,,,v1-2026-06-09,2026-06-09T16:04:40Z
CDNA,Health Care,1149423488.0,CLEAR,CLEAR,,AGREE,done,0,0,1,0,11.33,,,v1-2026-06-09,2026-06-09T16:04:40Z
GOLD,Industrials,1149153280.0,CLEAR,CLEAR,,AGREE,done,0,0,0,1,4.0,, | RAISE:Japan Gold Corp. Announces  C$5 Million “Best Efforts” Private Placement (Listed Issuer Financing Exemption) Offering of Common Sh,v1-2026-06-09,2026-06-09T16:04:40Z
BV,Materials,1148224000.0,CLEAR,CLEAR,,AGREE,done,0,0,0,0,5.03,,,v1-2026-06-09,2026-06-09T16:04:40Z
GCT,Consumer Discretionary,1148067072.0,CLEAR,CLEAR,,NEWS_NOTE,done,0,1,0,0,3.42,single news mention (kept screen bucket; investigate),single news mention of distress/fraud (investigate; not a screen error) | FR:GigaCloud Technology Inc Responds to Short-Seller Report,v1-2026-06-09,2026-06-09T16:04:40Z
AHG,Industrials,1147983616.0,CLEAR,CLEAR,,NEWS_NOTE,done,1,0,0,0,1.0,single news mention (kept screen bucket; investigate),single news mention of distress/fraud (investigate; not a screen error) | BK:Akso Health Group Granted Additional 180 Calendar Day Grace Period by Nasdaq to Regain Compliance with Minimum Bid Price Rule,v1-2026-06-09,2026-06-09T16:04:40Z
HFWA,Financials,1145058688.0,CLEAR,CLEAR,,AGREE,done,0,0,1,0,11.02,,,v1-2026-06-09,2026-06-09T16:04:40Z
UAMY,Materials,1142511104.0,WATCH,WATCH,,AGREE,done,0,0,0,0,2.05,,,v1-2026-06-09,2026-06-09T16:04:40Z
NAT,Unknown,1141336064.0,CLEAR,CLEAR,,AGREE,done,0,0,0,0,6.34,,,v1-2026-06-09,2026-06-09T16:04:40Z
MMI,Real Estate,1138436480.0,CLEAR,CLEAR,,AGREE,done,0,0,0,0,3.7,,,v1-2026-06-09,2026-06-09T16:04:40Z
SHAZ,Information Technology,1137920768.0,SKIP_no_data,,,SKIP,skip,,,,,,,no cached fundamentals/context,v1-2026-06-09,2026-06-09T16:04:40Z
NWPX,Materials,1134854144.0,CLEAR,CLEAR,,AGREE,done,0,0,0,0,1.83,,,v1-2026-06-09,2026-06-09T16:04:40Z
SBR,Financials,1133689856.0,CLEAR,CLEAR,,AGREE,done,0,0,0,0,1.0,,,v1-2026-06-09,2026-06-09T16:04:40Z
KMTS,Health Care,1132443008.0,SKIP_lt2y,,,SKIP,skip,,,,,,,<2y data,v1-2026-06-09,2026-06-09T16:04:40Z
UVSP,Financials,1129704192.0,CLEAR,CLEAR,,AGREE,done,0,0,0,1,3.08,, | RAISE:Univest Financial Corporation Announces Pricing of $50.0 Million Subordinated Notes Offering,v1-2026-06-09,2026-06-09T16:04:40Z
MCB,Financials,1126067328.0,CLEAR,CLEAR,,AGREE,done,0,0,0,0,5.64,,,v1-2026-06-09,2026-06-09T16:04:40Z
PSNL,Health Care,1125751808.0,WATCH,WATCH,,AGREE,done,0,0,0,0,5.64,,,v1-2026-06-09,2026-06-09T16:04:40Z
PSEC,Unknown,1117247104.0,DISTRESSED-RECOVERABLE,DISTRESSED-RECOVERABLE,,AGREE,done,0,0,0,0,4.36,,,v1-2026-06-09,2026-06-09T16:04:40Z
TEN,Unknown,1114721408.0,CLEAR,CLEAR,,AGREE,done,0,0,0,0,1.26,,,v1-2026-06-09,2026-06-09T16:04:40Z
THRM,Industrials,1111689216.0,CLEAR,CLEAR,,AGREE,done,0,0,0,0,4.27,,,v1-2026-06-09,2026-06-09T16:04:40Z
OSBC,Financials,1108881920.0,CLEAR,CLEAR,,AGREE,done,0,0,0,0,4.58,,,v1-2026-06-09,2026-06-09T16:04:40Z
SAFE,Financials,1108522752.0,CLEAR,CLEAR,,AGREE,done,0,0,0,0,6.63,,,v1-2026-06-09,2026-06-09T16:04:40Z
CIM,Financials,1107473280.0,SKIP_lt2y,,,SKIP,skip,,,,,,,<2y data,v1-2026-06-09,2026-06-09T16:04:40Z
SMPL,Consumer Staples,1105348480.0,CLEAR,CLEAR,,AGREE,done,0,0,0,0,2.76,,,v1-2026-06-09,2026-06-09T16:04:40Z
PDM,Real Estate,1105168000.0,DISTRESSED-RECOVERABLE,DISTRESSED-RECOVERABLE,,AGREE,done,0,0,0,1,3.91,, | RAISE:Piedmont Office Realty Trust Announces Pricing of Senior Notes Offering,v1-2026-06-09,2026-06-09T16:04:40Z
ALVO,Health Care,1104650880.0,WATCH,WATCH,,AGREE,done,0,0,0,0,5.98,,,v1-2026-06-09,2026-06-09T16:04:40Z
DQ,Information Technology,1104311296.0,DISTRESSED-RECOVERABLE,DISTRESSED-RECOVERABLE,,AGREE,done,0,0,0,0,3.54,,,v1-2026-06-09,2026-06-09T16:04:40Z
ZBIO,Health Care,1102940032.0,AVOID,AVOID,cash_burn,CORROBORATED,done,0,0,1,1,21.31,API event/short-interest confirms the fundamentals AVOID,API distress/short-interest confirms | RAISE:Zenas BioPharma Announces Pricing of Concurrent Public Offerings of 2.50% Convertible Senior Notes Due 2032 and Common Stock with ,v1-2026-06-09,2026-06-09T16:04:40Z
PNTG,Health Care,1102479232.0,CLEAR,CLEAR,,AGREE,done,0,0,0,1,1.92,, | RAISE:The Pennant Group Announces Pricing of Public Offering of Common Stock,v1-2026-06-09,2026-06-09T16:04:40Z
WVE,Health Care,1102464640.0,WATCH,WATCH,,AGREE,done,0,0,0,1,4.15,, | RAISE:Wave Life Sciences Prices Upsized $350 Million Public Offering of Ordinary Shares and Pre-Funded Warrants,v1-2026-06-09,2026-06-09T16:04:40Z
ASST,Financials,1097858688.0,WATCH,WATCH,,NEWS_NOTE,done,1,0,0,0,3.75,single news mention (kept screen bucket; investigate),single news mention of distress/fraud (investigate; not a screen error) | BK:Asset Entities Inc. Announces Reverse Stock Split to Regain Compliance with Nasdaq’s Minimum Bid Price,v1-2026-06-09,2026-06-09T16:04:40Z
ROCK,Materials,1096601216.0,CLEAR,CLEAR,,AGREE,done,0,0,0,0,3.02,,,v1-2026-06-09,2026-06-09T16:04:40Z
GILT,Unknown,1095838080.0,CLEAR,CLEAR,,AGREE,done,0,0,0,0,1.01,,,v1-2026-06-09,2026-06-09T16:04:40Z
XIFR,Utilities,1095449856.0,WATCH,WATCH,,AGREE,done,0,0,0,0,2.11,,,v1-2026-06-09,2026-06-09T16:04:40Z
CVLG,Industrials,1095441408.0,CLEAR,CLEAR,,AGREE,done,0,0,0,0,3.9,,,v1-2026-06-09,2026-06-09T16:04:40Z
ABR,Financials,1094790016.0,DISTRESSED-RECOVERABLE,DISTRESSED-RECOVERABLE,,AGREE,done,0,0,0,1,6.53,," | RAISE:Arbor Realty SR, Inc. Closes Offering of $100 Million of Senior Notes due 2027",v1-2026-06-09,2026-06-09T16:04:40Z
MUX,Materials,1092048896.0,DISTRESSED-RECOVERABLE,DISTRESSED-RECOVERABLE,,AGREE,done,0,0,0,1,8.19,, | RAISE:McEwen Mining Inc. Prices Upsized Offering of $95 Million of Convertible Senior Notes,v1-2026-06-09,2026-06-09T16:04:40Z
OPK,Health Care,1087332864.0,WATCH,WATCH,,AGREE,done,0,0,1,1,16.54,, | RAISE:OPKO Health Announces Pricing of Private Offering of $200 Million Convertible Senior Notes Due 2029,v1-2026-06-09,2026-06-09T16:04:40Z
APPS,Financials,1087164416.0,DISTRESSED-RECOVERABLE,DISTRESSED-RECOVERABLE,,AGREE,done,0,0,0,0,6.29,,,v1-2026-06-09,2026-06-09T16:04:40Z
PXED,Consumer Discretionary,1086146944.0,SKIP_no_data,,,SKIP,skip,,,,,,,no cached fundamentals/context,v1-2026-06-09,2026-06-09T16:04:40Z
MBC,Consumer Discretionary,1082749696.0,CLEAR,CLEAR,,AGREE,done,0,0,0,0,5.88,,,v1-2026-06-09,2026-06-09T16:04:40Z
COLL,Health Care,1082639616.0,CLEAR,CLEAR,,AGREE,done,0,0,1,0,11.18,,,v1-2026-06-09,2026-06-09T16:04:40Z
NHP,Financials,1082026496.0,DISTRESSED-RECOVERABLE,DISTRESSED-RECOVERABLE,,AGREE,done,0,0,0,0,3.14,,,v1-2026-06-09,2026-06-09T16:04:40Z
UPWK,Information Technology,1082018944.0,CLEAR,CLEAR,,AGREE,done,0,0,0,0,3.07,,,v1-2026-06-09,2026-06-09T16:04:40Z
GNK,Industrials,1075917440.0,WATCH,WATCH,,AGREE,done,0,0,0,0,2.66,,,v1-2026-06-09,2026-06-09T16:04:40Z
SDGR,Health Care,1074483968.0,CLEAR,CLEAR,,AGREE,done,0,0,0,0,7.05,,,v1-2026-06-09,2026-06-09T16:04:40Z
CCB,Financials,1071076224.0,CLEAR,CLEAR,,AGREE,done,0,0,0,1,8.0,, | RAISE:CANADA CARBON CLOSES PRIVATE PLACEMENT OF UNITS,v1-2026-06-09,2026-06-09T16:04:40Z
NAK,Unknown,1070194304.0,SKIP_lt2y,,,SKIP,skip,,,,,,,<2y data,v1-2026-06-09,2026-06-09T16:04:40Z
REAL,Consumer Discretionary,1068726144.0,AVOID,AVOID,insolvency,AVOID_unconfirmed,done,0,0,0,0,3.19,,no API distress/short signal (coverage may be thin),v1-2026-06-09,2026-06-09T16:04:40Z
XERS,Health Care,1066927808.0,CLEAR,CLEAR,,AGREE,done,0,0,0,0,5.8,,,v1-2026-06-09,2026-06-09T16:04:40Z
OMDA,Health Care,1065911744.0,SKIP_lt2y,,,SKIP,skip,,,,,,,<2y data,v1-2026-06-09,2026-06-09T16:04:40Z
UPBD,Information Technology,1065026432.0,CLEAR,CLEAR,,AGREE,done,0,0,0,0,6.64,,,v1-2026-06-09,2026-06-09T16:04:40Z
EVLV,Information Technology,1063040000.0,DISTRESSED-RECOVERABLE,WATCH,,UNDERFLAG_fraud_event,done,0,1,0,0,2.02,promoted — ≥2 live fraud/SEC/short-seller news articles,3 live news articles show a fraud/SEC/restatement event the screen missed | FR:Evolv Technologies (EVLV) Shares Crash After Admitting To Improper Revenue Recognition – Hagens Berman,v1-2026-06-09,2026-06-09T16:04:40Z
DLX,Communication Services,1060358848.0,CLEAR,CLEAR,,AGREE,done,0,0,0,0,5.01,,,v1-2026-06-09,2026-06-09T16:04:40Z
CNMD,Health Care,1058639232.0,CLEAR,CLEAR,,AGREE,done,0,0,0,0,5.27,,,v1-2026-06-09,2026-06-09T16:04:40Z
SATL,Information Technology,1055497920.0,WATCH,WATCH,,AGREE,done,0,0,0,0,1.09,,,v1-2026-06-09,2026-06-09T16:04:40Z
HBT,Financials,1053232320.0,CLEAR,CLEAR,,AGREE,done,0,0,0,0,1.99,,,v1-2026-06-09,2026-06-09T16:04:40Z
MNKD,Health Care,1050430656.0,CLEAR,CLEAR,,AGREE,done,0,0,0,0,3.35,,,v1-2026-06-09,2026-06-09T16:04:40Z
CSR,Financials,1050273728.0,CLEAR,CLEAR,,AGREE,done,0,0,0,0,7.32,,,v1-2026-06-09,2026-06-09T16:04:40Z
PZZA,Consumer Discretionary,1050232320.0,CLEAR,CLEAR,,AGREE,done,0,0,0,0,3.82,,,v1-2026-06-09,2026-06-09T16:04:40Z
GPRE,Materials,1048351744.0,DISTRESSED-RECOVERABLE,DISTRESSED-RECOVERABLE,,AGREE,done,0,0,0,0,7.32,,,v1-2026-06-09,2026-06-09T16:04:40Z
AZTA,Industrials,1045845760.0,CLEAR,CLEAR,,AGREE,done,0,0,0,0,3.53,,,v1-2026-06-09,2026-06-09T16:04:40Z
OCFC,Financials,1044865216.0,CLEAR,CLEAR,,AGREE,done,0,0,0,1,7.76,, | RAISE:OceanFirst Financial Corp. and Flushing Financial Corporation Announce Merger Agreement and $225 Million Strategic Investment from,v1-2026-06-09,2026-06-09T16:04:40Z
AKTS,Health Care,1043085504.0,SKIP_no_data,,,SKIP,skip,,,,,,,no cached fundamentals/context,v1-2026-06-09,2026-06-09T16:04:40Z
SVRA,Health Care,1043079552.0,SKIP_lt2y,,,SKIP,skip,,,,,,,<2y data,v1-2026-06-09,2026-06-09T16:04:40Z
OPY,Financials,1042210176.0,CLEAR,CLEAR,,NEWS_NOTE,done,0,1,0,0,1.0,single news mention (kept screen bucket; investigate),single news mention of distress/fraud (investigate; not a screen error) | FR:SEC charges 4 banks with muni bond disclosure infractions,v1-2026-06-09,2026-06-09T16:04:40Z
UVE,Financials,1042201152.0,CLEAR,CLEAR,,AGREE,done,0,0,0,0,2.42,,,v1-2026-06-09,2026-06-09T16:04:40Z
LUCK,Communication Services,1040595648.0,AVOID,AVOID,insolvency,CORROBORATED,done,0,0,1,0,25.59,API event/short-interest confirms the fundamentals AVOID,API distress/short-interest confirms,v1-2026-06-09,2026-06-09T16:04:40Z
MGRT,Unknown,1032900032.0,SKIP_lt2y,,,SKIP,skip,,,,,,,<2y data,v1-2026-06-09,2026-06-09T16:04:40Z
SAFT,Financials,1031804864.0,CLEAR,CLEAR,,AGREE,done,0,0,0,0,1.98,,,v1-2026-06-09,2026-06-09T16:04:40Z
PLOW,Industrials,1028145984.0,CLEAR,CLEAR,,AGREE,done,0,0,0,0,1.52,,,v1-2026-06-09,2026-06-09T16:04:40Z
CRON,Materials,1023833984.0,CLEAR,CLEAR,,AGREE,done,0,0,0,0,2.28,,,v1-2026-06-09,2026-06-09T16:04:40Z
ASM,Materials,1023582784.0,CLEAR,CLEAR,,AGREE,done,0,0,0,0,1.0,,,v1-2026-06-09,2026-06-09T16:04:40Z
SBET,Financials,1023527232.0,WATCH,WATCH,,AGREE,done,0,0,0,1,3.48,, | RAISE:SharpLink Gaming Announces Pricing of $10 Million Registered Direct Offering,v1-2026-06-09,2026-06-09T16:04:40Z
NBN,Materials,1020568896.0,CLEAR,CLEAR,,AGREE,done,0,0,0,1,4.91,, | RAISE:Northeast Bank Announces Commencement of At-the-Market Offering of Voting Common Stock,v1-2026-06-09,2026-06-09T16:04:40Z
METC,Materials,1019986624.0,DISTRESSED-RECOVERABLE,DISTRESSED-RECOVERABLE,,AGREE,done,0,0,0,0,6.67,,,v1-2026-06-09,2026-06-09T16:04:40Z
BRBR,Consumer Staples,1019756800.0,CLEAR,CLEAR,,AGREE,done,0,0,0,0,1.63,,,v1-2026-06-09,2026-06-09T16:04:40Z
SVC,Financials,1016115008.0,DISTRESSED-RECOVERABLE,DISTRESSED-RECOVERABLE,,AGREE,done,0,0,0,0,1.36,,,v1-2026-06-09,2026-06-09T16:04:40Z
AMPL,Information Technology,1015863424.0,CLEAR,CLEAR,,AGREE,done,0,0,0,0,2.05,,,v1-2026-06-09,2026-06-09T16:04:40Z
PRCH,Information Technology,1013074304.0,CLEAR,CLEAR,,AGREE,done,0,0,0,0,7.71,,,v1-2026-06-09,2026-06-09T16:04:40Z
KOPN,Information Technology,1011745024.0,WATCH,WATCH,,AGREE,done,0,0,0,0,1.4,,,v1-2026-06-09,2026-06-09T16:04:40Z
MLKN,Consumer Discretionary,1010578560.0,DISTRESSED-RECOVERABLE,DISTRESSED-RECOVERABLE,,AGREE,done,0,0,0,0,4.17,,,v1-2026-06-09,2026-06-09T16:04:40Z
SENEA,Consumer Staples,1010069120.0,CLEAR,CLEAR,,AGREE,done,0,0,0,0,1.34,,,v1-2026-06-09,2026-06-09T16:04:40Z
NNNN,Unknown,1009058688.0,SKIP_lt2y,,,SKIP,skip,,,,,,,<2y data,v1-2026-06-09,2026-06-09T16:04:40Z
HIVE,Financials,1008214144.0,DISTRESSED-RECOVERABLE,DISTRESSED-RECOVERABLE,,AGREE,done,0,0,0,1,2.49,, | RAISE:HIVE Digital Announces Closing of $28.75 Million Bought Deal Private Placement Financing to “HODL” Our Bitcoin Production and Expa,v1-2026-06-09,2026-06-09T16:04:40Z
TK,Unknown,1005856704.0,CLEAR,CLEAR,,AGREE,done,0,0,0,0,4.69,,,v1-2026-06-09,2026-06-09T16:04:40Z
JBIO,Health Care,1005556352.0,SKIP_lt2y,,,SKIP,skip,,,,,,,<2y data,v1-2026-06-09,2026-06-09T16:04:40Z
DEC,Energy,999510336.0,CLEAR,CLEAR,,AGREE,done,0,0,0,1,3.47,, | RAISE:Diversified Energy Announces Pricing of Secondary Offering of Common Stock,v1-2026-06-09,2026-06-09T16:04:40Z
SBGI,Communication Services,999493376.0,DISTRESSED-RECOVERABLE,DISTRESSED-RECOVERABLE,,AGREE,done,0,0,0,0,7.72,,,v1-2026-06-09,2026-06-09T16:04:40Z
ABSI,Industrials,997792384.0,AVOID,WATCH,cash_burn,OVERFLAG_recent_raise,done,0,0,0,1,6.07,downgraded from AVOID — recent capital raise extends runway / no event found,recent capital raise extends runway | RAISE:Absci Announces Pricing of Public Offering of Common Stock,v1-2026-06-09,2026-06-09T16:04:40Z
GSBD,Unknown,997361856.0,SKIP_lt2y,,,SKIP,skip,,,,,,,<2y data,v1-2026-06-09,2026-06-09T16:04:40Z
EVEX,Industrials,996151040.0,SKIP_lt2y,,,SKIP,skip,,,,,,,<2y data,v1-2026-06-09,2026-06-09T16:04:40Z
BH.A,Consumer Discretionary,994786880.0,CLEAR,CLEAR,,AGREE,done,0,0,0,0,1.0,,,v1-2026-06-09,2026-06-09T16:04:40Z
MSEX,Utilities,993980352.0,CLEAR,CLEAR,,AGREE,done,0,0,0,0,7.42,,,v1-2026-06-09,2026-06-09T16:04:40Z
WSR,Financials,991654336.0,CLEAR,CLEAR,,AGREE,done,0,0,0,0,1.74,,,v1-2026-06-09,2026-06-09T16:04:40Z
INNV,Health Care,990875776.0,CLEAR,CLEAR,,AGREE,done,0,0,0,0,3.17,,,v1-2026-06-09,2026-06-09T16:04:40Z
ACVA,Industrials,988150464.0,CLEAR,CLEAR,,AGREE,done,0,0,0,0,3.51,,,v1-2026-06-09,2026-06-09T16:04:40Z
EYPT,Health Care,987650432.0,AVOID,AVOID,cash_burn,CORROBORATED,done,0,0,1,1,16.88,API event/short-interest confirms the fundamentals AVOID,API distress/short-interest confirms | RAISE:EyePoint Announces Pricing of Public Offering,v1-2026-06-09,2026-06-09T16:04:40Z
SENEB,Consumer Staples,987226816.0,CLEAR,CLEAR,,AGREE,done,0,0,0,0,1.55,,,v1-2026-06-09,2026-06-09T16:04:40Z
SBSI,Financials,986269312.0,CLEAR,CLEAR,,AGREE,done,0,0,0,0,8.16,,,v1-2026-06-09,2026-06-09T16:04:40Z
LZ,Information Technology,985258112.0,CLEAR,CLEAR,,AGREE,done,0,0,0,0,4.18,,,v1-2026-06-09,2026-06-09T16:04:40Z
IMSR,Materials,984689152.0,SKIP_lt2y,,,SKIP,skip,,,,,,,<2y data,v1-2026-06-09,2026-06-09T16:04:40Z
EEX,Industrials,983609984.0,DISTRESSED-RECOVERABLE,DISTRESSED-RECOVERABLE,,AGREE,done,0,0,0,0,1.0,,,v1-2026-06-09,2026-06-09T16:04:40Z
DBVT,Health Care,981907136.0,AVOID,AVOID,cash_burn,CORROBORATED,done,1,0,1,0,10.05,API event/short-interest confirms the fundamentals AVOID,API distress/short-interest confirms | BK:DBV Technologies Announces Plan to Implement ADS Ratio Change,v1-2026-06-09,2026-06-09T16:04:40Z
ACEL,Communication Services,981598336.0,CLEAR,CLEAR,,AGREE,done,0,0,0,1,4.42,, | RAISE:Zoca Raises $6M from Accel to transform Local Businesses using Agentic AI,v1-2026-06-09,2026-06-09T16:04:40Z
VRTS,Financials,979398656.0,WATCH,WATCH,,AGREE,done,0,0,0,0,3.4,,,v1-2026-06-09,2026-06-09T16:04:40Z
QDEL,Health Care,977176896.0,DISTRESSED-RECOVERABLE,DISTRESSED-RECOVERABLE,,AGREE,done,0,0,0,0,4.52,,,v1-2026-06-09,2026-06-09T16:04:40Z
ASIC,Financials,976984128.0,SKIP_lt2y,,,SKIP,skip,,,,,,,<2y data,v1-2026-06-09,2026-06-09T16:04:40Z
AORT,Health Care,976692288.0,CLEAR,CLEAR,,AGREE,done,0,0,0,0,1.7,,,v1-2026-06-09,2026-06-09T16:04:40Z
CFFN,Financials,976482816.0,CLEAR,CLEAR,,AGREE,done,0,0,0,0,7.17,,,v1-2026-06-09,2026-06-09T16:04:40Z
NRGV,Information Technology,975006656.0,WATCH,WATCH,,AGREE,done,0,0,0,0,3.18,,,v1-2026-06-09,2026-06-09T16:04:40Z
BUR,Financials,974858368.0,WATCH,WATCH,,AGREE,done,0,0,0,0,3.28,,,v1-2026-06-09,2026-06-09T16:04:40Z
MCBS,Financials,968136192.0,CLEAR,CLEAR,,AGREE,done,0,0,0,0,6.34,,,v1-2026-06-09,2026-06-09T16:04:40Z
APEI,Consumer Discretionary,965784640.0,CLEAR,CLEAR,,AGREE,done,0,0,0,0,7.05,,,v1-2026-06-09,2026-06-09T16:04:40Z
USPH,Health Care,965632192.0,CLEAR,CLEAR,,AGREE,done,0,0,0,0,2.99,,,v1-2026-06-09,2026-06-09T16:04:40Z
CRSR,Information Technology,963008704.0,DISTRESSED-RECOVERABLE,DISTRESSED-RECOVERABLE,,AGREE,done,0,0,0,0,3.62,,,v1-2026-06-09,2026-06-09T16:04:40Z
EQBK,Financials,962685888.0,CLEAR,CLEAR,,AGREE,done,0,0,0,0,4.55,,,v1-2026-06-09,2026-06-09T16:04:40Z
HBNC,Financials,962433088.0,CLEAR,CLEAR,,AGREE,done,0,0,0,0,5.43,,,v1-2026-06-09,2026-06-09T16:04:40Z
JLHL,Unknown,960898688.0,SKIP_lt2y,,,SKIP,skip,,,,,,,<2y data,v1-2026-06-09,2026-06-09T16:04:40Z
TRUP,Financials,959650368.0,CLEAR,CLEAR,,NEWS_NOTE,done,0,1,0,0,8.91,single news mention (kept screen bucket; investigate),single news mention of distress/fraud (investigate; not a screen error) | FR:Why Trupanion Stock Plummeted Today,v1-2026-06-09,2026-06-09T16:04:40Z
LMB,Industrials,956665600.0,CLEAR,CLEAR,,AGREE,done,0,0,0,0,2.15,,,v1-2026-06-09,2026-06-09T16:04:40Z
HPK,Energy,955267264.0,CLEAR,CLEAR,,AGREE,done,0,0,1,0,10.42,,,v1-2026-06-09,2026-06-09T16:04:40Z
VYX,Information Technology,952247488.0,WATCH,WATCH,,AGREE,done,0,0,0,0,9.57,,,v1-2026-06-09,2026-06-09T16:04:40Z
KBDC,Unknown,951459008.0,WATCH,WATCH,,AGREE,done,0,0,0,0,1.91,,,v1-2026-06-09,2026-06-09T16:04:40Z
NPK,Materials,950288960.0,WATCH,WATCH,,AGREE,done,0,0,0,0,2.78,,,v1-2026-06-09,2026-06-09T16:04:40Z
GOOS,Unknown,950053056.0,CLEAR,CLEAR,,AGREE,done,0,0,0,1,5.92,, | RAISE:Evertune Raises $15 Million Series A to Scale Its AI Marketing and Discovery Platform,v1-2026-06-09,2026-06-09T16:04:40Z
SCSC,Industrials,949358656.0,CLEAR,CLEAR,,AGREE,done,0,0,0,0,3.32,,,v1-2026-06-09,2026-06-09T16:04:40Z
MFA,Financials,947431040.0,SKIP_lt2y,,,SKIP,skip,,,,,,,<2y data,v1-2026-06-09,2026-06-09T16:04:40Z
CRAI,Unknown,941729280.0,CLEAR,CLEAR,,AGREE,done,0,0,0,0,1.49,,,v1-2026-06-09,2026-06-09T16:04:40Z
AVR,Health Care,938378816.0,AVOID,AVOID,insolvency,AVOID_unconfirmed,done,0,0,0,1,5.48,,no API distress/short signal (coverage may be thin) | RAISE:Anteris Announces Strategic Investment from Medtronic to Continue Advancing TAVR in $320 Million Aggregate Capital Raises,v1-2026-06-09,2026-06-09T16:04:40Z
LPTH,Information Technology,937445888.0,AVOID,AVOID,cash_burn,AVOID_unconfirmed,done,0,0,0,0,1.47,,no API distress/short signal (coverage may be thin),v1-2026-06-09,2026-06-09T16:04:40Z
CRVS,Health Care,935085504.0,SKIP_lt2y,,,SKIP,skip,,,,,,,<2y data,v1-2026-06-09,2026-06-09T16:04:40Z
ESQ,Financials,933836096.0,CLEAR,CLEAR,,AGREE,done,0,0,0,0,9.85,,,v1-2026-06-09,2026-06-09T16:04:40Z
DAKT,Consumer Discretionary,932058304.0,CLEAR,CLEAR,,AGREE,done,0,0,0,0,7.51,,,v1-2026-06-09,2026-06-09T16:04:40Z
BFST,Financials,929688192.0,CLEAR,CLEAR,,AGREE,done,0,0,0,0,3.84,,,v1-2026-06-09,2026-06-09T16:04:40Z
CDNL,Industrials,924613824.0,SKIP_lt2y,,,SKIP,skip,,,,,,,<2y data,v1-2026-06-09,2026-06-09T16:04:40Z
UTL,Utilities,921669312.0,CLEAR,CLEAR,,AGREE,done,0,0,0,1,4.53,, | RAISE:Unitil Announces Pricing of Common Stock Offering,v1-2026-06-09,2026-06-09T16:04:40Z
BH,Consumer Discretionary,921427968.0,CLEAR,CLEAR,,AGREE,done,0,0,0,0,2.87,,,v1-2026-06-09,2026-06-09T16:04:40Z
CCNE,Financials,919980800.0,CLEAR,CLEAR,,AGREE,done,0,0,0,0,3.56,,,v1-2026-06-09,2026-06-09T16:04:40Z
FSBC,Financials,919602048.0,CLEAR,CLEAR,,AGREE,done,0,0,0,1,4.71,, | RAISE:Five Star Bancorp Announces the Hiring of San Francisco Bay Area Banking Professional and the Full Exercise and Closing of Underwr,v1-2026-06-09,2026-06-09T16:04:40Z
CPF,Financials,918502208.0,CLEAR,CLEAR,,AGREE,done,0,0,0,0,4.44,,,v1-2026-06-09,2026-06-09T16:04:40Z
FCEL,Information Technology,918106368.0,WATCH,WATCH,,AGREE,done,0,0,0,0,1.0,,,v1-2026-06-09,2026-06-09T16:04:40Z
TRST,Financials,917951872.0,CLEAR,CLEAR,,AGREE,done,0,0,0,0,8.66,,,v1-2026-06-09,2026-06-09T16:04:40Z
DFIN,Industrials,917852544.0,CLEAR,CLEAR,,AGREE,done,0,0,0,0,2.85,,,v1-2026-06-09,2026-06-09T16:04:40Z
EPC,Materials,915636032.0,CLEAR,CLEAR,,AGREE,done,0,0,0,0,5.06,,,v1-2026-06-09,2026-06-09T16:04:40Z
WOOF,Consumer Discretionary,914969856.0,CLEAR,CLEAR,,AGREE,done,0,0,1,0,10.24,,,v1-2026-06-09,2026-06-09T16:04:40Z
NUTX,Industrials,912396736.0,CLEAR,CLEAR,,NEWS_NOTE,done,0,1,0,0,5.04,single news mention (kept screen bucket; investigate),single news mention of distress/fraud (investigate; not a screen error) | FR:Nutex Health (NUTX) Securities Suit Alleges Fraud and Financial Misstatements-- Hagens Berman,v1-2026-06-09,2026-06-09T16:04:40Z
MBWM,Financials,911050624.0,CLEAR,CLEAR,,AGREE,done,0,0,0,0,2.66,,,v1-2026-06-09,2026-06-09T16:04:40Z
HAFC,Financials,905792640.0,CLEAR,CLEAR,,AGREE,done,0,0,0,0,4.14,,,v1-2026-06-09,2026-06-09T16:04:40Z
BJRI,Consumer Discretionary,904568448.0,CLEAR,CLEAR,,AGREE,done,0,0,0,0,4.21,,,v1-2026-06-09,2026-06-09T16:04:40Z
AVO,Materials,903218496.0,CLEAR,CLEAR,,AGREE,done,0,0,0,0,7.76,,,v1-2026-06-09,2026-06-09T16:04:40Z
JBGS,Financials,903107136.0,DISTRESSED-RECOVERABLE,DISTRESSED-RECOVERABLE,,AGREE,done,0,0,1,0,12.43,,,v1-2026-06-09,2026-06-09T16:04:40Z
LXU,Materials,901393728.0,CLEAR,CLEAR,,AGREE,done,0,0,0,0,1.46,,,v1-2026-06-09,2026-06-09T16:04:40Z
OLMA,Health Care,900552448.0,SKIP_lt2y,,,SKIP,skip,,,,,,,<2y data,v1-2026-06-09,2026-06-09T16:04:40Z
JCAP,Financials,899995904.0,SKIP_lt2y,,,SKIP,skip,,,,,,,<2y data,v1-2026-06-09,2026-06-09T16:04:40Z
RERE,Unknown,899252864.0,WATCH,WATCH,,AGREE,done,0,0,0,0,4.16,,,v1-2026-06-09,2026-06-09T16:04:40Z
WYFI,Financials,898552832.0,SKIP_lt2y,,,SKIP,skip,,,,,,,<2y data,v1-2026-06-09,2026-06-09T16:04:40Z
GDRX,Information Technology,897489728.0,CLEAR,CLEAR,,AGREE,done,0,0,0,0,5.01,,,v1-2026-06-09,2026-06-09T16:04:40Z
AMTB,Financials,896503296.0,CLEAR,CLEAR,,AGREE,done,0,0,0,0,6.38,,,v1-2026-06-09,2026-06-09T16:04:40Z
ARHS,Consumer Discretionary,895948608.0,CLEAR,CLEAR,,AGREE,done,0,0,0,0,2.34,,,v1-2026-06-09,2026-06-09T16:04:40Z
PCRX,Health Care,895165248.0,CLEAR,WATCH,,UNDERFLAG_fraud_event,done,0,1,1,0,10.27,promoted — ≥2 live fraud/SEC/short-seller news articles,2 live news articles show a fraud/SEC/restatement event the screen missed | FR:Pacira BioSciences Reports Inducement Grants Under Nasdaq Listing Rule 5635(c)(4),v1-2026-06-09,2026-06-09T16:04:40Z
SUPV,Unknown,893102528.0,DISTRESSED-RECOVERABLE,DISTRESSED-RECOVERABLE,,AGREE,done,0,0,0,0,3.1,,,v1-2026-06-09,2026-06-09T16:04:40Z
AEBI,Unknown,892095552.0,SKIP_no_data,,,SKIP,skip,,,,,,,no cached fundamentals/context,v1-2026-06-09,2026-06-09T16:04:40Z
SHEN,Communication Services,891790656.0,DISTRESSED-RECOVERABLE,DISTRESSED-RECOVERABLE,,AGREE,done,0,0,0,0,6.73,,,v1-2026-06-09,2026-06-09T16:04:40Z
MYE,Materials,890859584.0,CLEAR,CLEAR,,AGREE,done,0,0,0,0,3.54,,,v1-2026-06-09,2026-06-09T16:04:40Z
CRTO,Information Technology,890835456.0,CLEAR,CLEAR,,AGREE,done,0,0,0,0,2.17,,,v1-2026-06-09,2026-06-09T16:04:40Z
PMT,Financials,887720064.0,SKIP_lt2y,,,SKIP,skip,,,,,,,<2y data,v1-2026-06-09,2026-06-09T16:04:40Z
PHAR,Unknown,885725120.0,CLEAR,CLEAR,,AGREE,done,0,0,0,0,1.0,,,v1-2026-06-09,2026-06-09T16:04:40Z
KODK,Information Technology,884256064.0,CLEAR,CLEAR,,AGREE,done,0,0,0,0,2.81,,,v1-2026-06-09,2026-06-09T16:04:40Z
RPC,Financials,883476096.0,CLEAR,CLEAR,,AGREE,done,0,0,0,0,8.41,,,v1-2026-06-09,2026-06-09T16:04:40Z
SG,Consumer Discretionary,881701248.0,WATCH,WATCH,,AGREE,done,0,0,0,0,3.88,,,v1-2026-06-09,2026-06-09T16:04:40Z
JBSS,Consumer Staples,881510912.0,CLEAR,CLEAR,,AGREE,done,0,0,0,0,2.46,,,v1-2026-06-09,2026-06-09T16:04:40Z
GTM,Information Technology,878259776.0,CLEAR,CLEAR,,AGREE,done,0,0,0,0,2.42,,,v1-2026-06-09,2026-06-09T16:04:40Z
TALK,Health Care,874415552.0,CLEAR,CLEAR,,AGREE,done,0,0,0,0,2.68,,,v1-2026-06-09,2026-06-09T16:04:40Z
NBBK,Financials,873859776.0,CLEAR,CLEAR,,AGREE,done,0,0,0,0,5.76,,,v1-2026-06-09,2026-06-09T16:04:40Z
SMP,Industrials,873388480.0,CLEAR,CLEAR,,AGREE,done,0,0,0,0,7.0,,,v1-2026-06-09,2026-06-09T16:04:40Z
BBDC,Unknown,873255424.0,SKIP_no_data,,,SKIP,skip,,,,,,,no cached fundamentals/context,v1-2026-06-09,2026-06-09T16:04:40Z
XNCR,Health Care,872646656.0,WATCH,WATCH,,AGREE,done,0,0,1,0,12.88,,,v1-2026-06-09,2026-06-09T16:04:40Z
AMPH,Health Care,870394240.0,CLEAR,CLEAR,,AGREE,done,0,0,0,0,4.71,,,v1-2026-06-09,2026-06-09T16:04:40Z
CRCT,Industrials,868980352.0,CLEAR,CLEAR,,AGREE,done,0,0,0,0,8.35,,,v1-2026-06-09,2026-06-09T16:04:40Z
PSIX,Industrials,866927424.0,WATCH,WATCH,,AGREE,done,0,0,0,0,1.03,,,v1-2026-06-09,2026-06-09T16:04:40Z
ANNX,Health Care,866727040.0,SKIP_lt2y,,,SKIP,skip,,,,,,,<2y data,v1-2026-06-09,2026-06-09T16:04:40Z
GLIBA,Communication Services,865140224.0,DISTRESSED-RECOVERABLE,DISTRESSED-RECOVERABLE,,AGREE,done,0,0,0,0,2.54,,,v1-2026-06-09,2026-06-09T16:04:40Z
MFIC,Unknown,863265088.0,SKIP_lt2y,,,SKIP,skip,,,,,,,<2y data,v1-2026-06-09,2026-06-09T16:04:40Z
GLIBK,Communication Services,860351616.0,DISTRESSED-RECOVERABLE,DISTRESSED-RECOVERABLE,,AGREE,done,0,0,0,0,2.39,,,v1-2026-06-09,2026-06-09T16:04:40Z
INDI,Information Technology,855718848.0,WATCH,WATCH,,AGREE,done,0,0,1,0,11.51,,,v1-2026-06-09,2026-06-09T16:04:40Z
CAC,Financials,854191360.0,CLEAR,CLEAR,,AGREE,done,0,0,0,0,6.31,,,v1-2026-06-09,2026-06-09T16:04:40Z
ADSE,Information Technology,852023232.0,AVOID,AVOID,insolvency,AVOID_unconfirmed,done,0,0,0,0,8.52,,no API distress/short signal (coverage may be thin),v1-2026-06-09,2026-06-09T16:04:40Z
FTK,Materials,850894464.0,CLEAR,CLEAR,,AGREE,done,0,0,0,0,6.31,,,v1-2026-06-09,2026-06-09T16:04:40Z
SPRY,Health Care,850035968.0,AVOID,AVOID,cash_burn,CORROBORATED,done,0,0,1,0,13.3,API event/short-interest confirms the fundamentals AVOID,API distress/short-interest confirms,v1-2026-06-09,2026-06-09T16:04:40Z
EIG,Financials,848843072.0,CLEAR,CLEAR,,AGREE,done,0,0,0,0,6.13,,,v1-2026-06-09,2026-06-09T16:04:40Z
LXRX,Health Care,848415104.0,AVOID,WATCH,cash_burn,OVERFLAG_recent_raise,done,0,0,0,1,6.22,downgraded from AVOID — recent capital raise extends runway / no event found,recent capital raise extends runway | RAISE:Lexicon Announces Closing of Approximately $94.6 Million Public Offering and Concurrent Private Placement,v1-2026-06-09,2026-06-09T16:04:40Z
KFRC,Information Technology,847911616.0,CLEAR,CLEAR,,AGREE,done,0,0,0,0,6.19,,,v1-2026-06-09,2026-06-09T16:04:40Z
MEC,Materials,847675712.0,DISTRESSED-RECOVERABLE,DISTRESSED-RECOVERABLE,,AGREE,done,0,0,0,0,2.49,,,v1-2026-06-09,2026-06-09T16:04:40Z
ROOT,Financials,847339904.0,CLEAR,CLEAR,,AGREE,done,0,0,0,0,5.41,,,v1-2026-06-09,2026-06-09T16:04:40Z
GO,Consumer Discretionary,846778112.0,DISTRESSED-RECOVERABLE,DISTRESSED-RECOVERABLE,,AGREE,done,0,0,0,0,6.34,,,v1-2026-06-09,2026-06-09T16:04:40Z
SLI,Unknown,846190976.0,SKIP_lt2y,,,SKIP,skip,,,,,,,<2y data,v1-2026-06-09,2026-06-09T16:04:40Z
BOW,Financials,845579456.0,CLEAR,CLEAR,,AGREE,done,0,0,0,0,2.6,,,v1-2026-06-09,2026-06-09T16:04:40Z
THFF,Financials,845275968.0,CLEAR,CLEAR,,AGREE,done,0,0,0,0,3.52,,,v1-2026-06-09,2026-06-09T16:04:40Z
ASPI,Materials,844812160.0,WATCH,WATCH,,AGREE,done,0,0,0,1,5.48,, | RAISE:ASP Isotopes Announces Quantum Leap Energy's Confidential Submission of Draft Registration Statement for Proposed Initial Public O,v1-2026-06-09,2026-06-09T16:04:40Z
DRTS,Health Care,844546944.0,SKIP_lt2y,,,SKIP,skip,,,,,,,<2y data,v1-2026-06-09,2026-06-09T16:04:40Z
CAPL,Industrials,843210752.0,CLEAR,CLEAR,,AGREE,done,0,0,0,0,1.0,,,v1-2026-06-09,2026-06-09T16:04:40Z
CCOI,Communication Services,842807104.0,WATCH,WATCH,,AGREE,done,0,0,0,0,2.64,,,v1-2026-06-09,2026-06-09T16:04:40Z
ABX,Financials,840279936.0,WATCH,WATCH,,AGREE,done,0,0,0,0,9.58,,,v1-2026-06-09,2026-06-09T16:04:40Z
ARKO,Consumer Discretionary,840271040.0,CLEAR,CLEAR,,AGREE,done,0,0,0,1,3.5,, | RAISE:ARKO Corp. and ARKO Petroleum Corp. Announce Pricing of ARKO Petroleum Corp.'s Initial Public Offering,v1-2026-06-09,2026-06-09T16:04:40Z
FMNB,Financials,840261120.0,CLEAR,CLEAR,,AGREE,done,0,0,0,0,2.52,,,v1-2026-06-09,2026-06-09T16:04:40Z
TBPH,Health Care,839798464.0,CLEAR,CLEAR,,AGREE,done,0,0,1,0,14.79,,,v1-2026-06-09,2026-06-09T16:04:40Z
ABUS,Health Care,839535296.0,WATCH,WATCH,,AGREE,done,0,0,1,0,17.08,,,v1-2026-06-09,2026-06-09T16:04:40Z
CERT,Information Technology,835381952.0,DISTRESSED-RECOVERABLE,DISTRESSED-RECOVERABLE,,AGREE,done,0,0,0,0,6.59,,,v1-2026-06-09,2026-06-09T16:04:40Z
MGTX,Health Care,833485696.0,AVOID,AVOID,insolvency,CORROBORATED,done,0,0,1,1,10.35,API event/short-interest confirms the fundamentals AVOID,API distress/short-interest confirms | RAISE:MeiraGTx Announces $30 Million Strategic Investment from Sanofi; Company Pursuing Multiple Additional Strategic Opportunities,v1-2026-06-09,2026-06-09T16:04:40Z
MPB,Financials,832834816.0,CLEAR,CLEAR,,AGREE,done,0,0,0,0,4.13,,,v1-2026-06-09,2026-06-09T16:04:40Z
EGBN,Financials,831615488.0,CLEAR,CLEAR,,AGREE,done,0,0,1,1,10.92,," | RAISE:Eagle Bancorp, Inc. Announces Registered Exchange Offer for its Outstanding 10.00% Senior Notes due 2029 Issued in Connection with",v1-2026-06-09,2026-06-09T16:04:40Z
CGEM,Health Care,830298240.0,SKIP_lt2y,,,SKIP,skip,,,,,,,<2y data,v1-2026-06-09,2026-06-09T16:04:40Z
TRON,Financials,830168640.0,WATCH,WATCH,,AGREE,done,0,0,0,0,7.79,,,v1-2026-06-09,2026-06-09T16:04:40Z
MRLN,Information Technology,830106880.0,SKIP_lt2y,,,SKIP,skip,,,,,,,<2y data,v1-2026-06-09,2026-06-09T16:04:40Z
BCSF,Unknown,829668224.0,CLEAR,CLEAR,,AGREE,done,0,0,0,0,2.71,,,v1-2026-06-09,2026-06-09T16:04:40Z
MOMO,Unknown,828862976.0,CLEAR,CLEAR,,AGREE,done,0,0,0,0,6.13,,,v1-2026-06-09,2026-06-09T16:04:40Z
MOV,Information Technology,828186624.0,CLEAR,CLEAR,,AGREE,done,0,0,0,0,5.35,,,v1-2026-06-09,2026-06-09T16:04:40Z
LYTS,Information Technology,827864704.0,CLEAR,CLEAR,,AGREE,done,0,0,0,0,2.94,,,v1-2026-06-09,2026-06-09T16:04:40Z
RJET,Industrials,826071936.0,CLEAR,CLEAR,,AGREE,done,0,0,0,0,3.97,,,v1-2026-06-09,2026-06-09T16:04:40Z
EFOR,Information Technology,825329984.0,CLEAR,CLEAR,,AGREE,done,0,0,0,0,2.27,,,v1-2026-06-09,2026-06-09T16:04:40Z
INMD,Unknown,823350528.0,CLEAR,CLEAR,,AGREE,done,0,0,0,0,3.05,,,v1-2026-06-09,2026-06-09T16:04:40Z
TRNS,Health Care,819366016.0,CLEAR,CLEAR,,AGREE,done,0,0,0,0,3.48,,,v1-2026-06-09,2026-06-09T16:04:40Z
MTUS,Materials,818402688.0,DISTRESSED-RECOVERABLE,DISTRESSED-RECOVERABLE,,AGREE,done,0,0,0,0,8.08,,,v1-2026-06-09,2026-06-09T16:04:40Z
LBRX,Health Care,818144896.0,SKIP_lt2y,,,SKIP,skip,,,,,,,<2y data,v1-2026-06-09,2026-06-09T16:04:40Z
LMRI,Health Care,816686272.0,SKIP_lt2y,,,SKIP,skip,,,,,,,<2y data,v1-2026-06-09,2026-06-09T16:04:40Z
WLKP,Materials,815589632.0,CLEAR,CLEAR,,AGREE,done,0,0,0,0,2.93,,,v1-2026-06-09,2026-06-09T16:04:40Z
JANX,Health Care,814750912.0,WATCH,WATCH,,AGREE,done,0,0,0,0,9.66,,,v1-2026-06-09,2026-06-09T16:04:40Z
FCBC,Financials,813533312.0,CLEAR,CLEAR,,AGREE,done,0,0,0,0,5.41,,,v1-2026-06-09,2026-06-09T16:04:40Z
GTN.A,Communication Services,812661184.0,WATCH,WATCH,,AGREE,done,0,0,0,0,5.28,,,v1-2026-06-09,2026-06-09T16:04:40Z
BBSI,Information Technology,810468352.0,CLEAR,CLEAR,,AGREE,done,0,0,0,0,2.31,,,v1-2026-06-09,2026-06-09T16:04:40Z
PHAT,Health Care,807927808.0,AVOID,AVOID,insolvency,AVOID_unconfirmed,done,0,0,0,1,8.68,,no API distress/short signal (coverage may be thin) | RAISE:Phathom Pharmaceuticals Announces Pricing of $130 Million Public Offering of Common Stock and Pre-Funded Warrants,v1-2026-06-09,2026-06-09T16:04:40Z
EVC,Communication Services,807183680.0,DISTRESSED-RECOVERABLE,DISTRESSED-RECOVERABLE,,AGREE,done,0,0,0,0,1.0,,,v1-2026-06-09,2026-06-09T16:04:40Z
ADAM,Financials,806952704.0,SKIP_lt2y,,,SKIP,skip,,,,,,,<2y data,v1-2026-06-09,2026-06-09T16:04:40Z
ESPR,Health Care,805761984.0,WATCH,WATCH,,AGREE,done,0,0,0,1,1.0,, | RAISE:Esperion Announces Pricing of Public Offering of Common Stock,v1-2026-06-09,2026-06-09T16:04:40Z
YALA,Unknown,803175360.0,CLEAR,CLEAR,,AGREE,done,0,0,0,0,6.46,,,v1-2026-06-09,2026-06-09T16:04:40Z
PFLT,Unknown,802672768.0,SKIP_lt2y,,,SKIP,skip,,,,,,,<2y data,v1-2026-06-09,2026-06-09T16:04:40Z
TIGR,Unknown,800578944.0,CLEAR,CLEAR,,AGREE,done,0,0,0,1,3.02,, | RAISE:UP Fintech Announces Full Exercise of Over-Allotment Option in Follow-on Public Offering of American Depositary Shares,v1-2026-06-09,2026-06-09T16:04:40Z
CODI,Consumer Discretionary,800510720.0,WATCH,AVOID,,UNDERFLAG_distress_event,done,1,1,0,0,4.65,promoted — ≥2 live distress (going-concern/Ch11/default) news articles,2 live news articles show a distress event the screen missed | BK:Compass Diversified Announces Conference Call to Discuss the Restatement of Financial Results,v1-2026-06-09,2026-06-09T16:04:40Z
GSBC,Financials,798580672.0,CLEAR,CLEAR,,AGREE,done,0,0,0,0,3.44,,,v1-2026-06-09,2026-06-09T16:04:40Z
PSTL,Financials,798366528.0,CLEAR,CLEAR,,AGREE,done,0,0,0,0,7.45,,,v1-2026-06-09,2026-06-09T16:04:40Z
ETON,Health Care,797939392.0,DISTRESSED-RECOVERABLE,DISTRESSED-RECOVERABLE,,AGREE,done,0,0,0,0,3.24,,,v1-2026-06-09,2026-06-09T16:04:40Z
SCHL,Communication Services,796482944.0,DISTRESSED-RECOVERABLE,DISTRESSED-RECOVERABLE,,AGREE,done,0,0,0,0,6.48,,,v1-2026-06-09,2026-06-09T16:04:40Z
DSP,Information Technology,794645120.0,CLEAR,CLEAR,,AGREE,done,0,0,0,0,3.51,,,v1-2026-06-09,2026-06-09T16:04:40Z
HTB,Financials,793548672.0,CLEAR,CLEAR,,AGREE,done,0,0,0,0,6.12,,,v1-2026-06-09,2026-06-09T16:04:40Z
CYRX,Health Care,791316288.0,WATCH,WATCH,,AGREE,done,0,0,0,0,2.37,,,v1-2026-06-09,2026-06-09T16:04:40Z
MATW,Materials,790981824.0,AVOID,AVOID,insolvency,CORROBORATED,done,0,0,1,0,12.11,API event/short-interest confirms the fundamentals AVOID,API distress/short-interest confirms,v1-2026-06-09,2026-06-09T16:04:40Z
APOG,Materials,790200640.0,CLEAR,CLEAR,,AGREE,done,0,0,0,0,2.71,,,v1-2026-06-09,2026-06-09T16:04:40Z
NXDR,Information Technology,789472512.0,CLEAR,CLEAR,,AGREE,done,0,0,0,0,1.81,,,v1-2026-06-09,2026-06-09T16:04:40Z
SPFI,Financials,787464896.0,CLEAR,CLEAR,,AGREE,done,0,0,0,0,2.75,,,v1-2026-06-09,2026-06-09T16:04:40Z
HNRG,Utilities,785192320.0,CLEAR,CLEAR,,AGREE,done,0,0,0,0,2.13,,,v1-2026-06-09,2026-06-09T16:04:40Z
KOP,Materials,784850816.0,CLEAR,CLEAR,,AGREE,done,0,0,0,0,3.7,,,v1-2026-06-09,2026-06-09T16:04:40Z
PGC,Financials,783506688.0,CLEAR,CLEAR,,AGREE,done,0,0,0,0,5.11,,,v1-2026-06-09,2026-06-09T16:04:40Z
WGO,Industrials,782962368.0,CLEAR,CLEAR,,AGREE,done,0,0,0,0,4.09,,,v1-2026-06-09,2026-06-09T16:04:40Z
REPL,Health Care,781962688.0,SKIP_lt2y,,,SKIP,skip,,,,,,,<2y data,v1-2026-06-09,2026-06-09T16:04:40Z
AGNT,Real Estate,780538624.0,CLEAR,CLEAR,,AGREE,done,0,0,0,0,7.91,,,v1-2026-06-09,2026-06-09T16:04:40Z
METCB,Materials,779491392.0,DISTRESSED-RECOVERABLE,DISTRESSED-RECOVERABLE,,AGREE,done,0,0,0,0,1.58,,,v1-2026-06-09,2026-06-09T16:04:40Z
ORIC,Health Care,776381696.0,SKIP_lt2y,,,SKIP,skip,,,,,,,<2y data,v1-2026-06-09,2026-06-09T16:04:40Z
WRLD,Financials,776326080.0,CLEAR,CLEAR,,AGREE,done,0,0,0,0,3.0,,,v1-2026-06-09,2026-06-09T16:04:40Z
KURA,Health Care,775887936.0,WATCH,WATCH,,AGREE,done,0,0,1,1,11.42,, | RAISE:Kura Oncology Announces Oversubscribed $150 Million Private Placement,v1-2026-06-09,2026-06-09T16:04:40Z
CCBG,Financials,775377856.0,CLEAR,CLEAR,,NEWS_NOTE,done,0,1,0,0,5.01,single news mention (kept screen bucket; investigate),"single news mention of distress/fraud (investigate; not a screen error) | FR:Capital City Bank Group, Inc. Announces Late Filing of Third Quarter 2023 10-Q and Planned Restatements",v1-2026-06-09,2026-06-09T16:04:40Z
SXC,Materials,770467072.0,DISTRESSED-RECOVERABLE,DISTRESSED-RECOVERABLE,,AGREE,done,0,0,0,0,1.81,,,v1-2026-06-09,2026-06-09T16:04:40Z
SSYS,Unknown,768303936.0,DISTRESSED-RECOVERABLE,DISTRESSED-RECOVERABLE,,AGREE,done,0,0,0,0,2.44,,,v1-2026-06-09,2026-06-09T16:04:40Z
SMBC,Financials,767789504.0,CLEAR,CLEAR,,AGREE,done,0,0,0,0,2.22,,,v1-2026-06-09,2026-06-09T16:04:40Z
LDI,Financials,765316160.0,SKIP_lt2y,,,SKIP,skip,,,,,,,<2y data,v1-2026-06-09,2026-06-09T16:04:40Z
IBTA,Information Technology,764582656.0,CLEAR,CLEAR,,AGREE,done,0,0,1,0,13.54,,,v1-2026-06-09,2026-06-09T16:04:40Z
ALOY,Materials,763944384.0,AVOID,WATCH,cash_burn,OVERFLAG_recent_raise,done,0,0,0,1,1.91,downgraded from AVOID — recent capital raise extends runway / no event found,recent capital raise extends runway | RAISE:REalloys Announces Pricing of Upsized $50 Million Public Offering,v1-2026-06-09,2026-06-09T16:04:40Z
HDL,Unknown,763699072.0,CLEAR,CLEAR,,AGREE,done,0,0,0,0,1.94,,,v1-2026-06-09,2026-06-09T16:04:40Z
FPH,Real Estate,758967488.0,CLEAR,CLEAR,,AGREE,done,0,0,0,0,1.83,,,v1-2026-06-09,2026-06-09T16:04:40Z
SSII,Health Care,756497216.0,SKIP_lt2y,,,SKIP,skip,,,,,,,<2y data,v1-2026-06-09,2026-06-09T16:04:40Z
REPX,Energy,753283328.0,CLEAR,CLEAR,,AGREE,done,0,0,0,0,1.65,,,v1-2026-06-09,2026-06-09T16:04:40Z
ODV,Unknown,752661824.0,WATCH,WATCH,,AGREE,done,0,0,0,1,5.73,, | RAISE:Osisko Development Announces US$125 Million Bought Deal Public Offering of Common Shares to Advance Mineral Resource-to-Reserve Co,v1-2026-06-09,2026-06-09T16:04:40Z
GERN,Health Care,750579520.0,WATCH,WATCH,,AGREE,done,0,0,0,0,3.77,,,v1-2026-06-09,2026-06-09T16:04:40Z
CBRL,Consumer Discretionary,749653376.0,CLEAR,CLEAR,,AGREE,done,0,0,0,0,6.11,,,v1-2026-06-09,2026-06-09T16:04:40Z
RDVT,Information Technology,747208448.0,CLEAR,CLEAR,,AGREE,done,0,0,0,1,4.5,, | RAISE:red violet Announces Closing of $21.0 Million Registered Direct Offering,v1-2026-06-09,2026-06-09T16:04:40Z
NB,Materials,746861504.0,SKIP_lt2y,,,SKIP,skip,,,,,,,<2y data,v1-2026-06-09,2026-06-09T16:04:40Z
SANA,Health Care,745821440.0,SKIP_lt2y,,,SKIP,skip,,,,,,,<2y data,v1-2026-06-09,2026-06-09T16:04:40Z
ORRF,Financials,740526016.0,CLEAR,CLEAR,,AGREE,done,0,0,0,0,8.86,,,v1-2026-06-09,2026-06-09T16:04:40Z
KRO,Materials,739791552.0,DISTRESSED-RECOVERABLE,DISTRESSED-RECOVERABLE,,AGREE,done,0,0,0,0,4.36,,,v1-2026-06-09,2026-06-09T16:04:40Z
NMFC,Unknown,739562240.0,CLEAR,CLEAR,,AGREE,done,0,0,0,0,6.21,,,v1-2026-06-09,2026-06-09T16:04:40Z
CGBD,Unknown,739449472.0,SKIP_lt2y,,,SKIP,skip,,,,,,,<2y data,v1-2026-06-09,2026-06-09T16:04:40Z
OBE,Unknown,738551104.0,CLEAR,CLEAR,,AGREE,done,0,0,0,0,6.75,,,v1-2026-06-09,2026-06-09T16:04:40Z
HSTM,Information Technology,737391360.0,CLEAR,CLEAR,,AGREE,done,0,0,0,0,3.4,,,v1-2026-06-09,2026-06-09T16:04:40Z
WEST,Consumer Staples,735587008.0,WATCH,WATCH,,AGREE,done,0,0,0,0,3.83,,,v1-2026-06-09,2026-06-09T16:04:40Z
VTS,Energy,734972928.0,CLEAR,CLEAR,,AGREE,done,0,0,1,0,11.17,,,v1-2026-06-09,2026-06-09T16:04:40Z
NAVI,Financials,734057344.0,DISTRESSED-RECOVERABLE,DISTRESSED-RECOVERABLE,,AGREE,done,0,0,0,0,9.36,,,v1-2026-06-09,2026-06-09T16:04:40Z
FISI,Financials,730561216.0,CLEAR,CLEAR,,AGREE,done,0,0,0,1,6.8,," | RAISE:Financial Institutions, Inc. Announces Pricing of Common Stock Offering",v1-2026-06-09,2026-06-09T16:04:40Z
FOXF,Industrials,730108032.0,DISTRESSED-RECOVERABLE,DISTRESSED-RECOVERABLE,,AGREE,done,0,0,0,0,5.39,,,v1-2026-06-09,2026-06-09T16:04:40Z
HZO,Consumer Discretionary,727810240.0,WATCH,WATCH,,AGREE,done,0,0,0,0,7.32,,,v1-2026-06-09,2026-06-09T16:04:40Z
ALRS,Financials,727474304.0,CLEAR,CLEAR,,AGREE,done,0,0,0,0,4.35,,,v1-2026-06-09,2026-06-09T16:04:40Z
IVR,Financials,724949760.0,SKIP_lt2y,,,SKIP,skip,,,,,,,<2y data,v1-2026-06-09,2026-06-09T16:04:40Z
BRSP,Financials,723043264.0,DISTRESSED-RECOVERABLE,DISTRESSED-RECOVERABLE,,AGREE,done,0,0,0,0,5.26,,,v1-2026-06-09,2026-06-09T16:04:40Z
SMBK,Financials,722752448.0,CLEAR,CLEAR,,AGREE,done,0,0,0,0,3.4,,,v1-2026-06-09,2026-06-09T16:04:40Z
GSM,Unknown,721281536.0,WATCH,WATCH,,AGREE,done,0,0,0,0,1.95,,,v1-2026-06-09,2026-06-09T16:04:40Z
FBYD,Communication Services,719498496.0,AVOID,AVOID,cash_burn,CORROBORATED,done,0,0,1,0,16.03,API event/short-interest confirms the fundamentals AVOID,API fraud/short-interest confirms,v1-2026-06-09,2026-06-09T16:04:40Z
GDOT,Financials,717572160.0,CLEAR,CLEAR,,AGREE,done,0,0,0,0,4.82,,,v1-2026-06-09,2026-06-09T16:04:40Z
EVMN,Health Care,717485952.0,SKIP_lt2y,,,SKIP,skip,,,,,,,<2y data,v1-2026-06-09,2026-06-09T16:04:40Z
DJCO,Communication Services,715602560.0,CLEAR,CLEAR,,AGREE,done,0,0,0,0,7.12,,,v1-2026-06-09,2026-06-09T16:04:40Z
PD,Information Technology,713383744.0,CLEAR,CLEAR,,AGREE,done,0,0,0,0,4.07,,,v1-2026-06-09,2026-06-09T16:04:40Z
VOR,Health Care,713086144.0,SKIP_lt2y,,,SKIP,skip,,,,,,,<2y data,v1-2026-06-09,2026-06-09T16:04:40Z
LAES,Unknown,712876800.0,WATCH,WATCH,,AGREE,done,0,0,0,1,1.67,, | RAISE:SEALSQ Announces Entry into a Memorandum of Understanding Regarding a Potential Strategic Investment and Acquisition of Quantum Co,v1-2026-06-09,2026-06-09T16:04:40Z
IBCP,Financials,712560896.0,CLEAR,CLEAR,,AGREE,done,0,0,0,0,3.23,,,v1-2026-06-09,2026-06-09T16:04:40Z
NABL,Information Technology,712069952.0,DISTRESSED-RECOVERABLE,DISTRESSED-RECOVERABLE,,AGREE,done,0,0,0,0,1.84,,,v1-2026-06-09,2026-06-09T16:04:40Z
BZH,Industrials,709586048.0,CLEAR,CLEAR,,AGREE,done,0,0,0,0,2.09,,,v1-2026-06-09,2026-06-09T16:04:40Z
DGICB,Financials,709499904.0,CLEAR,CLEAR,,AGREE,done,0,0,0,0,9.58,,,v1-2026-06-09,2026-06-09T16:04:40Z
OMER,Health Care,708554688.0,SKIP_lt2y,,,SKIP,skip,,,,,,,<2y data,v1-2026-06-09,2026-06-09T16:04:40Z
NX,Materials,708370112.0,DISTRESSED-RECOVERABLE,DISTRESSED-RECOVERABLE,,AGREE,done,0,0,0,0,8.47,,,v1-2026-06-09,2026-06-09T16:04:40Z
KRNT,Unknown,705765440.0,CLEAR,CLEAR,,AGREE,done,0,0,0,0,1.72,,,v1-2026-06-09,2026-06-09T16:04:40Z
SHBI,Financials,702240000.0,CLEAR,CLEAR,,AGREE,done,0,0,0,0,4.05,,,v1-2026-06-09,2026-06-09T16:04:40Z
FDUS,Unknown,701017088.0,SKIP_lt2y,,,SKIP,skip,,,,,,,<2y data,v1-2026-06-09,2026-06-09T16:04:40Z
BIOA,Health Care,697907968.0,WATCH,WATCH,,AGREE,done,0,0,0,1,4.59,, | RAISE:BioAge Announces Pricing of Upsized $115.0 Million Public Offering,v1-2026-06-09,2026-06-09T16:04:40Z
SLRC,Unknown,697753728.0,SKIP_lt2y,,,SKIP,skip,,,,,,,<2y data,v1-2026-06-09,2026-06-09T16:04:40Z
JBI,Materials,695601536.0,CLEAR,CLEAR,,AGREE,done,0,0,0,0,1.9,,,v1-2026-06-09,2026-06-09T16:04:40Z
NGVC,Consumer Discretionary,693527680.0,CLEAR,CLEAR,,AGREE,done,0,0,0,0,3.82,,,v1-2026-06-09,2026-06-09T16:04:40Z
SKYH,Real Estate,693343232.0,WATCH,WATCH,,AGREE,done,0,0,1,0,13.34,,,v1-2026-06-09,2026-06-09T16:04:40Z
CTO,Financials,693239296.0,CLEAR,CLEAR,,AGREE,done,0,0,0,0,1.66,,,v1-2026-06-09,2026-06-09T16:04:40Z
MNTN,Information Technology,692668672.0,SKIP_lt2y,,,SKIP,skip,,,,,,,<2y data,v1-2026-06-09,2026-06-09T16:04:40Z
CBLL,Health Care,692454272.0,WATCH,WATCH,,AGREE,done,0,0,0,0,4.88,,,v1-2026-06-09,2026-06-09T16:04:40Z
HSHP,Unknown,689731328.0,CLEAR,CLEAR,,AGREE,done,0,0,0,0,2.96,,,v1-2026-06-09,2026-06-09T16:04:40Z
AVTX,Health Care,688609024.0,AVOID,WATCH,cash_burn,OVERFLAG_recent_raise,done,0,0,0,1,1.59,downgraded from AVOID — recent capital raise extends runway / no event found,recent capital raise extends runway | RAISE:Avalo Therapeutics Announces Pricing of $375 Million Public Offering,v1-2026-06-09,2026-06-09T16:04:40Z
QNST,Industrials,686472128.0,CLEAR,CLEAR,,AGREE,done,0,0,0,0,4.75,,,v1-2026-06-09,2026-06-09T16:04:40Z
AURA,Health Care,685452928.0,SKIP_lt2y,,,SKIP,skip,,,,,,,<2y data,v1-2026-06-09,2026-06-09T16:04:40Z
VEL,Financials,685397184.0,CLEAR,CLEAR,,AGREE,done,0,0,1,0,11.52,,,v1-2026-06-09,2026-06-09T16:04:40Z
RSKD,Unknown,684171200.0,CLEAR,CLEAR,,AGREE,done,0,0,0,0,1.64,,,v1-2026-06-09,2026-06-09T16:04:40Z
GPRK,Unknown,683700096.0,CLEAR,CLEAR,,AGREE,done,0,0,0,0,1.8,,,v1-2026-06-09,2026-06-09T16:04:40Z
EVER,Information Technology,683411776.0,CLEAR,CLEAR,,AGREE,done,0,0,0,1,2.91,," | RAISE:Evergold Closes $1,072,000 Private Placement to Support Follow-up Drilling at Emerging DEM1 Gold-Silver++ Discovery, BC",v1-2026-06-09,2026-06-09T16:04:40Z
PKE,Industrials,678530432.0,CLEAR,CLEAR,,AGREE,done,0,0,0,0,4.82,,,v1-2026-06-09,2026-06-09T16:04:40Z
BWMX,Consumer Discretionary,677839360.0,CLEAR,CLEAR,,AGREE,done,0,0,0,0,1.42,,,v1-2026-06-09,2026-06-09T16:04:40Z
RSVR,Communication Services,677628864.0,CLEAR,CLEAR,,AGREE,done,0,0,1,0,16.25,,,v1-2026-06-09,2026-06-09T16:04:40Z
DRUG,Health Care,677032192.0,SKIP_lt2y,,,SKIP,skip,,,,,,,<2y data,v1-2026-06-09,2026-06-09T16:04:40Z
OCS,Unknown,676950272.0,SKIP_lt2y,,,SKIP,skip,,,,,,,<2y data,v1-2026-06-09,2026-06-09T16:04:40Z
YB,Unknown,675535744.0,SKIP_lt2y,,,SKIP,skip,,,,,,,<2y data,v1-2026-06-09,2026-06-09T16:04:40Z
MITK,Information Technology,672415296.0,CLEAR,CLEAR,,AGREE,done,0,0,0,0,2.53,,,v1-2026-06-09,2026-06-09T16:04:40Z
FEIM,Health Care,672400448.0,WATCH,WATCH,,AGREE,done,0,0,0,0,4.65,,,v1-2026-06-09,2026-06-09T16:04:40Z
OIO,Unknown,671682688.0,DISTRESSED-RECOVERABLE,DISTRESSED-RECOVERABLE,,AGREE,done,0,0,0,0,1.0,,,v1-2026-06-09,2026-06-09T16:04:40Z
DC,Materials,670979776.0,SKIP_lt2y,,,SKIP,skip,,,,,,,<2y data,v1-2026-06-09,2026-06-09T16:04:40Z
HRTG,Financials,670861312.0,CLEAR,CLEAR,,AGREE,done,0,0,0,0,1.82,,,v1-2026-06-09,2026-06-09T16:04:40Z
ASC,Industrials,670795008.0,CLEAR,CLEAR,,AGREE,done,0,0,0,0,2.37,,,v1-2026-06-09,2026-06-09T16:04:40Z
SIBN,Health Care,670561152.0,WATCH,WATCH,,AGREE,done,0,0,0,0,5.06,,,v1-2026-06-09,2026-06-09T16:04:40Z
CWBC,Financials,668858176.0,CLEAR,CLEAR,,AGREE,done,0,0,0,0,3.79,,,v1-2026-06-09,2026-06-09T16:04:40Z
RWT,Financials,667399872.0,SKIP_lt2y,,,SKIP,skip,,,,,,,<2y data,v1-2026-06-09,2026-06-09T16:04:40Z
EVGO,Consumer Discretionary,666951168.0,WATCH,WATCH,,AGREE,done,0,0,1,0,10.58,,,v1-2026-06-09,2026-06-09T16:04:40Z
KELYB,Information Technology,666341824.0,DISTRESSED-RECOVERABLE,DISTRESSED-RECOVERABLE,,AGREE,done,0,0,0,0,1.0,,,v1-2026-06-09,2026-06-09T16:04:40Z
DSGN,Health Care,665166784.0,SKIP_lt2y,,,SKIP,skip,,,,,,,<2y data,v1-2026-06-09,2026-06-09T16:04:40Z
SPIR,Communication Services,664290176.0,AVOID,AVOID,cash_burn,AVOID_unconfirmed,done,0,1,0,0,2.66,,no API distress/short signal (coverage may be thin) | FR:Spire Global (SPIR) Secures Debt Waiver Amid Accounting Scandal and Investor Suit- Hagens Berman,v1-2026-06-09,2026-06-09T16:04:40Z
TIPT,Financials,663863232.0,DISTRESSED-RECOVERABLE,DISTRESSED-RECOVERABLE,,AGREE,done,0,0,0,0,1.93,,,v1-2026-06-09,2026-06-09T16:04:40Z
CGNT,Information Technology,662616064.0,CLEAR,CLEAR,,AGREE,done,0,0,0,0,1.0,,,v1-2026-06-09,2026-06-09T16:04:40Z
SB,Unknown,661872768.0,CLEAR,CLEAR,,AGREE,done,0,0,0,0,3.28,,,v1-2026-06-09,2026-06-09T16:04:40Z
SLDP,Information Technology,661452096.0,WATCH,WATCH,,AGREE,done,0,0,0,0,2.8,,,v1-2026-06-09,2026-06-09T16:04:40Z
BALY,Consumer Discretionary,661298240.0,DISTRESSED-RECOVERABLE,DISTRESSED-RECOVERABLE,,AGREE,done,0,0,1,0,24.91,,,v1-2026-06-09,2026-06-09T16:04:40Z
SLDB,Health Care,659612352.0,SKIP_lt2y,,,SKIP,skip,,,,,,,<2y data,v1-2026-06-09,2026-06-09T16:04:40Z
FBRT,Financials,659572928.0,DISTRESSED-RECOVERABLE,DISTRESSED-RECOVERABLE,,AGREE,done,0,0,0,0,5.73,,,v1-2026-06-09,2026-06-09T16:04:40Z
SERV,Industrials,659449280.0,WATCH,WATCH,,AGREE,done,0,0,0,1,4.59,, | RAISE:Serve Robotics Announces $100 Million Registered Direct Offering of Common Stock,v1-2026-06-09,2026-06-09T16:04:40Z
SWBI,Materials,659397248.0,WATCH,WATCH,,AGREE,done,0,0,0,0,3.29,,,v1-2026-06-09,2026-06-09T16:04:40Z
TMQ,Materials,659124288.0,SKIP_lt2y,,,SKIP,skip,,,,,,,<2y data,v1-2026-06-09,2026-06-09T16:04:40Z
OXM,Consumer Discretionary,657424128.0,DISTRESSED-RECOVERABLE,DISTRESSED-RECOVERABLE,,AGREE,done,0,0,1,0,12.78,,,v1-2026-06-09,2026-06-09T16:04:40Z
TRTX,Financials,657119744.0,DISTRESSED-RECOVERABLE,DISTRESSED-RECOVERABLE,,AGREE,done,0,0,0,0,6.47,,,v1-2026-06-09,2026-06-09T16:04:40Z
SABR,Information Technology,656220032.0,WATCH,WATCH,,AGREE,done,0,0,0,0,5.11,,,v1-2026-06-09,2026-06-09T16:04:40Z
SWMR,Information Technology,656022336.0,SKIP_no_data,,,SKIP,skip,,,,,,,no cached fundamentals/context,v1-2026-06-09,2026-06-09T16:04:40Z
MTA,Unknown,655968192.0,DISTRESSED-RECOVERABLE,DISTRESSED-RECOVERABLE,,AGREE,done,0,0,0,0,1.73,,,v1-2026-06-09,2026-06-09T16:04:40Z
CRMD,Health Care,655857728.0,CLEAR,CLEAR,,AGREE,done,0,0,1,1,10.67,, | RAISE:CorMedix Inc. Announces Pricing of $40 Million Public Offering of Common Stock and Pre-Funded Warrants,v1-2026-06-09,2026-06-09T16:04:40Z
VRRM,Industrials,654717696.0,CLEAR,CLEAR,,AGREE,done,0,0,0,0,1.55,,,v1-2026-06-09,2026-06-09T16:04:40Z
AHRT,Real Estate,653665216.0,CLEAR,CLEAR,,AGREE,done,0,0,0,0,4.31,,,v1-2026-06-09,2026-06-09T16:04:40Z
AXG,Financials,653256640.0,WATCH,WATCH,,AGREE,done,0,0,0,0,7.49,,,v1-2026-06-09,2026-06-09T16:04:40Z
GROY,Unknown,653190016.0,DISTRESSED-RECOVERABLE,DISTRESSED-RECOVERABLE,,AGREE,done,0,0,0,0,4.14,,,v1-2026-06-09,2026-06-09T16:04:40Z
CTMX,Health Care,653108736.0,AVOID,AVOID,cash_burn,CORROBORATED,done,0,0,1,1,10.32,API event/short-interest confirms the fundamentals AVOID,API distress/short-interest confirms | RAISE:CytomX Therapeutics Announces Pricing of $250 Million Offering of Common Stock and Pre-Funded Warrants,v1-2026-06-09,2026-06-09T16:04:40Z
TCBX,Financials,650575104.0,CLEAR,CLEAR,,AGREE,done,0,0,0,0,4.89,,,v1-2026-06-09,2026-06-09T16:04:40Z
ALLO,Health Care,648890560.0,SKIP_lt2y,,,SKIP,skip,,,,,,,<2y data,v1-2026-06-09,2026-06-09T16:04:40Z
GCMG,Financials,646703680.0,CLEAR,CLEAR,,AGREE,done,0,0,0,1,3.59,, | RAISE:Invidia Capital Management Announces Healthcare Investment Firm Launch with Strategic Investment from GCM Grosvenor,v1-2026-06-09,2026-06-09T16:04:40Z
NTGR,Information Technology,646573312.0,DISTRESSED-RECOVERABLE,DISTRESSED-RECOVERABLE,,AGREE,done,0,0,0,0,6.04,,,v1-2026-06-09,2026-06-09T16:04:40Z
HIPO,Financials,646211456.0,CLEAR,CLEAR,,AGREE,done,0,0,0,0,4.69,,,v1-2026-06-09,2026-06-09T16:04:40Z
URG,Materials,643677568.0,WATCH,WATCH,,AGREE,done,0,0,0,0,3.44,,,v1-2026-06-09,2026-06-09T16:04:40Z
ANRO,Health Care,640815360.0,SKIP_lt2y,,,SKIP,skip,,,,,,,<2y data,v1-2026-06-09,2026-06-09T16:04:40Z
ANL,Health Care,640759424.0,AVOID,AVOID,insolvency,CORROBORATED,done,0,0,1,1,15.39,API event/short-interest confirms the fundamentals AVOID,API distress/short-interest confirms | RAISE:Adlai Nortye Announces $150.0 Million Private Placement Equity Financing,v1-2026-06-09,2026-06-09T16:04:40Z
DGICA,Financials,638735168.0,CLEAR,CLEAR,,AGREE,done,0,0,0,0,4.6,,,v1-2026-06-09,2026-06-09T16:04:40Z
HOV,Industrials,638696064.0,CLEAR,CLEAR,,AGREE,done,0,0,0,0,3.32,,,v1-2026-06-09,2026-06-09T16:04:40Z
CSTL,Health Care,637232320.0,CLEAR,CLEAR,,AGREE,done,0,0,0,0,2.23,,,v1-2026-06-09,2026-06-09T16:04:40Z
WASH,Financials,636790784.0,CLEAR,CLEAR,,AGREE,done,0,0,0,0,5.29,,,v1-2026-06-09,2026-06-09T16:04:40Z
CNNE,Consumer Discretionary,634500864.0,WATCH,WATCH,,AGREE,done,0,0,0,0,6.72,,,v1-2026-06-09,2026-06-09T16:04:40Z
GRNT,Energy,634419712.0,CLEAR,CLEAR,,AGREE,done,0,0,0,0,4.44,,,v1-2026-06-09,2026-06-09T16:04:40Z
CARE,Financials,634216192.0,CLEAR,CLEAR,,AGREE,done,0,0,0,0,3.6,,,v1-2026-06-09,2026-06-09T16:04:40Z
NCDL,Unknown,630672832.0,CLEAR,CLEAR,,AGREE,done,0,0,0,0,2.6,,,v1-2026-06-09,2026-06-09T16:04:40Z
VINP,Unknown,629614720.0,CLEAR,CLEAR,,AGREE,done,0,0,0,0,1.75,,,v1-2026-06-09,2026-06-09T16:04:40Z
SGP,Health Care,627878464.0,SKIP_no_data,,,SKIP,skip,,,,,,,no cached fundamentals/context,v1-2026-06-09,2026-06-09T16:04:40Z
FWRG,Consumer Discretionary,627544960.0,DISTRESSED-RECOVERABLE,DISTRESSED-RECOVERABLE,,AGREE,done,0,0,0,0,2.92,,,v1-2026-06-09,2026-06-09T16:04:40Z
ZVRA,Health Care,627211008.0,WATCH,WATCH,,AGREE,done,0,0,0,0,2.52,,,v1-2026-06-09,2026-06-09T16:04:40Z
UTZ,Consumer Staples,625957056.0,DISTRESSED-RECOVERABLE,DISTRESSED-RECOVERABLE,,AGREE,done,0,0,0,0,3.82,,,v1-2026-06-09,2026-06-09T16:04:40Z
BBOT,Health Care,625636480.0,SKIP_lt2y,,,SKIP,skip,,,,,,,<2y data,v1-2026-06-09,2026-06-09T16:04:40Z
MCS,Communication Services,625321536.0,CLEAR,CLEAR,,AGREE,done,0,0,0,0,4.0,,,v1-2026-06-09,2026-06-09T16:04:40Z
GRPN,Information Technology,625216256.0,AVOID,AVOID,insolvency,AVOID_unconfirmed,done,0,0,0,0,5.41,,no API distress/short signal (coverage may be thin),v1-2026-06-09,2026-06-09T16:04:40Z
RLMD,Health Care,624096832.0,SKIP_lt2y,,,SKIP,skip,,,,,,,<2y data,v1-2026-06-09,2026-06-09T16:04:40Z
CADL,Health Care,623529728.0,SKIP_lt2y,,,SKIP,skip,,,,,,,<2y data,v1-2026-06-09,2026-06-09T16:04:40Z
OFRM,Consumer Staples,622664192.0,SKIP_no_data,,,SKIP,skip,,,,,,,no cached fundamentals/context,v1-2026-06-09,2026-06-09T16:04:40Z
GOOD,Real Estate,622527552.0,CLEAR,CLEAR,,AGREE,done,0,0,0,0,4.74,,,v1-2026-06-09,2026-06-09T16:04:40Z
BLMN,Consumer Discretionary,622415872.0,CLEAR,CLEAR,,AGREE,done,0,0,0,0,2.04,,,v1-2026-06-09,2026-06-09T16:04:40Z
NFGC,Unknown,622213760.0,AVOID,WATCH,cash_burn,OVERFLAG_recent_raise,done,0,0,0,1,3.44,downgraded from AVOID — recent capital raise extends runway / no event found,recent capital raise extends runway | RAISE:PALISADES ANNOUNCES $2.5 MILLION FULLY SUBSCRIBED NON-BROKERED PRIVATE PLACEMENT,v1-2026-06-09,2026-06-09T16:04:40Z
INN,Financials,622015552.0,DISTRESSED-RECOVERABLE,DISTRESSED-RECOVERABLE,,AGREE,done,0,0,0,0,2.22,,,v1-2026-06-09,2026-06-09T16:04:40Z
TDUP,Consumer Discretionary,621976896.0,CLEAR,CLEAR,,AGREE,done,0,0,0,0,6.36,,,v1-2026-06-09,2026-06-09T16:04:40Z
VTEX,Unknown,620569472.0,CLEAR,CLEAR,,AGREE,done,0,0,0,0,1.36,,,v1-2026-06-09,2026-06-09T16:04:40Z
SWIM,Materials,619933248.0,CLEAR,CLEAR,,AGREE,done,0,0,0,0,3.9,,,v1-2026-06-09,2026-06-09T16:04:40Z
ONT,Industrials,619787776.0,DISTRESSED-RECOVERABLE,DISTRESSED-RECOVERABLE,,AGREE,done,0,0,0,0,2.83,,,v1-2026-06-09,2026-06-09T16:04:40Z
BCAL,Financials,619494528.0,CLEAR,CLEAR,,AGREE,done,0,0,0,0,4.38,,,v1-2026-06-09,2026-06-09T16:04:40Z
AROW,Financials,619177024.0,CLEAR,CLEAR,,AGREE,done,0,0,0,0,3.22,,,v1-2026-06-09,2026-06-09T16:04:40Z
VBNK,Unknown,619123200.0,CLEAR,CLEAR,,AGREE,done,0,0,0,0,5.66,,,v1-2026-06-09,2026-06-09T16:04:40Z
BBNX,Health Care,618961984.0,SKIP_lt2y,,,SKIP,skip,,,,,,,<2y data,v1-2026-06-09,2026-06-09T16:04:40Z
RGR,Materials,618158720.0,CLEAR,CLEAR,,AGREE,done,0,0,0,0,3.66,,,v1-2026-06-09,2026-06-09T16:04:40Z
HY,Industrials,617919488.0,DISTRESSED-RECOVERABLE,DISTRESSED-RECOVERABLE,,AGREE,done,0,0,0,0,3.24,,,v1-2026-06-09,2026-06-09T16:04:40Z
MAMA,Consumer Staples,616711040.0,CLEAR,CLEAR,,AGREE,done,0,0,0,1,7.51,," | RAISE:Mama’s Creations, Inc. Announces Pricing of the Public Secondary Offering of Common Stock by Selling Stockholders",v1-2026-06-09,2026-06-09T16:04:40Z
CCSI,Information Technology,616331328.0,CLEAR,CLEAR,,AGREE,done,0,0,0,0,4.72,,,v1-2026-06-09,2026-06-09T16:04:40Z
BVS,Health Care,612442368.0,CLEAR,CLEAR,,AGREE,done,0,0,0,0,2.93,,,v1-2026-06-09,2026-06-09T16:04:40Z
CASS,Industrials,611572608.0,CLEAR,CLEAR,,AGREE,done,0,0,0,0,3.86,,,v1-2026-06-09,2026-06-09T16:04:40Z
ELA,Consumer Discretionary,611180224.0,WATCH,WATCH,,AGREE,done,0,0,0,0,1.0,,,v1-2026-06-09,2026-06-09T16:04:40Z
PRAA,Financials,610635648.0,WATCH,WATCH,,AGREE,done,0,0,0,0,1.32,,,v1-2026-06-09,2026-06-09T16:04:40Z
GYRE,Health Care,610308160.0,CLEAR,CLEAR,,AGREE,done,0,0,1,1,18.17,, | RAISE:Gyre Therapeutics Announces Pricing of $20.0 Million Public Offering of Common Stock,v1-2026-06-09,2026-06-09T16:04:40Z
ACRS,Health Care,608933632.0,AVOID,AVOID,cash_burn,AVOID_unconfirmed,done,0,0,0,0,5.62,,no API distress/short signal (coverage may be thin),v1-2026-06-09,2026-06-09T16:04:40Z
DNUT,Consumer Discretionary,605123968.0,WATCH,WATCH,,AGREE,done,0,0,0,0,6.36,,,v1-2026-06-09,2026-06-09T16:04:40Z
CLYM,Health Care,604124928.0,SKIP_lt2y,,,SKIP,skip,,,,,,,<2y data,v1-2026-06-09,2026-06-09T16:04:40Z
NPB,Financials,603453120.0,SKIP_lt2y,,,SKIP,skip,,,,,,,<2y data,v1-2026-06-09,2026-06-09T16:04:40Z
BHB,Financials,601878656.0,CLEAR,CLEAR,,AGREE,done,0,0,0,0,1.8,,,v1-2026-06-09,2026-06-09T16:04:40Z
PFIS,Financials,601854144.0,CLEAR,CLEAR,,AGREE,done,0,0,0,0,1.77,,,v1-2026-06-09,2026-06-09T16:04:40Z
RRBI,Financials,600787648.0,CLEAR,CLEAR,,AGREE,done,0,0,0,0,1.44,,,v1-2026-06-09,2026-06-09T16:04:40Z
NFBK,Financials,599313344.0,CLEAR,CLEAR,,AGREE,done,0,0,0,1,3.89,," | RAISE:Northfield Bancorp, Inc. Completes Private Placement of $62.0 Million of Subordinated Notes",v1-2026-06-09,2026-06-09T16:04:40Z
BCSS,Unknown,597432000.0,SKIP_no_data,,,SKIP,skip,,,,,,,no cached fundamentals/context,v1-2026-06-09,2026-06-09T16:04:40Z
CLB,Energy,596030080.0,CLEAR,CLEAR,,AGREE,done,0,0,0,1,9.18,, | RAISE:Christina Lake Closes First Tranche of Non-Brokered Private Placement of Secured Convertible Notes,v1-2026-06-09,2026-06-09T16:04:40Z
CSV,Unknown,595688448.0,CLEAR,CLEAR,,AGREE,done,0,0,0,0,3.5,,,v1-2026-06-09,2026-06-09T16:04:40Z
TOYO,Unknown,595081792.0,CLEAR,CLEAR,,AGREE,done,0,0,0,0,3.01,,,v1-2026-06-09,2026-06-09T16:04:40Z
AMSF,Financials,592909568.0,CLEAR,CLEAR,,AGREE,done,0,0,0,0,1.77,,,v1-2026-06-09,2026-06-09T16:04:40Z
VLGEA,Consumer Discretionary,592527680.0,CLEAR,CLEAR,,AGREE,done,0,0,0,0,4.92,,,v1-2026-06-09,2026-06-09T16:04:40Z
MSBI,Financials,591421184.0,CLEAR,CLEAR,,NEWS_NOTE,done,1,0,0,0,4.32,single news mention (kept screen bucket; investigate),"single news mention of distress/fraud (investigate; not a screen error) | BK:Midland States Bancorp, Inc. receives expected notification of deficiency from Nasdaq related to delayed filing of Quarterly Repor",v1-2026-06-09,2026-06-09T16:04:40Z
TLRY,Materials,590844864.0,WATCH,WATCH,,AGREE,done,0,0,0,0,4.01,,,v1-2026-06-09,2026-06-09T16:04:40Z
PHR,Industrials,589685440.0,CLEAR,CLEAR,,AGREE,done,0,0,0,0,2.73,,,v1-2026-06-09,2026-06-09T16:04:40Z
IHRT,Communication Services,587982848.0,AVOID,AVOID,insolvency,AVOID_unconfirmed,done,0,0,0,0,3.04,,no API distress/short signal (coverage may be thin),v1-2026-06-09,2026-06-09T16:04:40Z
KE,Information Technology,587515200.0,CLEAR,CLEAR,,AGREE,done,0,0,0,0,8.13,,,v1-2026-06-09,2026-06-09T16:04:40Z
PACK,Materials,580849664.0,DISTRESSED-RECOVERABLE,DISTRESSED-RECOVERABLE,,AGREE,done,0,0,0,0,2.8,,,v1-2026-06-09,2026-06-09T16:04:40Z
ASIX,Materials,579080064.0,CLEAR,CLEAR,,AGREE,done,0,0,0,0,1.36,,,v1-2026-06-09,2026-06-09T16:04:40Z
DDI,Information Technology,575810944.0,CLEAR,CLEAR,,AGREE,done,0,0,0,0,1.0,,,v1-2026-06-09,2026-06-09T16:04:40Z
MLAB,Health Care,573985088.0,CLEAR,CLEAR,,AGREE,done,0,0,0,0,1.68,,,v1-2026-06-09,2026-06-09T16:04:40Z
TCMD,Health Care,572929024.0,CLEAR,CLEAR,,AGREE,done,0,0,0,0,4.74,,,v1-2026-06-09,2026-06-09T16:04:40Z
BTBT,Financials,572672320.0,WATCH,WATCH,,AGREE,done,0,0,0,0,1.87,,,v1-2026-06-09,2026-06-09T16:04:40Z
UHT,Financials,571674624.0,CLEAR,CLEAR,,AGREE,done,0,0,0,0,6.48,,,v1-2026-06-09,2026-06-09T16:04:40Z
TATT,Unknown,571387840.0,CLEAR,CLEAR,,AGREE,done,0,0,0,0,2.82,,,v1-2026-06-09,2026-06-09T16:04:40Z
HUYA,Unknown,569882176.0,DISTRESSED-RECOVERABLE,DISTRESSED-RECOVERABLE,,AGREE,done,0,0,0,0,6.23,,,v1-2026-06-09,2026-06-09T16:04:40Z
FET,Industrials,569849024.0,DISTRESSED-RECOVERABLE,DISTRESSED-RECOVERABLE,,AGREE,done,0,0,0,0,2.4,,,v1-2026-06-09,2026-06-09T16:04:40Z
KRT,Materials,567968192.0,CLEAR,CLEAR,,AGREE,done,0,0,0,1,1.91,, | RAISE:Karat Packaging Inc. Announces Pricing of Secondary Offering of Common Stock,v1-2026-06-09,2026-06-09T16:04:40Z
BWMN,Industrials,567950848.0,CLEAR,CLEAR,,AGREE,done,0,0,0,0,3.82,,,v1-2026-06-09,2026-06-09T16:04:40Z
LEGH,Materials,566715520.0,CLEAR,CLEAR,,AGREE,done,0,0,1,0,11.06,,,v1-2026-06-09,2026-06-09T16:04:40Z
EGY,Energy,566094272.0,WATCH,WATCH,,AGREE,done,0,0,0,0,3.25,,,v1-2026-06-09,2026-06-09T16:04:40Z
HELE,Information Technology,566092544.0,DISTRESSED-RECOVERABLE,DISTRESSED-RECOVERABLE,,AGREE,done,0,0,0,0,3.69,,,v1-2026-06-09,2026-06-09T16:04:40Z
IMMX,Health Care,564536320.0,SKIP_lt2y,,,SKIP,skip,,,,,,,<2y data,v1-2026-06-09,2026-06-09T16:04:40Z
ODD,Unknown,563475328.0,CLEAR,CLEAR,,AGREE,done,0,0,0,0,4.63,,,v1-2026-06-09,2026-06-09T16:04:40Z
CLDT,Financials,561478208.0,CLEAR,CLEAR,,AGREE,done,0,0,0,0,1.13,,,v1-2026-06-09,2026-06-09T16:04:40Z
ACNB,Financials,560436992.0,CLEAR,CLEAR,,AGREE,done,0,0,0,0,2.89,,,v1-2026-06-09,2026-06-09T16:04:40Z
MG,Industrials,560291776.0,CLEAR,CLEAR,,AGREE,done,0,0,0,0,2.37,,,v1-2026-06-09,2026-06-09T16:04:40Z
WRN,Unknown,559570944.0,SKIP_lt2y,,,SKIP,skip,,,,,,,<2y data,v1-2026-06-09,2026-06-09T16:04:40Z
THM,Materials,558231424.0,SKIP_lt2y,,,SKIP,skip,,,,,,,<2y data,v1-2026-06-09,2026-06-09T16:04:40Z
SFST,Financials,557571072.0,CLEAR,CLEAR,,AGREE,done,0,0,0,0,1.25,,,v1-2026-06-09,2026-06-09T16:04:40Z
AEXA,Unknown,557422272.0,SKIP_no_data,,,SKIP,skip,,,,,,,no cached fundamentals/context,v1-2026-06-09,2026-06-09T16:04:40Z
MDXG,Health Care,557057024.0,CLEAR,CLEAR,,AGREE,done,0,0,0,0,4.08,,,v1-2026-06-09,2026-06-09T16:04:40Z
BWAY,Health Care,556884096.0,CLEAR,CLEAR,,AGREE,done,0,0,0,0,1.0,,,v1-2026-06-09,2026-06-09T16:04:40Z
PAR,Information Technology,555173824.0,WATCH,WATCH,,AGREE,done,0,0,0,0,6.63,,,v1-2026-06-09,2026-06-09T16:04:40Z
MRAM,Information Technology,554769664.0,CLEAR,CLEAR,,NEWS_NOTE,done,0,1,0,0,1.0,single news mention (kept screen bucket; investigate),single news mention of distress/fraud (investigate; not a screen error) | FR:Short-Seller Attacks Everspin Stock — Here's What You Need To Know,v1-2026-06-09,2026-06-09T16:04:40Z
UNTY,Financials,553956544.0,CLEAR,CLEAR,,AGREE,done,0,0,0,0,2.12,,,v1-2026-06-09,2026-06-09T16:04:40Z
RIGL,Health Care,553767232.0,WATCH,WATCH,,AGREE,done,0,0,0,0,7.49,,,v1-2026-06-09,2026-06-09T16:04:40Z
KRUS,Consumer Discretionary,553700480.0,DISTRESSED-RECOVERABLE,DISTRESSED-RECOVERABLE,,AGREE,done,0,0,0,0,7.01,,,v1-2026-06-09,2026-06-09T16:04:40Z
PRME,Health Care,552689408.0,AVOID,AVOID,cash_burn,CORROBORATED,done,0,0,1,1,11.73,API event/short-interest confirms the fundamentals AVOID,API distress/short-interest confirms | RAISE:Prime Medicine Announces Pricing of Public Offering,v1-2026-06-09,2026-06-09T16:04:40Z
IIIN,Materials,552681600.0,CLEAR,CLEAR,,AGREE,done,0,0,0,0,3.58,,,v1-2026-06-09,2026-06-09T16:04:40Z
ORN,Industrials,551732608.0,CLEAR,CLEAR,,AGREE,done,0,0,0,0,3.02,,,v1-2026-06-09,2026-06-09T16:04:40Z
NRIM,Financials,551670208.0,CLEAR,CLEAR,,AGREE,done,0,0,0,0,5.22,,,v1-2026-06-09,2026-06-09T16:04:40Z
BDN,Financials,550666560.0,WATCH,WATCH,,AGREE,done,0,0,0,0,6.54,,,v1-2026-06-09,2026-06-09T16:04:40Z
WTI,Energy,550477504.0,AVOID,AVOID,insolvency,AVOID_unconfirmed,done,0,0,0,0,2.92,,no API distress/short signal (coverage may be thin),v1-2026-06-09,2026-06-09T16:04:40Z
IIIV,Information Technology,549692224.0,CLEAR,CLEAR,,AGREE,done,0,0,0,0,7.67,,,v1-2026-06-09,2026-06-09T16:04:40Z
CIVB,Financials,548888192.0,CLEAR,CLEAR,,AGREE,done,0,0,0,0,4.52,,,v1-2026-06-09,2026-06-09T16:04:40Z
GDYN,Information Technology,547750656.0,CLEAR,CLEAR,,AGREE,done,0,0,0,0,2.27,,,v1-2026-06-09,2026-06-09T16:04:40Z
TECX,Health Care,547206400.0,SKIP_lt2y,,,SKIP,skip,,,,,,,<2y data,v1-2026-06-09,2026-06-09T16:04:40Z
SD,Energy,546759424.0,CLEAR,CLEAR,,AGREE,done,0,0,0,0,4.12,,,v1-2026-06-09,2026-06-09T16:04:40Z
RYAM,Materials,546252288.0,DISTRESSED-RECOVERABLE,DISTRESSED-RECOVERABLE,,AGREE,done,0,0,0,0,2.96,,,v1-2026-06-09,2026-06-09T16:04:40Z
BTGO,Financials,546168832.0,SKIP_no_data,,,SKIP,skip,,,,,,,no cached fundamentals/context,v1-2026-06-09,2026-06-09T16:04:40Z
DGXX,Financials,546161920.0,WATCH,WATCH,,NEWS_NOTE,done,1,1,0,1,1.0,single news mention (kept screen bucket; investigate),"single news mention of distress/fraud (investigate; not a screen error) | BK:Digi Power X Reports Solid Mid-Year Financial Position, Removal of ‘Going Concern’ Risk and Positive Adjusted EBITDA in Q2 2025",v1-2026-06-09,2026-06-09T16:04:40Z
IRWD,Health Care,544870400.0,CLEAR,CLEAR,,AGREE,done,0,0,0,0,5.77,,,v1-2026-06-09,2026-06-09T16:04:40Z
CLFD,Information Technology,544121984.0,CLEAR,CLEAR,,AGREE,done,0,0,0,0,3.97,,,v1-2026-06-09,2026-06-09T16:04:40Z
FLGT,Health Care,543871936.0,WATCH,WATCH,,AGREE,done,0,0,0,0,3.91,,,v1-2026-06-09,2026-06-09T16:04:40Z
PROK,Health Care,543707264.0,WATCH,WATCH,,AGREE,done,0,0,1,1,25.22,, | RAISE:ProKidney Announces Pricing of its Upsized $130 Million Public Offering of Class A Ordinary Shares and Concurrent Registered Direc,v1-2026-06-09,2026-06-09T16:04:40Z
CERS,Health Care,542999936.0,DISTRESSED-RECOVERABLE,DISTRESSED-RECOVERABLE,,AGREE,done,0,0,0,0,4.0,,,v1-2026-06-09,2026-06-09T16:04:40Z
MLR,Consumer Discretionary,541068608.0,CLEAR,CLEAR,,AGREE,done,0,0,0,0,2.97,,,v1-2026-06-09,2026-06-09T16:04:40Z
TITN,Consumer Discretionary,540306496.0,DISTRESSED-RECOVERABLE,DISTRESSED-RECOVERABLE,,AGREE,done,0,0,0,0,6.54,,,v1-2026-06-09,2026-06-09T16:04:40Z
MSIF,Unknown,537794368.0,SKIP_lt2y,,,SKIP,skip,,,,,,,<2y data,v1-2026-06-09,2026-06-09T16:04:40Z
RR,Industrials,537748288.0,SKIP_lt2y,,,SKIP,skip,,,,,,,<2y data,v1-2026-06-09,2026-06-09T16:04:40Z
DNA,Health Care,536967360.0,WATCH,WATCH,,AGREE,done,0,0,0,0,2.74,,,v1-2026-06-09,2026-06-09T16:04:40Z
BWB,Financials,536754848.0,CLEAR,CLEAR,,AGREE,done,0,0,0,0,5.87,,,v1-2026-06-09,2026-06-09T16:04:40Z
NPCE,Health Care,536635520.0,WATCH,WATCH,,AGREE,done,0,0,0,0,2.3,,,v1-2026-06-09,2026-06-09T16:04:40Z
PUBM,Information Technology,535955968.0,CLEAR,CLEAR,,AGREE,done,0,0,0,0,2.94,,,v1-2026-06-09,2026-06-09T16:04:40Z
DDL,Consumer Discretionary,535709952.0,CLEAR,CLEAR,,AGREE,done,0,0,0,0,7.56,,,v1-2026-06-09,2026-06-09T16:04:40Z
CRD.A,Financials,533225856.0,CLEAR,CLEAR,,AGREE,done,0,0,0,0,7.73,,,v1-2026-06-09,2026-06-09T16:04:40Z
MCFT,Industrials,532163264.0,CLEAR,CLEAR,,AGREE,done,0,0,0,0,3.63,,,v1-2026-06-09,2026-06-09T16:04:40Z
CBNK,Financials,531967872.0,CLEAR,CLEAR,,AGREE,done,0,0,1,0,11.57,,,v1-2026-06-09,2026-06-09T16:04:40Z
GAU,Unknown,530263936.0,CLEAR,CLEAR,,AGREE,done,0,0,0,0,1.0,,,v1-2026-06-09,2026-06-09T16:04:40Z
CABA,Health Care,529928096.0,SKIP_lt2y,,,SKIP,skip,,,,,,,<2y data,v1-2026-06-09,2026-06-09T16:04:40Z
GEMI,Financials,529121216.0,SKIP_lt2y,,,SKIP,skip,,,,,,,<2y data,v1-2026-06-09,2026-06-09T16:04:40Z
CTKB,Health Care,528193184.0,WATCH,WATCH,,AGREE,done,0,0,0,0,5.96,,,v1-2026-06-09,2026-06-09T16:04:40Z
XOMA,Health Care,527851968.0,CLEAR,CLEAR,,AGREE,done,0,0,0,0,4.84,,,v1-2026-06-09,2026-06-09T16:04:40Z
ALT,Health Care,527024992.0,WATCH,WATCH,,AGREE,done,0,0,1,1,11.02,, | RAISE:Altimmune Announces Closing of $225 Million Oversubscribed Public Offering of Securities,v1-2026-06-09,2026-06-09T16:04:40Z
ACHV,Health Care,526640960.0,SKIP_lt2y,,,SKIP,skip,,,,,,,<2y data,v1-2026-06-09,2026-06-09T16:04:40Z
ETD,Consumer Discretionary,525975840.0,CLEAR,CLEAR,,AGREE,done,0,0,0,0,4.12,,,v1-2026-06-09,2026-06-09T16:04:40Z
TASK,Information Technology,525658880.0,CLEAR,CLEAR,,AGREE,done,0,0,0,0,2.16,,,v1-2026-06-09,2026-06-09T16:04:40Z
BBCP,Industrials,525603392.0,CLEAR,CLEAR,,AGREE,done,0,0,0,1,8.08,, | RAISE:Concrete Pumping Holdings Announces Upsizing and Pricing of Its Senior Secured Second Lien Notes Offering,v1-2026-06-09,2026-06-09T16:04:40Z
OLP,Financials,524757696.0,CLEAR,CLEAR,,AGREE,done,0,0,0,1,3.87,, | RAISE:One Liberty Properties Raises $63 Million From Sale of 12 Assets in 2023,v1-2026-06-09,2026-06-09T16:04:40Z
OSPN,Information Technology,524580800.0,CLEAR,CLEAR,,AGREE,done,0,0,0,0,4.33,,,v1-2026-06-09,2026-06-09T16:04:40Z
NRDS,Information Technology,524416288.0,CLEAR,CLEAR,,AGREE,done,0,0,0,0,2.51,,,v1-2026-06-09,2026-06-09T16:04:40Z
KRNY,Financials,522972160.0,CLEAR,CLEAR,,AGREE,done,0,0,0,0,3.13,,,v1-2026-06-09,2026-06-09T16:04:40Z
ASTL,Materials,522727552.0,CLEAR,CLEAR,,AGREE,done,0,0,0,1,1.2,, | RAISE:Algoma Steel Inc. Announces Pricing of US$350 Million 9.125% Senior Secured Second Lien Notes due 2029,v1-2026-06-09,2026-06-09T16:04:40Z
EBF,Communication Services,520891424.0,CLEAR,CLEAR,,AGREE,done,0,0,0,0,7.78,,,v1-2026-06-09,2026-06-09T16:04:40Z
CPS,Industrials,520584928.0,AVOID,AVOID,insolvency,AVOID_unconfirmed,done,0,0,0,0,2.64,,no API distress/short signal (coverage may be thin),v1-2026-06-09,2026-06-09T16:04:40Z
ZSQR,Financials,520486688.0,WATCH,WATCH,,AGREE,done,0,0,0,0,3.05,,,v1-2026-06-09,2026-06-09T16:04:40Z
TRC,Real Estate,519338464.0,DISTRESSED-RECOVERABLE,DISTRESSED-RECOVERABLE,,AGREE,done,0,0,0,0,9.28,,,v1-2026-06-09,2026-06-09T16:04:40Z
XMAX,Consumer Discretionary,518994976.0,WATCH,WATCH,,AGREE,done,0,0,0,0,,,,v1-2026-06-09,2026-06-09T16:04:40Z
MBUU,Industrials,518221472.0,CLEAR,CLEAR,,AGREE,done,0,0,0,0,2.88,,,v1-2026-06-09,2026-06-09T16:04:40Z
XRN,Financials,516267648.0,DISTRESSED-RECOVERABLE,DISTRESSED-RECOVERABLE,,AGREE,done,0,0,0,0,2.22,,,v1-2026-06-09,2026-06-09T16:04:40Z
ADV,Industrials,515192096.0,DISTRESSED-RECOVERABLE,DISTRESSED-RECOVERABLE,,AGREE,done,0,0,0,0,6.01,,,v1-2026-06-09,2026-06-09T16:04:40Z
AIOT,Information Technology,515125536.0,WATCH,WATCH,,AGREE,done,0,0,1,0,12.01,,,v1-2026-06-09,2026-06-09T16:04:40Z
GLRE,Financials,515074944.0,CLEAR,CLEAR,,AGREE,done,0,0,0,0,1.85,,,v1-2026-06-09,2026-06-09T16:04:40Z
CARS,Information Technology,514866880.0,CLEAR,CLEAR,,AGREE,done,0,0,0,0,6.93,,,v1-2026-06-09,2026-06-09T16:04:40Z
HBCP,Financials,513535520.0,CLEAR,CLEAR,,AGREE,done,0,0,0,0,1.69,,,v1-2026-06-09,2026-06-09T16:04:40Z
IDR,Materials,513346144.0,CLEAR,CLEAR,,AGREE,done,0,0,0,0,4.2,,,v1-2026-06-09,2026-06-09T16:04:40Z
GOGO,Communication Services,512554016.0,CLEAR,CLEAR,,AGREE,done,0,0,1,0,10.23,,,v1-2026-06-09,2026-06-09T16:04:40Z
ELVA,Information Technology,511907360.0,CLEAR,CLEAR,,AGREE,done,0,0,0,1,2.63,, | RAISE:Electrovaya Inc. Announces Proposed Public Offering of Common Shares and Files Preliminary Prospectus Supplement,v1-2026-06-09,2026-06-09T16:04:40Z
BSRR,Financials,511199904.0,CLEAR,CLEAR,,AGREE,done,0,0,0,0,6.02,,,v1-2026-06-09,2026-06-09T16:04:40Z
ANGX,Communication Services,510769888.0,AVOID,AVOID,insolvency,AVOID_unconfirmed,done,0,0,0,0,2.78,,no API distress/short signal (coverage may be thin),v1-2026-06-09,2026-06-09T16:04:40Z
NMG,Unknown,510127200.0,SKIP_lt2y,,,SKIP,skip,,,,,,,<2y data,v1-2026-06-09,2026-06-09T16:04:40Z
CINT,Information Technology,508988736.0,CLEAR,CLEAR,,AGREE,done,0,0,0,0,1.0,,,v1-2026-06-09,2026-06-09T16:04:40Z
NWAX,Financials,508956000.0,SKIP_lt2y,,,SKIP,skip,,,,,,,<2y data,v1-2026-06-09,2026-06-09T16:04:40Z
CTGO,Materials,507724992.0,SKIP_lt2y,,,SKIP,skip,,,,,,,<2y data,v1-2026-06-09,2026-06-09T16:04:40Z
OWLS,Unknown,506150432.0,SKIP_lt2y,,,SKIP,skip,,,,,,,<2y data,v1-2026-06-09,2026-06-09T16:04:40Z
WDH,Unknown,503022720.0,CLEAR,CLEAR,,AGREE,done,0,0,0,0,1.0,,,v1-2026-06-09,2026-06-09T16:04:40Z
CRD.B,Financials,502519104.0,CLEAR,CLEAR,,AGREE,done,0,0,0,0,1.3,,,v1-2026-06-09,2026-06-09T16:04:40Z
NGS,Energy,502296800.0,CLEAR,CLEAR,,AGREE,done,0,0,0,0,2.71,,,v1-2026-06-09,2026-06-09T16:04:40Z
RPD,Information Technology,501897952.0,CLEAR,CLEAR,,AGREE,done,0,0,0,0,4.12,,,v1-2026-06-09,2026-06-09T16:04:40Z
RMAX,Real Estate,501279840.0,CLEAR,CLEAR,,AGREE,done,0,0,0,0,1.45,,,v1-2026-06-09,2026-06-09T16:04:40Z
SRTA,Health Care,500988832.0,AVOID,AVOID,cash_burn,AVOID_unconfirmed,done,0,0,0,0,5.95,,no API distress/short signal (coverage may be thin),v1-2026-06-09,2026-06-09T16:04:40Z
TREE,Financials,500215680.0,CLEAR,CLEAR,,AGREE,done,0,0,0,0,2.53,,,v1-2026-06-09,2026-06-09T16:04:40Z
CHCT,Financials,499720640.0,CLEAR,CLEAR,,AGREE,done,0,0,0,0,2.5,,,v1-2026-06-09,2026-06-09T16:04:40Z
RBBN,Information Technology,498473568.0,CLEAR,CLEAR,,AGREE,done,0,0,0,0,5.2,,,v1-2026-06-09,2026-06-09T16:04:40Z
ACIC,Financials,498210400.0,CLEAR,CLEAR,,AGREE,done,0,0,0,0,3.07,,,v1-2026-06-09,2026-06-09T16:04:40Z
CBIO,Health Care,496346816.0,WATCH,WATCH,,AGREE,done,0,0,0,0,8.42,,,v1-2026-06-09,2026-06-09T16:04:40Z
NVEC,Information Technology,493923136.0,CLEAR,CLEAR,,AGREE,done,0,0,0,0,2.18,,,v1-2026-06-09,2026-06-09T16:04:40Z
ANGO,Health Care,493347840.0,WATCH,WATCH,,AGREE,done,0,0,0,0,7.01,,,v1-2026-06-09,2026-06-09T16:04:40Z
AQST,Health Care,493018976.0,WATCH,WATCH,,AGREE,done,0,0,0,0,7.43,,,v1-2026-06-09,2026-06-09T16:04:40Z
FIP,Industrials,491560352.0,AVOID,AVOID,insolvency,CORROBORATED,done,0,0,1,0,13.27,API event/short-interest confirms the fundamentals AVOID,API distress/short-interest confirms,v1-2026-06-09,2026-06-09T16:04:40Z
YORW,Utilities,490818784.0,CLEAR,CLEAR,,AGREE,done,0,0,0,1,3.41,, | RAISE:The York Water Company Announces Proposed Public Offering of Common Stock,v1-2026-06-09,2026-06-09T16:04:40Z
MAX,Industrials,490343744.0,CLEAR,CLEAR,,AGREE,done,0,0,0,1,5.39,, | RAISE:MediaAlpha Announces Pricing of Secondary Offering by White Mountains Insurance Group and Insignia Capital Group,v1-2026-06-09,2026-06-09T16:04:40Z
OIS,Industrials,488770528.0,CLEAR,CLEAR,,AGREE,done,0,0,0,0,1.38,,,v1-2026-06-09,2026-06-09T16:04:40Z
ITRG,Unknown,487426528.0,CLEAR,CLEAR,,AGREE,done,0,0,0,1,1.0,," | RAISE:Integra Resources Announces Closing of C$35 Million Financing, Including Strategic Investment From Wheaton Precious Metals",v1-2026-06-09,2026-06-09T16:04:40Z
TOI,Health Care,486916896.0,AVOID,AVOID,insolvency,AVOID_unconfirmed,done,0,0,0,1,3.43,,no API distress/short signal (coverage may be thin) | RAISE:The Oncology Institute Announces $16.5 million Private Placement,v1-2026-06-09,2026-06-09T16:04:40Z
FBIZ,Financials,486092704.0,CLEAR,CLEAR,,AGREE,done,0,0,0,0,2.85,,,v1-2026-06-09,2026-06-09T16:04:40Z
EIKN,Health Care,485082112.0,SKIP_no_data,,,SKIP,skip,,,,,,,no cached fundamentals/context,v1-2026-06-09,2026-06-09T16:04:40Z
BETR,Financials,483444896.0,WATCH,WATCH,,AGREE,done,0,0,0,0,3.21,,,v1-2026-06-09,2026-06-09T16:04:40Z
MEVO,Financials,480433312.0,SKIP_no_data,,,SKIP,skip,,,,,,,no cached fundamentals/context,v1-2026-06-09,2026-06-09T16:04:40Z
CRNC,Information Technology,479442624.0,DISTRESSED-RECOVERABLE,DISTRESSED-RECOVERABLE,,AGREE,done,0,0,0,0,4.64,,,v1-2026-06-09,2026-06-09T16:04:40Z
PRTH,Industrials,479307104.0,CLEAR,CLEAR,,AGREE,done,0,0,0,0,4.62,,,v1-2026-06-09,2026-06-09T16:04:40Z
ARVN,Health Care,478747296.0,WATCH,WATCH,,AGREE,done,0,0,0,0,4.38,,,v1-2026-06-09,2026-06-09T16:04:40Z
CWCO,Utilities,478725696.0,CLEAR,CLEAR,,AGREE,done,0,0,0,0,3.54,,,v1-2026-06-09,2026-06-09T16:04:40Z
SSTK,Information Technology,476124704.0,CLEAR,CLEAR,,AGREE,done,0,0,0,0,3.98,,,v1-2026-06-09,2026-06-09T16:04:40Z
COFS,Financials,475906624.0,CLEAR,CLEAR,,AGREE,done,0,0,0,0,2.97,,,v1-2026-06-09,2026-06-09T16:04:40Z
NEXN,Unknown,475298240.0,CLEAR,CLEAR,,AGREE,done,0,0,0,0,7.67,,,v1-2026-06-09,2026-06-09T16:04:40Z
EVH,Industrials,474670080.0,WATCH,WATCH,,AGREE,done,0,0,0,0,4.96,,,v1-2026-06-09,2026-06-09T16:04:40Z
GRRR,Unknown,473987136.0,WATCH,WATCH,,AGREE,done,0,0,0,1,3.41,, | RAISE:Gorilla Announces $12 Million Registered Direct Offering,v1-2026-06-09,2026-06-09T16:04:40Z
ADUR,Materials,472856832.0,SKIP_lt2y,,,SKIP,skip,,,,,,,<2y data,v1-2026-06-09,2026-06-09T16:04:40Z
ANSC,Unknown,472807552.0,SKIP_no_data,,,SKIP,skip,,,,,,,no cached fundamentals/context,v1-2026-06-09,2026-06-09T16:04:40Z
VELO,Industrials,472345888.0,AVOID,WATCH,cash_burn,OVERFLAG_recent_raise,done,0,0,0,1,1.0,downgraded from AVOID — recent capital raise extends runway / no event found,"recent capital raise extends runway | RAISE:Velo3D, Inc. Announces Pricing of $50 Million Underwritten Registered Direct Offering of Common Stock",v1-2026-06-09,2026-06-09T16:04:40Z
PANL,Industrials,471641600.0,CLEAR,CLEAR,,AGREE,done,0,0,0,0,1.49,,,v1-2026-06-09,2026-06-09T16:04:40Z
OOMA,Information Technology,470643712.0,CLEAR,CLEAR,,AGREE,done,0,0,0,0,2.82,,,v1-2026-06-09,2026-06-09T16:04:40Z
KIDS,Health Care,470549088.0,WATCH,WATCH,,AGREE,done,0,0,0,0,4.45,,,v1-2026-06-09,2026-06-09T16:04:40Z
GCBC,Financials,470243872.0,CLEAR,CLEAR,,AGREE,done,0,0,0,0,5.27,,,v1-2026-06-09,2026-06-09T16:04:40Z
JOUT,Consumer Discretionary,469685184.0,CLEAR,CLEAR,,AGREE,done,0,0,0,0,4.74,,,v1-2026-06-09,2026-06-09T16:04:40Z
IPI,Materials,469618720.0,CLEAR,CLEAR,,AGREE,done,0,0,0,0,1.0,,,v1-2026-06-09,2026-06-09T16:04:40Z
TWI,Materials,469271584.0,DISTRESSED-RECOVERABLE,DISTRESSED-RECOVERABLE,,AGREE,done,0,0,0,0,3.15,,,v1-2026-06-09,2026-06-09T16:04:40Z
ESEA,Industrials,468722176.0,CLEAR,CLEAR,,AGREE,done,0,0,0,0,1.0,,,v1-2026-06-09,2026-06-09T16:04:40Z
KLC,Unknown,467791776.0,WATCH,WATCH,,AGREE,done,0,0,0,0,3.25,,,v1-2026-06-09,2026-06-09T16:04:40Z
OBT,Financials,467667712.0,CLEAR,CLEAR,,AGREE,done,0,0,0,1,1.78,," | RAISE:Orange County Bancorp, Inc. Announces Pricing of Public Offering of Common Stock",v1-2026-06-09,2026-06-09T16:04:40Z
ASPN,Industrials,467428832.0,DISTRESSED-RECOVERABLE,DISTRESSED-RECOVERABLE,,AGREE,done,0,0,0,0,3.12,,,v1-2026-06-09,2026-06-09T16:04:40Z
WILC,Unknown,467394528.0,CLEAR,CLEAR,,AGREE,done,0,0,0,0,1.03,,,v1-2026-06-09,2026-06-09T16:04:40Z
SFIX,Consumer Discretionary,466907072.0,CLEAR,CLEAR,,AGREE,done,0,0,1,0,11.04,,,v1-2026-06-09,2026-06-09T16:04:40Z
BLZE,Information Technology,465714336.0,CLEAR,CLEAR,,AGREE,done,0,0,0,0,1.0,,,v1-2026-06-09,2026-06-09T16:04:40Z
CGC,Materials,462552928.0,AVOID,WATCH,cash_burn,OVERFLAG_recent_raise,done,0,1,0,1,3.67,downgraded from AVOID — recent capital raise extends runway / no event found,recent capital raise extends runway | FR:Canopy Growth Is Restating Two Years of Financials Before June 15 Earnings -- Here's What CGC Investors Need to Know Right Now,v1-2026-06-09,2026-06-09T16:04:40Z
APXT,Unknown,461438400.0,SKIP_no_data,,,SKIP,skip,,,,,,,no cached fundamentals/context,v1-2026-06-09,2026-06-09T16:04:40Z
ECX,Information Technology,461082560.0,AVOID,AVOID,insolvency,AVOID_unconfirmed,done,0,0,0,0,4.56,,no API distress/short signal (coverage may be thin),v1-2026-06-09,2026-06-09T16:04:40Z
PKOH,Materials,460885376.0,CLEAR,CLEAR,,AGREE,done,0,0,0,0,1.0,,,v1-2026-06-09,2026-06-09T16:04:40Z
PRTA,Health Care,460184928.0,AVOID,AVOID,cash_burn,CORROBORATED,done,0,0,1,0,12.96,API event/short-interest confirms the fundamentals AVOID,API distress/short-interest confirms,v1-2026-06-09,2026-06-09T16:04:40Z
PDLB,Financials,459570112.0,DISTRESSED-RECOVERABLE,DISTRESSED-RECOVERABLE,,AGREE,done,0,0,0,0,8.2,,,v1-2026-06-09,2026-06-09T16:04:40Z
ITIC,Financials,458726400.0,CLEAR,CLEAR,,AGREE,done,0,0,0,0,2.23,,,v1-2026-06-09,2026-06-09T16:04:40Z
FPI,Financials,458303008.0,CLEAR,CLEAR,,AGREE,done,0,0,0,0,6.43,,,v1-2026-06-09,2026-06-09T16:04:40Z
SPCE,Industrials,457499680.0,AVOID,AVOID,cash_burn,AVOID_unconfirmed,done,0,0,0,0,2.48,,no API distress/short signal (coverage may be thin),v1-2026-06-09,2026-06-09T16:04:40Z
LXFR,Materials,457488576.0,CLEAR,CLEAR,,AGREE,done,0,0,0,0,2.26,,,v1-2026-06-09,2026-06-09T16:04:40Z
OPTX,Health Care,457176640.0,DISTRESSED-RECOVERABLE,DISTRESSED-RECOVERABLE,,AGREE,done,0,0,0,1,1.0,, | RAISE:Syntec Optics (Nasdaq: OPTX) Announces Pricing of $20 Million Underwritten Public Offering of Common Stock,v1-2026-06-09,2026-06-09T16:04:40Z
HTT,Unknown,456533504.0,CLEAR,CLEAR,,AGREE,done,0,0,0,0,4.59,,,v1-2026-06-09,2026-06-09T16:04:40Z
KYTX,Health Care,454140224.0,SKIP_lt2y,,,SKIP,skip,,,,,,,<2y data,v1-2026-06-09,2026-06-09T16:04:40Z
ULH,Industrials,453822368.0,WATCH,WATCH,,AGREE,done,0,0,0,0,2.18,,,v1-2026-06-09,2026-06-09T16:04:40Z
ASMB,Health Care,453815008.0,WATCH,WATCH,,AGREE,done,0,0,0,0,9.42,,,v1-2026-06-09,2026-06-09T16:04:40Z
UROY,Unknown,452970848.0,AVOID,AVOID,cash_burn,AVOID_unconfirmed,done,0,0,0,0,1.82,,no API distress/short signal (coverage may be thin),v1-2026-06-09,2026-06-09T16:04:40Z
WEAV,Information Technology,452728448.0,CLEAR,CLEAR,,AGREE,done,0,0,0,0,2.25,,,v1-2026-06-09,2026-06-09T16:04:40Z
ALTI,Financials,451821152.0,WATCH,WATCH,,AGREE,done,0,0,1,0,10.24,,,v1-2026-06-09,2026-06-09T16:04:40Z
FDMT,Health Care,451666880.0,WATCH,WATCH,,AGREE,done,0,0,1,1,19.08,, | RAISE:4D Molecular Therapeutics Announces Pricing of Upsized Public Offering of Common Stock,v1-2026-06-09,2026-06-09T16:04:40Z
FRPH,Real Estate,451268320.0,CLEAR,CLEAR,,AGREE,done,0,0,0,0,3.1,,,v1-2026-06-09,2026-06-09T16:04:40Z
PACB,Health Care,450372480.0,WATCH,WATCH,,AGREE,done,0,0,0,0,9.02,,,v1-2026-06-09,2026-06-09T16:04:40Z
IMXI,Industrials,449912640.0,CLEAR,CLEAR,,AGREE,done,0,0,0,0,1.08,,,v1-2026-06-09,2026-06-09T16:04:40Z
LAB,Health Care,448923328.0,WATCH,WATCH,,AGREE,done,0,0,0,0,6.99,,,v1-2026-06-09,2026-06-09T16:04:40Z
UXIN,Unknown,448759712.0,AVOID,AVOID,insolvency,AVOID_unconfirmed,done,0,0,0,0,4.79,,no API distress/short signal (coverage may be thin),v1-2026-06-09,2026-06-09T16:04:40Z
OVID,Health Care,447936256.0,AVOID,WATCH,cash_burn,OVERFLAG_recent_raise,done,0,0,0,1,4.57,downgraded from AVOID — recent capital raise extends runway / no event found,recent capital raise extends runway | RAISE:Ovid Therapeutics Announces Pricing of $60 Million Private Placement,v1-2026-06-09,2026-06-09T16:04:40Z
MFI,Unknown,446828352.0,SKIP_lt2y,,,SKIP,skip,,,,,,,<2y data,v1-2026-06-09,2026-06-09T16:04:40Z
ACTG,Financials,446241792.0,CLEAR,CLEAR,,AGREE,done,0,0,0,0,5.54,,,v1-2026-06-09,2026-06-09T16:04:40Z
KREF,Financials,444958880.0,SKIP_lt2y,,,SKIP,skip,,,,,,,<2y data,v1-2026-06-09,2026-06-09T16:04:40Z
SCVL,Consumer Discretionary,443380864.0,CLEAR,CLEAR,,AGREE,done,0,0,0,0,9.52,,,v1-2026-06-09,2026-06-09T16:04:40Z
CLMB,Industrials,442985312.0,CLEAR,CLEAR,,AGREE,done,0,0,0,0,7.0,,,v1-2026-06-09,2026-06-09T16:04:40Z
NINE,Energy,442795200.0,WATCH,WATCH,,AGREE,done,0,0,0,0,1.0,,,v1-2026-06-09,2026-06-09T16:04:40Z
CTEV,Industrials,440514848.0,AVOID,AVOID,insolvency,AVOID_unconfirmed,done,0,0,0,0,6.71,,no API distress/short signal (coverage may be thin),v1-2026-06-09,2026-06-09T16:04:40Z
EOLS,Health Care,439251200.0,AVOID,AVOID,insolvency,AVOID_unconfirmed,done,0,0,0,0,5.33,,no API distress/short signal (coverage may be thin),v1-2026-06-09,2026-06-09T16:04:40Z
STRZ,Communication Services,438706080.0,AVOID,AVOID,cash_burn,AVOID_unconfirmed,done,0,0,0,0,2.41,,no API distress/short signal (coverage may be thin),v1-2026-06-09,2026-06-09T16:04:40Z
CDRO,Communication Services,437420576.0,CLEAR,CLEAR,,AGREE,done,0,0,1,0,17.06,,,v1-2026-06-09,2026-06-09T16:04:40Z
DCBO,Information Technology,436835424.0,CLEAR,CLEAR,,AGREE,done,0,0,0,0,2.94,,,v1-2026-06-09,2026-06-09T16:04:40Z
MNRO,Consumer Discretionary,436267104.0,CLEAR,CLEAR,,AGREE,done,0,0,0,0,8.67,,,v1-2026-06-09,2026-06-09T16:04:40Z
AIV,Financials,435884224.0,CLEAR,CLEAR,,AGREE,done,0,0,0,0,2.05,,,v1-2026-06-09,2026-06-09T16:04:40Z
SES,Information Technology,435754336.0,WATCH,WATCH,,AGREE,done,0,0,0,0,1.76,,,v1-2026-06-09,2026-06-09T16:04:40Z
TLNC,Financials,435473696.0,SKIP_lt2y,,,SKIP,skip,,,,,,,<2y data,v1-2026-06-09,2026-06-09T16:04:40Z
SPT,Information Technology,434563040.0,CLEAR,CLEAR,,AGREE,done,0,0,0,0,2.59,,,v1-2026-06-09,2026-06-09T16:04:40Z
GLOO,Information Technology,434286560.0,SKIP_lt2y,,,SKIP,skip,,,,,,,<2y data,v1-2026-06-09,2026-06-09T16:04:40Z
XRX,Information Technology,434188288.0,DISTRESSED-RECOVERABLE,DISTRESSED-RECOVERABLE,,AGREE,done,0,0,0,0,2.67,,,v1-2026-06-09,2026-06-09T16:04:40Z
FSTR,Industrials,434139776.0,CLEAR,CLEAR,,AGREE,done,0,0,0,0,1.0,,,v1-2026-06-09,2026-06-09T16:04:40Z
OCGN,Health Care,433307968.0,AVOID,AVOID,insolvency,AVOID_unconfirmed,done,0,0,0,1,8.16,,"no API distress/short signal (coverage may be thin) | RAISE:Ocugen, Inc. Announces Closing of $20 Million Registered Direct Offering of Common Stock and Warrants",v1-2026-06-09,2026-06-09T16:04:40Z
STRO,Health Care,432322752.0,AVOID,AVOID,insolvency,AVOID_unconfirmed,done,0,0,0,1,5.61,,no API distress/short signal (coverage may be thin) | RAISE:Sutro Biopharma Announces Pricing of $110.0 million Underwritten Offering,v1-2026-06-09,2026-06-09T16:04:40Z
BBBY,Consumer Discretionary,431800832.0,WATCH,AVOID,,UNDERFLAG_distress_event,done,1,0,0,0,3.85,promoted — ≥2 live distress (going-concern/Ch11/default) news articles,"7 live news articles show a distress event the screen missed | BK:'I lost $100,000': investors share Bed Bath & Beyond losses on Reddit after company sold millions of shares ahead of bankruptcy fi",v1-2026-06-09,2026-06-09T16:04:40Z
MYGN,Health Care,431628320.0,DISTRESSED-RECOVERABLE,DISTRESSED-RECOVERABLE,,AGREE,done,0,0,0,0,3.8,,,v1-2026-06-09,2026-06-09T16:04:40Z
BCAR,Unknown,431574848.0,SKIP_no_data,,,SKIP,skip,,,,,,,no cached fundamentals/context,v1-2026-06-09,2026-06-09T16:04:40Z
NRC,Industrials,431352352.0,CLEAR,CLEAR,,AGREE,done,0,0,0,0,3.76,,,v1-2026-06-09,2026-06-09T16:04:40Z
BMBL,Information Technology,430770112.0,DISTRESSED-RECOVERABLE,DISTRESSED-RECOVERABLE,,AGREE,done,0,0,0,0,3.14,,,v1-2026-06-09,2026-06-09T16:04:40Z
AMCX,Communication Services,430491584.0,CLEAR,CLEAR,,AGREE,done,0,0,0,1,9.98,, | RAISE:AMC Networks Inc. Announces Pricing of Private Offering of $400 Million of 10.50% Senior Secured Notes due 2032,v1-2026-06-09,2026-06-09T16:04:40Z
VITL,Consumer Staples,430198496.0,CLEAR,CLEAR,,AGREE,done,0,0,0,0,2.48,,,v1-2026-06-09,2026-06-09T16:04:40Z
CTNM,Health Care,429569440.0,SKIP_lt2y,,,SKIP,skip,,,,,,,<2y data,v1-2026-06-09,2026-06-09T16:04:40Z
BSVN,Financials,429131680.0,CLEAR,CLEAR,,AGREE,done,0,0,0,0,4.25,,,v1-2026-06-09,2026-06-09T16:04:40Z
DBI,Consumer Discretionary,428325920.0,DISTRESSED-RECOVERABLE,DISTRESSED-RECOVERABLE,,AGREE,done,0,0,1,0,12.82,,,v1-2026-06-09,2026-06-09T16:04:40Z
CBAN,Financials,428271680.0,WATCH,WATCH,,AGREE,done,0,0,0,0,2.28,,,v1-2026-06-09,2026-06-09T16:04:40Z
BWFG,Financials,427920544.0,CLEAR,CLEAR,,AGREE,done,0,0,0,0,5.89,,,v1-2026-06-09,2026-06-09T16:04:40Z
DDD,Information Technology,427615936.0,AVOID,WATCH,cash_burn,OVERFLAG_recent_raise,done,0,0,0,1,7.5,downgraded from AVOID — recent capital raise extends runway / no event found,recent capital raise extends runway | RAISE:3D Systems Announces Pricing of $50 Million Upsized Public Offering,v1-2026-06-09,2026-06-09T16:04:40Z
BBW,Consumer Discretionary,427358880.0,CLEAR,CLEAR,,AGREE,done,0,0,0,0,8.18,,,v1-2026-06-09,2026-06-09T16:04:40Z
OPTU,Communication Services,426760096.0,AVOID,AVOID,insolvency,AVOID_unconfirmed,done,0,0,0,0,6.95,,no API distress/short signal (coverage may be thin),v1-2026-06-09,2026-06-09T16:04:40Z
FVR,Financials,426311168.0,WATCH,WATCH,,AGREE,done,0,0,0,0,1.71,,,v1-2026-06-09,2026-06-09T16:04:40Z
CCCC,Health Care,425683808.0,WATCH,WATCH,,AGREE,done,0,0,0,0,5.81,,,v1-2026-06-09,2026-06-09T16:04:40Z
MTW,Industrials,425528576.0,CLEAR,CLEAR,,AGREE,done,0,0,0,0,4.48,,,v1-2026-06-09,2026-06-09T16:04:40Z
VREX,Information Technology,425258016.0,DISTRESSED-RECOVERABLE,DISTRESSED-RECOVERABLE,,AGREE,done,0,0,0,0,2.04,,,v1-2026-06-09,2026-06-09T16:04:40Z
CLNE,Utilities,425033536.0,DISTRESSED-RECOVERABLE,DISTRESSED-RECOVERABLE,,AGREE,done,0,0,0,0,4.1,,,v1-2026-06-09,2026-06-09T16:04:40Z
ABAT,Materials,424248832.0,AVOID,WATCH,cash_burn,OVERFLAG_recent_raise,done,0,0,0,1,4.14,downgraded from AVOID — recent capital raise extends runway / no event found,recent capital raise extends runway | RAISE:$10M Registered Direct Offering Priced At-The-Market Under Nasdaq Rules,v1-2026-06-09,2026-06-09T16:04:40Z
CD,Financials,423435456.0,WATCH,WATCH,,AGREE,done,0,0,1,0,24.15,,,v1-2026-06-09,2026-06-09T16:04:40Z
GCO,Consumer Discretionary,421143424.0,CLEAR,CLEAR,,AGREE,done,0,0,0,0,5.95,,,v1-2026-06-09,2026-06-09T16:04:40Z
BMRC,Financials,420932384.0,CLEAR,CLEAR,,AGREE,done,0,0,0,0,6.24,,,v1-2026-06-09,2026-06-09T16:04:40Z
LOCO,Consumer Discretionary,420892224.0,CLEAR,CLEAR,,AGREE,done,0,0,0,0,4.61,,,v1-2026-06-09,2026-06-09T16:04:40Z
ALTO,Materials,420749216.0,CLEAR,CLEAR,,AGREE,done,0,0,0,0,1.0,,,v1-2026-06-09,2026-06-09T16:04:40Z
NGNE,Health Care,418592352.0,SKIP_lt2y,,,SKIP,skip,,,,,,,<2y data,v1-2026-06-09,2026-06-09T16:04:40Z
OSS,Information Technology,418348672.0,WATCH,WATCH,,AGREE,done,0,0,0,0,1.1,,,v1-2026-06-09,2026-06-09T16:04:40Z
BOC,Real Estate,417452512.0,DISTRESSED-RECOVERABLE,DISTRESSED-RECOVERABLE,,AGREE,done,0,0,0,0,5.84,,,v1-2026-06-09,2026-06-09T16:04:40Z
SGMT,Health Care,417442240.0,SKIP_lt2y,,,SKIP,skip,,,,,,,<2y data,v1-2026-06-09,2026-06-09T16:04:40Z
CAL,Materials,417373952.0,DISTRESSED-RECOVERABLE,DISTRESSED-RECOVERABLE,,AGREE,done,0,0,0,0,6.92,,,v1-2026-06-09,2026-06-09T16:04:40Z
NATH,Consumer Discretionary,416974176.0,CLEAR,CLEAR,,AGREE,done,0,0,0,0,6.07,,,v1-2026-06-09,2026-06-09T16:04:40Z
SGU,Consumer Discretionary,416662592.0,CLEAR,CLEAR,,NEWS_NOTE,done,0,1,0,0,1.41,single news mention (kept screen bucket; investigate),"single news mention of distress/fraud (investigate; not a screen error) | FR:Star Group, L.P. Announces New Credit Facility",v1-2026-06-09,2026-06-09T16:04:40Z
MVST,Information Technology,416446720.0,DISTRESSED-RECOVERABLE,DISTRESSED-RECOVERABLE,,AGREE,done,0,0,0,0,2.78,,,v1-2026-06-09,2026-06-09T16:04:40Z
EBS,Health Care,416382080.0,CLEAR,CLEAR,,AGREE,done,0,0,1,0,11.99,,,v1-2026-06-09,2026-06-09T16:04:40Z
OFIX,Health Care,415938784.0,DISTRESSED-RECOVERABLE,DISTRESSED-RECOVERABLE,,AGREE,done,0,0,0,0,3.42,,,v1-2026-06-09,2026-06-09T16:04:40Z
EDIT,Health Care,415881600.0,AVOID,AVOID,cash_burn,AVOID_unconfirmed,done,0,0,0,0,8.56,,no API distress/short signal (coverage may be thin),v1-2026-06-09,2026-06-09T16:04:40Z
KMDA,Unknown,414540800.0,CLEAR,CLEAR,,AGREE,done,0,0,0,1,2.49,, | RAISE:Kamada Announces $60 Million Private Placement with FIMI Opportunity Funds,v1-2026-06-09,2026-06-09T16:04:40Z
INDP,Health Care,414466912.0,SKIP_lt2y,,,SKIP,skip,,,,,,,<2y data,v1-2026-06-09,2026-06-09T16:04:40Z
ALMU,Information Technology,413517536.0,SKIP_lt2y,,,SKIP,skip,,,,,,,<2y data,v1-2026-06-09,2026-06-09T16:04:40Z
ERII,Industrials,412877536.0,CLEAR,CLEAR,,AGREE,done,0,0,0,0,1.03,,,v1-2026-06-09,2026-06-09T16:04:40Z
ROMA,Unknown,412782464.0,AVOID,AVOID,cash_burn,CORROBORATED,done,1,0,1,0,20.68,API event/short-interest confirms the fundamentals AVOID,API distress/short-interest confirms | BK:Roma Green Finance Limited Receives Nasdaq Deficiency Notice Regarding Minimum Bid Price Requirement,v1-2026-06-09,2026-06-09T16:04:40Z
GTN,Communication Services,411981248.0,WATCH,WATCH,,AGREE,done,0,0,0,1,2.97,, | RAISE:Gray Announces Upsizing and Pricing of $775 Million of 7.250% Senior Secured First Lien Notes due 2033,v1-2026-06-09,2026-06-09T16:04:40Z
WTBA,Financials,410206944.0,CLEAR,CLEAR,,AGREE,done,0,0,0,1,8.17,," | RAISE:West Bancorporation, Inc. Announces Pricing of Subordinated Notes Offering",v1-2026-06-09,2026-06-09T16:04:40Z
MATV,Materials,410073664.0,DISTRESSED-RECOVERABLE,DISTRESSED-RECOVERABLE,,AGREE,done,0,0,0,0,2.29,,,v1-2026-06-09,2026-06-09T16:04:40Z
SIDU,Communication Services,409843040.0,WATCH,WATCH,,AGREE,done,0,0,0,0,1.0,,,v1-2026-06-09,2026-06-09T16:04:40Z
CCAP,Unknown,409358528.0,SKIP_no_data,,,SKIP,skip,,,,,,,no cached fundamentals/context,v1-2026-06-09,2026-06-09T16:04:40Z
RZLT,Health Care,409242400.0,SKIP_lt2y,,,SKIP,skip,,,,,,,<2y data,v1-2026-06-09,2026-06-09T16:04:40Z
CCRN,Information Technology,408687744.0,CLEAR,CLEAR,,AGREE,done,0,0,0,0,1.0,,,v1-2026-06-09,2026-06-09T16:04:40Z
LSAK,Financials,408104448.0,WATCH,WATCH,,AGREE,done,0,0,0,0,2.45,,,v1-2026-06-09,2026-06-09T16:04:40Z
KELYA,Information Technology,408056416.0,DISTRESSED-RECOVERABLE,DISTRESSED-RECOVERABLE,,AGREE,done,0,0,0,0,2.3,,,v1-2026-06-09,2026-06-09T16:04:40Z
CBK,Financials,407475744.0,SKIP_lt2y,,,SKIP,skip,,,,,,,<2y data,v1-2026-06-09,2026-06-09T16:04:40Z
SAAQ,Financials,407344512.0,SKIP_no_data,,,SKIP,skip,,,,,,,no cached fundamentals/context,v1-2026-06-09,2026-06-09T16:04:40Z
AUTL,Unknown,407199200.0,SKIP_no_data,,,SKIP,skip,,,,,,,no cached fundamentals/context,v1-2026-06-09,2026-06-09T16:04:40Z
CWH,Consumer Discretionary,407161792.0,AVOID,AVOID,insolvency,AVOID_unconfirmed,done,0,0,0,0,4.52,,no API distress/short signal (coverage may be thin),v1-2026-06-09,2026-06-09T16:04:40Z
API,Information Technology,406684448.0,DISTRESSED-RECOVERABLE,DISTRESSED-RECOVERABLE,,AGREE,done,0,0,0,0,1.27,,,v1-2026-06-09,2026-06-09T16:04:40Z
RBB,Financials,406461312.0,CLEAR,CLEAR,,AGREE,done,0,0,0,0,2.85,,,v1-2026-06-09,2026-06-09T16:04:40Z
BBCQ,Unknown,403649984.0,SKIP_no_data,,,SKIP,skip,,,,,,,no cached fundamentals/context,v1-2026-06-09,2026-06-09T16:04:40Z
MEI,Information Technology,402843872.0,DISTRESSED-RECOVERABLE,DISTRESSED-RECOVERABLE,,AGREE,done,0,0,0,0,1.0,,,v1-2026-06-09,2026-06-09T16:04:40Z
VHI,Materials,401609504.0,WATCH,WATCH,,AGREE,done,0,0,0,0,4.81,,,v1-2026-06-09,2026-06-09T16:04:40Z
RLGT,Industrials,401347360.0,CLEAR,CLEAR,,AGREE,done,0,0,0,0,2.45,,,v1-2026-06-09,2026-06-09T16:04:40Z
NC,Materials,401235840.0,DISTRESSED-RECOVERABLE,DISTRESSED-RECOVERABLE,,AGREE,done,0,0,0,0,1.42,,,v1-2026-06-09,2026-06-09T16:04:40Z
IBEX,Information Technology,400870144.0,CLEAR,CLEAR,,AGREE,done,0,0,0,0,1.09,,,v1-2026-06-09,2026-06-09T16:04:40Z
ISTR,Financials,400427776.0,CLEAR,CLEAR,,AGREE,done,0,0,0,0,1.97,,,v1-2026-06-09,2026-06-09T16:04:40Z
LAND,Financials,399876032.0,CLEAR,CLEAR,,AGREE,done,0,0,0,0,3.19,,,v1-2026-06-09,2026-06-09T16:04:40Z
MAGN,Materials,399432000.0,DISTRESSED-RECOVERABLE,DISTRESSED-RECOVERABLE,,AGREE,done,0,0,0,0,6.22,,,v1-2026-06-09,2026-06-09T16:04:40Z
MNPR,Health Care,398460192.0,SKIP_lt2y,,,SKIP,skip,,,,,,,<2y data,v1-2026-06-09,2026-06-09T16:04:40Z
SOHU,Unknown,398065888.0,WATCH,WATCH,,AGREE,done,0,0,0,0,5.04,,,v1-2026-06-09,2026-06-09T16:04:40Z
ALIT,Industrials,397371328.0,WATCH,WATCH,,AGREE,done,0,0,0,0,2.05,,,v1-2026-06-09,2026-06-09T16:04:40Z
NPAC,Financials,397345056.0,SKIP_lt2y,,,SKIP,skip,,,,,,,<2y data,v1-2026-06-09,2026-06-09T16:04:40Z
ATNI,Communication Services,396056960.0,DISTRESSED-RECOVERABLE,DISTRESSED-RECOVERABLE,,AGREE,done,0,0,0,0,2.19,,,v1-2026-06-09,2026-06-09T16:04:40Z
GEVO,Materials,395543424.0,WATCH,WATCH,,AGREE,done,0,0,0,0,6.95,,,v1-2026-06-09,2026-06-09T16:04:40Z
PBFS,Financials,395521216.0,CLEAR,CLEAR,,AGREE,done,0,0,0,0,7.08,,,v1-2026-06-09,2026-06-09T16:04:40Z
BLND,Information Technology,392228992.0,AVOID,AVOID,insolvency,AVOID_unconfirmed,done,0,0,0,0,2.77,,no API distress/short signal (coverage may be thin),v1-2026-06-09,2026-06-09T16:04:40Z
BXC,Industrials,391454464.0,CLEAR,CLEAR,,AGREE,done,0,0,0,0,2.39,,,v1-2026-06-09,2026-06-09T16:04:40Z
LZM,Unknown,391287904.0,AVOID,AVOID,cash_burn,AVOID_unconfirmed,done,0,0,0,0,4.82,,no API distress/short signal (coverage may be thin),v1-2026-06-09,2026-06-09T16:04:40Z
TBRG,Information Technology,390727488.0,CLEAR,CLEAR,,AGREE,done,0,0,0,0,2.3,,,v1-2026-06-09,2026-06-09T16:04:40Z
ALF,Unknown,390640608.0,SKIP_no_data,,,SKIP,skip,,,,,,,no cached fundamentals/context,v1-2026-06-09,2026-06-09T16:04:40Z
YEXT,Information Technology,389965152.0,CLEAR,CLEAR,,AGREE,done,0,0,0,0,4.47,,,v1-2026-06-09,2026-06-09T16:04:40Z
GBLI,Financials,389698464.0,CLEAR,CLEAR,,AGREE,done,0,0,0,0,3.38,,,v1-2026-06-09,2026-06-09T16:04:40Z
MTAL,Financials,389083360.0,SKIP_no_data,,,SKIP,skip,,,,,,,no cached fundamentals/context,v1-2026-06-09,2026-06-09T16:04:40Z
PLAY,Consumer Discretionary,389081312.0,DISTRESSED-RECOVERABLE,DISTRESSED-RECOVERABLE,,AGREE,done,0,0,0,0,5.74,,,v1-2026-06-09,2026-06-09T16:04:40Z
EPRX,Health Care,388695328.0,SKIP_lt2y,,,SKIP,skip,,,,,,,<2y data,v1-2026-06-09,2026-06-09T16:04:40Z
FMAO,Financials,386748416.0,CLEAR,CLEAR,,AGREE,done,0,0,0,0,1.22,,,v1-2026-06-09,2026-06-09T16:04:40Z
CLPT,Health Care,386565504.0,AVOID,WATCH,cash_burn,OVERFLAG_recent_raise,done,0,0,0,1,7.04,downgraded from AVOID — recent capital raise extends runway / no event found,recent capital raise extends runway | RAISE:ClearPoint Neuro Launches Proposed Public Offering of Common Stock,v1-2026-06-09,2026-06-09T16:04:40Z
HVT.A,Consumer Discretionary,386449440.0,CLEAR,CLEAR,,AGREE,done,0,0,0,0,5.54,,,v1-2026-06-09,2026-06-09T16:04:40Z
CYH,Health Care,386111776.0,AVOID,AVOID,insolvency,AVOID_unconfirmed,done,0,0,0,0,8.65,,no API distress/short signal (coverage may be thin),v1-2026-06-09,2026-06-09T16:04:40Z
CMCL,Materials,385294912.0,CLEAR,CLEAR,,AGREE,done,0,0,0,0,6.14,,,v1-2026-06-09,2026-06-09T16:04:40Z
SUPX,Unknown,384877824.0,WATCH,WATCH,,AGREE,done,0,0,0,0,1.0,,,v1-2026-06-09,2026-06-09T16:04:40Z
IPSC,Health Care,384155776.0,AVOID,AVOID,cash_burn,CORROBORATED,done,0,0,1,0,18.69,API event/short-interest confirms the fundamentals AVOID,API distress/short-interest confirms,v1-2026-06-09,2026-06-09T16:04:40Z
RMNI,Industrials,384124000.0,CLEAR,CLEAR,,AGREE,done,0,0,0,0,3.48,,,v1-2026-06-09,2026-06-09T16:04:40Z
QUAD,Communication Services,384118432.0,CLEAR,CLEAR,,AGREE,done,0,0,0,0,4.08,,,v1-2026-06-09,2026-06-09T16:04:40Z
UPB,Health Care,383660928.0,WATCH,WATCH,,AGREE,done,0,0,0,0,6.69,,,v1-2026-06-09,2026-06-09T16:04:40Z
CZNC,Financials,382519104.0,CLEAR,CLEAR,,AGREE,done,0,0,0,0,6.65,,,v1-2026-06-09,2026-06-09T16:04:40Z
VMD,Health Care,382217920.0,CLEAR,CLEAR,,AGREE,done,0,0,0,1,1.31,, | RAISE:Viemed Announces Strategic Investment in Population Health Sector,v1-2026-06-09,2026-06-09T16:04:40Z
MPTI,Information Technology,381929120.0,CLEAR,CLEAR,,AGREE,done,0,0,0,0,2.23,,,v1-2026-06-09,2026-06-09T16:04:40Z
NEWT,Financials,381803488.0,WATCH,WATCH,,AGREE,done,0,0,1,0,11.89,,,v1-2026-06-09,2026-06-09T16:04:40Z
MTRX,Industrials,381495008.0,CLEAR,CLEAR,,AGREE,done,0,0,0,0,1.23,,,v1-2026-06-09,2026-06-09T16:04:40Z
PAYS,Industrials,379600192.0,CLEAR,CLEAR,,AGREE,done,0,0,0,0,1.33,,,v1-2026-06-09,2026-06-09T16:04:40Z
OEC,Materials,378931712.0,WATCH,WATCH,,AGREE,done,0,0,0,0,1.88,,,v1-2026-06-09,2026-06-09T16:04:40Z
CVEO,Consumer Discretionary,378747488.0,DISTRESSED-RECOVERABLE,DISTRESSED-RECOVERABLE,,AGREE,done,0,0,0,1,3.58,, | RAISE:Unlimited Industries raises $12M to build the AI construction company that will power America’s future,v1-2026-06-09,2026-06-09T16:04:40Z
SVCO,Information Technology,377886688.0,AVOID,AVOID,cash_burn,AVOID_unconfirmed,done,0,0,0,0,1.56,,no API distress/short signal (coverage may be thin),v1-2026-06-09,2026-06-09T16:04:40Z
PLBC,Financials,377533600.0,CLEAR,CLEAR,,AGREE,done,0,0,0,0,2.24,,,v1-2026-06-09,2026-06-09T16:04:40Z
GOTU,Unknown,376756960.0,CLEAR,CLEAR,,NEWS_NOTE,done,1,0,0,0,5.67,single news mention (kept screen bucket; investigate),single news mention of distress/fraud (investigate; not a screen error) | BK:Why Seelos Therapeutics Shares Are Trading Lower By 10%; Here Are 20 Stocks Moving Premarket,v1-2026-06-09,2026-06-09T16:04:40Z
TSSI,Industrials,375629536.0,CLEAR,CLEAR,,AGREE,done,0,0,0,0,2.27,,,v1-2026-06-09,2026-06-09T16:04:40Z
DIN,Consumer Discretionary,373451552.0,CLEAR,CLEAR,,AGREE,done,0,0,0,0,3.62,,,v1-2026-06-09,2026-06-09T16:04:40Z
ALOV,Unknown,372186016.0,SKIP_no_data,,,SKIP,skip,,,,,,,no cached fundamentals/context,v1-2026-06-09,2026-06-09T16:04:40Z
FRST,Financials,371581088.0,CLEAR,CLEAR,,AGREE,done,0,0,0,0,1.62,,,v1-2026-06-09,2026-06-09T16:04:40Z
KNOP,Unknown,370753920.0,CLEAR,CLEAR,,AGREE,done,0,0,0,0,2.69,,,v1-2026-06-09,2026-06-09T16:04:40Z
CMCO,Industrials,370163040.0,DISTRESSED-RECOVERABLE,DISTRESSED-RECOVERABLE,,AGREE,done,0,0,0,0,6.26,,,v1-2026-06-09,2026-06-09T16:04:40Z
SNDL,Unknown,369625984.0,CLEAR,CLEAR,,AGREE,done,0,0,0,0,1.06,,,v1-2026-06-09,2026-06-09T16:04:40Z
PKBK,Financials,369370592.0,CLEAR,CLEAR,,AGREE,done,0,0,0,0,1.35,,,v1-2026-06-09,2026-06-09T16:04:40Z
GNE,Utilities,368595648.0,CLEAR,CLEAR,,AGREE,done,0,0,0,0,6.2,,,v1-2026-06-09,2026-06-09T16:04:40Z
DCTH,Health Care,368345984.0,CLEAR,CLEAR,,AGREE,done,0,0,0,0,6.32,,,v1-2026-06-09,2026-06-09T16:04:40Z
FVRR,Unknown,368135456.0,CLEAR,CLEAR,,AGREE,done,0,0,0,0,5.22,,,v1-2026-06-09,2026-06-09T16:04:40Z
CMPX,Health Care,367379360.0,SKIP_lt2y,,,SKIP,skip,,,,,,,<2y data,v1-2026-06-09,2026-06-09T16:04:40Z
DVLT,Industrials,367378304.0,AVOID,AVOID,cash_burn,AVOID_unconfirmed,done,0,0,0,0,1.08,,no API distress/short signal (coverage may be thin),v1-2026-06-09,2026-06-09T16:04:40Z
NREF,Financials,366933824.0,SKIP_lt2y,,,SKIP,skip,,,,,,,<2y data,v1-2026-06-09,2026-06-09T16:04:40Z
FJET,Industrials,366643968.0,SKIP_lt2y,,,SKIP,skip,,,,,,,<2y data,v1-2026-06-09,2026-06-09T16:04:40Z
RNGR,Energy,366641856.0,CLEAR,CLEAR,,AGREE,done,0,0,0,0,1.24,,,v1-2026-06-09,2026-06-09T16:04:40Z
OPAL,Utilities,366115040.0,CLEAR,CLEAR,,AGREE,done,0,0,0,0,6.32,,,v1-2026-06-09,2026-06-09T16:04:40Z
BYND,Consumer Staples,365583904.0,AVOID,AVOID,cash_burn,CORROBORATED,done,1,1,0,0,2.19,API event/short-interest confirms the fundamentals AVOID,API distress/short-interest confirms | BK:Is a Reverse Stock Split Coming for Beyond Meat?,v1-2026-06-09,2026-06-09T16:04:57Z
HVT,Consumer Discretionary,364237824.0,CLEAR,CLEAR,,AGREE,done,0,0,0,0,6.55,,,v1-2026-06-09,2026-06-09T16:04:40Z
NEGG,Health Care,363679168.0,WATCH,WATCH,,AGREE,done,0,0,0,0,2.05,,,v1-2026-06-09,2026-06-09T16:04:40Z
GIX,Financials,363275296.0,SKIP_no_data,,,SKIP,skip,,,,,,,no cached fundamentals/context,v1-2026-06-09,2026-06-09T16:04:40Z
VNDA,Health Care,362617440.0,WATCH,WATCH,,AGREE,done,0,0,0,0,4.9,,,v1-2026-06-09,2026-06-09T16:04:40Z
BNTC,Health Care,362438240.0,SKIP_lt2y,,,SKIP,skip,,,,,,,<2y data,v1-2026-06-09,2026-06-09T16:04:40Z
OIM,Financials,362097760.0,SKIP_no_data,,,SKIP,skip,,,,,,,no cached fundamentals/context,v1-2026-06-09,2026-06-09T16:04:40Z
ALLT,Information Technology,361786336.0,CLEAR,CLEAR,,AGREE,done,0,0,0,1,2.39,, | RAISE:Allot Announces Pricing of Underwritten  Public Offering of Ordinary Shares,v1-2026-06-09,2026-06-09T16:04:40Z
XFOR,Health Care,361244416.0,WATCH,WATCH,,AGREE,done,0,0,0,1,8.49,, | RAISE:X4 Pharmaceuticals Announces Pricing of $135 Million Underwritten Public Offering,v1-2026-06-09,2026-06-09T16:04:40Z
LWAY,Consumer Staples,360652576.0,CLEAR,CLEAR,,AGREE,done,0,0,0,0,5.84,,,v1-2026-06-09,2026-06-09T16:04:40Z
REAX,Unknown,360545984.0,CLEAR,CLEAR,,AGREE,done,0,0,0,0,3.51,,,v1-2026-06-09,2026-06-09T16:04:40Z
AIRS,Health Care,360488448.0,DISTRESSED-RECOVERABLE,DISTRESSED-RECOVERABLE,,AGREE,done,0,0,0,0,2.17,,,v1-2026-06-09,2026-06-09T16:04:40Z
ALUB,Unknown,360453120.0,SKIP_no_data,,,SKIP,skip,,,,,,,no cached fundamentals/context,v1-2026-06-09,2026-06-09T16:04:40Z
CTRN,Consumer Discretionary,360027008.0,CLEAR,CLEAR,,AGREE,done,0,0,0,0,7.22,,,v1-2026-06-09,2026-06-09T16:04:40Z
OABI,Industrials,359532000.0,AVOID,AVOID,cash_burn,AVOID_unconfirmed,done,0,0,0,0,4.27,,no API distress/short signal (coverage may be thin),v1-2026-06-09,2026-06-09T16:04:40Z
CV,Health Care,359238176.0,SKIP_lt2y,,,SKIP,skip,,,,,,,<2y data,v1-2026-06-09,2026-06-09T16:04:40Z
SOPH,Unknown,358951840.0,AVOID,AVOID,cash_burn,AVOID_unconfirmed,done,0,0,0,0,1.97,,no API distress/short signal (coverage may be thin),v1-2026-06-09,2026-06-09T16:04:40Z
PCB,Financials,358715040.0,CLEAR,CLEAR,,AGREE,done,0,0,0,0,5.85,,,v1-2026-06-09,2026-06-09T16:04:40Z
TACH,Financials,358455008.0,SKIP_lt2y,,,SKIP,skip,,,,,,,<2y data,v1-2026-06-09,2026-06-09T16:04:40Z
SSSS,Unknown,358204640.0,CLEAR,CLEAR,,AGREE,done,0,0,0,1,1.0,," | RAISE:SuRo Capital Corp. Prices Public Offering of $70,000,000 6.00% Notes Due 2026",v1-2026-06-09,2026-06-09T16:04:40Z
XPER,Information Technology,358174208.0,WATCH,WATCH,,AGREE,done,0,0,0,0,3.07,,,v1-2026-06-09,2026-06-09T16:04:40Z
MVBF,Financials,357998240.0,CLEAR,CLEAR,,AGREE,done,0,0,0,0,5.87,,,v1-2026-06-09,2026-06-09T16:04:40Z
PBYI,Health Care,357823200.0,CLEAR,CLEAR,,AGREE,done,0,0,1,0,11.79,,,v1-2026-06-09,2026-06-09T16:04:40Z
HNST,Consumer Discretionary,357755488.0,CLEAR,CLEAR,,AGREE,done,0,0,0,0,5.54,,,v1-2026-06-09,2026-06-09T16:04:40Z
GASS,Unknown,357726304.0,CLEAR,CLEAR,,AGREE,done,0,0,0,0,1.0,,,v1-2026-06-09,2026-06-09T16:04:40Z
CURR,Industrials,357056416.0,CLEAR,CLEAR,,AGREE,done,0,0,0,0,2.84,,,v1-2026-06-09,2026-06-09T16:04:40Z
AVBC,Unknown,356739904.0,SKIP_no_data,,,SKIP,skip,,,,,,,no cached fundamentals/context,v1-2026-06-09,2026-06-09T16:04:40Z
PSFE,Unknown,356566848.0,DISTRESSED-RECOVERABLE,DISTRESSED-RECOVERABLE,,AGREE,done,0,0,0,0,9.16,,,v1-2026-06-09,2026-06-09T16:04:40Z
IPCX,Financials,355764768.0,SKIP_lt2y,,,SKIP,skip,,,,,,,<2y data,v1-2026-06-09,2026-06-09T16:04:40Z
SMWB,Unknown,355658208.0,CLEAR,CLEAR,,AGREE,done,0,0,0,0,1.0,,,v1-2026-06-09,2026-06-09T16:04:40Z
BNED,Consumer Discretionary,355650752.0,AVOID,AVOID,cash_burn,AVOID_unconfirmed,done,0,0,0,0,7.78,,no API distress/short signal (coverage may be thin),v1-2026-06-09,2026-06-09T16:04:40Z
QUIK,Information Technology,354480000.0,WATCH,WATCH,,AGREE,done,0,0,0,0,1.55,,,v1-2026-06-09,2026-06-09T16:04:40Z
MGPI,Industrials,352839104.0,DISTRESSED-RECOVERABLE,DISTRESSED-RECOVERABLE,,AGREE,done,0,0,0,0,5.49,,,v1-2026-06-09,2026-06-09T16:04:40Z
AXIN,Unknown,351888704.0,SKIP_no_data,,,SKIP,skip,,,,,,,no cached fundamentals/context,v1-2026-06-09,2026-06-09T16:04:40Z
HCIC,Financials,351583808.0,SKIP_no_data,,,SKIP,skip,,,,,,,no cached fundamentals/context,v1-2026-06-09,2026-06-09T16:04:40Z
AIRJ,Industrials,351279328.0,SKIP_lt2y,,,SKIP,skip,,,,,,,<2y data,v1-2026-06-09,2026-06-09T16:04:40Z
STTK,Health Care,351196768.0,AVOID,AVOID,cash_burn,AVOID_unconfirmed,done,0,0,0,0,2.15,,no API distress/short signal (coverage may be thin),v1-2026-06-09,2026-06-09T16:04:40Z
BKKT,Financials,350055200.0,WATCH,WATCH,,AGREE,done,0,0,0,0,2.76,,,v1-2026-06-09,2026-06-09T16:04:40Z
BDCI,Unknown,349204032.0,SKIP_no_data,,,SKIP,skip,,,,,,,no cached fundamentals/context,v1-2026-06-09,2026-06-09T16:04:40Z
PINE,Financials,348936768.0,DISTRESSED-RECOVERABLE,DISTRESSED-RECOVERABLE,,AGREE,done,0,0,0,0,1.26,,,v1-2026-06-09,2026-06-09T16:04:40Z
MTC,Unknown,348557312.0,WATCH,WATCH,,AGREE,done,0,0,1,0,10.44,,,v1-2026-06-09,2026-06-09T16:04:40Z
SENS,Health Care,348193760.0,AVOID,WATCH,cash_burn,OVERFLAG_recent_raise,done,0,0,0,1,2.51,downgraded from AVOID — recent capital raise extends runway / no event found,recent capital raise extends runway | RAISE:Senseonics Announces Pricing of $80 Million Public Offering of Common Stock and Pre-Funded Warrants,v1-2026-06-09,2026-06-09T16:04:40Z
CDZI,Utilities,348117216.0,AVOID,AVOID,cash_burn,AVOID_unconfirmed,done,0,0,0,0,9.08,,no API distress/short signal (coverage may be thin),v1-2026-06-09,2026-06-09T16:04:40Z
NATR,Health Care,348004640.0,CLEAR,CLEAR,,AGREE,done,0,0,0,0,3.01,,,v1-2026-06-09,2026-06-09T16:04:40Z
BLZR,Unknown,347531232.0,SKIP_no_data,,,SKIP,skip,,,,,,,no cached fundamentals/context,v1-2026-06-09,2026-06-09T16:04:40Z
VOXR,Unknown,347264800.0,CLEAR,CLEAR,,AGREE,done,0,0,0,1,2.74,, | RAISE:Vox Announces Full Exercise of Over-Allotment Option in Underwritten Public Offering of Common Shares,v1-2026-06-09,2026-06-09T16:04:40Z
RMR,Industrials,346824704.0,CLEAR,CLEAR,,AGREE,done,0,0,0,0,4.97,,,v1-2026-06-09,2026-06-09T16:04:40Z
BCML,Financials,346588992.0,CLEAR,CLEAR,,AGREE,done,0,0,0,0,2.31,,,v1-2026-06-09,2026-06-09T16:04:40Z
NECB,Financials,345850560.0,CLEAR,CLEAR,,AGREE,done,0,0,0,0,2.75,,,v1-2026-06-09,2026-06-09T16:04:40Z
CATX,Health Care,345559968.0,AVOID,WATCH,cash_burn,OVERFLAG_recent_raise,done,0,0,0,1,7.96,downgraded from AVOID — recent capital raise extends runway / no event found,recent capital raise extends runway | RAISE:Perspective Therapeutics Announces Pricing of $80 Million Underwritten Offering of Common Stock and Pre-Funded Warrants,v1-2026-06-09,2026-06-09T16:04:40Z
DUOT,Information Technology,344844000.0,AVOID,WATCH,cash_burn,OVERFLAG_recent_raise,done,0,0,0,1,3.66,downgraded from AVOID — recent capital raise extends runway / no event found,"recent capital raise extends runway | RAISE:Duos Technologies Group, Inc. Announces Pricing of $65 Million Public Offering of Common Stock",v1-2026-06-09,2026-06-09T16:04:40Z
AGCC,Industrials,343392544.0,SKIP_lt2y,,,SKIP,skip,,,,,,,<2y data,v1-2026-06-09,2026-06-09T16:04:40Z
USCB,Financials,343178688.0,CLEAR,CLEAR,,AGREE,done,0,0,0,0,1.43,,,v1-2026-06-09,2026-06-09T16:04:40Z
LXEO,Health Care,343139520.0,SKIP_lt2y,,,SKIP,skip,,,,,,,<2y data,v1-2026-06-09,2026-06-09T16:04:40Z
CHMG,Financials,342351808.0,CLEAR,CLEAR,,AGREE,done,0,0,0,0,1.0,,,v1-2026-06-09,2026-06-09T16:04:40Z
AVBH,Financials,341472544.0,SKIP_lt2y,,,SKIP,skip,,,,,,,<2y data,v1-2026-06-09,2026-06-09T16:04:40Z
ARTNA,Utilities,340293472.0,CLEAR,CLEAR,,AGREE,done,0,0,0,1,1.87,, | RAISE:Artesian Resources Corporation Announces Closing of Public Offering of Common Stock,v1-2026-06-09,2026-06-09T16:04:40Z
AVIR,Health Care,340115168.0,SKIP_lt2y,,,SKIP,skip,,,,,,,<2y data,v1-2026-06-09,2026-06-09T16:04:40Z
CMTG,Real Estate,339329440.0,WATCH,WATCH,,AGREE,done,0,0,0,0,5.94,,,v1-2026-06-09,2026-06-09T16:04:40Z
MLP,Real Estate,339287456.0,DISTRESSED-RECOVERABLE,DISTRESSED-RECOVERABLE,,AGREE,done,0,0,1,0,17.28,,,v1-2026-06-09,2026-06-09T16:04:40Z
WSBF,Financials,339036896.0,CLEAR,CLEAR,,AGREE,done,0,0,0,0,3.22,,,v1-2026-06-09,2026-06-09T16:04:40Z
AACI,Financials,338596832.0,SKIP_no_data,,,SKIP,skip,,,,,,,no cached fundamentals/context,v1-2026-06-09,2026-06-09T16:04:40Z
FBRX,Health Care,338310048.0,SKIP_lt2y,,,SKIP,skip,,,,,,,<2y data,v1-2026-06-09,2026-06-09T16:04:40Z
ORBS,Financials,337686464.0,WATCH,WATCH,,AGREE,done,0,0,0,0,1.55,,,v1-2026-06-09,2026-06-09T16:04:40Z
PRE,Unknown,337627808.0,WATCH,WATCH,,AGREE,done,0,0,0,1,2.89,, | RAISE:Prenetics Global Limited Announces Proposed Public Offering,v1-2026-06-09,2026-06-09T16:04:40Z
FNLC,Financials,336130336.0,CLEAR,CLEAR,,AGREE,done,0,0,0,0,4.96,,,v1-2026-06-09,2026-06-09T16:04:40Z
NWFL,Financials,335324640.0,CLEAR,CLEAR,,AGREE,done,0,0,0,0,4.2,,,v1-2026-06-09,2026-06-09T16:04:40Z
VACH,Health Care,335225024.0,SKIP_lt2y,,,SKIP,skip,,,,,,,<2y data,v1-2026-06-09,2026-06-09T16:04:40Z
SHIP,Unknown,334773664.0,CLEAR,CLEAR,,AGREE,done,0,0,0,0,1.0,,,v1-2026-06-09,2026-06-09T16:04:40Z
CION,Unknown,334583456.0,SKIP_lt2y,,,SKIP,skip,,,,,,,<2y data,v1-2026-06-09,2026-06-09T16:04:40Z
WEYS,Industrials,334389664.0,CLEAR,CLEAR,,AGREE,done,0,0,0,0,4.14,,,v1-2026-06-09,2026-06-09T16:04:40Z
BLUW,Unknown,333418560.0,SKIP_no_data,,,SKIP,skip,,,,,,,no cached fundamentals/context,v1-2026-06-09,2026-06-09T16:04:40Z
AII,Financials,333043872.0,SKIP_lt2y,,,SKIP,skip,,,,,,,<2y data,v1-2026-06-09,2026-06-09T16:04:40Z
NCMI,Information Technology,332920032.0,CLEAR,CLEAR,,AGREE,done,0,0,1,0,20.71,,,v1-2026-06-09,2026-06-09T16:04:40Z
BEAG,Financials,332910336.0,SKIP_lt2y,,,SKIP,skip,,,,,,,<2y data,v1-2026-06-09,2026-06-09T16:04:40Z
USNA,Materials,332888128.0,CLEAR,CLEAR,,AGREE,done,0,0,0,0,4.58,,,v1-2026-06-09,2026-06-09T16:04:40Z
ARTV,Health Care,332829152.0,SKIP_lt2y,,,SKIP,skip,,,,,,,<2y data,v1-2026-06-09,2026-06-09T16:04:40Z
RM,Financials,330848640.0,CLEAR,CLEAR,,AGREE,done,0,0,0,0,5.9,,,v1-2026-06-09,2026-06-09T16:04:40Z
LRMR,Health Care,329308928.0,SKIP_lt2y,,,SKIP,skip,,,,,,,<2y data,v1-2026-06-09,2026-06-09T16:04:40Z
LE,Consumer Discretionary,328273344.0,CLEAR,CLEAR,,AGREE,done,0,0,0,0,6.25,,,v1-2026-06-09,2026-06-09T16:04:40Z
IRD,Health Care,328024032.0,AVOID,AVOID,cash_burn,AVOID_unconfirmed,done,0,0,0,0,3.2,,no API distress/short signal (coverage may be thin),v1-2026-06-09,2026-06-09T16:04:40Z
ENTA,Health Care,328004128.0,WATCH,WATCH,,AGREE,done,0,0,0,0,9.37,,,v1-2026-06-09,2026-06-09T16:04:40Z
FWRD,Industrials,327635456.0,DISTRESSED-RECOVERABLE,DISTRESSED-RECOVERABLE,,AGREE,done,0,0,0,0,1.16,,,v1-2026-06-09,2026-06-09T16:04:40Z
CEPV,Financials,327436992.0,SKIP_lt2y,,,SKIP,skip,,,,,,,<2y data,v1-2026-06-09,2026-06-09T16:04:40Z
GLSI,Health Care,326590144.0,SKIP_lt2y,,,SKIP,skip,,,,,,,<2y data,v1-2026-06-09,2026-06-09T16:04:40Z
VSTM,Health Care,326011200.0,AVOID,AVOID,cash_burn,AVOID_unconfirmed,done,0,0,0,0,6.99,,no API distress/short signal (coverage may be thin),v1-2026-06-09,2026-06-09T16:04:40Z
TSBK,Financials,325564576.0,CLEAR,CLEAR,,AGREE,done,0,0,0,0,1.76,,,v1-2026-06-09,2026-06-09T16:04:40Z
ATII,Unknown,325489984.0,SKIP_no_data,,,SKIP,skip,,,,,,,no cached fundamentals/context,v1-2026-06-09,2026-06-09T16:04:40Z
PERI,Unknown,325466752.0,CLEAR,CLEAR,,AGREE,done,0,0,0,0,1.81,,,v1-2026-06-09,2026-06-09T16:04:40Z
PDYN,Information Technology,324567808.0,WATCH,WATCH,,AGREE,done,0,0,0,0,4.32,,,v1-2026-06-09,2026-06-09T16:04:40Z
ASYS,Industrials,323280992.0,CLEAR,CLEAR,,AGREE,done,0,0,0,0,1.0,,,v1-2026-06-09,2026-06-09T16:04:40Z
DRDB,Financials,323226688.0,SKIP_lt2y,,,SKIP,skip,,,,,,,<2y data,v1-2026-06-09,2026-06-09T16:04:40Z
STRT,Industrials,323062944.0,CLEAR,CLEAR,,AGREE,done,0,0,0,0,2.06,,,v1-2026-06-09,2026-06-09T16:04:40Z
MSB,Financials,322621056.0,CLEAR,CLEAR,,AGREE,done,0,0,0,0,2.0,,,v1-2026-06-09,2026-06-09T16:04:40Z
ZURA,Health Care,322594432.0,SKIP_lt2y,,,SKIP,skip,,,,,,,<2y data,v1-2026-06-09,2026-06-09T16:04:40Z
SLP,Information Technology,320863072.0,CLEAR,CLEAR,,AGREE,done,0,0,0,0,2.98,,,v1-2026-06-09,2026-06-09T16:04:40Z
REI,Energy,319855584.0,WATCH,WATCH,,AGREE,done,0,0,0,1,1.0,, | RAISE:Ring Energy Announces Pricing of Public Offering of Common Stock,v1-2026-06-09,2026-06-09T16:04:40Z
ATOM,Information Technology,319794176.0,AVOID,AVOID,cash_burn,AVOID_unconfirmed,done,0,0,0,0,1.62,,no API distress/short signal (coverage may be thin),v1-2026-06-09,2026-06-09T16:04:40Z
TCI,Financials,319741120.0,WATCH,WATCH,,AGREE,done,0,0,0,0,5.41,,,v1-2026-06-09,2026-06-09T16:04:40Z
ALDF,Financials,318693856.0,SKIP_lt2y,,,SKIP,skip,,,,,,,<2y data,v1-2026-06-09,2026-06-09T16:04:40Z
GETY,Industrials,317571104.0,DISTRESSED-RECOVERABLE,DISTRESSED-RECOVERABLE,,AGREE,done,0,0,0,0,9.76,,,v1-2026-06-09,2026-06-09T16:04:40Z
VGZ,Materials,316757824.0,SKIP_lt2y,,,SKIP,skip,,,,,,,<2y data,v1-2026-06-09,2026-06-09T16:04:40Z
BGS,Consumer Staples,316551296.0,DISTRESSED-RECOVERABLE,DISTRESSED-RECOVERABLE,,AGREE,done,0,0,0,0,5.97,,,v1-2026-06-09,2026-06-09T16:04:40Z
RNGT,Financials,316399360.0,SKIP_lt2y,,,SKIP,skip,,,,,,,<2y data,v1-2026-06-09,2026-06-09T16:04:40Z
PLTS,Unknown,316034432.0,SKIP_lt2y,,,SKIP,skip,,,,,,,<2y data,v1-2026-06-09,2026-06-09T16:04:40Z
COSO,Financials,315994816.0,SKIP_lt2y,,,SKIP,skip,,,,,,,<2y data,v1-2026-06-09,2026-06-09T16:04:40Z
RILY,Financials,314496128.0,WATCH,WATCH,,NEWS_NOTE,done,1,0,0,0,3.93,single news mention (kept screen bucket; investigate),single news mention of distress/fraud (investigate; not a screen error) | BK:Why B. Riley Financial's Stock Is Soaring Today,v1-2026-06-09,2026-06-09T16:04:40Z
MKLY,Financials,314434304.0,SKIP_lt2y,,,SKIP,skip,,,,,,,<2y data,v1-2026-06-09,2026-06-09T16:04:40Z
RGNX,Health Care,314321536.0,AVOID,AVOID,cash_burn,AVOID_unconfirmed,done,0,0,0,0,3.19,,no API distress/short signal (coverage may be thin),v1-2026-06-09,2026-06-09T16:04:40Z
CZFS,Financials,314098688.0,CLEAR,CLEAR,,AGREE,done,0,0,0,0,7.93,,,v1-2026-06-09,2026-06-09T16:04:40Z
HRZN,Unknown,314001120.0,SKIP_lt2y,,,SKIP,skip,,,,,,,<2y data,v1-2026-06-09,2026-06-09T16:04:40Z
AEAQ,Financials,313116672.0,SKIP_lt2y,,,SKIP,skip,,,,,,,<2y data,v1-2026-06-09,2026-06-09T16:04:40Z
TRX,Unknown,312655552.0,CLEAR,CLEAR,,AGREE,done,0,0,0,1,1.0,, | RAISE:TRX Gold Announces US ATM Offering,v1-2026-06-09,2026-06-09T16:04:40Z
MBI,Financials,312225664.0,AVOID,AVOID,insolvency,AVOID_unconfirmed,done,0,0,0,0,4.02,,no API distress/short signal (coverage may be thin),v1-2026-06-09,2026-06-09T16:04:40Z
SSP,Communication Services,312154208.0,DISTRESSED-RECOVERABLE,DISTRESSED-RECOVERABLE,,AGREE,done,0,0,0,0,3.47,,,v1-2026-06-09,2026-06-09T16:04:40Z
ELMD,Health Care,312075616.0,CLEAR,CLEAR,,AGREE,done,0,0,0,0,1.78,,,v1-2026-06-09,2026-06-09T16:04:40Z
ORGO,Health Care,311392416.0,WATCH,WATCH,,AGREE,done,0,0,0,0,8.47,,,v1-2026-06-09,2026-06-09T16:04:40Z
ABEO,Health Care,311193504.0,WATCH,WATCH,,AGREE,done,0,0,1,1,10.22,, | RAISE:Abeona Therapeutics Announces Pricing of $75 Million Underwritten Offering of Common Stock and Pre-Funded Warrants,v1-2026-06-09,2026-06-09T16:04:40Z
ONIT,Financials,310555616.0,WATCH,WATCH,,AGREE,done,0,0,0,0,2.4,,,v1-2026-06-09,2026-06-09T16:04:40Z
AACO,Unknown,310166912.0,SKIP_no_data,,,SKIP,skip,,,,,,,no cached fundamentals/context,v1-2026-06-09,2026-06-09T16:04:40Z
ISSC,Information Technology,309544512.0,CLEAR,CLEAR,,AGREE,done,0,0,0,0,1.0,,,v1-2026-06-09,2026-06-09T16:04:40Z
HLLY,Industrials,309350496.0,CLEAR,CLEAR,,AGREE,done,0,0,0,1,2.47,, | RAISE:Holley Performance Brands Announces Pricing of a Secondary Offering by Selling Stockholder,v1-2026-06-09,2026-06-09T16:04:40Z
LTBR,Materials,309230848.0,SKIP_lt2y,,,SKIP,skip,,,,,,,<2y data,v1-2026-06-09,2026-06-09T16:04:40Z
TCPC,Unknown,308762208.0,DISTRESSED-RECOVERABLE,DISTRESSED-RECOVERABLE,,AGREE,done,0,0,0,0,9.38,,,v1-2026-06-09,2026-06-09T16:04:40Z
SBC,Health Care,308756608.0,CLEAR,CLEAR,,AGREE,done,0,0,0,0,2.11,,,v1-2026-06-09,2026-06-09T16:04:40Z
SIGA,Health Care,308413632.0,CLEAR,CLEAR,,AGREE,done,0,0,0,0,6.11,,,v1-2026-06-09,2026-06-09T16:04:40Z
LPBB,Financials,307337472.0,SKIP_lt2y,,,SKIP,skip,,,,,,,<2y data,v1-2026-06-09,2026-06-09T16:04:40Z
RAC,Financials,307334496.0,SKIP_lt2y,,,SKIP,skip,,,,,,,<2y data,v1-2026-06-09,2026-06-09T16:04:40Z
VHCP,Financials,306973344.0,SKIP_lt2y,,,SKIP,skip,,,,,,,<2y data,v1-2026-06-09,2026-06-09T16:04:40Z
TLS,Information Technology,306758624.0,CLEAR,CLEAR,,AGREE,done,0,0,0,0,1.86,,,v1-2026-06-09,2026-06-09T16:04:40Z
SEG,Communication Services,306477728.0,WATCH,WATCH,,AGREE,done,0,0,1,0,13.86,,,v1-2026-06-09,2026-06-09T16:04:40Z
RPAY,Industrials,305661312.0,DISTRESSED-RECOVERABLE,DISTRESSED-RECOVERABLE,,AGREE,done,0,0,0,0,5.77,,,v1-2026-06-09,2026-06-09T16:04:40Z
VALU,Financials,304991392.0,CLEAR,CLEAR,,AGREE,done,0,0,0,0,7.59,,,v1-2026-06-09,2026-06-09T16:04:40Z
NODK,Financials,304558944.0,WATCH,WATCH,,AGREE,done,0,0,0,0,2.56,,,v1-2026-06-09,2026-06-09T16:04:40Z
OFLX,Materials,304343808.0,CLEAR,CLEAR,,AGREE,done,0,0,0,0,1.0,,,v1-2026-06-09,2026-06-09T16:04:40Z
DMAC,Health Care,303902048.0,SKIP_lt2y,,,SKIP,skip,,,,,,,<2y data,v1-2026-06-09,2026-06-09T16:04:40Z
ALCO,Materials,303846912.0,DISTRESSED-RECOVERABLE,DISTRESSED-RECOVERABLE,,AGREE,done,0,0,0,0,6.97,,,v1-2026-06-09,2026-06-09T16:04:40Z
ISBA,Financials,303820128.0,SKIP_lt2y,,,SKIP,skip,,,,,,,<2y data,v1-2026-06-09,2026-06-09T16:04:40Z
NAUT,Health Care,303718464.0,SKIP_lt2y,,,SKIP,skip,,,,,,,<2y data,v1-2026-06-09,2026-06-09T16:04:40Z
PRLD,Health Care,303448608.0,AVOID,WATCH,cash_burn,OVERFLAG_recent_raise,done,0,0,0,1,3.54,downgraded from AVOID — recent capital raise extends runway / no event found,recent capital raise extends runway | RAISE:Prelude Therapeutics Announces $25 Million Private Placement,v1-2026-06-09,2026-06-09T16:04:40Z
IVVD,Health Care,303445664.0,WATCH,WATCH,,AGREE,done,0,0,0,1,9.48,, | RAISE:Invivyd Announces Pricing of $125 Million Public Offering of Common Stock and Pre-Funded Warrants,v1-2026-06-09,2026-06-09T16:04:40Z
TRVG,Unknown,303307584.0,CLEAR,CLEAR,,AGREE,done,0,0,0,0,1.0,,,v1-2026-06-09,2026-06-09T16:04:40Z
FSBW,Financials,303180608.0,CLEAR,CLEAR,,AGREE,done,0,0,1,0,14.64,,,v1-2026-06-09,2026-06-09T16:04:40Z
VUZI,Information Technology,303111840.0,AVOID,AVOID,cash_burn,AVOID_unconfirmed,done,0,0,0,0,9.32,,no API distress/short signal (coverage may be thin),v1-2026-06-09,2026-06-09T16:04:40Z
PALI,Health Care,302376608.0,SKIP_lt2y,,,SKIP,skip,,,,,,,<2y data,v1-2026-06-09,2026-06-09T16:04:40Z
JMSB,Financials,302283808.0,CLEAR,CLEAR,,AGREE,done,0,0,0,0,2.97,,,v1-2026-06-09,2026-06-09T16:04:40Z
FENC,Health Care,302212160.0,WATCH,WATCH,,AGREE,done,0,0,0,1,1.61,, | RAISE:Fennec Pharmaceuticals Announces Pricing of Offering of Common Shares,v1-2026-06-09,2026-06-09T16:04:40Z
EFTY,Industrials,302052224.0,SKIP_lt2y,,,SKIP,skip,,,,,,,<2y data,v1-2026-06-09,2026-06-09T16:04:40Z
NMRA,Health Care,302013312.0,SKIP_lt2y,,,SKIP,skip,,,,,,,<2y data,v1-2026-06-09,2026-06-09T16:04:40Z
ASLE,Industrials,301000512.0,WATCH,WATCH,,AGREE,done,0,0,0,0,3.45,,,v1-2026-06-09,2026-06-09T16:04:40Z
BGIN,Financials,300941632.0,SKIP_lt2y,,,SKIP,skip,,,,,,,<2y data,v1-2026-06-09,2026-06-09T16:04:40Z
CARL,Health Care,300937184.0,SKIP_lt2y,,,SKIP,skip,,,,,,,<2y data,v1-2026-06-09,2026-06-09T16:04:40Z
BIXI,Unknown,300732288.0,SKIP_no_data,,,SKIP,skip,,,,,,,no cached fundamentals/context,v1-2026-06-09,2026-06-09T16:04:40Z
ENHA,Communication Services,300686912.0,SKIP_lt2y,,,SKIP,skip,,,,,,,<2y data,v1-2026-06-09,2026-06-09T16:04:40Z
RCKT,Health Care,300282272.0,SKIP_lt2y,,,SKIP,skip,,,,,,,<2y data,v1-2026-06-09,2026-06-09T16:04:40Z
MASS,Health Care,299862016.0,WATCH,WATCH,,AGREE,done,0,0,1,0,10.57,,,v1-2026-06-09,2026-06-09T16:04:40Z
AIFU,Unknown,299840704.0,SKIP_no_data,,,SKIP,skip,,,,,,,no cached fundamentals/context,v1-2026-06-09,2026-06-09T16:04:40Z
HUMA,Health Care,299725792.0,AVOID,AVOID,cash_burn,AVOID_unconfirmed,done,0,0,0,0,5.19,,no API distress/short signal (coverage may be thin),v1-2026-06-09,2026-06-09T16:04:40Z
BKTI,Information Technology,299535840.0,CLEAR,CLEAR,,AGREE,done,0,0,0,0,2.27,,,v1-2026-06-09,2026-06-09T16:04:40Z
CIX,Materials,298710912.0,CLEAR,CLEAR,,AGREE,done,0,0,1,0,10.43,,,v1-2026-06-09,2026-06-09T16:04:40Z
WNC,Industrials,298546944.0,CLEAR,CLEAR,,AGREE,done,0,0,0,0,3.18,,,v1-2026-06-09,2026-06-09T16:04:40Z
HVMC,Financials,298511488.0,SKIP_lt2y,,,SKIP,skip,,,,,,,<2y data,v1-2026-06-09,2026-06-09T16:04:40Z
BRBS,Financials,298506880.0,CLEAR,CLEAR,,AGREE,done,0,0,0,0,6.08,,,v1-2026-06-09,2026-06-09T16:04:40Z
LODE,Materials,298338432.0,AVOID,WATCH,cash_burn,OVERFLAG_recent_raise,done,0,0,0,1,2.15,downgraded from AVOID — recent capital raise extends runway / no event found,recent capital raise extends runway | RAISE:Comstock Inc. Prices $50 Million Upsized and Oversubscribed Public Offering of Common Stock,v1-2026-06-09,2026-06-09T16:04:40Z
PNRG,Energy,297064800.0,CLEAR,CLEAR,,AGREE,done,0,0,0,0,1.18,,,v1-2026-06-09,2026-06-09T16:04:40Z
UIS,Information Technology,296724032.0,WATCH,WATCH,,NEWS_NOTE,done,0,1,0,0,5.19,single news mention (kept screen bucket; investigate),"single news mention of distress/fraud (investigate; not a screen error) | FR:SEC Charges Four Companies Over SolarWinds Hacks, Issues Millions In Penalties",v1-2026-06-09,2026-06-09T16:04:40Z
LCTX,Health Care,296664992.0,WATCH,WATCH,,AGREE,done,0,0,1,0,16.76,,,v1-2026-06-09,2026-06-09T16:04:40Z
XNET,Unknown,296626624.0,WATCH,WATCH,,NEWS_NOTE,done,0,1,0,0,6.88,single news mention (kept screen bucket; investigate),single news mention of distress/fraud (investigate; not a screen error) | FR:Xunlei Announces Change of Depositary,v1-2026-06-09,2026-06-09T16:04:40Z
SI,Health Care,296141856.0,SKIP_lt2y,,,SKIP,skip,,,,,,,<2y data,v1-2026-06-09,2026-06-09T16:04:40Z
IRHO,Financials,294959200.0,SKIP_no_data,,,SKIP,skip,,,,,,,no cached fundamentals/context,v1-2026-06-09,2026-06-09T16:04:40Z
FCCO,Financials,294720032.0,CLEAR,CLEAR,,AGREE,done,0,0,0,0,1.0,,,v1-2026-06-09,2026-06-09T16:04:40Z
NL,Materials,294370400.0,WATCH,WATCH,,AGREE,done,0,0,0,0,1.32,,,v1-2026-06-09,2026-06-09T16:04:40Z
ELLO,Utilities,293582784.0,DISTRESSED-RECOVERABLE,DISTRESSED-RECOVERABLE,,AGREE,done,0,0,0,1,1.0,, | RAISE:Ellomay Capital Ltd. Announces a Proposed Private Placement of Ordinary Shares to Israeli Institutional and Classified Investors f,v1-2026-06-09,2026-06-09T16:04:40Z
GPAC,Financials,293511776.0,SKIP_lt2y,,,SKIP,skip,,,,,,,<2y data,v1-2026-06-09,2026-06-09T16:04:40Z
ZUMZ,Consumer Discretionary,293407840.0,CLEAR,CLEAR,,AGREE,done,0,0,1,0,13.39,,,v1-2026-06-09,2026-06-09T16:04:40Z
SVAQ,Financials,293209536.0,SKIP_lt2y,,,SKIP,skip,,,,,,,<2y data,v1-2026-06-09,2026-06-09T16:04:40Z
BCYC,Health Care,293207136.0,WATCH,WATCH,,AGREE,done,0,0,0,0,7.57,,,v1-2026-06-09,2026-06-09T16:04:40Z
LTRX,Information Technology,292632384.0,CLEAR,CLEAR,,AGREE,done,0,0,0,0,1.0,,,v1-2026-06-09,2026-06-09T16:04:40Z
BACC,Financials,292484224.0,SKIP_lt2y,,,SKIP,skip,,,,,,,<2y data,v1-2026-06-09,2026-06-09T16:04:40Z
AMRN,Health Care,292099680.0,DISTRESSED-RECOVERABLE,DISTRESSED-RECOVERABLE,,AGREE,done,0,0,0,0,8.75,,,v1-2026-06-09,2026-06-09T16:04:40Z
FVCB,Financials,292087936.0,CLEAR,CLEAR,,AGREE,done,0,0,0,0,1.0,,,v1-2026-06-09,2026-06-09T16:04:40Z
SHMD,Unknown,291894368.0,AVOID,AVOID,insolvency,AVOID_unconfirmed,done,0,0,0,0,1.64,,no API distress/short signal (coverage may be thin),v1-2026-06-09,2026-06-09T16:04:40Z
DSX,Industrials,291101792.0,CLEAR,CLEAR,,AGREE,done,0,0,0,1,3.89,, | RAISE:Diana Shipping Inc. Announces Pricing of US$150 Million Senior Unsecured Bond Offering,v1-2026-06-09,2026-06-09T16:04:40Z
AACB,Unknown,290310752.0,SKIP_no_data,,,SKIP,skip,,,,,,,no cached fundamentals/context,v1-2026-06-09,2026-06-09T16:04:40Z
GSIT,Information Technology,289851488.0,AVOID,AVOID,cash_burn,AVOID_unconfirmed,done,0,0,0,0,1.0,,no API distress/short signal (coverage may be thin),v1-2026-06-09,2026-06-09T16:04:40Z
KWY,Financials,289692512.0,WATCH,WATCH,,AGREE,done,0,0,0,0,,,,v1-2026-06-09,2026-06-09T16:04:40Z
PTLO,Consumer Discretionary,288800032.0,DISTRESSED-RECOVERABLE,DISTRESSED-RECOVERABLE,,AGREE,done,0,0,0,1,3.44,, | RAISE:Portillo’s Inc. Announces Pricing of Offering of Class A Common Stock in “Synthetic Secondary” Transaction,v1-2026-06-09,2026-06-09T16:04:40Z
PAMT,Industrials,288388384.0,WATCH,WATCH,,AGREE,done,0,0,1,0,11.01,,,v1-2026-06-09,2026-06-09T16:04:40Z
OVLY,Financials,287824384.0,CLEAR,CLEAR,,AGREE,done,0,0,0,0,2.1,,,v1-2026-06-09,2026-06-09T16:04:40Z
UCFI,Consumer Staples,287814784.0,SKIP_lt2y,,,SKIP,skip,,,,,,,<2y data,v1-2026-06-09,2026-06-09T16:04:40Z
ADAC,Financials,287500000.0,SKIP_lt2y,,,SKIP,skip,,,,,,,<2y data,v1-2026-06-09,2026-06-09T16:04:40Z
TWIN,Industrials,287158496.0,DISTRESSED-RECOVERABLE,DISTRESSED-RECOVERABLE,,AGREE,done,0,0,0,0,1.0,,,v1-2026-06-09,2026-06-09T16:04:40Z
AZ,Industrials,285896512.0,AVOID,AVOID,cash_burn,AVOID_unconfirmed,done,0,0,0,0,5.23,,no API distress/short signal (coverage may be thin),v1-2026-06-09,2026-06-09T16:04:40Z
FNKO,Consumer Discretionary,284781888.0,WATCH,WATCH,,AGREE,done,0,0,0,0,4.1,,,v1-2026-06-09,2026-06-09T16:04:40Z
TENX,Health Care,284614944.0,SKIP_lt2y,,,SKIP,skip,,,,,,,<2y data,v1-2026-06-09,2026-06-09T16:04:40Z
AENT,Industrials,283928704.0,CLEAR,CLEAR,,AGREE,done,0,0,1,1,10.86,, | RAISE:Alliance Entertainment Announces Closing of Public Offering,v1-2026-06-09,2026-06-09T16:04:40Z
MYFW,Financials,283891296.0,WATCH,WATCH,,AGREE,done,0,0,0,0,4.23,,,v1-2026-06-09,2026-06-09T16:04:40Z
RC,Financials,283071808.0,DISTRESSED-RECOVERABLE,DISTRESSED-RECOVERABLE,,AGREE,done,0,0,1,0,11.61,,,v1-2026-06-09,2026-06-09T16:04:40Z
RCKY,Materials,282424064.0,CLEAR,CLEAR,,AGREE,done,0,0,0,0,2.83,,,v1-2026-06-09,2026-06-09T16:04:40Z
RDNW,Information Technology,281686400.0,AVOID,AVOID,insolvency,CORROBORATED,done,0,0,1,0,13.65,API event/short-interest confirms the fundamentals AVOID,API distress/short-interest confirms,v1-2026-06-09,2026-06-09T16:04:40Z
FUBO,Communication Services,280815584.0,WATCH,WATCH,,AGREE,done,0,0,0,0,4.2,,,v1-2026-06-09,2026-06-09T16:04:40Z
TTGT,Communication Services,279798816.0,CLEAR,CLEAR,,AGREE,done,0,0,0,0,3.8,,,v1-2026-06-09,2026-06-09T16:04:40Z
LYEL,Health Care,279309024.0,AVOID,AVOID,cash_burn,CORROBORATED,done,0,0,1,1,23.25,API event/short-interest confirms the fundamentals AVOID,API distress/short-interest confirms | RAISE:Lyell Immunopharma Announces Closing of Additional $50 Million Tranche of Equity Private Placement and Appointment of Smital Shah ,v1-2026-06-09,2026-06-09T16:04:40Z
ESOA,Industrials,278402432.0,CLEAR,CLEAR,,AGREE,done,0,0,0,0,2.39,,,v1-2026-06-09,2026-06-09T16:04:40Z
FLWS,Consumer Discretionary,278187424.0,AVOID,AVOID,cash_burn,AVOID_unconfirmed,done,0,0,0,0,7.52,,no API distress/short signal (coverage may be thin),v1-2026-06-09,2026-06-09T16:04:40Z
OSUR,Health Care,278148160.0,WATCH,WATCH,,AGREE,done,0,0,0,0,3.76,,,v1-2026-06-09,2026-06-09T16:04:40Z
ACRE,Financials,276850752.0,DISTRESSED-RECOVERABLE,DISTRESSED-RECOVERABLE,,AGREE,done,0,0,0,0,4.28,,,v1-2026-06-09,2026-06-09T16:04:40Z
STI,Information Technology,276675840.0,AVOID,AVOID,insolvency,AVOID_unconfirmed,done,0,0,0,1,1.0,,no API distress/short signal (coverage may be thin) | RAISE:Solidion Technology Announces $35 Million Private Placement of Common Stock Priced Above Market Under Nasdaq Rules,v1-2026-06-09,2026-06-09T16:04:40Z
IMRX,Health Care,276257888.0,SKIP_lt2y,,,SKIP,skip,,,,,,,<2y data,v1-2026-06-09,2026-06-09T16:04:40Z
FDBC,Financials,276036320.0,CLEAR,CLEAR,,AGREE,done,0,0,0,0,2.87,,,v1-2026-06-09,2026-06-09T16:04:40Z
FWDI,Financials,275568096.0,WATCH,WATCH,,AGREE,done,0,0,0,0,1.79,,,v1-2026-06-09,2026-06-09T16:04:40Z
BRT,Financials,275558784.0,DISTRESSED-RECOVERABLE,DISTRESSED-RECOVERABLE,,AGREE,done,0,0,0,0,6.33,,,v1-2026-06-09,2026-06-09T16:04:40Z
ARMP,Health Care,275331072.0,AVOID,AVOID,insolvency,AVOID_unconfirmed,done,0,0,0,0,2.91,,no API distress/short signal (coverage may be thin),v1-2026-06-09,2026-06-09T16:04:40Z
HCKT,Industrials,275314560.0,CLEAR,CLEAR,,AGREE,done,0,0,0,0,2.53,,,v1-2026-06-09,2026-06-09T16:04:40Z
EVTL,Industrials,275028480.0,SKIP_lt2y,,,SKIP,skip,,,,,,,<2y data,v1-2026-06-09,2026-06-09T16:04:40Z
FUFU,Unknown,274978432.0,AVOID,AVOID,cash_burn,AVOID_unconfirmed,done,0,0,0,0,1.0,,no API fraud/short signal (coverage may be thin),v1-2026-06-09,2026-06-09T16:04:40Z
NAGE,Materials,274772928.0,CLEAR,CLEAR,,AGREE,done,0,0,0,0,3.95,,,v1-2026-06-09,2026-06-09T16:04:40Z
TROO,Financials,273638784.0,CLEAR,CLEAR,,AGREE,done,0,0,0,0,6.05,,,v1-2026-06-09,2026-06-09T16:04:40Z
BUUU,Unknown,273631040.0,SKIP_no_data,,,SKIP,skip,,,,,,,no cached fundamentals/context,v1-2026-06-09,2026-06-09T16:04:40Z
ZH,Unknown,271659456.0,WATCH,WATCH,,AGREE,done,0,0,0,0,7.39,,,v1-2026-06-09,2026-06-09T16:04:40Z
MUZE,Financials,271562848.0,SKIP_no_data,,,SKIP,skip,,,,,,,no cached fundamentals/context,v1-2026-06-09,2026-06-09T16:04:40Z
HVII,Utilities,271423360.0,SKIP_lt2y,,,SKIP,skip,,,,,,,<2y data,v1-2026-06-09,2026-06-09T16:04:40Z
IFRX,Unknown,271018880.0,AVOID,AVOID,cash_burn,CORROBORATED,done,1,0,0,1,1.3,API event/short-interest confirms the fundamentals AVOID,API distress/short-interest confirms | BK:InflaRx Announces Receipt of Nasdaq Deficiency Notice Regarding Minimum Bid Price Requirement,v1-2026-06-09,2026-06-09T16:04:40Z
HLXC,Financials,270054400.0,SKIP_no_data,,,SKIP,skip,,,,,,,no cached fundamentals/context,v1-2026-06-09,2026-06-09T16:04:40Z
FC,Industrials,269749600.0,CLEAR,CLEAR,,AGREE,done,0,0,1,0,12.45,,,v1-2026-06-09,2026-06-09T16:04:40Z
GTE,Energy,269442336.0,DISTRESSED-RECOVERABLE,DISTRESSED-RECOVERABLE,,AGREE,done,0,0,0,1,4.55,, | RAISE:Gran Tierra Energy Inc. Announces Pricing of an Additional $150 Million Aggregate Principal Amount of its 9.500% Senior Secured Am,v1-2026-06-09,2026-06-09T16:04:40Z
TG,Materials,269065696.0,CLEAR,CLEAR,,AGREE,done,0,0,0,0,1.0,,,v1-2026-06-09,2026-06-09T16:04:40Z
WNEB,Financials,268470240.0,CLEAR,CLEAR,,AGREE,done,0,0,0,0,6.55,,,v1-2026-06-09,2026-06-09T16:04:40Z
EU,Materials,268041552.0,WATCH,WATCH,,AGREE,done,0,0,0,0,7.1,,,v1-2026-06-09,2026-06-09T16:04:40Z
CAN,Financials,266965120.0,WATCH,WATCH,,AGREE,done,0,0,0,0,7.04,,,v1-2026-06-09,2026-06-09T16:04:40Z
EGHT,Information Technology,266848672.0,CLEAR,CLEAR,,AGREE,done,0,0,0,0,1.11,,,v1-2026-06-09,2026-06-09T16:04:40Z
ATLO,Financials,264033728.0,CLEAR,CLEAR,,AGREE,done,0,0,0,0,2.66,,,v1-2026-06-09,2026-06-09T16:04:40Z
FRAF,Financials,263853296.0,CLEAR,CLEAR,,AGREE,done,0,0,0,0,2.04,,,v1-2026-06-09,2026-06-09T16:04:40Z
AFRI,Consumer Staples,263706112.0,DISTRESSED-RECOVERABLE,DISTRESSED-RECOVERABLE,,AGREE,done,0,0,1,0,10.98,,,v1-2026-06-09,2026-06-09T16:04:40Z
HBB,Information Technology,263464464.0,CLEAR,CLEAR,,AGREE,done,0,0,0,0,8.64,,,v1-2026-06-09,2026-06-09T16:04:40Z
ELDN,Health Care,263210480.0,SKIP_lt2y,,,SKIP,skip,,,,,,,<2y data,v1-2026-06-09,2026-06-09T16:04:40Z
FXNC,Financials,262730496.0,CLEAR,CLEAR,,AGREE,done,0,0,0,0,1.11,,,v1-2026-06-09,2026-06-09T16:04:40Z
XPOF,Communication Services,262222432.0,AVOID,AVOID,insolvency,AVOID_unconfirmed,done,0,0,0,0,9.27,,no API distress/short signal (coverage may be thin),v1-2026-06-09,2026-06-09T16:04:40Z
CIA,Financials,261867456.0,CLEAR,CLEAR,,AGREE,done,0,0,1,0,43.26,,,v1-2026-06-09,2026-06-09T16:04:40Z
SITC,Financials,261849600.0,WATCH,WATCH,,AGREE,done,0,0,0,0,7.03,,,v1-2026-06-09,2026-06-09T16:04:40Z
RWAY,Unknown,261581584.0,CLEAR,CLEAR,,AGREE,done,0,0,0,1,5.22,, | RAISE:Runway Growth Finance Corp. Announces Pricing of Secondary Offering of Common Stock by Selling Stockholder,v1-2026-06-09,2026-06-09T16:04:40Z
UP,Industrials,261074016.0,AVOID,AVOID,insolvency,AVOID_unconfirmed,done,0,0,0,0,3.39,,no API distress/short signal (coverage may be thin),v1-2026-06-09,2026-06-09T16:04:40Z
NUS,Industrials,260716416.0,CLEAR,CLEAR,,AGREE,done,0,0,0,0,4.52,,,v1-2026-06-09,2026-06-09T16:04:40Z
AIRO,Industrials,260684384.0,SKIP_lt2y,,,SKIP,skip,,,,,,,<2y data,v1-2026-06-09,2026-06-09T16:04:40Z
ZNTL,Health Care,260542048.0,SKIP_lt2y,,,SKIP,skip,,,,,,,<2y data,v1-2026-06-09,2026-06-09T16:04:40Z
CRNT,Information Technology,259955968.0,CLEAR,CLEAR,,AGREE,done,0,0,0,0,1.0,,,v1-2026-06-09,2026-06-09T16:04:40Z
ZIP,Information Technology,259241728.0,AVOID,AVOID,insolvency,AVOID_unconfirmed,done,0,0,0,0,4.31,,no API distress/short signal (coverage may be thin),v1-2026-06-09,2026-06-09T16:04:40Z
VATE,Materials,258922608.0,AVOID,AVOID,insolvency,AVOID_unconfirmed,done,0,0,0,0,4.65,,no API distress/short signal (coverage may be thin),v1-2026-06-09,2026-06-09T16:04:40Z
SABS,Health Care,258448656.0,SKIP_lt2y,,,SKIP,skip,,,,,,,<2y data,v1-2026-06-09,2026-06-09T16:04:40Z
PLMK,Financials,258429056.0,SKIP_lt2y,,,SKIP,skip,,,,,,,<2y data,v1-2026-06-09,2026-06-09T16:04:40Z
TWFG,Financials,258252624.0,CLEAR,CLEAR,,AGREE,done,0,0,0,0,1.8,,,v1-2026-06-09,2026-06-09T16:04:40Z
DMAA,Financials,257578032.0,SKIP_lt2y,,,SKIP,skip,,,,,,,<2y data,v1-2026-06-09,2026-06-09T16:04:40Z
FUNC,Financials,256063600.0,CLEAR,CLEAR,,AGREE,done,0,0,0,0,3.32,,,v1-2026-06-09,2026-06-09T16:04:40Z
OTLY,Unknown,255732736.0,WATCH,WATCH,,AGREE,done,0,0,0,0,8.29,,,v1-2026-06-09,2026-06-09T16:04:40Z
RAAQ,Financials,255530000.0,SKIP_lt2y,,,SKIP,skip,,,,,,,<2y data,v1-2026-06-09,2026-06-09T16:04:40Z
SLGL,Unknown,254915936.0,CLEAR,CLEAR,,AGREE,done,0,0,0,1,1.55,, | RAISE:Sol-Gel Technologies Ltd. Announces Pricing of Oversubscribed Underwritten Offering,v1-2026-06-09,2026-06-09T16:04:40Z
ASUR,Information Technology,254119248.0,DISTRESSED-RECOVERABLE,DISTRESSED-RECOVERABLE,,AGREE,done,0,0,1,0,14.16,,,v1-2026-06-09,2026-06-09T16:04:40Z
ELTX,Health Care,253081424.0,SKIP_lt2y,,,SKIP,skip,,,,,,,<2y data,v1-2026-06-09,2026-06-09T16:04:40Z
NVCT,Health Care,253053568.0,SKIP_lt2y,,,SKIP,skip,,,,,,,<2y data,v1-2026-06-09,2026-06-09T16:04:40Z
PPIH,Industrials,253039952.0,CLEAR,CLEAR,,AGREE,done,0,0,0,0,1.42,,,v1-2026-06-09,2026-06-09T16:04:40Z
SCM,Unknown,252709520.0,WATCH,WATCH,,AGREE,done,0,0,0,0,5.16,,,v1-2026-06-09,2026-06-09T16:04:40Z
PCYO,Utilities,252608944.0,CLEAR,CLEAR,,AGREE,done,0,0,0,0,8.12,,,v1-2026-06-09,2026-06-09T16:04:40Z
MX,Information Technology,252535120.0,WATCH,WATCH,,AGREE,done,0,0,0,0,1.0,,,v1-2026-06-09,2026-06-09T16:04:40Z
PNNT,Unknown,252042928.0,SKIP_lt2y,,,SKIP,skip,,,,,,,<2y data,v1-2026-06-09,2026-06-09T16:04:40Z
HWBK,Financials,251104656.0,CLEAR,CLEAR,,AGREE,done,0,0,0,0,4.21,,,v1-2026-06-09,2026-06-09T16:04:40Z
SNFCA,Financials,251005232.0,CLEAR,CLEAR,,AGREE,done,0,0,0,0,7.67,,,v1-2026-06-09,2026-06-09T16:04:40Z
AKBA,Health Care,250901936.0,CLEAR,CLEAR,,AGREE,done,0,0,0,1,5.69,, | RAISE:Akebia Therapeutics Announces Pricing of Public Offering of Common Stock,v1-2026-06-09,2026-06-09T16:04:40Z
SRZN,Health Care,249855184.0,WATCH,WATCH,,AGREE,done,0,0,0,1,6.42,, | RAISE:Surrozen Announces up to $192.5 Million Private Placement of Securities Priced At-the-Market Under Nasdaq Rules,v1-2026-06-09,2026-06-09T16:04:40Z
TYGO,Information Technology,249746496.0,CLEAR,CLEAR,,AGREE,done,0,0,0,0,1.0,,,v1-2026-06-09,2026-06-09T16:04:40Z
YSG,Unknown,249522560.0,WATCH,WATCH,,AGREE,done,0,0,0,0,1.19,,,v1-2026-06-09,2026-06-09T16:04:40Z
LPRO,Financials,249438032.0,WATCH,WATCH,,AGREE,done,0,0,0,0,2.33,,,v1-2026-06-09,2026-06-09T16:04:40Z
CABO,Communication Services,248584416.0,DISTRESSED-RECOVERABLE,DISTRESSED-RECOVERABLE,,AGREE,done,0,0,0,0,3.47,,,v1-2026-06-09,2026-06-09T16:04:40Z
MGNX,Health Care,248531824.0,WATCH,WATCH,,AGREE,done,0,0,0,0,2.49,,,v1-2026-06-09,2026-06-09T16:04:40Z
CAQ,Unknown,248406160.0,SKIP_no_data,,,SKIP,skip,,,,,,,no cached fundamentals/context,v1-2026-06-09,2026-06-09T16:04:40Z
TBCH,Information Technology,248291232.0,CLEAR,CLEAR,,AGREE,done,0,0,0,0,9.28,,,v1-2026-06-09,2026-06-09T16:04:40Z
CLW,Materials,248167648.0,DISTRESSED-RECOVERABLE,DISTRESSED-RECOVERABLE,,AGREE,done,0,0,0,0,4.71,,,v1-2026-06-09,2026-06-09T16:04:40Z
JAKK,Consumer Discretionary,247885936.0,CLEAR,CLEAR,,AGREE,done,0,0,0,0,5.9,,,v1-2026-06-09,2026-06-09T16:04:40Z
TRDA,Health Care,247287312.0,WATCH,WATCH,,AGREE,done,0,0,0,1,1.55,, | RAISE:Entrada Therapeutics Announces $100 Million Registered Direct Offering,v1-2026-06-09,2026-06-09T16:04:40Z
ESCA,Consumer Discretionary,247110176.0,CLEAR,CLEAR,,AGREE,done,0,0,0,0,3.3,,,v1-2026-06-09,2026-06-09T16:04:40Z
INR,Energy,246771152.0,SKIP_lt2y,,,SKIP,skip,,,,,,,<2y data,v1-2026-06-09,2026-06-09T16:04:40Z
FULC,Health Care,245876960.0,SKIP_lt2y,,,SKIP,skip,,,,,,,<2y data,v1-2026-06-09,2026-06-09T16:04:40Z
OSG,Financials,245774208.0,WATCH,WATCH,,AGREE,done,0,0,0,0,1.0,,,v1-2026-06-09,2026-06-09T16:04:40Z
LVWR,Industrials,245714192.0,AVOID,AVOID,cash_burn,CORROBORATED,done,0,0,1,0,14.07,API event/short-interest confirms the fundamentals AVOID,API distress/short-interest confirms,v1-2026-06-09,2026-06-09T16:04:40Z
CXDO,Communication Services,245384368.0,CLEAR,CLEAR,,AGREE,done,0,0,0,0,1.0,,,v1-2026-06-09,2026-06-09T16:04:40Z
AUDC,Information Technology,244609216.0,CLEAR,CLEAR,,AGREE,done,0,0,0,0,1.0,,,v1-2026-06-09,2026-06-09T16:04:40Z
TKNO,Health Care,244479968.0,WATCH,WATCH,,AGREE,done,0,0,1,1,12.4,, | RAISE:Teknova Announces Closing of $22.9 Million Concurrent Registered Direct Offering and Private Placement and Amends Credit Facility,v1-2026-06-09,2026-06-09T16:04:40Z
MITT,Financials,244250688.0,SKIP_lt2y,,,SKIP,skip,,,,,,,<2y data,v1-2026-06-09,2026-06-09T16:04:40Z
CFFI,Financials,243751712.0,CLEAR,CLEAR,,AGREE,done,0,0,0,0,7.62,,,v1-2026-06-09,2026-06-09T16:04:40Z
SGHT,Health Care,242124240.0,WATCH,WATCH,,AGREE,done,0,0,0,0,3.53,,,v1-2026-06-09,2026-06-09T16:04:40Z
PROF,Health Care,242008656.0,AVOID,AVOID,cash_burn,CORROBORATED,done,0,0,1,1,24.63,API event/short-interest confirms the fundamentals AVOID,API distress/short-interest confirms | RAISE:Profound Medical Corp. Closes $36 Million Registered Direct Offering; Expects to Complete Subsequent Private Placement On or Befor,v1-2026-06-09,2026-06-09T16:04:40Z
LAW,Information Technology,241786720.0,WATCH,WATCH,,AGREE,done,0,0,0,1,1.7,, | RAISE:Eve Security Raises $3 Million Seed Introduces Industry-First Agent-in-the-Loop along with Data and Intent Driven Policy Enforceme,v1-2026-06-09,2026-06-09T16:04:40Z
SOCA,Financials,240831504.0,SKIP_lt2y,,,SKIP,skip,,,,,,,<2y data,v1-2026-06-09,2026-06-09T16:04:40Z
FLYX,Industrials,240085760.0,AVOID,AVOID,insolvency,AVOID_unconfirmed,done,0,0,0,0,5.29,,no API distress/short signal (coverage may be thin),v1-2026-06-09,2026-06-09T16:04:40Z
BPRN,Financials,239888704.0,CLEAR,CLEAR,,AGREE,done,0,0,0,0,5.31,,,v1-2026-06-09,2026-06-09T16:04:40Z
LCNB,Financials,239617840.0,CLEAR,CLEAR,,AGREE,done,0,0,0,0,3.31,,,v1-2026-06-09,2026-06-09T16:04:40Z
ANGI,Information Technology,239452256.0,CLEAR,CLEAR,,AGREE,done,0,0,0,0,2.32,,,v1-2026-06-09,2026-06-09T16:04:40Z
REFI,Financials,239217520.0,SKIP_lt2y,,,SKIP,skip,,,,,,,<2y data,v1-2026-06-09,2026-06-09T16:04:40Z
PTNM,Unknown,239099888.0,SKIP_lt2y,,,SKIP,skip,,,,,,,<2y data,v1-2026-06-09,2026-06-09T16:04:40Z
DYNC,Financials,239039984.0,SKIP_lt2y,,,SKIP,skip,,,,,,,<2y data,v1-2026-06-09,2026-06-09T16:04:40Z
IGAC,Financials,238938704.0,SKIP_lt2y,,,SKIP,skip,,,,,,,<2y data,v1-2026-06-09,2026-06-09T16:04:40Z
VFF,Materials,238863344.0,CLEAR,WATCH,,UNDERFLAG_distress_event,done,1,0,0,1,3.2,promoted — ≥2 live distress (going-concern/Ch11/default) news articles,2 live news articles show a distress event the screen missed | BK:Village Farms International Provides Update on Nasdaq Listing,v1-2026-06-09,2026-06-09T16:04:40Z
RGCO,Utilities,238636096.0,CLEAR,CLEAR,,AGREE,done,0,0,0,0,5.73,,,v1-2026-06-09,2026-06-09T16:04:40Z
AVXL,Health Care,238166416.0,SKIP_lt2y,,,SKIP,skip,,,,,,,<2y data,v1-2026-06-09,2026-06-09T16:04:40Z
DAAQ,Financials,237590000.0,SKIP_lt2y,,,SKIP,skip,,,,,,,<2y data,v1-2026-06-09,2026-06-09T16:04:40Z
CBNA,Financials,237537776.0,CLEAR,CLEAR,,AGREE,done,0,0,0,0,3.05,,,v1-2026-06-09,2026-06-09T16:04:40Z
CNDT,Industrials,237298128.0,WATCH,WATCH,,AGREE,done,0,0,0,0,3.24,,,v1-2026-06-09,2026-06-09T16:04:40Z
LFMD,Health Care,236492672.0,CLEAR,CLEAR,,AGREE,done,0,0,0,0,5.09,,,v1-2026-06-09,2026-06-09T16:04:40Z
MNTK,Utilities,236286288.0,CLEAR,CLEAR,,AGREE,done,0,0,0,0,3.29,,,v1-2026-06-09,2026-06-09T16:04:40Z
BZAI,Information Technology,236217088.0,AVOID,AVOID,cash_burn,AVOID_unconfirmed,done,0,0,0,0,1.01,,no API distress/short signal (coverage may be thin),v1-2026-06-09,2026-06-09T16:04:40Z
RELL,Industrials,235822144.0,CLEAR,CLEAR,,AGREE,done,0,0,0,0,1.63,,,v1-2026-06-09,2026-06-09T16:04:40Z
MACI,Industrials,234594608.0,SKIP_lt2y,,,SKIP,skip,,,,,,,<2y data,v1-2026-06-09,2026-06-09T16:04:40Z
SND,Materials,234271952.0,CLEAR,CLEAR,,AGREE,done,0,0,0,0,2.66,,,v1-2026-06-09,2026-06-09T16:04:40Z
FOSL,Information Technology,234042336.0,AVOID,AVOID,cash_burn,AVOID_unconfirmed,done,0,0,0,0,3.49,,no API distress/short signal (coverage may be thin),v1-2026-06-09,2026-06-09T16:04:40Z
TARA,Health Care,233809616.0,SKIP_lt2y,,,SKIP,skip,,,,,,,<2y data,v1-2026-06-09,2026-06-09T16:04:40Z
OBIO,Health Care,233534800.0,WATCH,WATCH,,AGREE,done,0,0,0,0,3.21,,,v1-2026-06-09,2026-06-09T16:04:40Z
AVNW,Information Technology,233427920.0,CLEAR,WATCH,,UNDERFLAG_fraud_event,done,0,1,0,0,2.23,promoted — ≥2 live fraud/SEC/short-seller news articles,"2 live news articles show a fraud/SEC/restatement event the screen missed | FR:Aviat Networks (AVNW) Delays Annual Report, Stock Tumbles - Hagens Berman",v1-2026-06-09,2026-06-09T16:04:40Z
POWW,Materials,233404560.0,WATCH,WATCH,,NEWS_NOTE,done,1,1,0,0,7.14,single news mention (kept screen bucket; investigate),"single news mention of distress/fraud (investigate; not a screen error) | BK:AMMO, Inc. Received Notification of Deficiency from Nasdaq Related to Delayed Filing of Quarterly Report on Form 10-Q",v1-2026-06-09,2026-06-09T16:04:40Z
CDXS,Materials,232695216.0,WATCH,WATCH,,AGREE,done,0,0,0,0,2.98,,,v1-2026-06-09,2026-06-09T16:04:40Z
CMRC,Information Technology,232684512.0,DISTRESSED-RECOVERABLE,DISTRESSED-RECOVERABLE,,AGREE,done,0,0,0,0,5.23,,,v1-2026-06-09,2026-06-09T16:04:40Z
LOVE,Consumer Discretionary,232487824.0,CLEAR,CLEAR,,AGREE,done,0,0,1,0,26.55,,,v1-2026-06-09,2026-06-09T16:04:40Z
FLXS,Consumer Discretionary,232068128.0,CLEAR,CLEAR,,AGREE,done,0,0,0,0,3.14,,,v1-2026-06-09,2026-06-09T16:04:40Z
NERV,Health Care,231080000.0,SKIP_lt2y,,,SKIP,skip,,,,,,,<2y data,v1-2026-06-09,2026-06-09T16:04:40Z
FATE,Health Care,230787184.0,AVOID,WATCH,cash_burn,OVERFLAG_recent_raise,done,0,0,0,1,1.98,downgraded from AVOID — recent capital raise extends runway / no event found,recent capital raise extends runway | RAISE:Fate Therapeutics Announces Pricing of $100 Million Underwritten Offering and Concurrent Private Placement,v1-2026-06-09,2026-06-09T16:04:40Z
STEX,Health Care,230412480.0,SKIP_lt2y,,,SKIP,skip,,,,,,,<2y data,v1-2026-06-09,2026-06-09T16:04:40Z
LEE,Communication Services,230302128.0,AVOID,AVOID,insolvency,AVOID_unconfirmed,done,0,1,0,1,2.26,,no API distress/short signal (coverage may be thin) | FR:Lee Enterprises Receives Notification from Nasdaq Related to Delayed Annual Report on Form 10-K,v1-2026-06-09,2026-06-09T16:04:40Z
BLRK,Unknown,230000000.0,SKIP_no_data,,,SKIP,skip,,,,,,,no cached fundamentals/context,v1-2026-06-09,2026-06-09T16:04:40Z
VABK,Financials,229101168.0,CLEAR,CLEAR,,AGREE,done,0,0,0,0,3.87,,,v1-2026-06-09,2026-06-09T16:04:40Z
ACIU,Health Care,228990544.0,AVOID,AVOID,cash_burn,CORROBORATED,done,0,0,1,1,10.12,API event/short-interest confirms the fundamentals AVOID,API distress/short-interest confirms | RAISE:AC Immune Announces Pricing of Underwritten Offering of Common Shares ,v1-2026-06-09,2026-06-09T16:04:40Z
PEBK,Financials,228744864.0,CLEAR,CLEAR,,AGREE,done,0,0,0,0,2.51,,,v1-2026-06-09,2026-06-09T16:04:40Z
QSI,Health Care,228648160.0,AVOID,AVOID,cash_burn,AVOID_unconfirmed,done,0,0,0,0,3.88,,no API distress/short signal (coverage may be thin),v1-2026-06-09,2026-06-09T16:04:40Z
BIII,Unknown,228619984.0,SKIP_no_data,,,SKIP,skip,,,,,,,no cached fundamentals/context,v1-2026-06-09,2026-06-09T16:04:40Z
DPRO,Industrials,228464592.0,WATCH,WATCH,,AGREE,done,0,0,0,1,3.2,, | RAISE:Draganfly Announces Pricing of US$50.0 Million Registered Direct Offering,v1-2026-06-09,2026-06-09T16:04:40Z
MFIN,Financials,228005712.0,CLEAR,CLEAR,,NEWS_NOTE,done,0,1,1,1,10.62,single news mention (kept screen bucket; investigate),single news mention of distress/fraud (investigate; not a screen error) | FR:Medallion Financial Corp. Announces Completion of Amended and Restated Private Placement of $17.5 Million of Senior Notes,v1-2026-06-09,2026-06-09T16:04:40Z
TMCI,Health Care,227704144.0,WATCH,WATCH,,AGREE,done,0,0,0,0,6.21,,,v1-2026-06-09,2026-06-09T16:04:40Z
FBLA,Financials,227553760.0,CLEAR,CLEAR,,AGREE,done,0,0,0,0,6.1,,,v1-2026-06-09,2026-06-09T16:04:40Z
IRAB,Financials,227214304.0,SKIP_no_data,,,SKIP,skip,,,,,,,no cached fundamentals/context,v1-2026-06-09,2026-06-09T16:04:40Z
EAF,Information Technology,227137552.0,AVOID,AVOID,insolvency,AVOID_unconfirmed,done,0,0,0,0,1.98,,no API distress/short signal (coverage may be thin),v1-2026-06-09,2026-06-09T16:04:40Z
USAU,Materials,227056000.0,SKIP_lt2y,,,SKIP,skip,,,,,,,<2y data,v1-2026-06-09,2026-06-09T16:04:40Z
EVI,Unknown,226882448.0,CLEAR,CLEAR,,AGREE,done,0,0,0,0,3.49,,,v1-2026-06-09,2026-06-09T16:04:40Z
OVBC,Financials,226834752.0,CLEAR,CLEAR,,AGREE,done,0,0,0,0,3.31,,,v1-2026-06-09,2026-06-09T16:04:40Z
GCTS,Information Technology,225981216.0,AVOID,AVOID,insolvency,AVOID_unconfirmed,done,0,0,0,0,1.0,,no API distress/short signal (coverage may be thin),v1-2026-06-09,2026-06-09T16:04:40Z
AREC,Materials,225709376.0,SKIP_lt2y,,,SKIP,skip,,,,,,,<2y data,v1-2026-06-09,2026-06-09T16:04:40Z
HDSN,Industrials,225488704.0,WATCH,WATCH,,AGREE,done,0,0,0,0,2.66,,,v1-2026-06-09,2026-06-09T16:04:40Z
GDEV,Unknown,224884560.0,CLEAR,CLEAR,,AGREE,done,0,0,0,1,1.01,, | RAISE:GDEV Announces an At-The-Market Offering,v1-2026-06-09,2026-06-09T16:04:40Z
IMPP,Unknown,224711856.0,CLEAR,CLEAR,,AGREE,done,0,0,0,1,6.39,, | RAISE:Imperial Petroleum Inc. Announces Pricing of $60.0 Million Registered Direct Offering,v1-2026-06-09,2026-06-09T16:04:40Z
MRBK,Financials,224607344.0,CLEAR,CLEAR,,AGREE,done,0,0,0,0,1.63,,,v1-2026-06-09,2026-06-09T16:04:40Z
SPOK,Communication Services,223699872.0,CLEAR,CLEAR,,AGREE,done,0,0,0,0,2.8,,,v1-2026-06-09,2026-06-09T16:04:40Z
CHRS,Health Care,223662368.0,AVOID,AVOID,cash_burn,CORROBORATED,done,0,0,1,1,17.16,API event/short-interest confirms the fundamentals AVOID,"API distress/short-interest confirms | RAISE:Coherus Oncology, Inc. Announces Closing of Public Offering of Common Stock",v1-2026-06-09,2026-06-09T16:04:40Z
KINS,Financials,223501104.0,CLEAR,CLEAR,,AGREE,done,0,0,0,0,2.2,,,v1-2026-06-09,2026-06-09T16:04:40Z
LIEN,Unknown,223413568.0,WATCH,WATCH,,AGREE,done,0,0,0,0,1.07,,,v1-2026-06-09,2026-06-09T16:04:40Z
VLN,Unknown,223074288.0,WATCH,WATCH,,AGREE,done,0,0,0,0,1.0,,,v1-2026-06-09,2026-06-09T16:04:40Z
ARL,Real Estate,223059728.0,WATCH,WATCH,,AGREE,done,0,0,1,0,11.52,,,v1-2026-06-09,2026-06-09T16:04:40Z
QTTB,Health Care,222298608.0,WATCH,WATCH,,AGREE,done,0,0,0,0,2.67,,,v1-2026-06-09,2026-06-09T16:04:40Z
EFSI,Financials,221961536.0,SKIP_lt2y,,,SKIP,skip,,,,,,,<2y data,v1-2026-06-09,2026-06-09T16:04:40Z
NKSH,Financials,221620656.0,CLEAR,CLEAR,,AGREE,done,0,0,0,0,1.06,,,v1-2026-06-09,2026-06-09T16:04:40Z
FCAP,Financials,221273424.0,CLEAR,CLEAR,,AGREE,done,0,0,1,0,16.28,,,v1-2026-06-09,2026-06-09T16:04:40Z
WALD,Materials,220606976.0,WATCH,WATCH,,NEWS_NOTE,done,0,1,0,0,1.76,single news mention (kept screen bucket; investigate),single news mention of distress/fraud (investigate; not a screen error) | FR:Waldencast plc Announces Fiscal Year 2022 Financial Results,v1-2026-06-09,2026-06-09T16:04:40Z
STRS,Real Estate,220402992.0,WATCH,WATCH,,AGREE,done,0,0,0,0,3.18,,,v1-2026-06-09,2026-06-09T16:04:40Z
LENZ,Health Care,219794304.0,WATCH,WATCH,,AGREE,done,0,0,1,0,11.02,,,v1-2026-06-09,2026-06-09T16:04:40Z
ADAG,Health Care,219361008.0,WATCH,WATCH,,AGREE,done,0,0,1,1,10.67,, | RAISE:Adagene announces up to $25 million strategic investment from Sanofi,v1-2026-06-09,2026-06-09T16:04:40Z
FHTX,Health Care,219002928.0,AVOID,AVOID,insolvency,AVOID_unconfirmed,done,0,0,0,1,9.58,,no API distress/short signal (coverage may be thin) | RAISE:Foghorn Therapeutics Raises Approximately $110 Million Through Registered Direct Offering to Advance Pipeline,v1-2026-06-09,2026-06-09T16:04:40Z
TPVG,Unknown,218016512.0,DISTRESSED-RECOVERABLE,DISTRESSED-RECOVERABLE,,AGREE,done,0,0,0,0,6.97,,,v1-2026-06-09,2026-06-09T16:04:40Z
OPRT,Financials,217258080.0,CLEAR,CLEAR,,AGREE,done,0,0,0,0,3.11,,,v1-2026-06-09,2026-06-09T16:04:40Z
SILC,Unknown,217118704.0,WATCH,WATCH,,AGREE,done,0,0,0,0,1.0,,,v1-2026-06-09,2026-06-09T16:04:40Z
MAMK,Unknown,216124992.0,SKIP_lt2y,,,SKIP,skip,,,,,,,<2y data,v1-2026-06-09,2026-06-09T16:04:40Z
JACK,Consumer Discretionary,215913328.0,DISTRESSED-RECOVERABLE,DISTRESSED-RECOVERABLE,,AGREE,done,0,0,0,0,6.29,,,v1-2026-06-09,2026-06-09T16:04:40Z
CMTV,Financials,215822352.0,SKIP_no_data,,,SKIP,skip,,,,,,,no cached fundamentals/context,v1-2026-06-09,2026-06-09T16:04:40Z
MNTS,Industrials,215634528.0,AVOID,AVOID,cash_burn,AVOID_unconfirmed,done,0,0,0,0,1.0,,no API distress/short signal (coverage may be thin),v1-2026-06-09,2026-06-09T16:04:40Z
UTMD,Health Care,215399296.0,CLEAR,CLEAR,,AGREE,done,0,0,1,0,15.39,,,v1-2026-06-09,2026-06-09T16:04:40Z
INBK,Financials,215214384.0,CLEAR,CLEAR,,AGREE,done,0,0,0,0,2.78,,,v1-2026-06-09,2026-06-09T16:04:40Z
IKT,Health Care,215213200.0,SKIP_lt2y,,,SKIP,skip,,,,,,,<2y data,v1-2026-06-09,2026-06-09T16:04:40Z
GENC,Industrials,215175072.0,CLEAR,CLEAR,,NEWS_NOTE,done,1,0,0,0,3.05,single news mention (kept screen bucket; investigate),single news mention of distress/fraud (investigate; not a screen error) | BK:Gencor Announces Receipt of NYSE Regulation Notice Regarding Late Filing of the Quarterly Report on Form 10-Q for the period Ended,v1-2026-06-09,2026-06-09T16:04:40Z
HUHU,Unknown,214918112.0,DISTRESSED-RECOVERABLE,DISTRESSED-RECOVERABLE,,AGREE,done,0,0,0,0,1.0,,,v1-2026-06-09,2026-06-09T16:04:40Z
LMNR,Materials,214204336.0,AVOID,AVOID,cash_burn,AVOID_unconfirmed,done,0,0,0,0,6.32,,no API distress/short signal (coverage may be thin),v1-2026-06-09,2026-06-09T16:04:40Z
ATGL,Information Technology,214012496.0,WATCH,WATCH,,AGREE,done,0,0,0,1,1.36,, | RAISE:Alpha Technology Group Limited Announces Closing of Its Initial Public Offering,v1-2026-06-09,2026-06-09T16:04:40Z
LANV,Unknown,213856976.0,AVOID,AVOID,insolvency,AVOID_unconfirmed,done,0,0,0,0,7.18,,no API distress/short signal (coverage may be thin),v1-2026-06-09,2026-06-09T16:04:40Z
CAMP,Health Care,213415040.0,WATCH,WATCH,,AGREE,done,0,0,0,1,3.52,, | RAISE:CAMP4 Announces an Oversubscribed Private Placement of up to $100 Million to Advance First-in-Class Treatment for SYNGAP1-Related ,v1-2026-06-09,2026-06-09T16:04:40Z
SMRT,Information Technology,212121872.0,WATCH,WATCH,,AGREE,done,0,0,0,0,1.22,,,v1-2026-06-09,2026-06-09T16:04:40Z
SLNH,Financials,211381472.0,WATCH,WATCH,,AGREE,done,0,0,0,0,1.0,,,v1-2026-06-09,2026-06-09T16:04:40Z
ARQQ,Information Technology,211265280.0,AVOID,WATCH,cash_burn,OVERFLAG_recent_raise,done,0,0,0,1,3.6,downgraded from AVOID — recent capital raise extends runway / no event found,recent capital raise extends runway | RAISE:Arqit Quantum Inc. Announces Closing of $16.2 Million Registered Direct Offering,v1-2026-06-09,2026-06-09T16:04:40Z
LFCR,Health Care,211177968.0,WATCH,WATCH,,AGREE,done,0,0,1,0,13.43,,,v1-2026-06-09,2026-06-09T16:04:40Z
IMMR,Information Technology,210849872.0,WATCH,WATCH,,AGREE,done,0,0,0,0,5.66,,,v1-2026-06-09,2026-06-09T16:04:40Z
OPBK,Financials,210157712.0,CLEAR,CLEAR,,AGREE,done,0,0,0,0,3.62,,,v1-2026-06-09,2026-06-09T16:04:40Z
NEN,Real Estate,209152736.0,CLEAR,CLEAR,,AGREE,done,0,0,0,0,1.0,,,v1-2026-06-09,2026-06-09T16:04:40Z
KLTR,Information Technology,209020880.0,CLEAR,CLEAR,,AGREE,done,0,0,0,0,3.13,,,v1-2026-06-09,2026-06-09T16:04:40Z
ALTG,Industrials,208878176.0,AVOID,AVOID,insolvency,AVOID_unconfirmed,done,0,0,0,1,1.32,,no API distress/short signal (coverage may be thin) | RAISE:Alta Equipment Group Announces Pricing of Private Offering of $500 Million of Senior Secured Second Lien Notes due 2029,v1-2026-06-09,2026-06-09T16:04:40Z
GWRS,Utilities,208248704.0,CLEAR,CLEAR,,AGREE,done,0,0,0,0,4.08,,,v1-2026-06-09,2026-06-09T16:04:40Z
PDEX,Health Care,208199808.0,AVOID,AVOID,,AVOID_unconfirmed,done,0,0,0,0,6.69,,no API fraud/short signal (coverage may be thin),v1-2026-06-09,2026-06-09T16:04:40Z
ARCT,Health Care,207488400.0,WATCH,WATCH,,AGREE,done,0,0,1,0,13.27,,,v1-2026-06-09,2026-06-09T16:04:40Z
ALXO,Health Care,207226880.0,SKIP_lt2y,,,SKIP,skip,,,,,,,<2y data,v1-2026-06-09,2026-06-09T16:04:40Z
RXST,Health Care,206983040.0,WATCH,WATCH,,AGREE,done,0,0,0,0,6.03,,,v1-2026-06-09,2026-06-09T16:04:40Z
ACH,Industrials,206776000.0,WATCH,WATCH,,AGREE,done,0,0,0,0,5.16,,,v1-2026-06-09,2026-06-09T16:04:40Z
RDCM,Unknown,206216800.0,CLEAR,CLEAR,,AGREE,done,0,0,0,0,1.0,,,v1-2026-06-09,2026-06-09T16:04:40Z
AOMR,Real Estate,206044144.0,SKIP_lt2y,,,SKIP,skip,,,,,,,<2y data,v1-2026-06-09,2026-06-09T16:04:40Z
KPTI,Health Care,205779536.0,AVOID,AVOID,insolvency,CORROBORATED,done,0,0,1,0,11.52,API event/short-interest confirms the fundamentals AVOID,API distress/short-interest confirms,v1-2026-06-09,2026-06-09T16:04:40Z
SMTI,Health Care,205639472.0,DISTRESSED-RECOVERABLE,DISTRESSED-RECOVERABLE,,AGREE,done,0,0,0,0,4.63,,,v1-2026-06-09,2026-06-09T16:04:40Z
WHWK,Health Care,205227728.0,AVOID,AVOID,cash_burn,AVOID_unconfirmed,done,0,0,0,0,1.39,,no API distress/short signal (coverage may be thin),v1-2026-06-09,2026-06-09T16:04:40Z
CPSS,Financials,204617472.0,CLEAR,CLEAR,,AGREE,done,0,0,0,0,4.09,,,v1-2026-06-09,2026-06-09T16:04:40Z
PESI,Utilities,204113168.0,AVOID,WATCH,cash_burn,OVERFLAG_recent_raise,done,0,0,0,1,4.55,downgraded from AVOID — recent capital raise extends runway / no event found,recent capital raise extends runway | RAISE:Perma-Fix Announces Proposed Public Offering of Common Stock,v1-2026-06-09,2026-06-09T16:04:40Z
KROS,Health Care,203855920.0,CLEAR,CLEAR,,AGREE,done,0,0,0,1,4.65,, | RAISE:Keros Therapeutics Announces Closing of Upsized Public Offering of Common Stock,v1-2026-06-09,2026-06-09T16:04:40Z
LCUT,Materials,203638112.0,WATCH,WATCH,,AGREE,done,0,0,0,0,2.28,,,v1-2026-06-09,2026-06-09T16:04:40Z
MPAA,Industrials,203444000.0,DISTRESSED-RECOVERABLE,DISTRESSED-RECOVERABLE,,AGREE,done,0,0,1,0,20.35,,,v1-2026-06-09,2026-06-09T16:04:40Z
III,Industrials,202838496.0,CLEAR,CLEAR,,AGREE,done,0,0,0,1,1.75,, | RAISE:Imperial Announces Closing of $16.8 Million Private Placement,v1-2026-06-09,2026-06-09T16:04:40Z
GLDG,Unknown,202700720.0,SKIP_lt2y,,,SKIP,skip,,,,,,,<2y data,v1-2026-06-09,2026-06-09T16:04:40Z
RDIB,Communication Services,202183600.0,WATCH,WATCH,,AGREE,done,0,0,0,0,3.78,,,v1-2026-06-09,2026-06-09T16:04:40Z
TBI,Information Technology,201579136.0,AVOID,AVOID,insolvency,AVOID_unconfirmed,done,0,0,0,0,2.7,,no API distress/short signal (coverage may be thin),v1-2026-06-09,2026-06-09T16:04:40Z
HITI,Unknown,201286080.0,DISTRESSED-RECOVERABLE,DISTRESSED-RECOVERABLE,,AGREE,done,0,0,0,0,1.0,,,v1-2026-06-09,2026-06-09T16:04:40Z
VYGR,Health Care,201202880.0,AVOID,WATCH,cash_burn,OVERFLAG_recent_raise,done,0,0,0,1,6.42,downgraded from AVOID — recent capital raise extends runway / no event found,recent capital raise extends runway | RAISE:Voyager Therapeutics Announces Pricing of Public Offering,v1-2026-06-09,2026-06-09T16:04:40Z
JFIN,Unknown,200945440.0,CLEAR,CLEAR,,AGREE,done,0,0,0,0,1.77,,,v1-2026-06-09,2026-06-09T16:04:40Z
FINW,Financials,200930528.0,WATCH,WATCH,,AGREE,done,0,0,0,0,4.23,,,v1-2026-06-09,2026-06-09T16:04:40Z
EMBC,Health Care,200527552.0,CLEAR,CLEAR,,AGREE,done,0,0,0,0,1.37,,,v1-2026-06-09,2026-06-09T16:04:40Z
SGC,Consumer Discretionary,200428496.0,CLEAR,CLEAR,,AGREE,done,0,0,1,0,10.15,,,v1-2026-06-09,2026-06-09T16:04:40Z
SRI,Industrials,200187888.0,DISTRESSED-RECOVERABLE,DISTRESSED-RECOVERABLE,,AGREE,done,0,0,0,1,2.29,," | RAISE:Sparton Announces Closing of First Tranche of Private Placement Offering of C$500,000 for its Critical Metals Exploration Programs",v1-2026-06-09,2026-06-09T16:04:40Z
CZWI,Financials,200115328.0,CLEAR,CLEAR,,AGREE,done,0,0,0,0,4.91,,,v1-2026-06-09,2026-06-09T16:04:40Z
ACB,Materials,199847936.0,CLEAR,CLEAR,,AGREE,done,0,0,1,0,10.28,,,v1-2026-06-09,2026-06-09T16:04:40Z
INSE,Information Technology,199264896.0,AVOID,AVOID,insolvency,AVOID_unconfirmed,done,0,1,0,0,9.64,,no API distress/short signal (coverage may be thin) | FR:Inspired Requires Additional Time to Complete Financial Statements for the Third Quarter of 2023 and Restate Certain Previously Is,v1-2026-06-09,2026-06-09T16:04:40Z
BEBE,Financials,199000000.0,SKIP_lt2y,,,SKIP,skip,,,,,,,<2y data,v1-2026-06-09,2026-06-09T16:04:40Z
SMHI,Industrials,198907728.0,AVOID,AVOID,cash_burn,AVOID_unconfirmed,done,0,0,0,0,9.49,,no API distress/short signal (coverage may be thin),v1-2026-06-09,2026-06-09T16:04:40Z
CGEN,Health Care,198627728.0,CLEAR,CLEAR,,AGREE,done,0,0,0,0,3.78,,,v1-2026-06-09,2026-06-09T16:04:40Z
AP,Industrials,198385552.0,DISTRESSED-RECOVERABLE,DISTRESSED-RECOVERABLE,,AGREE,done,0,0,0,0,2.76,,,v1-2026-06-09,2026-06-09T16:04:40Z
FIGX,Financials,198314560.0,SKIP_lt2y,,,SKIP,skip,,,,,,,<2y data,v1-2026-06-09,2026-06-09T16:04:40Z
CMT,Materials,197640944.0,CLEAR,CLEAR,,AGREE,done,0,0,0,0,5.49,,,v1-2026-06-09,2026-06-09T16:04:40Z
EGAN,Information Technology,197640576.0,CLEAR,CLEAR,,AGREE,done,0,0,0,0,3.17,,,v1-2026-06-09,2026-06-09T16:04:40Z
PMTS,Communication Services,195659104.0,CLEAR,CLEAR,,AGREE,done,0,0,0,0,5.37,,,v1-2026-06-09,2026-06-09T16:04:40Z
AIIA,Unknown,195600608.0,SKIP_no_data,,,SKIP,skip,,,,,,,no cached fundamentals/context,v1-2026-06-09,2026-06-09T16:04:40Z
BCBP,Financials,195161872.0,CLEAR,CLEAR,,AGREE,done,0,0,0,0,4.45,,,v1-2026-06-09,2026-06-09T16:04:40Z
VENU,Communication Services,195029872.0,WATCH,WATCH,,AGREE,done,0,0,0,1,6.68,, | RAISE:Venu Holding Corporation Announces Termination of Proposed Public Offering,v1-2026-06-09,2026-06-09T16:04:40Z
JILL,Consumer Discretionary,194973680.0,CLEAR,CLEAR,,AGREE,done,0,0,1,0,11.11,,,v1-2026-06-09,2026-06-09T16:04:40Z
TLSI,Health Care,194690416.0,AVOID,AVOID,insolvency,AVOID_unconfirmed,done,0,0,0,0,1.65,,no API distress/short signal (coverage may be thin),v1-2026-06-09,2026-06-09T16:04:40Z
SY,Unknown,193734112.0,WATCH,WATCH,,NEWS_NOTE,done,1,0,0,0,4.14,single news mention (kept screen bucket; investigate),single news mention of distress/fraud (investigate; not a screen error) | BK:So-Young Announces Receipt of Minimum Bid Price Notice from Nasdaq,v1-2026-06-09,2026-06-09T16:04:40Z
ANIK,Health Care,192665424.0,CLEAR,CLEAR,,AGREE,done,0,0,0,0,5.41,,,v1-2026-06-09,2026-06-09T16:04:40Z
SEVN,Financials,192292608.0,DISTRESSED-RECOVERABLE,DISTRESSED-RECOVERABLE,,AGREE,done,0,0,0,0,3.92,,,v1-2026-06-09,2026-06-09T16:04:40Z
HTLM,Unknown,191931264.0,CLEAR,CLEAR,,AGREE,done,0,0,1,0,11.31,,,v1-2026-06-09,2026-06-09T16:04:40Z
KGEI,Unknown,190981440.0,CLEAR,CLEAR,,AGREE,done,0,0,0,0,3.27,,,v1-2026-06-09,2026-06-09T16:04:40Z
FF,Materials,190806256.0,WATCH,WATCH,,AGREE,done,0,0,0,0,1.63,,,v1-2026-06-09,2026-06-09T16:04:40Z
CFBK,Financials,190459712.0,CLEAR,CLEAR,,AGREE,done,0,0,0,0,1.74,,,v1-2026-06-09,2026-06-09T16:04:40Z
CRBU,Health Care,190426704.0,AVOID,AVOID,cash_burn,AVOID_unconfirmed,done,0,0,0,0,4.52,,no API distress/short signal (coverage may be thin),v1-2026-06-09,2026-06-09T16:04:40Z
GORO,Materials,189411024.0,CLEAR,CLEAR,,AGREE,done,0,0,0,0,1.15,,,v1-2026-06-09,2026-06-09T16:04:40Z
RICK,Consumer Discretionary,188513376.0,CLEAR,CLEAR,,AGREE,done,0,0,1,0,15.73,,,v1-2026-06-09,2026-06-09T16:04:40Z
MDV,Financials,188406976.0,CLEAR,CLEAR,,AGREE,done,0,0,0,0,1.0,,,v1-2026-06-09,2026-06-09T16:04:40Z
APYX,Health Care,187176560.0,WATCH,WATCH,,AGREE,done,0,0,0,1,1.0,, | RAISE:Apyx Medical Corporation Announces Pricing of $10 Million Public Offering of Common Stock,v1-2026-06-09,2026-06-09T16:04:40Z
CHPT,Information Technology,186980896.0,WATCH,WATCH,,AGREE,done,0,0,0,0,8.8,,,v1-2026-06-09,2026-06-09T16:04:40Z
INFU,Health Care,186478944.0,CLEAR,CLEAR,,AGREE,done,0,0,0,0,1.0,,,v1-2026-06-09,2026-06-09T16:04:40Z
QMCO,Information Technology,185902960.0,AVOID,AVOID,insolvency,AVOID_unconfirmed,done,0,0,0,0,2.14,,no API distress/short signal (coverage may be thin),v1-2026-06-09,2026-06-09T16:04:40Z
EQ,Health Care,185886080.0,SKIP_lt2y,,,SKIP,skip,,,,,,,<2y data,v1-2026-06-09,2026-06-09T16:04:40Z
INSG,Information Technology,185880000.0,CLEAR,CLEAR,,AGREE,done,0,0,0,0,3.86,,,v1-2026-06-09,2026-06-09T16:04:40Z
BHR,Financials,184833296.0,DISTRESSED-RECOVERABLE,DISTRESSED-RECOVERABLE,,AGREE,done,0,0,0,0,2.25,,,v1-2026-06-09,2026-06-09T16:04:40Z
UNCY,Health Care,184764192.0,SKIP_lt2y,,,SKIP,skip,,,,,,,<2y data,v1-2026-06-09,2026-06-09T16:04:40Z
LUCD,Health Care,184514224.0,AVOID,WATCH,cash_burn,OVERFLAG_recent_raise,done,0,0,0,1,7.64,downgraded from AVOID — recent capital raise extends runway / no event found,recent capital raise extends runway | RAISE:Lucid Diagnostics Announces Proposed Public Offering of Common Stock,v1-2026-06-09,2026-06-09T16:04:40Z
INTT,Health Care,184323520.0,CLEAR,CLEAR,,AGREE,done,0,0,0,0,1.0,,,v1-2026-06-09,2026-06-09T16:04:40Z
EBMT,Financials,183204912.0,CLEAR,CLEAR,,AGREE,done,0,0,0,0,3.12,,,v1-2026-06-09,2026-06-09T16:04:40Z
JRVR,Financials,183097952.0,WATCH,WATCH,,AGREE,done,0,0,0,0,1.61,,,v1-2026-06-09,2026-06-09T16:04:40Z
TRAK,Information Technology,182826064.0,CLEAR,CLEAR,,AGREE,done,0,0,1,0,10.1,,,v1-2026-06-09,2026-06-09T16:04:40Z
HQI,Information Technology,182338928.0,CLEAR,CLEAR,,AGREE,done,0,0,1,0,12.23,,,v1-2026-06-09,2026-06-09T16:04:40Z
MDWD,Unknown,182244976.0,AVOID,AVOID,cash_burn,CORROBORATED,done,0,0,1,1,21.41,API event/short-interest confirms the fundamentals AVOID,API distress/short-interest confirms | RAISE:MediWound Announces $25 Million Strategic Private Placement Financing - GlobeNewswire,v1-2026-06-09,2026-06-09T16:04:40Z
RBKB,Financials,181827200.0,CLEAR,CLEAR,,AGREE,done,0,0,0,0,5.26,,,v1-2026-06-09,2026-06-09T16:04:40Z
ALEC,Health Care,181526176.0,AVOID,WATCH,cash_burn,OVERFLAG_recent_raise,done,0,0,0,1,9.19,downgraded from AVOID — recent capital raise extends runway / no event found,recent capital raise extends runway | RAISE:Alector Announces Closing of Public Offering,v1-2026-06-09,2026-06-09T16:04:40Z
XYF,Unknown,181411168.0,CLEAR,CLEAR,,AGREE,done,0,0,0,0,1.59,,,v1-2026-06-09,2026-06-09T16:04:40Z
KRMD,Health Care,180516688.0,DISTRESSED-RECOVERABLE,DISTRESSED-RECOVERABLE,,AGREE,done,0,0,0,0,3.79,,,v1-2026-06-09,2026-06-09T16:04:40Z
AMPY,Energy,180426096.0,CLEAR,CLEAR,,AGREE,done,0,0,0,0,3.68,,,v1-2026-06-09,2026-06-09T16:04:40Z
ELME,Financials,180381488.0,DISTRESSED-RECOVERABLE,DISTRESSED-RECOVERABLE,,AGREE,done,0,0,0,0,2.07,,,v1-2026-06-09,2026-06-09T16:04:40Z
BWIV,Financials,180162848.0,SKIP_no_data,,,SKIP,skip,,,,,,,no cached fundamentals/context,v1-2026-06-09,2026-06-09T16:04:40Z
NKTX,Health Care,179578848.0,SKIP_lt2y,,,SKIP,skip,,,,,,,<2y data,v1-2026-06-09,2026-06-09T16:04:40Z
PLG,Unknown,178824480.0,SKIP_lt2y,,,SKIP,skip,,,,,,,<2y data,v1-2026-06-09,2026-06-09T16:04:40Z
PED,Energy,177706736.0,DISTRESSED-RECOVERABLE,DISTRESSED-RECOVERABLE,,AGREE,done,0,0,0,0,1.0,,,v1-2026-06-09,2026-06-09T16:04:40Z
PAL,Industrials,177450768.0,DISTRESSED-RECOVERABLE,DISTRESSED-RECOVERABLE,,AGREE,done,0,0,0,0,1.99,,,v1-2026-06-09,2026-06-09T16:04:40Z
COOK,Information Technology,177312384.0,DISTRESSED-RECOVERABLE,DISTRESSED-RECOVERABLE,,AGREE,done,0,0,0,0,6.11,,,v1-2026-06-09,2026-06-09T16:04:40Z
NRXP,Health Care,177193728.0,AVOID,AVOID,insolvency,AVOID_unconfirmed,done,0,0,0,1,4.16,,"no API distress/short signal (coverage may be thin) | RAISE:NRx Pharmaceuticals, Inc. Announces Pricing of Public Offering of Common Stock",v1-2026-06-09,2026-06-09T16:04:40Z
NLOP,Financials,176731920.0,CLEAR,CLEAR,,AGREE,done,0,0,0,0,3.82,,,v1-2026-06-09,2026-06-09T16:04:40Z
TNXP,Health Care,176464656.0,WATCH,WATCH,,AGREE,done,0,0,0,1,5.08,, | RAISE:Tonix Pharmaceuticals Announces Pricing of Approximately $4.0 Million Public Offering - GlobeNewswire,v1-2026-06-09,2026-06-09T16:04:40Z
KULR,Information Technology,176239792.0,AVOID,AVOID,cash_burn,AVOID_unconfirmed,done,0,0,0,0,3.94,,no API distress/short signal (coverage may be thin),v1-2026-06-09,2026-06-09T16:04:40Z
TONX,Financials,175810208.0,WATCH,WATCH,,AGREE,done,0,0,0,0,3.46,,,v1-2026-06-09,2026-06-09T16:04:40Z
FOA,Financials,175168000.0,WATCH,WATCH,,AGREE,done,0,0,0,0,9.1,,,v1-2026-06-09,2026-06-09T16:04:40Z
EPSN,Energy,175139488.0,DISTRESSED-RECOVERABLE,DISTRESSED-RECOVERABLE,,AGREE,done,0,0,0,0,7.19,,,v1-2026-06-09,2026-06-09T16:04:40Z
STRW,Financials,175082992.0,CLEAR,CLEAR,,AGREE,done,0,0,0,0,4.11,,,v1-2026-06-09,2026-06-09T16:04:40Z
EARN,Financials,175070608.0,SKIP_lt2y,,,SKIP,skip,,,,,,,<2y data,v1-2026-06-09,2026-06-09T16:04:40Z
BVFL,Financials,174824512.0,CLEAR,CLEAR,,AGREE,done,0,0,0,0,9.9,,,v1-2026-06-09,2026-06-09T16:04:40Z
LARK,Financials,174146080.0,CLEAR,CLEAR,,AGREE,done,0,0,1,0,18.32,,,v1-2026-06-09,2026-06-09T16:04:40Z
STXS,Health Care,173971328.0,AVOID,AVOID,cash_burn,CORROBORATED,done,0,0,1,0,10.64,API event/short-interest confirms the fundamentals AVOID,API distress/short-interest confirms,v1-2026-06-09,2026-06-09T16:04:40Z
IMUX,Health Care,173946352.0,SKIP_lt2y,,,SKIP,skip,,,,,,,<2y data,v1-2026-06-09,2026-06-09T16:04:40Z
INGN,Health Care,173547648.0,WATCH,WATCH,,AGREE,done,0,0,0,0,2.07,,,v1-2026-06-09,2026-06-09T16:04:40Z
FRD,Materials,173537264.0,WATCH,WATCH,,AGREE,done,0,0,0,0,5.5,,,v1-2026-06-09,2026-06-09T16:04:40Z
RFIL,Information Technology,173460848.0,CLEAR,CLEAR,,AGREE,done,0,0,0,0,1.0,,,v1-2026-06-09,2026-06-09T16:04:40Z
CBFV,Financials,173128224.0,CLEAR,CLEAR,,AGREE,done,0,0,1,0,28.42,,,v1-2026-06-09,2026-06-09T16:04:40Z
SJT,Financials,171986464.0,SKIP_lt2y,,,SKIP,skip,,,,,,,<2y data,v1-2026-06-09,2026-06-09T16:04:40Z
TGEN,Industrials,171729040.0,AVOID,AVOID,cash_burn,AVOID_unconfirmed,done,0,0,0,0,1.64,,no API distress/short signal (coverage may be thin),v1-2026-06-09,2026-06-09T16:04:40Z
RNAC,Health Care,171588048.0,AVOID,AVOID,insolvency,CORROBORATED,done,0,0,1,1,11.87,API event/short-interest confirms the fundamentals AVOID,API distress/short-interest confirms | RAISE:Cartesian Therapeutics Announces $130 Million Private Placement Equity Financing,v1-2026-06-09,2026-06-09T16:04:40Z
ENLV,Health Care,171144592.0,SKIP_lt2y,,,SKIP,skip,,,,,,,<2y data,v1-2026-06-09,2026-06-09T16:04:40Z
FOCL,Health Care,170917840.0,AVOID,AVOID,cash_burn,AVOID_unconfirmed,done,0,0,0,0,,,no API distress/short signal (coverage may be thin),v1-2026-06-09,2026-06-09T16:04:40Z
TAYD,Industrials,170709504.0,CLEAR,CLEAR,,AGREE,done,0,0,0,0,1.46,,,v1-2026-06-09,2026-06-09T16:04:40Z
RANG,Financials,170157872.0,SKIP_lt2y,,,SKIP,skip,,,,,,,<2y data,v1-2026-06-09,2026-06-09T16:04:40Z
ANTA,Financials,170106944.0,SKIP_lt2y,,,SKIP,skip,,,,,,,<2y data,v1-2026-06-09,2026-06-09T16:04:40Z
PERF,Unknown,170087280.0,CLEAR,CLEAR,,AGREE,done,0,0,0,0,1.0,,,v1-2026-06-09,2026-06-09T16:04:40Z
MNSB,Financials,169883968.0,CLEAR,CLEAR,,AGREE,done,0,0,0,0,4.79,,,v1-2026-06-09,2026-06-09T16:04:40Z
CHCI,Real Estate,169687648.0,WATCH,WATCH,,AGREE,done,0,0,0,0,2.09,,,v1-2026-06-09,2026-06-09T16:04:40Z
OKUR,Health Care,169257056.0,SKIP_lt2y,,,SKIP,skip,,,,,,,<2y data,v1-2026-06-09,2026-06-09T16:04:40Z
IMDX,Health Care,169200480.0,AVOID,AVOID,insolvency,AVOID_unconfirmed,done,0,0,0,0,2.11,,no API distress/short signal (coverage may be thin),v1-2026-06-09,2026-06-09T16:04:40Z
ONEW,Consumer Discretionary,169166576.0,DISTRESSED-RECOVERABLE,DISTRESSED-RECOVERABLE,,AGREE,done,0,0,0,0,9.73,,,v1-2026-06-09,2026-06-09T16:04:40Z
HNVR,Financials,168897200.0,CLEAR,CLEAR,,AGREE,done,0,0,0,0,2.34,,,v1-2026-06-09,2026-06-09T16:04:40Z
RCMT,Information Technology,168543472.0,CLEAR,CLEAR,,AGREE,done,0,0,0,0,2.68,,,v1-2026-06-09,2026-06-09T16:04:40Z
DTIL,Health Care,167714608.0,AVOID,AVOID,cash_burn,AVOID_unconfirmed,done,0,0,0,0,6.53,,no API distress/short signal (coverage may be thin),v1-2026-06-09,2026-06-09T16:04:40Z
FLX,Unknown,166736192.0,CLEAR,CLEAR,,AGREE,done,0,0,0,1,1.0,, | RAISE:BingEx Secures Strategic Investment from HLID to Accelerate Drone Delivery,v1-2026-06-09,2026-06-09T16:04:40Z
ACU,Materials,166626992.0,CLEAR,CLEAR,,AGREE,done,0,0,0,0,3.48,,,v1-2026-06-09,2026-06-09T16:04:40Z
ESP,Information Technology,165614560.0,CLEAR,CLEAR,,AGREE,done,0,0,0,0,1.0,,,v1-2026-06-09,2026-06-09T16:04:40Z
THRY,Information Technology,164981200.0,CLEAR,CLEAR,,AGREE,done,0,0,0,0,2.84,,,v1-2026-06-09,2026-06-09T16:04:40Z
CURI,Communication Services,164523088.0,CLEAR,CLEAR,,AGREE,done,0,0,0,0,3.52,,,v1-2026-06-09,2026-06-09T16:04:40Z
DERM,Health Care,164381248.0,AVOID,AVOID,cash_burn,CORROBORATED,done,0,0,1,0,11.39,API event/short-interest confirms the fundamentals AVOID,API distress/short-interest confirms,v1-2026-06-09,2026-06-09T16:04:40Z
WHG,Financials,163857392.0,CLEAR,CLEAR,,AGREE,done,0,0,0,0,7.62,,,v1-2026-06-09,2026-06-09T16:04:40Z
SPRO,Health Care,163282208.0,WATCH,WATCH,,AGREE,done,0,0,0,0,2.61,,,v1-2026-06-09,2026-06-09T16:04:40Z
CURV,Consumer Discretionary,163177488.0,AVOID,AVOID,insolvency,CORROBORATED,done,0,0,1,0,13.66,API event/short-interest confirms the fundamentals AVOID,API distress/short-interest confirms,v1-2026-06-09,2026-06-09T16:04:40Z
WW,Unknown,162479856.0,WATCH,WATCH,,AGREE,done,0,0,0,0,4.71,,,v1-2026-06-09,2026-06-09T16:04:40Z
KORE,Communication Services,161632352.0,AVOID,AVOID,insolvency,AVOID_unconfirmed,done,0,0,0,0,6.15,,no API distress/short signal (coverage may be thin),v1-2026-06-09,2026-06-09T16:04:40Z
CVGI,Industrials,161572800.0,DISTRESSED-RECOVERABLE,DISTRESSED-RECOVERABLE,,AGREE,done,0,0,0,0,1.0,,,v1-2026-06-09,2026-06-09T16:04:40Z
DOUG,Real Estate,160903760.0,WATCH,WATCH,,AGREE,done,0,0,0,0,4.54,,,v1-2026-06-09,2026-06-09T16:04:40Z
CNTX,Health Care,160788560.0,SKIP_lt2y,,,SKIP,skip,,,,,,,<2y data,v1-2026-06-09,2026-06-09T16:04:40Z
CNTN,Health Care,160551216.0,SKIP_lt2y,,,SKIP,skip,,,,,,,<2y data,v1-2026-06-09,2026-06-09T16:04:40Z
PLX,Health Care,160337568.0,WATCH,WATCH,,AGREE,done,0,0,0,0,3.89,,,v1-2026-06-09,2026-06-09T16:04:40Z
ONL,Financials,160260784.0,DISTRESSED-RECOVERABLE,DISTRESSED-RECOVERABLE,,AGREE,done,0,0,0,0,1.57,,,v1-2026-06-09,2026-06-09T16:04:40Z
JELD,Materials,160241456.0,WATCH,WATCH,,AGREE,done,0,0,0,0,5.39,,,v1-2026-06-09,2026-06-09T16:04:40Z
EMIS,Financials,160124704.0,SKIP_lt2y,,,SKIP,skip,,,,,,,<2y data,v1-2026-06-09,2026-06-09T16:04:40Z
BDSX,Health Care,160100800.0,AVOID,AVOID,insolvency,AVOID_unconfirmed,done,0,0,0,0,1.35,,no API distress/short signal (coverage may be thin),v1-2026-06-09,2026-06-09T16:04:40Z
FGBI,Financials,160032496.0,WATCH,WATCH,,AGREE,done,0,0,0,1,5.63,," | RAISE:First Guaranty Bancshares, Inc. Announces Private Placement",v1-2026-06-09,2026-06-09T16:04:40Z
TUSK,Energy,159926544.0,WATCH,WATCH,,AGREE,done,0,0,0,0,1.68,,,v1-2026-06-09,2026-06-09T16:04:40Z
LKSP,Financials,158973472.0,SKIP_lt2y,,,SKIP,skip,,,,,,,<2y data,v1-2026-06-09,2026-06-09T16:04:40Z
VERI,Information Technology,158952032.0,AVOID,AVOID,cash_burn,AVOID_unconfirmed,done,0,0,0,0,3.43,,no API distress/short signal (coverage may be thin),v1-2026-06-09,2026-06-09T16:04:40Z
ECBK,Financials,158884560.0,CLEAR,CLEAR,,AGREE,done,0,0,1,0,17.56,,,v1-2026-06-09,2026-06-09T16:04:40Z
ZJK,Unknown,158875952.0,CLEAR,CLEAR,,AGREE,done,0,0,0,1,1.0,," | RAISE:ZJK Industrial Co., Ltd. Announces Closing of Initial Public Offering",v1-2026-06-09,2026-06-09T16:04:40Z
SMID,Materials,158719024.0,CLEAR,CLEAR,,AGREE,done,0,0,1,0,18.27,,,v1-2026-06-09,2026-06-09T16:04:40Z
AMTX,Materials,158324576.0,AVOID,AVOID,insolvency,AVOID_unconfirmed,done,0,0,0,0,2.39,,no API distress/short signal (coverage may be thin),v1-2026-06-09,2026-06-09T16:04:40Z
PRQR,Unknown,158043824.0,AVOID,WATCH,cash_burn,OVERFLAG_recent_raise,done,0,0,0,1,1.75,downgraded from AVOID — recent capital raise extends runway / no event found,recent capital raise extends runway | RAISE:ProQR Announces Closing of Underwritten Public Offering and Concurrent Private Placement,v1-2026-06-09,2026-06-09T16:04:40Z
TNYA,Health Care,157996880.0,SKIP_lt2y,,,SKIP,skip,,,,,,,<2y data,v1-2026-06-09,2026-06-09T16:04:40Z
TLSA,Unknown,157801312.0,SKIP_lt2y,,,SKIP,skip,,,,,,,<2y data,v1-2026-06-09,2026-06-09T16:04:40Z
SHIM,Industrials,157796720.0,AVOID,AVOID,insolvency,AVOID_unconfirmed,done,0,0,0,1,1.0,,no API distress/short signal (coverage may be thin) | RAISE:Shimmick Corporation Announces Pricing of Initial Public Offering,v1-2026-06-09,2026-06-09T16:04:40Z
EPM,Energy,157614192.0,CLEAR,CLEAR,,AGREE,done,0,0,0,0,3.79,,,v1-2026-06-09,2026-06-09T16:04:40Z
TTRX,Health Care,157280864.0,SKIP_lt2y,,,SKIP,skip,,,,,,,<2y data,v1-2026-06-09,2026-06-09T16:04:40Z
SPEG,Financials,157166656.0,SKIP_lt2y,,,SKIP,skip,,,,,,,<2y data,v1-2026-06-09,2026-06-09T16:04:40Z
NRDY,Consumer Discretionary,157086880.0,WATCH,WATCH,,AGREE,done,0,0,1,0,21.76,,,v1-2026-06-09,2026-06-09T16:04:40Z
BRR,Unknown,156692192.0,SKIP_no_data,,,SKIP,skip,,,,,,,no cached fundamentals/context,v1-2026-06-09,2026-06-09T16:04:40Z
TLYS,Consumer Discretionary,156405600.0,DISTRESSED-RECOVERABLE,DISTRESSED-RECOVERABLE,,AGREE,done,0,0,0,0,2.97,,,v1-2026-06-09,2026-06-09T16:04:40Z
EGG,Industrials,155933120.0,SKIP_lt2y,,,SKIP,skip,,,,,,,<2y data,v1-2026-06-09,2026-06-09T16:04:40Z
GPRO,Information Technology,155714688.0,WATCH,WATCH,,AGREE,done,0,0,0,0,2.14,,,v1-2026-06-09,2026-06-09T16:04:40Z
RGP,Industrials,155511936.0,CLEAR,CLEAR,,AGREE,done,0,0,0,0,7.51,,,v1-2026-06-09,2026-06-09T16:04:40Z
QTRX,Health Care,155449728.0,AVOID,AVOID,cash_burn,AVOID_unconfirmed,done,0,0,0,0,2.96,,no API distress/short signal (coverage may be thin),v1-2026-06-09,2026-06-09T16:04:40Z
ABOS,Health Care,155289312.0,SKIP_lt2y,,,SKIP,skip,,,,,,,<2y data,v1-2026-06-09,2026-06-09T16:04:40Z
SLQT,Financials,155044960.0,WATCH,WATCH,,AGREE,done,0,0,0,0,1.09,,,v1-2026-06-09,2026-06-09T16:04:40Z
MRDN,Information Technology,154992112.0,CLEAR,CLEAR,,AGREE,done,0,0,0,0,1.14,,,v1-2026-06-09,2026-06-09T16:04:40Z
MRT,Consumer Discretionary,154698816.0,AVOID,AVOID,insolvency,AVOID_unconfirmed,done,0,0,0,0,4.93,,no API distress/short signal (coverage may be thin),v1-2026-06-09,2026-06-09T16:04:40Z
KRRO,Health Care,154609968.0,AVOID,AVOID,cash_burn,CORROBORATED,done,0,0,1,1,11.45,API event/short-interest confirms the fundamentals AVOID,API distress/short-interest confirms | RAISE:Korro Announces $70 Million Private Placement,v1-2026-06-09,2026-06-09T16:04:40Z
INVZ,Unknown,154092400.0,AVOID,AVOID,cash_burn,AVOID_unconfirmed,done,0,0,0,0,5.08,,no API distress/short signal (coverage may be thin),v1-2026-06-09,2026-06-09T16:04:40Z
BZUN,Unknown,154040240.0,SKIP_no_data,,,SKIP,skip,,,,,,,no cached fundamentals/context,v1-2026-06-09,2026-06-09T16:04:40Z
DOMO,Information Technology,153963424.0,AVOID,AVOID,insolvency,AVOID_unconfirmed,done,0,0,0,0,5.53,,no API distress/short signal (coverage may be thin),v1-2026-06-09,2026-06-09T16:04:40Z
MOLN,Unknown,153792016.0,SKIP_lt2y,,,SKIP,skip,,,,,,,<2y data,v1-2026-06-09,2026-06-09T16:04:40Z
MENS,Unknown,153575872.0,SKIP_lt2y,,,SKIP,skip,,,,,,,<2y data,v1-2026-06-09,2026-06-09T16:04:40Z
GALT,Health Care,153446560.0,SKIP_lt2y,,,SKIP,skip,,,,,,,<2y data,v1-2026-06-09,2026-06-09T16:04:40Z
MIST,Health Care,153132528.0,WATCH,WATCH,,AGREE,done,0,0,0,1,4.27,, | RAISE:Milestone Pharmaceuticals Announces Proposed Public Offering,v1-2026-06-09,2026-06-09T16:04:40Z
TCX,Information Technology,152074720.0,WATCH,WATCH,,AGREE,done,0,0,1,0,26.62,,,v1-2026-06-09,2026-06-09T16:04:40Z
YDDL,Unknown,151850336.0,SKIP_lt2y,,,SKIP,skip,,,,,,,<2y data,v1-2026-06-09,2026-06-09T16:04:40Z
ORMP,Health Care,151835760.0,WATCH,WATCH,,AGREE,done,0,0,0,0,3.42,,,v1-2026-06-09,2026-06-09T16:04:40Z
SRG,Real Estate,151513200.0,WATCH,WATCH,,AGREE,done,0,0,1,0,23.01,,,v1-2026-06-09,2026-06-09T16:04:40Z
ASRT,Health Care,151473504.0,WATCH,WATCH,,AGREE,done,0,0,0,0,1.0,,,v1-2026-06-09,2026-06-09T16:04:40Z
BRCC,Consumer Staples,150935168.0,AVOID,AVOID,cash_burn,AVOID_unconfirmed,done,0,0,0,0,3.36,,no API distress/short signal (coverage may be thin),v1-2026-06-09,2026-06-09T16:04:40Z
DOYU,Information Technology,150894304.0,WATCH,WATCH,,AGREE,done,0,0,0,0,2.62,,,v1-2026-06-09,2026-06-09T16:04:40Z
INAC,Financials,150796096.0,SKIP_lt2y,,,SKIP,skip,,,,,,,<2y data,v1-2026-06-09,2026-06-09T16:04:40Z
PLBY,Consumer Discretionary,150757184.0,DISTRESSED-RECOVERABLE,DISTRESSED-RECOVERABLE,,NEWS_NOTE,done,0,1,0,0,1.56,single news mention (kept screen bucket; investigate),single news mention of distress/fraud (investigate; not a screen error) | FR:PLBY Group to Restate 2023 Second and Third Quarter Financials,v1-2026-06-09,2026-06-09T16:04:40Z
YCY,Financials,149562784.0,SKIP_lt2y,,,SKIP,skip,,,,,,,<2y data,v1-2026-06-09,2026-06-09T16:04:40Z
OGI,Unknown,149221520.0,WATCH,WATCH,,AGREE,done,0,0,0,1,5.3,, | RAISE:Tobacco Giant Invests $30.8M In Cannabis Company: BAT Private Placement Second Of Three Tranches,v1-2026-06-09,2026-06-09T16:04:40Z
NNBR,Industrials,148293568.0,WATCH,WATCH,,AGREE,done,0,0,0,0,1.78,,,v1-2026-06-09,2026-06-09T16:04:40Z
NPWR,Information Technology,146717104.0,SKIP_lt2y,,,SKIP,skip,,,,,,,<2y data,v1-2026-06-09,2026-06-09T16:04:40Z
KVHI,Communication Services,146623088.0,CLEAR,CLEAR,,AGREE,done,0,0,0,0,1.0,,,v1-2026-06-09,2026-06-09T16:04:40Z
DHX,Industrials,145578960.0,DISTRESSED-RECOVERABLE,DISTRESSED-RECOVERABLE,,AGREE,done,0,0,0,0,1.0,,,v1-2026-06-09,2026-06-09T16:04:40Z
RAIL,Industrials,145060032.0,AVOID,AVOID,insolvency,AVOID_unconfirmed,done,0,0,0,0,1.03,,no API distress/short signal (coverage may be thin),v1-2026-06-09,2026-06-09T16:04:40Z
TORO,Unknown,144837456.0,WATCH,WATCH,,AGREE,done,0,0,0,0,1.32,,,v1-2026-06-09,2026-06-09T16:04:40Z
DIBS,Consumer Discretionary,144514064.0,WATCH,WATCH,,AGREE,done,0,0,0,0,2.55,,,v1-2026-06-09,2026-06-09T16:04:40Z
RDZN,Financials,144326640.0,AVOID,AVOID,insolvency,AVOID_unconfirmed,done,0,0,0,1,1.0,,no API distress/short signal (coverage may be thin) | RAISE:Roadzen Inc. Announces Pricing of Offering,v1-2026-06-09,2026-06-09T16:04:40Z
BNAI,Information Technology,144275424.0,AVOID,WATCH,cash_burn,OVERFLAG_recent_raise,done,0,0,0,1,1.78,downgraded from AVOID — recent capital raise extends runway / no event found,"recent capital raise extends runway | RAISE:Brand Engagement Network Secures $1.518M Premium Private Placement at $63.25 a Share, Strengthens Balance Sheet with $818K in Warr",v1-2026-06-09,2026-06-09T16:04:40Z
AMWL,Industrials,144027120.0,WATCH,WATCH,,AGREE,done,0,0,0,0,3.0,,,v1-2026-06-09,2026-06-09T16:04:40Z
SKYX,Information Technology,143897968.0,AVOID,AVOID,insolvency,AVOID_unconfirmed,done,0,0,0,0,2.19,,no API distress/short signal (coverage may be thin),v1-2026-06-09,2026-06-09T16:04:40Z
NFE,Utilities,143788496.0,AVOID,AVOID,cash_burn,CORROBORATED,done,1,0,0,0,6.55,API event/short-interest confirms the fundamentals AVOID,API distress/short-interest confirms | BK:New Fortress Energy Shares Plunge 17% As Recapitalization Plan Cuts Debt,v1-2026-06-09,2026-06-09T16:04:40Z
RMBI,Financials,143666096.0,CLEAR,CLEAR,,AGREE,done,0,0,0,0,4.94,,,v1-2026-06-09,2026-06-09T16:04:40Z
CVRX,Health Care,142763376.0,AVOID,AVOID,cash_burn,AVOID_unconfirmed,done,0,0,0,0,4.02,,no API distress/short signal (coverage may be thin),v1-2026-06-09,2026-06-09T16:04:40Z
HCAT,Information Technology,142615440.0,DISTRESSED-RECOVERABLE,DISTRESSED-RECOVERABLE,,AGREE,done,0,0,1,0,11.2,,,v1-2026-06-09,2026-06-09T16:04:40Z
RYDE,Unknown,140872832.0,AVOID,AVOID,cash_burn,AVOID_unconfirmed,done,0,0,0,0,5.43,,no API distress/short signal (coverage may be thin),v1-2026-06-09,2026-06-09T16:04:40Z
FNWD,Financials,140550848.0,CLEAR,CLEAR,,AGREE,done,0,0,1,0,15.94,,,v1-2026-06-09,2026-06-09T16:04:40Z
CMTL,Information Technology,140345040.0,WATCH,WATCH,,AGREE,done,0,0,0,0,1.73,,,v1-2026-06-09,2026-06-09T16:04:40Z
WATT,Information Technology,140223056.0,AVOID,AVOID,cash_burn,AVOID_unconfirmed,done,0,0,0,0,1.08,,no API distress/short signal (coverage may be thin),v1-2026-06-09,2026-06-09T16:04:40Z
CRBP,Health Care,140070144.0,SKIP_lt2y,,,SKIP,skip,,,,,,,<2y data,v1-2026-06-09,2026-06-09T16:04:40Z
LGCY,Consumer Discretionary,139931552.0,SKIP_lt2y,,,SKIP,skip,,,,,,,<2y data,v1-2026-06-09,2026-06-09T16:04:40Z
HOVR,Industrials,139584224.0,SKIP_lt2y,,,SKIP,skip,,,,,,,<2y data,v1-2026-06-09,2026-06-09T16:04:40Z
SBFG,Financials,139433088.0,CLEAR,CLEAR,,AGREE,done,0,0,1,0,20.08,,,v1-2026-06-09,2026-06-09T16:04:40Z
SPRB,Health Care,138797376.0,SKIP_lt2y,,,SKIP,skip,,,,,,,<2y data,v1-2026-06-09,2026-06-09T16:04:40Z
SPWR,Industrials,138630752.0,AVOID,AVOID,insolvency,CORROBORATED,done,1,0,0,0,6.55,API event/short-interest confirms the fundamentals AVOID,API distress/short-interest confirms | BK:SunPower Receives Notice of Deficiency from Nasdaq Related to Delayed Filing of Quarterly Report on Form 10-Q Filed on November 24,v1-2026-06-09,2026-06-09T16:04:40Z
HOFT,Consumer Discretionary,138490448.0,DISTRESSED-RECOVERABLE,DISTRESSED-RECOVERABLE,,AGREE,done,0,0,0,0,5.06,,,v1-2026-06-09,2026-06-09T16:04:40Z
BOOM,Materials,137959760.0,DISTRESSED-RECOVERABLE,DISTRESSED-RECOVERABLE,,AGREE,done,0,0,0,0,2.02,,,v1-2026-06-09,2026-06-09T16:04:40Z
RFAM,Financials,137800672.0,SKIP_no_data,,,SKIP,skip,,,,,,,no cached fundamentals/context,v1-2026-06-09,2026-06-09T16:04:40Z
AMBR,Financials,137641872.0,WATCH,WATCH,,AGREE,done,0,0,0,0,9.33,,,v1-2026-06-09,2026-06-09T16:04:40Z
ANTX,Health Care,137581728.0,SKIP_lt2y,,,SKIP,skip,,,,,,,<2y data,v1-2026-06-09,2026-06-09T16:04:40Z
AFBI,Financials,137141008.0,CLEAR,CLEAR,,AGREE,done,0,0,0,0,1.0,,,v1-2026-06-09,2026-06-09T16:04:40Z
HYPR,Health Care,136993056.0,AVOID,AVOID,cash_burn,AVOID_unconfirmed,done,0,0,0,0,1.97,,no API distress/short signal (coverage may be thin),v1-2026-06-09,2026-06-09T16:04:40Z
CNTB,Health Care,136631568.0,AVOID,AVOID,cash_burn,CORROBORATED,done,1,0,0,0,8.25,API event/short-interest confirms the fundamentals AVOID,API distress/short-interest confirms | BK:Connect Biopharma Announces Receipt of NASDAQ Deficiency Notice Regarding Minimum Bid Price Requirement,v1-2026-06-09,2026-06-09T16:04:40Z
NCSM,Energy,136475200.0,CLEAR,CLEAR,,AGREE,done,0,0,0,0,1.0,,,v1-2026-06-09,2026-06-09T16:04:40Z
SCPQ,Financials,136286000.0,SKIP_lt2y,,,SKIP,skip,,,,,,,<2y data,v1-2026-06-09,2026-06-09T16:04:40Z
HURC,Health Care,136213568.0,CLEAR,CLEAR,,AGREE,done,0,0,0,0,5.64,,,v1-2026-06-09,2026-06-09T16:04:40Z
BRCB,Consumer Discretionary,136124944.0,SKIP_lt2y,,,SKIP,skip,,,,,,,<2y data,v1-2026-06-09,2026-06-09T16:04:40Z
FORR,Industrials,135884000.0,CLEAR,CLEAR,,AGREE,done,0,0,1,0,23.72,,,v1-2026-06-09,2026-06-09T16:04:40Z
DLNG,Industrials,135704912.0,CLEAR,CLEAR,,AGREE,done,0,0,0,0,2.22,,,v1-2026-06-09,2026-06-09T16:04:40Z
AXR,Real Estate,135441728.0,CLEAR,CLEAR,,AGREE,done,0,0,0,0,3.12,,,v1-2026-06-09,2026-06-09T16:04:40Z
ACR,Financials,135440816.0,DISTRESSED-RECOVERABLE,DISTRESSED-RECOVERABLE,,AGREE,done,0,0,1,0,11.23,,,v1-2026-06-09,2026-06-09T16:04:40Z
OWLT,Health Care,135435456.0,WATCH,WATCH,,AGREE,done,0,0,0,0,3.11,,,v1-2026-06-09,2026-06-09T16:04:40Z
CANG,Unknown,134962272.0,SKIP_no_data,,,SKIP,skip,,,,,,,no cached fundamentals/context,v1-2026-06-09,2026-06-09T16:04:40Z
GRO,Unknown,134848816.0,SKIP_lt2y,,,SKIP,skip,,,,,,,<2y data,v1-2026-06-09,2026-06-09T16:04:40Z
CLPR,Financials,134645632.0,AVOID,AVOID,insolvency,AVOID_unconfirmed,done,0,0,0,0,7.55,,no API distress/short signal (coverage may be thin),v1-2026-06-09,2026-06-09T16:04:40Z
MED,Consumer Staples,134541296.0,CLEAR,CLEAR,,AGREE,done,0,0,0,0,9.33,,,v1-2026-06-09,2026-06-09T16:04:40Z
AGEN,Health Care,134505056.0,AVOID,AVOID,insolvency,AVOID_unconfirmed,done,0,0,0,0,6.08,,no API distress/short signal (coverage may be thin),v1-2026-06-09,2026-06-09T16:04:40Z
NNOX,Unknown,134309136.0,AVOID,WATCH,cash_burn,OVERFLAG_recent_raise,done,0,0,0,1,9.59,downgraded from AVOID — recent capital raise extends runway / no event found,recent capital raise extends runway | RAISE:Nanox Announces $15 Million Registered Direct Offering of Common Stock,v1-2026-06-09,2026-06-09T16:04:40Z
BYRN,Information Technology,134299088.0,WATCH,WATCH,,AGREE,done,0,0,0,0,6.51,,,v1-2026-06-09,2026-06-09T16:04:40Z
CAAS,Unknown,133656208.0,SKIP_no_data,,,SKIP,skip,,,,,,,no cached fundamentals/context,v1-2026-06-09,2026-06-09T16:04:40Z
CODA,Health Care,133058592.0,CLEAR,CLEAR,,AGREE,done,0,0,0,0,1.8,,,v1-2026-06-09,2026-06-09T16:04:40Z
SKLZ,Information Technology,131571712.0,WATCH,WATCH,,AGREE,done,0,0,0,0,2.36,,,v1-2026-06-09,2026-06-09T16:04:40Z
GNLX,Health Care,131382424.0,AVOID,AVOID,cash_burn,CORROBORATED,done,0,0,1,1,15.08,API event/short-interest confirms the fundamentals AVOID,API distress/short-interest confirms | RAISE:Genelux Corporation Announces Pricing of Approximately $27.5 Million Underwritten Offering of Common Stock and Accompanying Warran,v1-2026-06-09,2026-06-09T16:04:40Z
AMPG,Information Technology,131254976.0,AVOID,WATCH,cash_burn,OVERFLAG_recent_raise,done,0,0,0,1,1.66,downgraded from AVOID — recent capital raise extends runway / no event found,recent capital raise extends runway | RAISE:AmpliTech Group Announces Pricing of $9 Million Unit Offering,v1-2026-06-09,2026-06-09T16:04:40Z
ADCT,Health Care,131006888.0,AVOID,AVOID,insolvency,AVOID_unconfirmed,done,0,0,0,0,3.95,,no API distress/short signal (coverage may be thin),v1-2026-06-09,2026-06-09T16:04:40Z
CHGG,Consumer Discretionary,130991840.0,DISTRESSED-RECOVERABLE,DISTRESSED-RECOVERABLE,,AGREE,done,0,0,0,0,1.84,,,v1-2026-06-09,2026-06-09T16:04:40Z
EML,Materials,129664648.0,CLEAR,CLEAR,,AGREE,done,0,0,1,0,12.69,,,v1-2026-06-09,2026-06-09T16:04:40Z
MVIS,Information Technology,129495776.0,AVOID,AVOID,cash_burn,AVOID_unconfirmed,done,0,0,0,0,6.92,,no API distress/short signal (coverage may be thin),v1-2026-06-09,2026-06-09T16:04:40Z
CPSH,Materials,129483968.0,CLEAR,CLEAR,,AGREE,done,0,0,0,0,1.54,,,v1-2026-06-09,2026-06-09T16:04:40Z
RCEL,Health Care,128646552.0,AVOID,AVOID,insolvency,CORROBORATED,done,0,0,1,0,11.15,API event/short-interest confirms the fundamentals AVOID,API distress/short-interest confirms,v1-2026-06-09,2026-06-09T16:04:40Z
AFJK,Financials,127919816.0,SKIP_lt2y,,,SKIP,skip,,,,,,,<2y data,v1-2026-06-09,2026-06-09T16:04:40Z
USBC,Financials,127699512.0,SKIP_lt2y,,,SKIP,skip,,,,,,,<2y data,v1-2026-06-09,2026-06-09T16:04:40Z
SIF,Industrials,127083880.0,DISTRESSED-RECOVERABLE,DISTRESSED-RECOVERABLE,,AGREE,done,0,0,0,0,1.0,,,v1-2026-06-09,2026-06-09T16:04:40Z
SNWV,Health Care,126920888.0,SKIP_lt2y,,,SKIP,skip,,,,,,,<2y data,v1-2026-06-09,2026-06-09T16:04:40Z
HCHL,Unknown,126838704.0,SKIP_lt2y,,,SKIP,skip,,,,,,,<2y data,v1-2026-06-09,2026-06-09T16:04:40Z
ACOG,Health Care,126725288.0,WATCH,WATCH,,AGREE,done,0,0,0,0,5.67,,,v1-2026-06-09,2026-06-09T16:04:40Z
VTVT,Health Care,126588336.0,SKIP_lt2y,,,SKIP,skip,,,,,,,<2y data,v1-2026-06-09,2026-06-09T16:04:40Z
DLTH,Consumer Discretionary,126587272.0,DISTRESSED-RECOVERABLE,DISTRESSED-RECOVERABLE,,AGREE,done,0,0,0,0,5.82,,,v1-2026-06-09,2026-06-09T16:04:40Z
NTCL,Unknown,125880096.0,SKIP_lt2y,,,SKIP,skip,,,,,,,<2y data,v1-2026-06-09,2026-06-09T16:04:40Z
LFVN,Health Care,125779752.0,CLEAR,CLEAR,,AGREE,done,0,0,1,0,13.8,,,v1-2026-06-09,2026-06-09T16:04:40Z
CMCM,Information Technology,125396056.0,WATCH,WATCH,,AGREE,done,0,0,0,0,2.03,,,v1-2026-06-09,2026-06-09T16:04:40Z
HURA,Health Care,125136168.0,SKIP_lt2y,,,SKIP,skip,,,,,,,<2y data,v1-2026-06-09,2026-06-09T16:04:40Z
ANNA,Energy,124457600.0,CLEAR,CLEAR,,AGREE,done,0,0,0,0,1.0,,,v1-2026-06-09,2026-06-09T16:04:40Z
CUE,Health Care,123742104.0,AVOID,WATCH,cash_burn,OVERFLAG_recent_raise,done,0,0,0,1,1.0,downgraded from AVOID — recent capital raise extends runway / no event found,recent capital raise extends runway | RAISE:Cue Biopharma Announces Pricing of Approximately $20 Million Public Offering,v1-2026-06-09,2026-06-09T16:04:40Z
DWSN,Energy,123590304.0,DISTRESSED-RECOVERABLE,DISTRESSED-RECOVERABLE,,AGREE,done,0,0,0,0,1.0,,,v1-2026-06-09,2026-06-09T16:04:40Z
MBOT,Health Care,123583232.0,SKIP_lt2y,,,SKIP,skip,,,,,,,<2y data,v1-2026-06-09,2026-06-09T16:04:40Z
AOUT,Consumer Discretionary,123564408.0,DISTRESSED-RECOVERABLE,DISTRESSED-RECOVERABLE,,AGREE,done,0,0,1,0,21.9,,,v1-2026-06-09,2026-06-09T16:04:40Z
PNBK,Financials,123475704.0,WATCH,WATCH,,AGREE,done,0,0,0,0,8.58,,,v1-2026-06-09,2026-06-09T16:04:40Z
BSET,Consumer Discretionary,122963672.0,CLEAR,CLEAR,,AGREE,done,0,0,1,0,18.57,,,v1-2026-06-09,2026-06-09T16:04:40Z
NXTT,Information Technology,122785648.0,WATCH,WATCH,,AGREE,done,0,0,0,1,1.0,," | RAISE:Univest Securities, LLC Announces Closing of $9 Million Registered Direct Offering for its Client Next Technology Holding Inc. (NA",v1-2026-06-09,2026-06-09T16:04:40Z
YOOV,Unknown,122753736.0,SKIP_lt2y,,,SKIP,skip,,,,,,,<2y data,v1-2026-06-09,2026-06-09T16:04:40Z
ACNT,Materials,122467816.0,WATCH,WATCH,,AGREE,done,0,0,0,0,4.98,,,v1-2026-06-09,2026-06-09T16:04:40Z
MXCT,Industrials,122118704.0,WATCH,WATCH,,AGREE,done,0,0,0,0,3.77,,,v1-2026-06-09,2026-06-09T16:04:40Z
LIXT,Health Care,121705152.0,SKIP_lt2y,,,SKIP,skip,,,,,,,<2y data,v1-2026-06-09,2026-06-09T16:04:40Z
BRLT,Consumer Discretionary,120429432.0,CLEAR,CLEAR,,AGREE,done,0,0,0,1,2.38,, | RAISE:BrilliA Inc Announces Pricing of Initial Public Offering,v1-2026-06-09,2026-06-09T16:04:40Z
SCOR,Industrials,119994880.0,DISTRESSED-RECOVERABLE,DISTRESSED-RECOVERABLE,,AGREE,done,0,0,0,0,1.39,,,v1-2026-06-09,2026-06-09T16:04:40Z
LASE,Information Technology,119561616.0,AVOID,AVOID,insolvency,AVOID_unconfirmed,done,0,0,0,0,1.14,,no API distress/short signal (coverage may be thin),v1-2026-06-09,2026-06-09T16:04:40Z
USGO,Materials,119254976.0,SKIP_lt2y,,,SKIP,skip,,,,,,,<2y data,v1-2026-06-09,2026-06-09T16:04:40Z
TEAD,Information Technology,118329552.0,DISTRESSED-RECOVERABLE,DISTRESSED-RECOVERABLE,,AGREE,done,0,0,1,0,11.51,,,v1-2026-06-09,2026-06-09T16:04:40Z
JYNT,Financials,118177232.0,CLEAR,WATCH,,UNDERFLAG_fraud_event,done,0,1,0,0,9.55,promoted — ≥2 live fraud/SEC/short-seller news articles,2 live news articles show a fraud/SEC/restatement event the screen missed | FR:The Joint Corp. Expects to Restate Full Year 2024 and First Quarter 2025 Financial Statements due to Overestimated Noncash Impairm,v1-2026-06-09,2026-06-09T16:04:40Z
ZENA,Unknown,117613208.0,AVOID,AVOID,cash_burn,AVOID_unconfirmed,done,0,0,0,0,1.09,,no API distress/short signal (coverage may be thin),v1-2026-06-09,2026-06-09T16:04:40Z
MB,Unknown,117511752.0,SKIP_lt2y,,,SKIP,skip,,,,,,,<2y data,v1-2026-06-09,2026-06-09T16:04:40Z
SDA,Unknown,117310760.0,DISTRESSED-RECOVERABLE,DISTRESSED-RECOVERABLE,,AGREE,done,0,0,0,1,1.17,, | RAISE:SunCar Technology Group Inc. Announces a $22 Million Private Placement,v1-2026-06-09,2026-06-09T16:04:40Z
OXSQ,Unknown,116908864.0,DISTRESSED-RECOVERABLE,DISTRESSED-RECOVERABLE,,AGREE,done,0,0,0,0,1.9,,,v1-2026-06-09,2026-06-09T16:04:40Z
QUMS,Financials,116633008.0,SKIP_no_data,,,SKIP,skip,,,,,,,no cached fundamentals/context,v1-2026-06-09,2026-06-09T16:04:40Z
PGAC,Financials,116539528.0,SKIP_lt2y,,,SKIP,skip,,,,,,,<2y data,v1-2026-06-09,2026-06-09T16:04:40Z
SANG,Unknown,116475768.0,DISTRESSED-RECOVERABLE,DISTRESSED-RECOVERABLE,,AGREE,done,0,0,1,0,10.3,,,v1-2026-06-09,2026-06-09T16:04:40Z
RVSB,Financials,116396312.0,CLEAR,CLEAR,,AGREE,done,0,0,1,0,13.81,,,v1-2026-06-09,2026-06-09T16:04:40Z
TSQ,Communication Services,116161032.0,AVOID,AVOID,insolvency,AVOID_unconfirmed,done,0,0,0,0,4.11,,no API distress/short signal (coverage may be thin),v1-2026-06-09,2026-06-09T16:04:40Z
PLYX,Health Care,116141160.0,SKIP_no_data,,,SKIP,skip,,,,,,,no cached fundamentals/context,v1-2026-06-09,2026-06-09T16:04:40Z
PODC,Information Technology,115999200.0,WATCH,WATCH,,AGREE,done,0,0,0,0,1.0,,,v1-2026-06-09,2026-06-09T16:04:40Z
CGTX,Health Care,115452440.0,SKIP_lt2y,,,SKIP,skip,,,,,,,<2y data,v1-2026-06-09,2026-06-09T16:04:40Z
OTLK,Health Care,115407616.0,AVOID,AVOID,insolvency,AVOID_unconfirmed,done,0,0,0,1,2.19,,no API distress/short signal (coverage may be thin) | RAISE:Outlook Therapeutics Announces Pricing of $5.0 Million Registered Direct Offering Priced At-the-Market Under Nasdaq Rules,v1-2026-06-09,2026-06-09T16:04:40Z
CHAR,Financials,115358424.0,SKIP_lt2y,,,SKIP,skip,,,,,,,<2y data,v1-2026-06-09,2026-06-09T16:04:40Z
NTHI,Health Care,114978064.0,SKIP_lt2y,,,SKIP,skip,,,,,,,<2y data,v1-2026-06-09,2026-06-09T16:04:40Z
BSBK,Financials,114789792.0,CLEAR,CLEAR,,AGREE,done,0,0,0,0,1.13,,,v1-2026-06-09,2026-06-09T16:04:40Z
RANI,Health Care,114042744.0,WATCH,WATCH,,AGREE,done,0,0,0,1,8.45,," | RAISE:Rani Therapeutics Holdings, Inc. Announces Pricing of $20.0 Million Registered Direct Offering of Class A Common Stock Priced At-T",v1-2026-06-09,2026-06-09T16:04:40Z
SPAI,Health Care,113609680.0,WATCH,WATCH,,AGREE,done,0,0,0,1,1.0,, | RAISE:Spartan Capital Securities Announces Successful Role as Co-Manager in Safe Pro Group Inc.’s $5.1 Million Initial Public Offering,v1-2026-06-09,2026-06-09T16:04:40Z
LUD,Unknown,113450000.0,SKIP_lt2y,,,SKIP,skip,,,,,,,<2y data,v1-2026-06-09,2026-06-09T16:04:40Z
RPT,Financials,112935352.0,SKIP_lt2y,,,SKIP,skip,,,,,,,<2y data,v1-2026-06-09,2026-06-09T16:04:40Z
BDTX,Health Care,112884504.0,CLEAR,CLEAR,,AGREE,done,0,0,0,1,5.5,, | RAISE:Black Diamond Therapeutics Announces Pricing of Public Offering of Common Stock,v1-2026-06-09,2026-06-09T16:04:40Z
PYXS,Health Care,112772752.0,AVOID,AVOID,cash_burn,AVOID_unconfirmed,done,0,0,0,0,2.11,,no API distress/short signal (coverage may be thin),v1-2026-06-09,2026-06-09T16:04:40Z
ALOT,Information Technology,111975416.0,DISTRESSED-RECOVERABLE,DISTRESSED-RECOVERABLE,,AGREE,done,0,0,0,0,1.0,,,v1-2026-06-09,2026-06-09T16:04:40Z
RENT,Consumer Discretionary,111842800.0,AVOID,AVOID,insolvency,CORROBORATED,done,0,0,1,0,13.4,API event/short-interest confirms the fundamentals AVOID,API distress/short-interest confirms,v1-2026-06-09,2026-06-09T16:04:40Z
ARBE,Information Technology,111611272.0,AVOID,WATCH,cash_burn,OVERFLAG_recent_raise,done,0,0,0,1,4.18,downgraded from AVOID — recent capital raise extends runway / no event found,recent capital raise extends runway | RAISE:Arbe Robotics Ltd. Announces $29 Million Underwritten Registered Direct Offering,v1-2026-06-09,2026-06-09T16:04:40Z
ARQ,Materials,111608264.0,WATCH,WATCH,,AGREE,done,0,0,0,1,4.29,," | RAISE:Arq, Inc. Announces Proposed Public Offering of Common Stock",v1-2026-06-09,2026-06-09T16:04:40Z
PUSA,Communication Services,111480152.0,SKIP_lt2y,,,SKIP,skip,,,,,,,<2y data,v1-2026-06-09,2026-06-09T16:04:40Z
ULBI,Information Technology,111433120.0,DISTRESSED-RECOVERABLE,DISTRESSED-RECOVERABLE,,AGREE,done,0,0,0,0,1.69,,,v1-2026-06-09,2026-06-09T16:04:40Z
EXFY,Information Technology,110903832.0,CLEAR,CLEAR,,AGREE,done,0,0,0,0,4.65,,,v1-2026-06-09,2026-06-09T16:04:40Z
BZFD,Communication Services,110622960.0,AVOID,AVOID,cash_burn,CORROBORATED,done,1,0,0,0,1.0,API event/short-interest confirms the fundamentals AVOID,API distress/short-interest confirms | BK:Vice Media and six other companies filed for bankruptcy over the weekend,v1-2026-06-09,2026-06-09T16:04:40Z
SRFM,Industrials,110436560.0,AVOID,AVOID,insolvency,AVOID_unconfirmed,done,0,0,0,0,2.5,,no API distress/short signal (coverage may be thin),v1-2026-06-09,2026-06-09T16:04:40Z
CLAR,Consumer Discretionary,110327064.0,WATCH,WATCH,,AGREE,done,0,0,0,0,4.54,,,v1-2026-06-09,2026-06-09T16:04:40Z
MGYR,Financials,110189528.0,CLEAR,CLEAR,,AGREE,done,0,0,0,0,4.27,,,v1-2026-06-09,2026-06-09T16:04:40Z
ENGN,Health Care,109862720.0,SKIP_lt2y,,,SKIP,skip,,,,,,,<2y data,v1-2026-06-09,2026-06-09T16:04:40Z
OCC,Materials,109019640.0,DISTRESSED-RECOVERABLE,DISTRESSED-RECOVERABLE,,AGREE,done,0,0,0,0,1.03,,,v1-2026-06-09,2026-06-09T16:04:40Z
BAER,Industrials,108935136.0,AVOID,AVOID,insolvency,AVOID_unconfirmed,done,0,0,0,1,1.45,,no API distress/short signal (coverage may be thin) | RAISE:Bridger Aerospace Announces Closing of $9.8 Million Registered Direct Offering,v1-2026-06-09,2026-06-09T16:04:40Z
STHO,Real Estate,108859384.0,WATCH,WATCH,,AGREE,done,0,0,0,0,5.39,,,v1-2026-06-09,2026-06-09T16:04:40Z
WYY,Information Technology,108462376.0,CLEAR,CLEAR,,AGREE,done,0,0,0,0,1.0,,,v1-2026-06-09,2026-06-09T16:04:40Z
GUTS,Health Care,107659184.0,SKIP_lt2y,,,SKIP,skip,,,,,,,<2y data,v1-2026-06-09,2026-06-09T16:04:40Z
NEOV,Information Technology,107616592.0,AVOID,WATCH,cash_burn,OVERFLAG_recent_raise,done,0,0,0,1,8.39,downgraded from AVOID — recent capital raise extends runway / no event found,recent capital raise extends runway | RAISE:NeoVolta Announces Closing of Underwriters’ Option to Purchase Additional Shares of Common Stock in Connection with its Underwritt,v1-2026-06-09,2026-06-09T16:04:40Z
AMCI,Consumer Discretionary,107577736.0,AVOID,AVOID,cash_burn,AVOID_unconfirmed,done,0,0,0,0,1.87,,no API distress/short signal (coverage may be thin),v1-2026-06-09,2026-06-09T16:04:40Z
EP,Energy,107438952.0,AVOID,AVOID,insolvency,CORROBORATED,done,0,0,1,0,32.23,API event/short-interest confirms the fundamentals AVOID,API distress/short-interest confirms,v1-2026-06-09,2026-06-09T16:04:40Z
UNB,Financials,107322848.0,CLEAR,CLEAR,,AGREE,done,0,0,0,1,3.04,, | RAISE:Union Bankshares Announces Completion of $16.5 Million Private Placement of Subordinated Notes,v1-2026-06-09,2026-06-09T16:04:40Z
KEQU,Health Care,107231144.0,CLEAR,CLEAR,,AGREE,done,0,0,1,0,21.96,,,v1-2026-06-09,2026-06-09T16:04:40Z
TTEC,Information Technology,106075272.0,DISTRESSED-RECOVERABLE,DISTRESSED-RECOVERABLE,,AGREE,done,0,0,1,0,11.11,,,v1-2026-06-09,2026-06-09T16:04:40Z
SDHC,Industrials,105843224.0,WATCH,WATCH,,AGREE,done,0,0,1,0,10.1,,,v1-2026-06-09,2026-06-09T16:04:40Z
PROV,Financials,105812456.0,CLEAR,CLEAR,,AGREE,done,0,0,0,0,5.64,,,v1-2026-06-09,2026-06-09T16:04:40Z
TRT,Industrials,105676656.0,DISTRESSED-RECOVERABLE,DISTRESSED-RECOVERABLE,,AGREE,done,0,0,0,0,1.0,,,v1-2026-06-09,2026-06-09T16:04:40Z
KLRS,Health Care,105637712.0,SKIP_lt2y,,,SKIP,skip,,,,,,,<2y data,v1-2026-06-09,2026-06-09T16:04:40Z
JXG,Unknown,105539600.0,AVOID,AVOID,cash_burn,AVOID_unconfirmed,done,0,0,0,0,1.02,,no API distress/short signal (coverage may be thin),v1-2026-06-09,2026-06-09T16:04:40Z
CBUS,Materials,104456808.0,AVOID,AVOID,cash_burn,CORROBORATED,done,0,0,1,1,16.49,API event/short-interest confirms the fundamentals AVOID,"API distress/short-interest confirms | RAISE:Cibus, Inc. Announces Closing of $27.5 Million Public Offering",v1-2026-06-09,2026-06-09T16:04:40Z
BOTJ,Financials,104269632.0,CLEAR,CLEAR,,AGREE,done,0,0,0,0,1.0,,,v1-2026-06-09,2026-06-09T16:04:40Z
ATLX,Materials,104102832.0,AVOID,AVOID,cash_burn,AVOID_unconfirmed,done,0,0,0,0,1.04,,no API distress/short signal (coverage may be thin),v1-2026-06-09,2026-06-09T16:04:40Z
VRCA,Health Care,103759880.0,AVOID,AVOID,cash_burn,AVOID_unconfirmed,done,0,0,0,0,3.56,,no API distress/short signal (coverage may be thin),v1-2026-06-09,2026-06-09T16:04:40Z
COYA,Health Care,103680752.0,WATCH,WATCH,,AGREE,done,0,0,0,0,4.03,,,v1-2026-06-09,2026-06-09T16:04:40Z
XGN,Health Care,103645712.0,WATCH,WATCH,,AGREE,done,0,0,0,0,1.0,,,v1-2026-06-09,2026-06-09T16:04:40Z
REKR,Information Technology,103027200.0,AVOID,AVOID,cash_burn,AVOID_unconfirmed,done,0,0,0,0,2.7,,no API distress/short signal (coverage may be thin),v1-2026-06-09,2026-06-09T16:04:40Z
TZOO,Information Technology,102591488.0,CLEAR,CLEAR,,AGREE,done,0,0,0,0,4.04,,,v1-2026-06-09,2026-06-09T16:04:40Z
CRDF,Health Care,102554848.0,AVOID,AVOID,cash_burn,CORROBORATED,done,0,0,1,1,26.88,API event/short-interest confirms the fundamentals AVOID,API distress/short-interest confirms | RAISE:Cardiff Oncology Prices Oversubscribed $40 Million Underwritten Registered Direct Offering,v1-2026-06-09,2026-06-09T16:04:40Z
MMLP,Industrials,102506680.0,DISTRESSED-RECOVERABLE,DISTRESSED-RECOVERABLE,,AGREE,done,0,0,0,0,2.88,,,v1-2026-06-09,2026-06-09T16:04:40Z
PZG,Materials,102083424.0,SKIP_lt2y,,,SKIP,skip,,,,,,,<2y data,v1-2026-06-09,2026-06-09T16:04:40Z
VANI,Health Care,101757416.0,SKIP_lt2y,,,SKIP,skip,,,,,,,<2y data,v1-2026-06-09,2026-06-09T16:04:40Z
ZVIA,Consumer Staples,101203088.0,WATCH,WATCH,,AGREE,done,0,0,0,0,1.81,,,v1-2026-06-09,2026-06-09T16:04:40Z
BUDA,Consumer Staples,101161664.0,SKIP_no_data,,,SKIP,skip,,,,,,,no cached fundamentals/context,v1-2026-06-09,2026-06-09T16:04:40Z
SFBC,Financials,100698928.0,CLEAR,CLEAR,,AGREE,done,0,0,1,0,17.21,,,v1-2026-06-09,2026-06-09T16:04:40Z
HFFG,Industrials,99999032.0,DISTRESSED-RECOVERABLE,DISTRESSED-RECOVERABLE,,AGREE,done,0,0,0,0,5.93,,,v1-2026-06-09,2026-06-09T16:04:40Z
CCLD,Information Technology,99858424.0,CLEAR,CLEAR,,AGREE,done,0,0,0,0,1.0,,,v1-2026-06-09,2026-06-09T16:04:40Z
ONCY,Health Care,99803872.0,SKIP_lt2y,,,SKIP,skip,,,,,,,<2y data,v1-2026-06-09,2026-06-09T16:04:40Z
GEOS,Health Care,99604144.0,AVOID,AVOID,cash_burn,AVOID_unconfirmed,done,0,0,0,0,2.08,,no API distress/short signal (coverage may be thin),v1-2026-06-09,2026-06-09T16:04:40Z
ZEO,Industrials,99493384.0,AVOID,AVOID,cash_burn,AVOID_unconfirmed,done,0,0,0,0,3.18,,no API distress/short signal (coverage may be thin),v1-2026-06-09,2026-06-09T16:04:40Z
RPID,Health Care,99145400.0,AVOID,WATCH,cash_burn,OVERFLAG_recent_raise,done,0,0,0,1,5.16,downgraded from AVOID — recent capital raise extends runway / no event found,recent capital raise extends runway | RAISE:Rapid Micro Biosystems Announces Pricing of Up to Approximately $32 Million Underwritten Offering,v1-2026-06-09,2026-06-09T16:04:40Z
BLNK,Information Technology,98867760.0,AVOID,AVOID,cash_burn,CORROBORATED,done,1,1,0,0,5.16,API event/short-interest confirms the fundamentals AVOID,API distress/short-interest confirms | BK:Blink Charging Co. Announces Filing of Form 10-K for 2024,v1-2026-06-09,2026-06-09T16:04:40Z
FURY,Unknown,98488480.0,SKIP_lt2y,,,SKIP,skip,,,,,,,<2y data,v1-2026-06-09,2026-06-09T16:04:40Z
SEER,Health Care,98416976.0,WATCH,WATCH,,AGREE,done,0,0,0,0,1.1,,,v1-2026-06-09,2026-06-09T16:04:40Z
ALDX,Health Care,98323344.0,SKIP_lt2y,,,SKIP,skip,,,,,,,<2y data,v1-2026-06-09,2026-06-09T16:04:40Z
SSTI,Information Technology,98190840.0,CLEAR,CLEAR,,AGREE,done,0,0,0,0,5.94,,,v1-2026-06-09,2026-06-09T16:04:40Z
ISPR,Consumer Staples,97578976.0,WATCH,WATCH,,AGREE,done,0,0,1,1,12.49,, | RAISE:Ispire Technology Inc. Raises Approximately $8 Million in Private Placement of Common Stock to Support Long-Term Growth Strategy,v1-2026-06-09,2026-06-09T16:04:40Z
PEPG,Health Care,97528592.0,SKIP_lt2y,,,SKIP,skip,,,,,,,<2y data,v1-2026-06-09,2026-06-09T16:04:40Z
BNR,Health Care,97131816.0,WATCH,WATCH,,AGREE,done,0,0,0,0,3.69,,,v1-2026-06-09,2026-06-09T16:04:40Z
AMTD,Unknown,96808208.0,SKIP_no_data,,,SKIP,skip,,,,,,,no cached fundamentals/context,v1-2026-06-09,2026-06-09T16:04:40Z
HERE,Unknown,96804616.0,CLEAR,CLEAR,,AGREE,done,0,0,1,0,11.72,,,v1-2026-06-09,2026-06-09T16:04:40Z
GRWG,Consumer Discretionary,96746360.0,WATCH,WATCH,,AGREE,done,0,0,0,0,2.7,,,v1-2026-06-09,2026-06-09T16:04:40Z
IPWR,Information Technology,96528568.0,AVOID,WATCH,cash_burn,OVERFLAG_recent_raise,done,0,0,0,1,1.0,downgraded from AVOID — recent capital raise extends runway / no event found,recent capital raise extends runway | RAISE:Ideal Power Announces Pricing of $14 Million Financing of Common Stock,v1-2026-06-09,2026-06-09T16:04:40Z
INVE,Information Technology,96264912.0,WATCH,WATCH,,AGREE,done,0,0,0,0,1.35,,,v1-2026-06-09,2026-06-09T16:04:40Z
OPRX,Industrials,95889544.0,CLEAR,CLEAR,,AGREE,done,0,0,0,0,3.17,,,v1-2026-06-09,2026-06-09T16:04:40Z
DTI,Industrials,95578344.0,DISTRESSED-RECOVERABLE,DISTRESSED-RECOVERABLE,,AGREE,done,0,0,0,0,1.0,,,v1-2026-06-09,2026-06-09T16:04:40Z
AISP,Information Technology,95053184.0,AVOID,AVOID,insolvency,AVOID_unconfirmed,done,0,0,0,0,8.59,,no API distress/short signal (coverage may be thin),v1-2026-06-09,2026-06-09T16:04:40Z
STAK,Unknown,94707016.0,SKIP_lt2y,,,SKIP,skip,,,,,,,<2y data,v1-2026-06-09,2026-06-09T16:04:40Z
AKA,Consumer Discretionary,94693304.0,DISTRESSED-RECOVERABLE,DISTRESSED-RECOVERABLE,,AGREE,done,0,0,0,0,1.57,,,v1-2026-06-09,2026-06-09T16:04:40Z
DH,Information Technology,94655248.0,CLEAR,CLEAR,,AGREE,done,0,0,0,0,8.61,,,v1-2026-06-09,2026-06-09T16:04:40Z
SUIG,Financials,94653000.0,WATCH,WATCH,,AGREE,done,0,0,0,0,1.0,,,v1-2026-06-09,2026-06-09T16:04:40Z
SEAT,Communication Services,94271984.0,AVOID,AVOID,insolvency,AVOID_unconfirmed,done,0,0,0,1,6.69,,no API distress/short signal (coverage may be thin) | RAISE:Vivid Seats Announces Pricing of Secondary Offering and Repurchase of Class A Common Stock,v1-2026-06-09,2026-06-09T16:04:40Z
JDZG,Unknown,94000000.0,WATCH,WATCH,,NEWS_NOTE,done,1,0,0,1,1.0,single news mention (kept screen bucket; investigate),single news mention of distress/fraud (investigate; not a screen error) | BK:JIADE LIMITED Receives Nasdaq Notification Letter Regarding Minimum Bid Price Deficiency,v1-2026-06-09,2026-06-09T16:04:40Z
EMPD,Consumer Discretionary,93325568.0,AVOID,AVOID,cash_burn,AVOID_unconfirmed,done,0,0,0,0,5.59,,no API distress/short signal (coverage may be thin),v1-2026-06-09,2026-06-09T16:04:40Z
FNWB,Financials,93251840.0,WATCH,WATCH,,AGREE,done,0,0,0,0,1.46,,,v1-2026-06-09,2026-06-09T16:04:40Z
FTLF,Materials,92689880.0,DISTRESSED-RECOVERABLE,DISTRESSED-RECOVERABLE,,AGREE,done,0,0,0,0,5.71,,,v1-2026-06-09,2026-06-09T16:04:40Z
BNC,Materials,92655016.0,WATCH,WATCH,,UNDERFLAG_fraud_event,done,0,1,0,0,4.93,promoted — ≥2 live fraud/SEC/short-seller news articles,"2 live news articles show a fraud/SEC/restatement event the screen missed | FR:YZi Labs Highlights Systemic Governance Breakdown at CEA Industries; Condemns Nearly $2 Million ""Golden Parachute"" for Outgoing CE",v1-2026-06-09,2026-06-09T16:04:40Z
SLSN,Materials,92528504.0,SKIP_lt2y,,,SKIP,skip,,,,,,,<2y data,v1-2026-06-09,2026-06-09T16:04:40Z
RLYB,Health Care,92510000.0,AVOID,AVOID,cash_burn,AVOID_unconfirmed,done,0,0,0,0,1.0,,no API distress/short signal (coverage may be thin),v1-2026-06-09,2026-06-09T16:04:40Z
NXXT,Consumer Discretionary,92238040.0,AVOID,AVOID,insolvency,AVOID_unconfirmed,done,0,0,0,0,1.12,,no API distress/short signal (coverage may be thin),v1-2026-06-09,2026-06-09T16:04:40Z
UBCP,Financials,91918376.0,CLEAR,CLEAR,,AGREE,done,0,0,0,0,2.35,,,v1-2026-06-09,2026-06-09T16:04:40Z
FFAI,Consumer Discretionary,91900616.0,AVOID,AVOID,cash_burn,AVOID_unconfirmed,done,0,0,0,0,3.6,,no API distress/short signal (coverage may be thin),v1-2026-06-09,2026-06-09T16:04:40Z
SLNG,Utilities,91865720.0,DISTRESSED-RECOVERABLE,DISTRESSED-RECOVERABLE,,AGREE,done,0,0,0,0,1.0,,,v1-2026-06-09,2026-06-09T16:04:40Z
BMEA,Health Care,91820288.0,SKIP_lt2y,,,SKIP,skip,,,,,,,<2y data,v1-2026-06-09,2026-06-09T16:04:40Z
VIRC,Consumer Discretionary,91703232.0,WATCH,WATCH,,AGREE,done,0,0,1,0,16.7,,,v1-2026-06-09,2026-06-09T16:04:40Z
AURE,Financials,91632000.0,AVOID,AVOID,insolvency,AVOID_unconfirmed,done,0,0,0,0,1.0,,no API distress/short signal (coverage may be thin),v1-2026-06-09,2026-06-09T16:04:40Z
BCIC,Unknown,91593360.0,CLEAR,CLEAR,,AGREE,done,0,0,0,0,1.0,,,v1-2026-06-09,2026-06-09T16:04:40Z
LAKE,Health Care,91479480.0,AVOID,AVOID,cash_burn,CORROBORATED,done,0,0,1,0,12.61,API event/short-interest confirms the fundamentals AVOID,API distress/short-interest confirms,v1-2026-06-09,2026-06-09T16:04:40Z
ZEPP,Unknown,90776232.0,WATCH,WATCH,,AGREE,done,0,0,0,0,2.39,,,v1-2026-06-09,2026-06-09T16:04:40Z
IBIO,Health Care,90414984.0,AVOID,WATCH,cash_burn,OVERFLAG_recent_raise,done,0,0,0,1,3.56,downgraded from AVOID — recent capital raise extends runway / no event found,recent capital raise extends runway | RAISE:iBio Announces $26 Million Private Placement,v1-2026-06-09,2026-06-09T16:04:40Z
LPA,Unknown,90110776.0,DISTRESSED-RECOVERABLE,DISTRESSED-RECOVERABLE,,AGREE,done,0,0,0,0,5.07,,,v1-2026-06-09,2026-06-09T16:04:40Z
FUSB,Financials,89967032.0,CLEAR,CLEAR,,AGREE,done,0,0,0,0,1.68,,,v1-2026-06-09,2026-06-09T16:04:40Z
BYFC,Financials,89815024.0,DISTRESSED-RECOVERABLE,DISTRESSED-RECOVERABLE,,NEWS_NOTE,done,1,0,0,0,1.45,single news mention (kept screen bucket; investigate),single news mention of distress/fraud (investigate; not a screen error) | BK:Broadway Financial Corporation Announces Notification from Nasdaq regarding late filing of Form 10-Q,v1-2026-06-09,2026-06-09T16:04:40Z
STIM,Health Care,89768312.0,AVOID,AVOID,cash_burn,AVOID_unconfirmed,done,0,0,0,0,2.88,,no API distress/short signal (coverage may be thin),v1-2026-06-09,2026-06-09T16:04:40Z
SERA,Health Care,89673480.0,AVOID,AVOID,cash_burn,AVOID_unconfirmed,done,0,0,0,0,4.18,,no API distress/short signal (coverage may be thin),v1-2026-06-09,2026-06-09T16:04:40Z
CSPI,Information Technology,89639432.0,CLEAR,CLEAR,,AGREE,done,0,0,1,0,17.74,,,v1-2026-06-09,2026-06-09T16:04:40Z
ROC,Information Technology,89485800.0,SKIP_no_data,,,SKIP,skip,,,,,,,no cached fundamentals/context,v1-2026-06-09,2026-06-09T16:04:40Z
ATRA,Health Care,89380904.0,AVOID,AVOID,insolvency,AVOID_unconfirmed,done,0,0,0,0,1.0,,no API distress/short signal (coverage may be thin),v1-2026-06-09,2026-06-09T16:04:40Z
BWEN,Materials,89169680.0,WATCH,WATCH,,AGREE,done,0,0,0,0,1.0,,,v1-2026-06-09,2026-06-09T16:04:40Z
MMTX,Financials,88987248.0,SKIP_lt2y,,,SKIP,skip,,,,,,,<2y data,v1-2026-06-09,2026-06-09T16:04:40Z
AIFC,Financials,88894072.0,WATCH,WATCH,,AGREE,done,0,0,0,0,5.77,,,v1-2026-06-09,2026-06-09T16:04:40Z
ORIQ,Financials,88880624.0,SKIP_lt2y,,,SKIP,skip,,,,,,,<2y data,v1-2026-06-09,2026-06-09T16:04:40Z
FLL,Consumer Discretionary,88849704.0,DISTRESSED-RECOVERABLE,DISTRESSED-RECOVERABLE,,AGREE,done,0,0,0,1,2.48,, | RAISE:Full House Resorts Announces Pricing of  Senior Secured Notes Offering,v1-2026-06-09,2026-06-09T16:04:40Z
PTHS,Health Care,88802728.0,AVOID,AVOID,cash_burn,AVOID_unconfirmed,done,0,0,0,0,1.27,,no API distress/short signal (coverage may be thin),v1-2026-06-09,2026-06-09T16:04:40Z
ANPA,Industrials,88647304.0,SKIP_lt2y,,,SKIP,skip,,,,,,,<2y data,v1-2026-06-09,2026-06-09T16:04:40Z
INO,Health Care,88032368.0,AVOID,AVOID,cash_burn,AVOID_unconfirmed,done,0,0,0,0,3.17,,no API distress/short signal (coverage may be thin),v1-2026-06-09,2026-06-09T16:04:40Z
FBIO,Health Care,88030544.0,AVOID,AVOID,cash_burn,CORROBORATED,done,0,0,1,1,14.52,API event/short-interest confirms the fundamentals AVOID,API distress/short-interest confirms | RAISE:Fortress Biotech Announces Closing of $11 Million Registered Direct Offering Priced At-the-Market Under Nasdaq Rules,v1-2026-06-09,2026-06-09T16:04:40Z
PFX,Unknown,87913976.0,AVOID,WATCH,cash_burn,OVERFLAG_recent_raise,done,0,0,0,1,1.0,downgraded from AVOID — recent capital raise extends runway / no event found,recent capital raise extends runway | RAISE:PhenixFIN Corporation Prices Public Offering of $50.0 million of 5.25% Notes Due 2028,v1-2026-06-09,2026-06-09T16:04:40Z
AUBN,Financials,87645792.0,CLEAR,CLEAR,,AGREE,done,0,0,0,0,1.54,,,v1-2026-06-09,2026-06-09T16:04:40Z
VRA,Materials,87589816.0,WATCH,WATCH,,AGREE,done,0,0,0,1,5.09,," | RAISE:Vera Bradley Foundation for Breast Cancer Raises $1,513,713 for Breast Cancer Research",v1-2026-06-09,2026-06-09T16:04:40Z
CHMI,Financials,87587432.0,CLEAR,CLEAR,,AGREE,done,0,0,0,0,2.33,,,v1-2026-06-09,2026-06-09T16:04:40Z
NIPG,Unknown,87050816.0,AVOID,AVOID,cash_burn,CORROBORATED,done,1,0,0,0,1.0,API event/short-interest confirms the fundamentals AVOID,API distress/short-interest confirms | BK:NIP Group Inc. Announces Receipt of Nasdaq Notice,v1-2026-06-09,2026-06-09T16:04:40Z
LGO,Unknown,86947024.0,AVOID,AVOID,cash_burn,AVOID_unconfirmed,done,0,0,0,0,3.75,,no API distress/short signal (coverage may be thin),v1-2026-06-09,2026-06-09T16:04:40Z
ICCC,Health Care,86939736.0,DISTRESSED-RECOVERABLE,DISTRESSED-RECOVERABLE,,AGREE,done,0,0,0,0,1.0,,,v1-2026-06-09,2026-06-09T16:04:40Z
CPIX,Health Care,86902024.0,CLEAR,CLEAR,,AGREE,done,0,0,0,0,2.53,,,v1-2026-06-09,2026-06-09T16:04:40Z
PBHC,Financials,86746312.0,CLEAR,CLEAR,,AGREE,done,0,0,0,0,1.15,,,v1-2026-06-09,2026-06-09T16:04:40Z
PYPD,Unknown,86283352.0,SKIP_lt2y,,,SKIP,skip,,,,,,,<2y data,v1-2026-06-09,2026-06-09T16:04:40Z
LNZA,Materials,86257584.0,AVOID,AVOID,cash_burn,CORROBORATED,done,1,0,0,0,1.87,API event/short-interest confirms the fundamentals AVOID,API distress/short-interest confirms | BK:LanzaTech Reports First Quarter 2026 Financial Results,v1-2026-06-09,2026-06-09T16:04:40Z
MAYS,Real Estate,86174592.0,DISTRESSED-RECOVERABLE,DISTRESSED-RECOVERABLE,,AGREE,done,0,0,0,0,3.04,,,v1-2026-06-09,2026-06-09T16:04:40Z
DFDV,Financials,86138064.0,WATCH,WATCH,,AGREE,done,0,0,0,1,6.09,," | RAISE:DeFi Dev Corp. Grows Treasury to 1.18M SOL, Raises $20M from Equity Line of Credit",v1-2026-06-09,2026-06-09T16:04:40Z
WETO,Unknown,86100000.0,SKIP_lt2y,,,SKIP,skip,,,,,,,<2y data,v1-2026-06-09,2026-06-09T16:04:40Z
AIRG,Information Technology,86068544.0,WATCH,WATCH,,AGREE,done,0,0,0,0,1.24,,,v1-2026-06-09,2026-06-09T16:04:40Z
FATN,Information Technology,85969992.0,SKIP_lt2y,,,SKIP,skip,,,,,,,<2y data,v1-2026-06-09,2026-06-09T16:04:40Z
GNSS,Information Technology,85618976.0,AVOID,WATCH,cash_burn,OVERFLAG_recent_raise,done,0,0,0,1,1.7,downgraded from AVOID — recent capital raise extends runway / no event found,recent capital raise extends runway | RAISE:Genasys Announces Closing of $10 Million Public Offering of Common Stock,v1-2026-06-09,2026-06-09T16:04:40Z
PARK,Health Care,85605416.0,SKIP_lt2y,,,SKIP,skip,,,,,,,<2y data,v1-2026-06-09,2026-06-09T16:04:40Z
SAMG,Financials,85575488.0,CLEAR,CLEAR,,AGREE,done,0,0,0,0,3.96,,,v1-2026-06-09,2026-06-09T16:04:40Z
JFB,Industrials,85391448.0,SKIP_lt2y,,,SKIP,skip,,,,,,,<2y data,v1-2026-06-09,2026-06-09T16:04:40Z
ALIS,Unknown,85117752.0,SKIP_no_data,,,SKIP,skip,,,,,,,no cached fundamentals/context,v1-2026-06-09,2026-06-09T16:04:40Z
OKYO,Unknown,85016392.0,SKIP_lt2y,,,SKIP,skip,,,,,,,<2y data,v1-2026-06-09,2026-06-09T16:04:40Z
OM,Health Care,84900560.0,WATCH,WATCH,,AGREE,done,0,0,0,0,9.54,,,v1-2026-06-09,2026-06-09T16:04:40Z
GECC,Unknown,84880400.0,WATCH,WATCH,,AGREE,done,0,0,0,1,4.79,, | RAISE:Great Elm Capital Corp. Prices Public Offering of $50 Million of 7.75% Notes Due 2030,v1-2026-06-09,2026-06-09T16:04:40Z
CRGO,Industrials,84760936.0,AVOID,AVOID,cash_burn,AVOID_unconfirmed,done,0,0,0,0,2.05,,no API distress/short signal (coverage may be thin),v1-2026-06-09,2026-06-09T16:04:40Z
NRXS,Health Care,84709336.0,AVOID,AVOID,cash_burn,AVOID_unconfirmed,done,0,0,0,0,1.79,,no API distress/short signal (coverage may be thin),v1-2026-06-09,2026-06-09T16:04:40Z
OPXS,Health Care,84701656.0,CLEAR,CLEAR,,AGREE,done,0,0,0,0,1.0,,,v1-2026-06-09,2026-06-09T16:04:40Z
BEEP,Real Estate,83620704.0,DISTRESSED-RECOVERABLE,DISTRESSED-RECOVERABLE,,AGREE,done,0,0,0,0,8.73,,,v1-2026-06-09,2026-06-09T16:04:40Z
AEYE,Information Technology,83580944.0,DISTRESSED-RECOVERABLE,DISTRESSED-RECOVERABLE,,AGREE,done,0,0,0,0,3.55,,,v1-2026-06-09,2026-06-09T16:04:40Z
GAMB,Unknown,83533432.0,WATCH,WATCH,,AGREE,done,0,0,0,0,1.01,,,v1-2026-06-09,2026-06-09T16:04:40Z
IDN,Information Technology,83435024.0,CLEAR,CLEAR,,AGREE,done,0,0,0,0,1.0,,,v1-2026-06-09,2026-06-09T16:04:40Z
BSAA,Unknown,83392368.0,SKIP_no_data,,,SKIP,skip,,,,,,,no cached fundamentals/context,v1-2026-06-09,2026-06-09T16:04:40Z
LIDR,Industrials,83366672.0,WATCH,WATCH,,AGREE,done,0,0,0,0,2.28,,,v1-2026-06-09,2026-06-09T16:04:40Z
TELO,Health Care,83217704.0,SKIP_lt2y,,,SKIP,skip,,,,,,,<2y data,v1-2026-06-09,2026-06-09T16:04:40Z
BTMD,Materials,83194208.0,CLEAR,CLEAR,,AGREE,done,0,0,0,0,7.12,,,v1-2026-06-09,2026-06-09T16:04:40Z
ANIX,Health Care,83149088.0,SKIP_lt2y,,,SKIP,skip,,,,,,,<2y data,v1-2026-06-09,2026-06-09T16:04:40Z
MAIA,Health Care,82689032.0,SKIP_lt2y,,,SKIP,skip,,,,,,,<2y data,v1-2026-06-09,2026-06-09T16:04:40Z
LGCL,Unknown,82371528.0,CLEAR,CLEAR,,AGREE,done,0,0,0,0,4.89,,,v1-2026-06-09,2026-06-09T16:04:40Z
AFCG,Unknown,82115664.0,SKIP_lt2y,,,SKIP,skip,,,,,,,<2y data,v1-2026-06-09,2026-06-09T16:04:40Z
PMN,Health Care,81875040.0,SKIP_lt2y,,,SKIP,skip,,,,,,,<2y data,v1-2026-06-09,2026-06-09T16:04:40Z
FVN,Information Technology,81852400.0,SKIP_lt2y,,,SKIP,skip,,,,,,,<2y data,v1-2026-06-09,2026-06-09T16:04:40Z
APAC,Financials,81631232.0,SKIP_lt2y,,,SKIP,skip,,,,,,,<2y data,v1-2026-06-09,2026-06-09T16:04:40Z
PROP,Energy,81117704.0,DISTRESSED-RECOVERABLE,DISTRESSED-RECOVERABLE,,AGREE,done,0,0,0,1,3.84,, | RAISE:Prairie Operating Co. Announces Pricing of Common Stock Offering,v1-2026-06-09,2026-06-09T16:04:40Z
LVO,Consumer Discretionary,81096880.0,CLEAR,CLEAR,,AGREE,done,0,0,0,1,4.5,, | RAISE:LiveOne (Nasdaq: LVO) Announces Proposed Public Offering of Common Stock,v1-2026-06-09,2026-06-09T16:04:40Z
TISI,Consumer Discretionary,81004888.0,AVOID,AVOID,insolvency,AVOID_unconfirmed,done,0,0,0,0,2.08,,no API distress/short signal (coverage may be thin),v1-2026-06-09,2026-06-09T16:04:40Z
HRTX,Health Care,80898000.0,AVOID,AVOID,cash_burn,CORROBORATED,done,0,0,1,0,14.04,API event/short-interest confirms the fundamentals AVOID,API distress/short-interest confirms,v1-2026-06-09,2026-06-09T16:04:40Z
GPUS,Industrials,80893192.0,AVOID,AVOID,cash_burn,CORROBORATED,done,1,0,0,0,1.14,API event/short-interest confirms the fundamentals AVOID,API distress/short-interest confirms | BK:Hyperscale Data Enters into Settlement Agreement that is Expected to Result in Defense Affiliate Gresham Worldwide Exiting Chapter,v1-2026-06-09,2026-06-09T16:04:40Z
DLHC,Information Technology,80871136.0,CLEAR,CLEAR,,AGREE,done,0,0,0,0,2.57,,,v1-2026-06-09,2026-06-09T16:04:40Z
CPHC,Communication Services,80860240.0,CLEAR,CLEAR,,AGREE,done,0,0,0,0,3.83,,,v1-2026-06-09,2026-06-09T16:04:40Z
RRGB,Consumer Discretionary,80843480.0,AVOID,AVOID,insolvency,AVOID_unconfirmed,done,0,0,0,0,8.59,,no API distress/short signal (coverage may be thin),v1-2026-06-09,2026-06-09T16:04:40Z
RNTX,Health Care,80671856.0,SKIP_lt2y,,,SKIP,skip,,,,,,,<2y data,v1-2026-06-09,2026-06-09T16:04:40Z
RFL,Health Care,80618816.0,WATCH,WATCH,,AGREE,done,0,0,0,0,1.0,,,v1-2026-06-09,2026-06-09T16:04:40Z
AGPU,Financials,80427872.0,WATCH,WATCH,,AGREE,done,0,0,0,0,1.0,,,v1-2026-06-09,2026-06-09T16:04:40Z
ANVS,Health Care,80404128.0,SKIP_lt2y,,,SKIP,skip,,,,,,,<2y data,v1-2026-06-09,2026-06-09T16:04:40Z
SOTK,Industrials,80297248.0,CLEAR,CLEAR,,AGREE,done,0,0,0,0,1.0,,,v1-2026-06-09,2026-06-09T16:04:40Z
GGR,Unknown,80294320.0,DISTRESSED-RECOVERABLE,DISTRESSED-RECOVERABLE,,AGREE,done,0,0,0,0,6.39,,,v1-2026-06-09,2026-06-09T16:04:40Z
AARD,Health Care,80284296.0,SKIP_lt2y,,,SKIP,skip,,,,,,,<2y data,v1-2026-06-09,2026-06-09T16:04:40Z
FSI,Materials,79736744.0,CLEAR,CLEAR,,AGREE,done,0,0,0,0,2.68,,,v1-2026-06-09,2026-06-09T16:04:40Z
IH,Unknown,79736064.0,CLEAR,CLEAR,,AGREE,done,0,0,0,0,1.0,,,v1-2026-06-09,2026-06-09T16:04:40Z
FDSB,Financials,79341376.0,CLEAR,CLEAR,,AGREE,done,0,0,0,0,1.3,,,v1-2026-06-09,2026-06-09T16:04:40Z
OSTX,Health Care,79277824.0,SKIP_lt2y,,,SKIP,skip,,,,,,,<2y data,v1-2026-06-09,2026-06-09T16:04:40Z
EXOZ,Health Care,79193784.0,SKIP_lt2y,,,SKIP,skip,,,,,,,<2y data,v1-2026-06-09,2026-06-09T16:04:40Z
DIT,Industrials,79139192.0,CLEAR,CLEAR,,AGREE,done,0,0,0,0,1.98,,,v1-2026-06-09,2026-06-09T16:04:40Z
FSEA,Financials,78867040.0,CLEAR,CLEAR,,AGREE,done,0,0,0,0,1.0,,,v1-2026-06-09,2026-06-09T16:04:40Z
SKIN,Health Care,78744984.0,DISTRESSED-RECOVERABLE,DISTRESSED-RECOVERABLE,,AGREE,done,0,0,0,0,9.74,,,v1-2026-06-09,2026-06-09T16:04:40Z
BARK,Consumer Discretionary,78725616.0,WATCH,WATCH,,AGREE,done,0,0,1,0,16.67,,,v1-2026-06-09,2026-06-09T16:04:40Z
MYPS,Information Technology,78520440.0,CLEAR,CLEAR,,AGREE,done,0,0,0,0,3.37,,,v1-2026-06-09,2026-06-09T16:04:40Z
HYFT,Unknown,78475928.0,AVOID,AVOID,cash_burn,AVOID_unconfirmed,done,0,0,0,0,4.54,,no API distress/short signal (coverage may be thin),v1-2026-06-09,2026-06-09T16:04:40Z
CSBR,Health Care,78460568.0,CLEAR,CLEAR,,AGREE,done,0,0,0,0,7.58,,,v1-2026-06-09,2026-06-09T16:04:40Z
PLCE,Consumer Discretionary,78185816.0,AVOID,AVOID,insolvency,CORROBORATED,done,0,0,1,0,13.9,API event/short-interest confirms the fundamentals AVOID,API distress/short-interest confirms,v1-2026-06-09,2026-06-09T16:04:40Z
SSEA,Financials,77885896.0,SKIP_lt2y,,,SKIP,skip,,,,,,,<2y data,v1-2026-06-09,2026-06-09T16:04:40Z
CPBI,Financials,77797632.0,CLEAR,CLEAR,,AGREE,done,0,0,0,0,4.04,,,v1-2026-06-09,2026-06-09T16:04:40Z
MHH,Industrials,77388296.0,CLEAR,CLEAR,,AGREE,done,0,0,0,0,1.34,,,v1-2026-06-09,2026-06-09T16:04:40Z
LINK,Information Technology,77332528.0,WATCH,WATCH,,AGREE,done,0,0,0,0,1.0,,,v1-2026-06-09,2026-06-09T16:04:40Z
SKBL,Unknown,77302656.0,SKIP_lt2y,,,SKIP,skip,,,,,,,<2y data,v1-2026-06-09,2026-06-09T16:04:40Z
HNNA,Financials,77285408.0,CLEAR,CLEAR,,AGREE,done,0,0,0,0,1.08,,,v1-2026-06-09,2026-06-09T16:04:40Z
VIVO,Unknown,77235120.0,AVOID,AVOID,cash_burn,AVOID_unconfirmed,done,0,0,0,0,1.71,,no API distress/short signal (coverage may be thin),v1-2026-06-09,2026-06-09T16:04:40Z
LONA,Health Care,77214688.0,SKIP_lt2y,,,SKIP,skip,,,,,,,<2y data,v1-2026-06-09,2026-06-09T16:04:40Z
SIEB,Financials,76559552.0,CLEAR,CLEAR,,AGREE,done,0,0,1,0,21.33,,,v1-2026-06-09,2026-06-09T16:04:40Z
UFI,Consumer Discretionary,76393616.0,AVOID,AVOID,cash_burn,AVOID_unconfirmed,done,0,0,0,0,2.31,,no API distress/short signal (coverage may be thin),v1-2026-06-09,2026-06-09T16:04:40Z
AVD,Materials,76091688.0,AVOID,AVOID,insolvency,AVOID_unconfirmed,done,0,0,0,0,3.72,,no API distress/short signal (coverage may be thin),v1-2026-06-09,2026-06-09T16:04:40Z
FTCI,Information Technology,76025144.0,AVOID,AVOID,insolvency,AVOID_unconfirmed,done,0,0,0,0,2.99,,no API distress/short signal (coverage may be thin),v1-2026-06-09,2026-06-09T16:04:40Z
NTIC,Materials,75936008.0,CLEAR,CLEAR,,AGREE,done,0,0,0,0,1.0,,,v1-2026-06-09,2026-06-09T16:04:40Z
ZKIN,Unknown,75652248.0,DISTRESSED-RECOVERABLE,DISTRESSED-RECOVERABLE,,AGREE,done,0,0,0,0,7.04,,,v1-2026-06-09,2026-06-09T16:04:40Z
RSSS,Industrials,75256944.0,CLEAR,CLEAR,,AGREE,done,0,0,0,0,1.0,,,v1-2026-06-09,2026-06-09T16:04:40Z
NBRG,Financials,75149328.0,SKIP_lt2y,,,SKIP,skip,,,,,,,<2y data,v1-2026-06-09,2026-06-09T16:04:40Z
SEV,Consumer Discretionary,75141856.0,SKIP_lt2y,,,SKIP,skip,,,,,,,<2y data,v1-2026-06-09,2026-06-09T16:04:40Z
XPL,Materials,75105664.0,SKIP_lt2y,,,SKIP,skip,,,,,,,<2y data,v1-2026-06-09,2026-06-09T16:04:40Z
NAKA,Financials,75003224.0,WATCH,WATCH,,AGREE,done,0,0,0,0,5.77,,,v1-2026-06-09,2026-06-09T16:04:40Z
AUC,Industrials,74771952.0,WATCH,WATCH,,AGREE,done,0,0,0,0,,,,v1-2026-06-09,2026-06-09T16:04:40Z
ATLN,Information Technology,74694648.0,AVOID,AVOID,insolvency,AVOID_unconfirmed,done,0,0,0,0,1.05,,no API distress/short signal (coverage may be thin),v1-2026-06-09,2026-06-09T16:04:40Z
BPAC,Unknown,74659816.0,SKIP_no_data,,,SKIP,skip,,,,,,,no cached fundamentals/context,v1-2026-06-09,2026-06-09T16:04:40Z
HSDT,Financials,74151080.0,WATCH,WATCH,,AGREE,done,0,0,0,1,5.63,, | RAISE:Helius Medical Technologies Announces Pricing of $9.1 Million Public Offering,v1-2026-06-09,2026-06-09T16:04:40Z
FRMM,Financials,74023768.0,WATCH,WATCH,,AGREE,done,0,0,0,0,7.81,,,v1-2026-06-09,2026-06-09T16:04:40Z
BODI,Consumer Discretionary,73721160.0,CLEAR,CLEAR,,AGREE,done,0,0,0,0,2.44,,,v1-2026-06-09,2026-06-09T16:04:40Z
GPMT,Financials,73317024.0,DISTRESSED-RECOVERABLE,DISTRESSED-RECOVERABLE,,AGREE,done,0,0,0,0,1.04,,,v1-2026-06-09,2026-06-09T16:04:40Z
CTOR,Health Care,72525336.0,SKIP_lt2y,,,SKIP,skip,,,,,,,<2y data,v1-2026-06-09,2026-06-09T16:04:40Z
GANX,Health Care,72511872.0,SKIP_lt2y,,,SKIP,skip,,,,,,,<2y data,v1-2026-06-09,2026-06-09T16:04:40Z
NDLS,Consumer Discretionary,72472200.0,AVOID,AVOID,insolvency,AVOID_unconfirmed,done,0,0,0,0,1.89,,no API distress/short signal (coverage may be thin),v1-2026-06-09,2026-06-09T16:04:40Z
IOR,Financials,72377968.0,SKIP_lt2y,,,SKIP,skip,,,,,,,<2y data,v1-2026-06-09,2026-06-09T16:04:40Z
ECOR,Health Care,72338568.0,AVOID,AVOID,insolvency,AVOID_unconfirmed,done,0,0,0,1,4.06,,"no API distress/short signal (coverage may be thin) | RAISE:electroCore, Inc. Announces $9.3 Million Registered Direct Offering and Concurrent Private Placements Priced At Market Under Nasda",v1-2026-06-09,2026-06-09T16:04:40Z
BHST,Unknown,72310416.0,SKIP_no_data,,,SKIP,skip,,,,,,,no cached fundamentals/context,v1-2026-06-09,2026-06-09T16:04:40Z
XBIT,Health Care,72255920.0,SKIP_lt2y,,,SKIP,skip,,,,,,,<2y data,v1-2026-06-09,2026-06-09T16:04:40Z
WRAP,Materials,71902336.0,AVOID,AVOID,cash_burn,CORROBORATED,done,0,0,1,0,27.43,API event/short-interest confirms the fundamentals AVOID,API distress/short-interest confirms,v1-2026-06-09,2026-06-09T16:04:40Z
FEAM,Materials,71821336.0,SKIP_lt2y,,,SKIP,skip,,,,,,,<2y data,v1-2026-06-09,2026-06-09T16:04:40Z
NCTY,Unknown,71631152.0,AVOID,AVOID,cash_burn,AVOID_unconfirmed,done,0,0,0,0,3.2,,no API distress/short signal (coverage may be thin),v1-2026-06-09,2026-06-09T16:04:40Z
GEG,Information Technology,71493976.0,WATCH,WATCH,,AGREE,done,0,0,1,1,27.38,," | RAISE:Great Elm Group, Inc. Prices Public Offering of $25,000,000 of 7.25% Notes Due 2027",v1-2026-06-09,2026-06-09T16:04:40Z
SRXH,Consumer Staples,71302776.0,AVOID,AVOID,cash_burn,AVOID_unconfirmed,done,0,0,0,0,1.0,,no API distress/short signal (coverage may be thin),v1-2026-06-09,2026-06-09T16:04:40Z
PLRX,Health Care,71208280.0,SKIP_lt2y,,,SKIP,skip,,,,,,,<2y data,v1-2026-06-09,2026-06-09T16:04:40Z
TWG,Unknown,71002216.0,AVOID,WATCH,cash_burn,OVERFLAG_recent_raise,done,0,0,0,1,1.0,downgraded from AVOID — recent capital raise extends runway / no event found,"recent capital raise extends runway | RAISE:Univest Securities, LLC Announces Closing of $5.04 Million Public Offering for Its Client Top Wealth Group Holding Limited (NASDAQ",v1-2026-06-09,2026-06-09T16:04:40Z
SFWL,Unknown,70956104.0,CLEAR,CLEAR,,AGREE,done,0,0,0,0,5.4,,,v1-2026-06-09,2026-06-09T16:04:40Z
ATHE,Unknown,70690208.0,SKIP_no_data,,,SKIP,skip,,,,,,,no cached fundamentals/context,v1-2026-06-09,2026-06-09T16:04:40Z
BYSI,Health Care,70314896.0,SKIP_lt2y,,,SKIP,skip,,,,,,,<2y data,v1-2026-06-09,2026-06-09T16:04:40Z
DOMH,Financials,70102712.0,DISTRESSED-RECOVERABLE,DISTRESSED-RECOVERABLE,,AGREE,done,0,0,0,0,1.86,,,v1-2026-06-09,2026-06-09T16:04:40Z
TJGC,Unknown,70094000.0,SKIP_lt2y,,,SKIP,skip,,,,,,,<2y data,v1-2026-06-09,2026-06-09T16:04:40Z
INTG,Real Estate,69879368.0,AVOID,AVOID,insolvency,AVOID_unconfirmed,done,0,0,0,0,1.0,,no API distress/short signal (coverage may be thin),v1-2026-06-09,2026-06-09T16:04:40Z
XTIA,Information Technology,69644792.0,AVOID,AVOID,cash_burn,CORROBORATED,done,1,0,0,0,3.2,API event/short-interest confirms the fundamentals AVOID,API distress/short-interest confirms | BK:IGI Holdings announces 2024 Annual General Meeting By Investing.com - Investing.com,v1-2026-06-09,2026-06-09T16:04:40Z
CLNN,Health Care,69641768.0,AVOID,AVOID,insolvency,AVOID_unconfirmed,done,0,0,0,1,1.0,,no API distress/short signal (coverage may be thin) | RAISE:Clene Welcomes New Shareholder Base and Announces Closing of Underwritten Public Offering of $40 Million,v1-2026-06-09,2026-06-09T16:04:40Z
ROLR,Communication Services,69433688.0,AVOID,AVOID,cash_burn,CORROBORATED,done,1,0,0,1,1.28,API event/short-interest confirms the fundamentals AVOID,API distress/short-interest confirms | BK:High Roller Announces NYSE Acceptance of Plan to Regain Listing Compliance,v1-2026-06-09,2026-06-09T16:04:40Z
ASPS,Industrials,69252744.0,WATCH,WATCH,,AGREE,done,0,0,0,1,8.96,, | RAISE:Altisource Announces Pricing of $17.5 Million Public Offering of Common Stock,v1-2026-06-09,2026-06-09T16:04:40Z
STEM,Information Technology,68968536.0,AVOID,AVOID,insolvency,AVOID_unconfirmed,done,0,0,0,0,5.04,,no API distress/short signal (coverage may be thin),v1-2026-06-09,2026-06-09T16:04:40Z
PCLA,Unknown,68258016.0,SKIP_lt2y,,,SKIP,skip,,,,,,,<2y data,v1-2026-06-09,2026-06-09T16:04:40Z
RGS,Unknown,68166664.0,CLEAR,CLEAR,,AGREE,done,0,0,0,0,4.37,,,v1-2026-06-09,2026-06-09T16:04:40Z
ELBM,Materials,67938728.0,SKIP_lt2y,,,SKIP,skip,,,,,,,<2y data,v1-2026-06-09,2026-06-09T16:04:40Z
ACET,Health Care,67868192.0,SKIP_lt2y,,,SKIP,skip,,,,,,,<2y data,v1-2026-06-09,2026-06-09T16:04:40Z
LNSR,Health Care,67784232.0,AVOID,AVOID,insolvency,CORROBORATED,done,0,0,1,0,14.35,API event/short-interest confirms the fundamentals AVOID,API distress/short-interest confirms,v1-2026-06-09,2026-06-09T16:04:40Z
WSHP,Unknown,67646544.0,SKIP_lt2y,,,SKIP,skip,,,,,,,<2y data,v1-2026-06-09,2026-06-09T16:04:40Z
OPHC,Financials,67476000.0,CLEAR,CLEAR,,AGREE,done,0,0,0,0,1.0,,,v1-2026-06-09,2026-06-09T16:04:40Z
QTEX,Unknown,67413448.0,AVOID,AVOID,cash_burn,AVOID_unconfirmed,done,0,0,0,0,,,no API distress/short signal (coverage may be thin),v1-2026-06-09,2026-06-09T16:04:40Z
MCHX,Information Technology,67340256.0,WATCH,WATCH,,AGREE,done,0,0,0,0,2.87,,,v1-2026-06-09,2026-06-09T16:04:40Z
VGAS,Materials,67269928.0,SKIP_lt2y,,,SKIP,skip,,,,,,,<2y data,v1-2026-06-09,2026-06-09T16:04:40Z
LSE,Unknown,67248752.0,SKIP_lt2y,,,SKIP,skip,,,,,,,<2y data,v1-2026-06-09,2026-06-09T16:04:40Z
CTM,Industrials,67037376.0,WATCH,WATCH,,AGREE,done,0,0,0,1,1.77,, | RAISE:Castellum Announces Pricing of $4.5 Million Public Offering of Common Stock and Warrants,v1-2026-06-09,2026-06-09T16:04:40Z
ODYS,Information Technology,66941516.0,SKIP_lt2y,,,SKIP,skip,,,,,,,<2y data,v1-2026-06-09,2026-06-09T16:04:40Z
LITB,Unknown,66896824.0,CLEAR,CLEAR,,AGREE,done,0,0,0,0,1.43,,,v1-2026-06-09,2026-06-09T16:04:40Z
HOUR,Consumer Discretionary,66864588.0,CLEAR,CLEAR,,AGREE,done,0,0,0,1,1.0,," | RAISE:Hour Loop, Inc. Announces Closing of $6.9 Million Initial Public Offering and Full Exercise of Underwriter’s Over-Allotment Option",v1-2026-06-09,2026-06-09T16:04:40Z
UPXI,Financials,66566052.0,WATCH,WATCH,,AGREE,done,0,0,0,0,4.28,,,v1-2026-06-09,2026-06-09T16:04:40Z
CVU,Industrials,66444636.0,AVOID,AVOID,insolvency,CORROBORATED,done,1,1,0,0,2.38,API event/short-interest confirms the fundamentals AVOID,"API distress/short-interest confirms | BK:CPI Aerostructures, Inc. Announces NYSE American Acceptance of Compliance Plan",v1-2026-06-09,2026-06-09T16:04:40Z
OPTT,Utilities,66423228.0,AVOID,AVOID,cash_burn,AVOID_unconfirmed,done,0,0,0,0,5.73,,no API distress/short signal (coverage may be thin),v1-2026-06-09,2026-06-09T16:04:40Z
NSTS,Financials,66313180.0,CLEAR,CLEAR,,AGREE,done,0,0,0,0,1.0,,,v1-2026-06-09,2026-06-09T16:04:40Z
SYPR,Health Care,66272056.0,AVOID,AVOID,cash_burn,AVOID_unconfirmed,done,0,0,0,0,1.0,,no API distress/short signal (coverage may be thin),v1-2026-06-09,2026-06-09T16:04:40Z
FLNT,Information Technology,66190880.0,WATCH,WATCH,,AGREE,done,0,0,0,1,1.55,," | RAISE:Fluent, Inc. Announces $5.75 Million Registered Direct Offering and $2.75 Million Concurrent Private Offering",v1-2026-06-09,2026-06-09T16:04:40Z
BRID,Consumer Staples,66079340.0,AVOID,AVOID,cash_burn,AVOID_unconfirmed,done,0,0,0,0,4.14,,no API distress/short signal (coverage may be thin),v1-2026-06-09,2026-06-09T16:04:40Z
HAIN,Consumer Staples,65839912.0,DISTRESSED-RECOVERABLE,DISTRESSED-RECOVERABLE,,AGREE,done,0,0,0,0,9.82,,,v1-2026-06-09,2026-06-09T16:04:40Z
ALAR,Unknown,65413520.0,SKIP_no_data,,,SKIP,skip,,,,,,,no cached fundamentals/context,v1-2026-06-09,2026-06-09T16:04:40Z
IZEA,Information Technology,64974536.0,CLEAR,CLEAR,,AGREE,done,0,0,0,0,1.0,,,v1-2026-06-09,2026-06-09T16:04:40Z
NYXH,Unknown,64805908.0,AVOID,AVOID,cash_burn,CORROBORATED,done,0,0,1,1,10.6,API event/short-interest confirms the fundamentals AVOID,API distress/short-interest confirms | RAISE:Nyxoah Secures Financing Commitments of up to U.S. $77 Million to Drive U.S. Commercialization of Genio,v1-2026-06-09,2026-06-09T16:04:40Z
EDRY,Industrials,64777156.0,DISTRESSED-RECOVERABLE,DISTRESSED-RECOVERABLE,,AGREE,done,0,0,0,0,1.0,,,v1-2026-06-09,2026-06-09T16:04:40Z
XOS,Industrials,64741008.0,DISTRESSED-RECOVERABLE,DISTRESSED-RECOVERABLE,,AGREE,done,0,0,0,0,1.0,,,v1-2026-06-09,2026-06-09T16:04:40Z
BTCS,Financials,64707980.0,WATCH,WATCH,,AGREE,done,0,0,0,0,2.32,,,v1-2026-06-09,2026-06-09T16:04:40Z
HIT,Financials,64690060.0,CLEAR,CLEAR,,AGREE,done,0,0,0,0,2.8,,,v1-2026-06-09,2026-06-09T16:04:40Z
CLST,Financials,64627740.0,CLEAR,CLEAR,,AGREE,done,0,0,0,0,1.0,,,v1-2026-06-09,2026-06-09T16:04:40Z
LUNG,Health Care,64622920.0,WATCH,WATCH,,AGREE,done,0,0,0,0,4.76,,,v1-2026-06-09,2026-06-09T16:04:40Z
MNOV,Health Care,64479832.0,WATCH,WATCH,,AGREE,done,0,0,0,0,8.05,,,v1-2026-06-09,2026-06-09T16:04:40Z
CRT,Financials,64440000.0,CLEAR,CLEAR,,AGREE,done,0,0,0,0,1.44,,,v1-2026-06-09,2026-06-09T16:04:40Z
MCRB,Health Care,64204484.0,CLEAR,CLEAR,,AGREE,done,0,0,1,0,11.08,,,v1-2026-06-09,2026-06-09T16:04:40Z
CRMT,Consumer Discretionary,64177940.0,AVOID,AVOID,insolvency,CORROBORATED,done,0,1,1,0,18.32,API event/short-interest confirms the fundamentals AVOID,"API distress/short-interest confirms | FR:America’s Car-Mart, Inc. Receives Notice of Non-Compliance With Nasdaq Listing Rule 5250(c)(1)",v1-2026-06-09,2026-06-09T16:04:40Z
TCRX,Health Care,64167964.0,AVOID,WATCH,cash_burn,OVERFLAG_recent_raise,done,0,0,0,1,1.04,downgraded from AVOID — recent capital raise extends runway / no event found,recent capital raise extends runway | RAISE:TScan Therapeutics Announces $30 Million Registered Direct Offering at a 37% Premium,v1-2026-06-09,2026-06-09T16:04:40Z
XTNT,Health Care,63945884.0,CLEAR,CLEAR,,AGREE,done,0,0,0,1,1.0,, | RAISE:Xtant Medical Announces Closing of $15 Million Private Placement,v1-2026-06-09,2026-06-09T16:04:40Z
CBAT,Information Technology,63825008.0,DISTRESSED-RECOVERABLE,DISTRESSED-RECOVERABLE,,AGREE,done,0,0,0,0,3.09,,,v1-2026-06-09,2026-06-09T16:04:40Z
FLNA,Health Care,63766424.0,SKIP_lt2y,,,SKIP,skip,,,,,,,<2y data,v1-2026-06-09,2026-06-09T16:04:40Z
IMA,Health Care,63727084.0,WATCH,WATCH,,AGREE,done,0,0,0,0,6.42,,,v1-2026-06-09,2026-06-09T16:04:40Z
POCI,Health Care,63480244.0,AVOID,AVOID,cash_burn,AVOID_unconfirmed,done,0,0,0,0,1.0,,no API distress/short signal (coverage may be thin),v1-2026-06-09,2026-06-09T16:04:40Z
CATO,Consumer Discretionary,63469168.0,WATCH,WATCH,,AGREE,done,0,0,0,0,8.2,,,v1-2026-06-09,2026-06-09T16:04:40Z
ASRV,Financials,63446364.0,CLEAR,CLEAR,,AGREE,done,0,0,0,0,8.75,,,v1-2026-06-09,2026-06-09T16:04:40Z
GENK,Consumer Discretionary,63292064.0,DISTRESSED-RECOVERABLE,DISTRESSED-RECOVERABLE,,AGREE,done,0,0,0,1,8.27,, | RAISE:GEN Restaurant Group Announces Closing of Initial Public Offering and Full Exercise of Underwriters’ Option to Purchase Additional,v1-2026-06-09,2026-06-09T16:04:40Z
SKIL,Information Technology,63133296.0,AVOID,AVOID,insolvency,AVOID_unconfirmed,done,0,0,0,0,4.59,,no API distress/short signal (coverage may be thin),v1-2026-06-09,2026-06-09T16:04:40Z
AREN,Communication Services,62835688.0,AVOID,AVOID,,AVOID_unconfirmed,done,0,0,0,0,6.68,,no API fraud/short signal (coverage may be thin),v1-2026-06-09,2026-06-09T16:04:40Z
VHC,Financials,62369192.0,WATCH,WATCH,,AGREE,done,0,0,0,0,9.61,,,v1-2026-06-09,2026-06-09T16:04:40Z
NOMA,Communication Services,62288100.0,SKIP_lt2y,,,SKIP,skip,,,,,,,<2y data,v1-2026-06-09,2026-06-09T16:04:40Z
WWR,Materials,62127796.0,SKIP_lt2y,,,SKIP,skip,,,,,,,<2y data,v1-2026-06-09,2026-06-09T16:04:40Z
DXR,Health Care,61885176.0,WATCH,WATCH,,AGREE,done,0,0,0,1,1.0,, | RAISE:Daxor Corporation Announces $9 Million Registered Direct Offering,v1-2026-06-09,2026-06-09T16:04:40Z
BDL,Consumer Discretionary,61335352.0,CLEAR,CLEAR,,AGREE,done,0,0,0,0,1.59,,,v1-2026-06-09,2026-06-09T16:04:40Z
ACRV,Health Care,61206468.0,SKIP_lt2y,,,SKIP,skip,,,,,,,<2y data,v1-2026-06-09,2026-06-09T16:04:40Z
IBO,Health Care,61123860.0,AVOID,AVOID,cash_burn,CORROBORATED,done,1,0,1,1,13.65,API event/short-interest confirms the fundamentals AVOID,API distress/short-interest confirms | BK:Impact BioMedical Inc. Reports Going Concern Audit Opinion in 2025 10-K Filing While Continuing Strategic Merger Plans,v1-2026-06-09,2026-06-09T16:04:40Z
CING,Health Care,60543316.0,SKIP_lt2y,,,SKIP,skip,,,,,,,<2y data,v1-2026-06-09,2026-06-09T16:04:40Z
ASTC,Health Care,60276516.0,AVOID,AVOID,cash_burn,AVOID_unconfirmed,done,0,0,0,0,1.22,,no API distress/short signal (coverage may be thin),v1-2026-06-09,2026-06-09T16:04:40Z
SLND,Industrials,60182956.0,AVOID,AVOID,insolvency,AVOID_unconfirmed,done,0,0,0,0,6.25,,no API distress/short signal (coverage may be thin),v1-2026-06-09,2026-06-09T16:04:40Z
MDAI,Health Care,60147328.0,AVOID,AVOID,insolvency,AVOID_unconfirmed,done,0,0,0,0,3.35,,no API distress/short signal (coverage may be thin),v1-2026-06-09,2026-06-09T16:04:40Z
QXL,Information Technology,60013764.0,SKIP_lt2y,,,SKIP,skip,,,,,,,<2y data,v1-2026-06-09,2026-06-09T16:04:40Z
SORA,Unknown,59922244.0,SKIP_lt2y,,,SKIP,skip,,,,,,,<2y data,v1-2026-06-09,2026-06-09T16:04:40Z
MDIA,Communication Services,59793180.0,DISTRESSED-RECOVERABLE,DISTRESSED-RECOVERABLE,,AGREE,done,0,0,0,0,1.0,,,v1-2026-06-09,2026-06-09T16:04:40Z
ELTK,Information Technology,59739264.0,CLEAR,CLEAR,,AGREE,done,0,0,0,0,1.0,,,v1-2026-06-09,2026-06-09T16:04:40Z
PMVP,Health Care,59731580.0,SKIP_lt2y,,,SKIP,skip,,,,,,,<2y data,v1-2026-06-09,2026-06-09T16:04:40Z
HFBL,Financials,59550836.0,CLEAR,CLEAR,,AGREE,done,0,0,0,0,1.58,,,v1-2026-06-09,2026-06-09T16:04:40Z
GAIA,Communication Services,59488312.0,DISTRESSED-RECOVERABLE,DISTRESSED-RECOVERABLE,,AGREE,done,0,0,0,1,4.9,, | RAISE:Gaia Announces Proposed Public Offering of Common Stock,v1-2026-06-09,2026-06-09T16:04:40Z
FSP,Financials,59352344.0,DISTRESSED-RECOVERABLE,DISTRESSED-RECOVERABLE,,AGREE,done,0,0,0,0,8.67,,,v1-2026-06-09,2026-06-09T16:04:40Z
INKT,Health Care,59135140.0,SKIP_lt2y,,,SKIP,skip,,,,,,,<2y data,v1-2026-06-09,2026-06-09T16:04:40Z
CSTE,Materials,59126800.0,AVOID,AVOID,cash_burn,AVOID_unconfirmed,done,0,0,0,0,2.07,,no API distress/short signal (coverage may be thin),v1-2026-06-09,2026-06-09T16:04:40Z
MNY,Unknown,59026784.0,WATCH,WATCH,,AGREE,done,0,0,0,0,5.58,,,v1-2026-06-09,2026-06-09T16:04:40Z
SDM,Unknown,58691252.0,SKIP_lt2y,,,SKIP,skip,,,,,,,<2y data,v1-2026-06-09,2026-06-09T16:04:40Z
THCH,Unknown,58626848.0,WATCH,WATCH,,NEWS_NOTE,done,1,0,0,0,8.88,single news mention (kept screen bucket; investigate),single news mention of distress/fraud (investigate; not a screen error) | BK:Tims China Receives Nasdaq Notice; Files 6-K,v1-2026-06-09,2026-06-09T16:04:40Z
INLF,Unknown,58538496.0,SKIP_lt2y,,,SKIP,skip,,,,,,,<2y data,v1-2026-06-09,2026-06-09T16:04:40Z
BGM,Health Care,58381400.0,WATCH,WATCH,,AGREE,done,0,0,0,0,1.0,,,v1-2026-06-09,2026-06-09T16:04:40Z
CAPN,Unknown,58327652.0,SKIP_no_data,,,SKIP,skip,,,,,,,no cached fundamentals/context,v1-2026-06-09,2026-06-09T16:04:40Z
AIIO,Consumer Discretionary,58163572.0,AVOID,AVOID,insolvency,AVOID_unconfirmed,done,0,0,0,0,1.0,,no API distress/short signal (coverage may be thin),v1-2026-06-09,2026-06-09T16:04:40Z
ENTX,Health Care,58162472.0,AVOID,AVOID,cash_burn,AVOID_unconfirmed,done,0,0,0,0,1.35,,no API distress/short signal (coverage may be thin),v1-2026-06-09,2026-06-09T16:04:40Z
STKS,Consumer Discretionary,58078312.0,AVOID,AVOID,insolvency,CORROBORATED,done,0,0,1,0,32.51,API event/short-interest confirms the fundamentals AVOID,API distress/short-interest confirms,v1-2026-06-09,2026-06-09T16:04:40Z
AIRT,Industrials,58058092.0,DISTRESSED-RECOVERABLE,DISTRESSED-RECOVERABLE,,AGREE,done,0,0,0,0,7.79,,,v1-2026-06-09,2026-06-09T16:04:40Z
SELF,Financials,57908184.0,CLEAR,CLEAR,,AGREE,done,0,0,0,0,9.01,,,v1-2026-06-09,2026-06-09T16:04:40Z
SNT,Unknown,57862496.0,CLEAR,CLEAR,,AGREE,done,0,0,0,0,1.0,,,v1-2026-06-09,2026-06-09T16:04:40Z
SGA,Communication Services,57670284.0,CLEAR,CLEAR,,AGREE,done,0,0,0,0,1.0,,,v1-2026-06-09,2026-06-09T16:04:40Z
BOF,Consumer Staples,57588272.0,AVOID,WATCH,cash_burn,OVERFLAG_recent_raise,done,0,0,0,1,1.0,downgraded from AVOID — recent capital raise extends runway / no event found,recent capital raise extends runway | RAISE:BranchOut Food Announces Closing of $1.4 Million Follow-On Public Offering,v1-2026-06-09,2026-06-09T16:04:40Z
TOUR,Unknown,57577916.0,WATCH,WATCH,,AGREE,done,0,0,0,0,2.01,,,v1-2026-06-09,2026-06-09T16:04:40Z
LOOP,Materials,57572644.0,AVOID,AVOID,insolvency,CORROBORATED,done,0,0,1,0,10.05,API event/short-interest confirms the fundamentals AVOID,API distress/short-interest confirms,v1-2026-06-09,2026-06-09T16:04:40Z
SPCB,Unknown,57497624.0,AVOID,AVOID,,AVOID_unconfirmed,done,0,0,0,0,1.0,,no API fraud/short signal (coverage may be thin),v1-2026-06-09,2026-06-09T16:04:40Z
OMEX,Industrials,57467068.0,AVOID,AVOID,insolvency,AVOID_unconfirmed,done,0,0,0,0,3.74,,no API distress/short signal (coverage may be thin),v1-2026-06-09,2026-06-09T16:04:40Z
HSPT,Financials,57434752.0,SKIP_lt2y,,,SKIP,skip,,,,,,,<2y data,v1-2026-06-09,2026-06-09T16:04:40Z
KLXE,Energy,57304592.0,AVOID,AVOID,insolvency,AVOID_unconfirmed,done,0,0,0,0,4.15,,no API distress/short signal (coverage may be thin),v1-2026-06-09,2026-06-09T16:04:40Z
PDSB,Health Care,56931964.0,SKIP_lt2y,,,SKIP,skip,,,,,,,<2y data,v1-2026-06-09,2026-06-09T16:04:40Z
YIBO,Unknown,56876700.0,WATCH,WATCH,,AGREE,done,0,0,0,0,1.48,,,v1-2026-06-09,2026-06-09T16:04:40Z
VNCE,Consumer Discretionary,56399620.0,CLEAR,CLEAR,,AGREE,done,0,0,0,0,1.0,,,v1-2026-06-09,2026-06-09T16:04:40Z
MIND,Health Care,56352140.0,CLEAR,CLEAR,,AGREE,done,0,0,0,0,4.19,,,v1-2026-06-09,2026-06-09T16:04:40Z
MERC,Materials,56265300.0,WATCH,WATCH,,AGREE,done,0,0,0,1,5.74,, | RAISE:Mercer International Inc. Announces Pricing of Private Offering of Senior Notes,v1-2026-06-09,2026-06-09T16:04:40Z
INCR,Unknown,55774960.0,DISTRESSED-RECOVERABLE,DISTRESSED-RECOVERABLE,,NEWS_NOTE,done,1,0,0,0,1.88,single news mention (kept screen bucket; investigate),single news mention of distress/fraud (investigate; not a screen error) | BK:InterCure Receives Nasdaq Notification Regarding Minimum Bid Requirement,v1-2026-06-09,2026-06-09T16:04:40Z
BGSF,Information Technology,55733468.0,CLEAR,CLEAR,,AGREE,done,0,0,0,0,1.96,,,v1-2026-06-09,2026-06-09T16:04:40Z
ZTEK,Unknown,55707560.0,AVOID,AVOID,cash_burn,AVOID_unconfirmed,done,0,0,0,0,1.0,,no API distress/short signal (coverage may be thin),v1-2026-06-09,2026-06-09T16:04:40Z
UAVS,Industrials,55649684.0,WATCH,WATCH,,AGREE,done,0,0,0,1,1.06,, | RAISE:AgEagle Aerial Systems Inc. Announces Closing of $6.5 Million Public Offering,v1-2026-06-09,2026-06-09T16:04:40Z
DCGO,Health Care,55236888.0,CLEAR,CLEAR,,NEWS_NOTE,done,0,1,0,0,8.53,single news mention (kept screen bucket; investigate),"single news mention of distress/fraud (investigate; not a screen error) | FR:Mobile Medical Services DocGo Counters Fuzzy Panda Report, Asserts Fiscal Health And Growth Plans",v1-2026-06-09,2026-06-09T16:04:40Z
CYPH,Health Care,55233776.0,SKIP_lt2y,,,SKIP,skip,,,,,,,<2y data,v1-2026-06-09,2026-06-09T16:04:40Z
NXB,Industrials,54997828.0,SKIP_lt2y,,,SKIP,skip,,,,,,,<2y data,v1-2026-06-09,2026-06-09T16:04:40Z
EHTH,Financials,54911960.0,WATCH,WATCH,,AGREE,done,0,0,0,0,5.62,,,v1-2026-06-09,2026-06-09T16:04:40Z
DRIO,Health Care,54842984.0,AVOID,AVOID,cash_burn,CORROBORATED,done,0,0,1,1,10.56,API event/short-interest confirms the fundamentals AVOID,API distress/short-interest confirms | RAISE:DarioHealth Announces $25.6M Private Placement Positioning the Company to Execute on Strategy Aiming to Reach Operational Cash Flo,v1-2026-06-09,2026-06-09T16:04:40Z
APWC,Materials,54839168.0,WATCH,WATCH,,AGREE,done,0,0,0,0,1.0,,,v1-2026-06-09,2026-06-09T16:04:40Z
TIL,Health Care,54730552.0,SKIP_lt2y,,,SKIP,skip,,,,,,,<2y data,v1-2026-06-09,2026-06-09T16:04:40Z
VERU,Health Care,54571088.0,SKIP_lt2y,,,SKIP,skip,,,,,,,<2y data,v1-2026-06-09,2026-06-09T16:04:40Z
CNVS,Communication Services,54514856.0,CLEAR,CLEAR,,NEWS_NOTE,done,1,0,0,0,3.84,single news mention (kept screen bucket; investigate),single news mention of distress/fraud (investigate; not a screen error) | BK:Cineverse Corp. receives Nasdaq non-compliance notice - Investing.com,v1-2026-06-09,2026-06-09T16:04:40Z
RYM,Materials,54372964.0,AVOID,AVOID,cash_burn,AVOID_unconfirmed,done,0,0,0,0,3.98,,no API distress/short signal (coverage may be thin),v1-2026-06-09,2026-06-09T16:04:40Z
LFT,Financials,53488252.0,WATCH,WATCH,,AGREE,done,0,0,1,0,10.9,,,v1-2026-06-09,2026-06-09T16:04:40Z
LFS,Unknown,53106056.0,SKIP_lt2y,,,SKIP,skip,,,,,,,<2y data,v1-2026-06-09,2026-06-09T16:04:40Z
AEI,Real Estate,52898332.0,WATCH,WATCH,,AGREE,done,0,0,0,1,8.61,, | RAISE:Alset Inc. Announces Closing of $1.5 Million Registered Direct Offering Priced at the Market Under Nasdaq Rules,v1-2026-06-09,2026-06-09T16:04:40Z
ABLV,Consumer Discretionary,52847216.0,WATCH,WATCH,,NEWS_NOTE,done,1,0,0,0,1.29,single news mention (kept screen bucket; investigate),single news mention of distress/fraud (investigate; not a screen error) | BK:Able View Announced Receipt of  Nasdaq Notification Regarding Minimum Bid Price Deficiency,v1-2026-06-09,2026-06-09T16:04:40Z
APT,Health Care,52412864.0,CLEAR,CLEAR,,AGREE,done,0,0,0,0,1.0,,,v1-2026-06-09,2026-06-09T16:04:40Z
FNUC,Unknown,52110300.0,SKIP_lt2y,,,SKIP,skip,,,,,,,<2y data,v1-2026-06-09,2026-06-09T16:04:40Z
DSWL,Materials,52108232.0,CLEAR,CLEAR,,AGREE,done,0,0,0,0,1.0,,,v1-2026-06-09,2026-06-09T16:04:40Z
USEG,Energy,51556552.0,AVOID,AVOID,cash_burn,AVOID_unconfirmed,done,0,0,0,0,1.48,,no API distress/short signal (coverage may be thin),v1-2026-06-09,2026-06-09T16:04:40Z
RIBB,Financials,51337808.0,SKIP_lt2y,,,SKIP,skip,,,,,,,<2y data,v1-2026-06-09,2026-06-09T16:04:40Z
MLGO,Information Technology,51315724.0,CLEAR,CLEAR,,AGREE,done,0,0,0,0,1.0,,,v1-2026-06-09,2026-06-09T16:04:40Z
NTWK,Information Technology,51306112.0,CLEAR,CLEAR,,AGREE,done,0,0,0,0,1.0,,,v1-2026-06-09,2026-06-09T16:04:40Z
SKYA,Health Care,51209824.0,AVOID,AVOID,cash_burn,AVOID_unconfirmed,done,0,0,0,0,1.0,,no API distress/short signal (coverage may be thin),v1-2026-06-09,2026-06-09T16:04:40Z
WFCF,Information Technology,51148648.0,CLEAR,CLEAR,,AGREE,done,0,0,0,0,1.0,,,v1-2026-06-09,2026-06-09T16:04:40Z
ENGS,Industrials,50943068.0,SKIP_lt2y,,,SKIP,skip,,,,,,,<2y data,v1-2026-06-09,2026-06-09T16:04:40Z
QTI,Health Care,50851200.0,AVOID,AVOID,cash_burn,AVOID_unconfirmed,done,0,0,0,0,4.93,,no API distress/short signal (coverage may be thin),v1-2026-06-09,2026-06-09T16:04:40Z
BENF,Financials,50847264.0,AVOID,AVOID,insolvency,CORROBORATED,done,1,1,1,0,11.61,API event/short-interest confirms the fundamentals AVOID,API distress/short-interest confirms | BK:Beneficient Receives Additional Nasdaq Listing Determination,v1-2026-06-09,2026-06-09T16:04:40Z
COCH,Health Care,50833792.0,AVOID,AVOID,insolvency,CORROBORATED,done,0,0,1,0,11.53,API event/short-interest confirms the fundamentals AVOID,API distress/short-interest confirms,v1-2026-06-09,2026-06-09T16:04:40Z
RCON,Energy,50760420.0,WATCH,WATCH,,AGREE,done,0,0,0,0,1.0,,,v1-2026-06-09,2026-06-09T16:04:40Z
XLO,Health Care,50628568.0,WATCH,WATCH,,AGREE,done,0,0,0,1,1.8,, | RAISE:Xilio Therapeutics Announces Pricing of Underwritten Offering,v1-2026-06-09,2026-06-09T16:04:40Z
WAVE,Unknown,50571488.0,AVOID,AVOID,cash_burn,AVOID_unconfirmed,done,0,0,0,0,1.0,,no API distress/short signal (coverage may be thin),v1-2026-06-09,2026-06-09T16:04:40Z
BCHT,Health Care,50507452.0,SKIP_no_data,,,SKIP,skip,,,,,,,no cached fundamentals/context,v1-2026-06-09,2026-06-09T16:04:40Z
DWTX,Health Care,50444328.0,SKIP_lt2y,,,SKIP,skip,,,,,,,<2y data,v1-2026-06-09,2026-06-09T16:04:40Z
ICG,Unknown,50403044.0,WATCH,WATCH,,AGREE,done,0,0,0,1,1.51,, | RAISE:Intchains Group Limited Announces Closing of US$8.0 Million Initial Public Offering,v1-2026-06-09,2026-06-09T16:04:40Z
ARBK,Unknown,50344048.0,SKIP_no_data,,,SKIP,skip,,,,,,,no cached fundamentals/context,v1-2026-06-09,2026-06-09T16:04:40Z
QUCY,Health Care,50087960.0,AVOID,AVOID,cash_burn,AVOID_unconfirmed,done,0,0,0,0,1.0,,no API distress/short signal (coverage may be thin),v1-2026-06-09,2026-06-09T16:04:40Z
WYHG,Unknown,50079272.0,WATCH,WATCH,,NEWS_NOTE,done,1,0,0,0,1.3,single news mention (kept screen bucket; investigate),single news mention of distress/fraud (investigate; not a screen error) | BK:Wing Yip Food Holdings Group Limited Receives Nasdaq Notification Regarding Minimum Bid Price Deficiency,v1-2026-06-09,2026-06-09T16:04:40Z
WBX,Unknown,49924668.0,AVOID,AVOID,insolvency,CORROBORATED,done,0,0,1,0,13.8,API event/short-interest confirms the fundamentals AVOID,API distress/short-interest confirms,v1-2026-06-09,2026-06-09T16:04:40Z
UEIC,Information Technology,49637088.0,CLEAR,CLEAR,,AGREE,done,0,0,0,0,2.66,,,v1-2026-06-09,2026-06-09T16:04:40Z
SPWH,Consumer Discretionary,49555140.0,DISTRESSED-RECOVERABLE,DISTRESSED-RECOVERABLE,,AGREE,done,0,0,0,0,1.73,,,v1-2026-06-09,2026-06-09T16:04:40Z
MYO,Health Care,49457472.0,AVOID,AVOID,cash_burn,AVOID_unconfirmed,done,0,0,0,0,9.15,,no API distress/short signal (coverage may be thin),v1-2026-06-09,2026-06-09T16:04:40Z
XHG,Unknown,49377760.0,AVOID,AVOID,insolvency,AVOID_unconfirmed,done,0,0,0,0,6.43,,no API distress/short signal (coverage may be thin),v1-2026-06-09,2026-06-09T16:04:40Z
TACT,Information Technology,49326140.0,CLEAR,CLEAR,,AGREE,done,0,0,0,0,1.0,,,v1-2026-06-09,2026-06-09T16:04:40Z
SJ,Information Technology,49256808.0,CLEAR,CLEAR,,AGREE,done,0,0,0,0,1.0,,,v1-2026-06-09,2026-06-09T16:04:40Z
SCLX,Health Care,49231036.0,AVOID,AVOID,insolvency,CORROBORATED,done,1,0,0,1,1.33,API event/short-interest confirms the fundamentals AVOID,API distress/short-interest confirms | BK:Scilex Holding Company Announces 1-for-35 Reverse Stock Split,v1-2026-06-09,2026-06-09T16:04:40Z
NA,Unknown,49213868.0,AVOID,WATCH,,OVERFLAG_review,done,0,0,0,1,2.81,downgraded from AVOID — recent capital raise extends runway / no event found,"recent raise, no fraud event in news | RAISE:Nano Labs Announces US$500 Million Convertible Notes Private Placement for BNB Treasury Strategy",v1-2026-06-09,2026-06-09T16:04:40Z
ESLA,Health Care,49059020.0,SKIP_lt2y,,,SKIP,skip,,,,,,,<2y data,v1-2026-06-09,2026-06-09T16:04:40Z
VRM,Consumer Discretionary,48951692.0,SKIP_lt2y,,,SKIP,skip,,,,,,,<2y data,v1-2026-06-09,2026-06-09T16:04:40Z
SACH,Financials,48914760.0,CLEAR,CLEAR,,AGREE,done,0,0,0,1,1.04,, | RAISE:Sachem Capital Corp. Announces Registered Public Offering of Notes,v1-2026-06-09,2026-06-09T16:04:40Z
TCBS,Financials,48763124.0,CLEAR,CLEAR,,AGREE,done,0,0,0,0,1.61,,,v1-2026-06-09,2026-06-09T16:04:40Z
BKHA,Unknown,48721456.0,SKIP_no_data,,,SKIP,skip,,,,,,,no cached fundamentals/context,v1-2026-06-09,2026-06-09T16:04:40Z
VOC,Energy,48620000.0,CLEAR,CLEAR,,AGREE,done,0,0,0,0,1.0,,,v1-2026-06-09,2026-06-09T16:04:40Z
EDSA,Health Care,48550052.0,SKIP_lt2y,,,SKIP,skip,,,,,,,<2y data,v1-2026-06-09,2026-06-09T16:04:40Z
MGLD,Financials,48544488.0,WATCH,WATCH,,AGREE,done,0,0,0,0,2.82,,,v1-2026-06-09,2026-06-09T16:04:40Z
DDC,Consumer Staples,48481644.0,AVOID,WATCH,cash_burn,OVERFLAG_recent_raise,done,0,0,0,1,1.57,downgraded from AVOID — recent capital raise extends runway / no event found,recent capital raise extends runway | RAISE:DayDayCook Announces Closing of Initial Public Offering,v1-2026-06-09,2026-06-09T16:04:40Z
LOAN,Financials,48460444.0,SKIP_lt2y,,,SKIP,skip,,,,,,,<2y data,v1-2026-06-09,2026-06-09T16:04:40Z
XCH,Unknown,48428040.0,AVOID,WATCH,cash_burn,OVERFLAG_recent_raise,done,0,0,0,1,1.0,downgraded from AVOID — recent capital raise extends runway / no event found,recent capital raise extends runway | RAISE:XCHG Limited Announces Partial Exercise of Over-Allotment Option in Initial Public Offering,v1-2026-06-09,2026-06-09T16:04:40Z
GROV,Consumer Discretionary,48332288.0,AVOID,AVOID,insolvency,CORROBORATED,done,0,0,1,0,27.97,API event/short-interest confirms the fundamentals AVOID,API distress/short-interest confirms,v1-2026-06-09,2026-06-09T16:04:40Z
MGX,Health Care,48187976.0,AVOID,AVOID,cash_burn,CORROBORATED,done,0,0,1,0,10.07,API event/short-interest confirms the fundamentals AVOID,API distress/short-interest confirms,v1-2026-06-09,2026-06-09T16:04:40Z
PRTS,Consumer Discretionary,48185680.0,AVOID,AVOID,cash_burn,AVOID_unconfirmed,done,0,0,0,0,4.19,,no API distress/short signal (coverage may be thin),v1-2026-06-09,2026-06-09T16:04:40Z
DCX,Consumer Discretionary,48171408.0,SKIP_lt2y,,,SKIP,skip,,,,,,,<2y data,v1-2026-06-09,2026-06-09T16:04:40Z
EUDA,Health Care,48088856.0,AVOID,AVOID,insolvency,CORROBORATED,done,1,0,0,0,1.0,API event/short-interest confirms the fundamentals AVOID,API distress/short-interest confirms | BK:EUDA Health Holdings Limited Has Received Notice from Nasdaq that it has Failed to Maintain a Minimum Market Value of its Listed S,v1-2026-06-09,2026-06-09T16:04:40Z
PLUT,Unknown,47769200.0,SKIP_lt2y,,,SKIP,skip,,,,,,,<2y data,v1-2026-06-09,2026-06-09T16:04:40Z
SPRU,Utilities,47576484.0,WATCH,WATCH,,AGREE,done,0,0,1,0,15.45,,,v1-2026-06-09,2026-06-09T16:04:40Z
PXS,Unknown,47305076.0,CLEAR,CLEAR,,AGREE,done,0,0,0,0,1.0,,,v1-2026-06-09,2026-06-09T16:04:40Z
GNS,Unknown,47189996.0,AVOID,WATCH,cash_burn,OVERFLAG_recent_raise,done,0,0,0,1,3.13,downgraded from AVOID — recent capital raise extends runway / no event found,"recent capital raise extends runway | RAISE:Genius Group Announces Closing of $8,000,000 Registered Direct Offering",v1-2026-06-09,2026-06-09T16:04:40Z
AGIG,Energy,47104420.0,AVOID,WATCH,cash_burn,OVERFLAG_recent_raise,done,0,0,0,1,6.23,downgraded from AVOID — recent capital raise extends runway / no event found,recent capital raise extends runway | RAISE:Abundia Global Impact Group Announces Pricing of $20 Million Registered Direct Offering of Common Stock,v1-2026-06-09,2026-06-09T16:04:40Z
AACG,Unknown,47096996.0,SKIP_no_data,,,SKIP,skip,,,,,,,no cached fundamentals/context,v1-2026-06-09,2026-06-09T16:04:40Z
AIOS,Materials,46980000.0,AVOID,AVOID,cash_burn,CORROBORATED,done,1,0,0,0,1.0,API event/short-interest confirms the fundamentals AVOID,API distress/short-interest confirms | BK:AIOS Tech Inc. Announces 20-for-1 Share Consolidation and Increase of Authorized Share Capital,v1-2026-06-09,2026-06-09T16:04:40Z
LGL,Information Technology,46868764.0,DISTRESSED-RECOVERABLE,DISTRESSED-RECOVERABLE,,AGREE,done,0,0,0,0,3.65,,,v1-2026-06-09,2026-06-09T16:04:40Z
SCYX,Health Care,46771848.0,WATCH,WATCH,,AGREE,done,0,0,0,0,6.42,,,v1-2026-06-09,2026-06-09T16:04:40Z
AXIL,Materials,46701360.0,CLEAR,CLEAR,,AGREE,done,0,0,0,0,1.24,,,v1-2026-06-09,2026-06-09T16:04:40Z
PPSI,Information Technology,46604316.0,WATCH,WATCH,,AGREE,done,0,0,0,0,1.0,,,v1-2026-06-09,2026-06-09T16:04:40Z
BEAT,Health Care,46564688.0,SKIP_lt2y,,,SKIP,skip,,,,,,,<2y data,v1-2026-06-09,2026-06-09T16:04:40Z
PFAI,Unknown,46359492.0,SKIP_lt2y,,,SKIP,skip,,,,,,,<2y data,v1-2026-06-09,2026-06-09T16:04:40Z
ELWT,Communication Services,46338572.0,SKIP_lt2y,,,SKIP,skip,,,,,,,<2y data,v1-2026-06-09,2026-06-09T16:04:40Z
ATYR,Health Care,46084072.0,AVOID,AVOID,cash_burn,AVOID_unconfirmed,done,0,0,0,0,4.48,,no API distress/short signal (coverage may be thin),v1-2026-06-09,2026-06-09T16:04:40Z
FNGR,Information Technology,46022260.0,AVOID,AVOID,cash_burn,AVOID_unconfirmed,done,0,0,0,0,2.77,,no API distress/short signal (coverage may be thin),v1-2026-06-09,2026-06-09T16:04:40Z
LTRN,Health Care,45804348.0,SKIP_lt2y,,,SKIP,skip,,,,,,,<2y data,v1-2026-06-09,2026-06-09T16:04:40Z
HYPD,Health Care,45321664.0,AVOID,AVOID,cash_burn,AVOID_unconfirmed,done,0,0,0,0,1.5,,no API distress/short signal (coverage may be thin),v1-2026-06-09,2026-06-09T16:04:40Z
VCIG,Unknown,45080644.0,CLEAR,CLEAR,,NEWS_NOTE,done,1,0,0,1,1.36,single news mention (kept screen bucket; investigate),single news mention of distress/fraud (investigate; not a screen error) | BK:VCI Global Announces 1-for-49 Reverse Stock Split,v1-2026-06-09,2026-06-09T16:04:40Z
GSIW,Unknown,45028204.0,AVOID,AVOID,cash_burn,CORROBORATED,done,1,0,0,1,5.22,API event/short-interest confirms the fundamentals AVOID,API distress/short-interest confirms | BK:Garden Stage Limited - Announces Receipt of Nasdaq Notification Letter Regarding Minimum Bid Price Deficiency,v1-2026-06-09,2026-06-09T16:04:40Z
ACTU,Health Care,44980600.0,SKIP_lt2y,,,SKIP,skip,,,,,,,<2y data,v1-2026-06-09,2026-06-09T16:04:40Z
QETA,Financials,44860544.0,SKIP_lt2y,,,SKIP,skip,,,,,,,<2y data,v1-2026-06-09,2026-06-09T16:04:40Z
HGBL,Industrials,44469184.0,CLEAR,CLEAR,,AGREE,done,0,0,0,0,1.0,,,v1-2026-06-09,2026-06-09T16:04:40Z
SRTS,Health Care,44447560.0,CLEAR,CLEAR,,AGREE,done,0,0,0,0,1.59,,,v1-2026-06-09,2026-06-09T16:04:40Z
NSYS,Information Technology,44237472.0,DISTRESSED-RECOVERABLE,DISTRESSED-RECOVERABLE,,AGREE,done,0,0,0,0,1.0,,,v1-2026-06-09,2026-06-09T16:04:40Z
ELUT,Health Care,44150768.0,AVOID,WATCH,cash_burn,OVERFLAG_recent_raise,done,0,0,0,1,1.0,downgraded from AVOID — recent capital raise extends runway / no event found,recent capital raise extends runway | RAISE:Elutia Announces $13.26 Million Registered Direct Offering,v1-2026-06-09,2026-06-09T16:04:40Z
SLMT,Unknown,43860232.0,AVOID,AVOID,cash_burn,AVOID_unconfirmed,done,0,0,0,0,5.87,,no API distress/short signal (coverage may be thin),v1-2026-06-09,2026-06-09T16:04:40Z
TVGN,Health Care,43843180.0,SKIP_lt2y,,,SKIP,skip,,,,,,,<2y data,v1-2026-06-09,2026-06-09T16:04:40Z
ZOOZ,Unknown,43665088.0,AVOID,AVOID,cash_burn,AVOID_unconfirmed,done,0,0,0,0,1.0,,no API distress/short signal (coverage may be thin),v1-2026-06-09,2026-06-09T16:04:40Z
MKTW,Information Technology,43553060.0,CLEAR,CLEAR,,AGREE,done,0,0,0,0,1.0,,,v1-2026-06-09,2026-06-09T16:04:40Z
NTRB,Health Care,43518420.0,AVOID,AVOID,cash_burn,CORROBORATED,done,0,0,1,0,17.37,API event/short-interest confirms the fundamentals AVOID,API distress/short-interest confirms,v1-2026-06-09,2026-06-09T16:04:40Z
TOON,Communication Services,43434276.0,AVOID,WATCH,cash_burn,OVERFLAG_recent_raise,done,0,0,0,1,3.5,downgraded from AVOID — recent capital raise extends runway / no event found,recent capital raise extends runway | RAISE:Kartoon Studios Inc. Completes First Tranche of Registered Direct Offering of Common Stock and Pre-Funded Warrants for up to $7.0 ,v1-2026-06-09,2026-06-09T16:04:40Z
JRSH,Consumer Discretionary,43433796.0,DISTRESSED-RECOVERABLE,DISTRESSED-RECOVERABLE,,AGREE,done,0,0,0,0,1.0,,,v1-2026-06-09,2026-06-09T16:04:40Z
LESL,Consumer Discretionary,43334244.0,AVOID,AVOID,insolvency,AVOID_unconfirmed,done,0,0,0,0,1.0,,no API distress/short signal (coverage may be thin),v1-2026-06-09,2026-06-09T16:04:40Z
PBK,Unknown,43265984.0,AVOID,AVOID,cash_burn,AVOID_unconfirmed,done,0,0,0,0,,,no API distress/short signal (coverage may be thin),v1-2026-06-09,2026-06-09T16:04:40Z
ILLR,Financials,43245272.0,AVOID,AVOID,insolvency,CORROBORATED,done,1,0,0,0,2.11,API event/short-interest confirms the fundamentals AVOID,API distress/short-interest confirms | BK:Triller Group Receives Nasdaq Notification of Non-Compliance with Listing Rule 5250(c)(1),v1-2026-06-09,2026-06-09T16:04:40Z
PRPL,Consumer Discretionary,42844652.0,AVOID,AVOID,insolvency,AVOID_unconfirmed,done,0,0,0,0,4.06,,no API distress/short signal (coverage may be thin),v1-2026-06-09,2026-06-09T16:04:40Z
MBBC,Financials,42490740.0,SKIP_lt2y,,,SKIP,skip,,,,,,,<2y data,v1-2026-06-09,2026-06-09T16:04:40Z
CREX,Information Technology,42480416.0,AVOID,AVOID,insolvency,CORROBORATED,done,1,0,0,1,3.17,API event/short-interest confirms the fundamentals AVOID,API distress/short-interest confirms | BK:Creative Realities Complies with Nasdaq’s Minimum Bid Price Requirement,v1-2026-06-09,2026-06-09T16:04:40Z
FTEK,Industrials,42384736.0,CLEAR,CLEAR,,AGREE,done,0,0,0,0,1.0,,,v1-2026-06-09,2026-06-09T16:04:40Z
SCWO,Information Technology,42339120.0,AVOID,WATCH,cash_burn,OVERFLAG_recent_raise,done,0,0,0,1,3.22,downgraded from AVOID — recent capital raise extends runway / no event found,recent capital raise extends runway | RAISE:D. Boral Capital Served as Exclusive Placement Agent to 374Water Inc. (Nasdaq: SCWO) in connection with its $12.2 Million Register,v1-2026-06-09,2026-06-09T16:04:40Z
GRDX,Health Care,42247440.0,AVOID,AVOID,cash_burn,AVOID_unconfirmed,done,0,0,0,0,1.0,,no API distress/short signal (coverage may be thin),v1-2026-06-09,2026-06-09T16:04:40Z
MIRA,Health Care,42022088.0,SKIP_lt2y,,,SKIP,skip,,,,,,,<2y data,v1-2026-06-09,2026-06-09T16:04:40Z
PRPO,Health Care,41985368.0,CLEAR,CLEAR,,NEWS_NOTE,done,1,0,0,1,1.0,single news mention (kept screen bucket; investigate),single news mention of distress/fraud (investigate; not a screen error) | BK:Precipio Granted 180-day Extension From NASDAQ To Regain Compliance,v1-2026-06-09,2026-06-09T16:04:40Z
STRR,Information Technology,41721840.0,AVOID,AVOID,cash_burn,AVOID_unconfirmed,done,0,0,0,0,1.28,,no API distress/short signal (coverage may be thin),v1-2026-06-09,2026-06-09T16:04:40Z
USIO,Financials,41669952.0,DISTRESSED-RECOVERABLE,DISTRESSED-RECOVERABLE,,AGREE,done,0,0,0,0,1.0,,,v1-2026-06-09,2026-06-09T16:04:40Z
BRAG,Information Technology,41523776.0,CLEAR,CLEAR,,AGREE,done,0,0,0,0,4.11,,,v1-2026-06-09,2026-06-09T16:04:40Z
CCG,Financials,41510780.0,WATCH,WATCH,,AGREE,done,0,0,0,0,2.01,,,v1-2026-06-09,2026-06-09T16:04:40Z
ZDGE,Information Technology,41342812.0,CLEAR,CLEAR,,AGREE,done,0,0,0,0,1.03,,,v1-2026-06-09,2026-06-09T16:04:40Z
RDI,Communication Services,41270232.0,WATCH,WATCH,,AGREE,done,0,0,0,0,1.0,,,v1-2026-06-09,2026-06-09T16:04:40Z
NSPR,Health Care,41218284.0,AVOID,AVOID,cash_burn,AVOID_unconfirmed,done,0,0,0,0,1.0,,no API distress/short signal (coverage may be thin),v1-2026-06-09,2026-06-09T16:04:40Z
PN,Unknown,41144076.0,SKIP_lt2y,,,SKIP,skip,,,,,,,<2y data,v1-2026-06-09,2026-06-09T16:04:40Z
INDO,Unknown,41082864.0,AVOID,AVOID,cash_burn,AVOID_unconfirmed,done,0,0,0,0,1.0,,no API distress/short signal (coverage may be thin),v1-2026-06-09,2026-06-09T16:04:40Z
GOSS,Health Care,41071848.0,AVOID,AVOID,insolvency,CORROBORATED,done,0,0,1,0,11.48,API event/short-interest confirms the fundamentals AVOID,API distress/short-interest confirms,v1-2026-06-09,2026-06-09T16:04:40Z
RAVE,Industrials,40787196.0,CLEAR,CLEAR,,AGREE,done,0,0,0,0,1.0,,,v1-2026-06-09,2026-06-09T16:04:40Z
ARAY,Health Care,40673688.0,DISTRESSED-RECOVERABLE,DISTRESSED-RECOVERABLE,,AGREE,done,0,0,0,0,1.2,,,v1-2026-06-09,2026-06-09T16:04:40Z
PXLW,Information Technology,40661216.0,AVOID,AVOID,cash_burn,AVOID_unconfirmed,done,0,0,0,0,1.61,,no API distress/short signal (coverage may be thin),v1-2026-06-09,2026-06-09T16:04:40Z
KTCC,Information Technology,40505076.0,DISTRESSED-RECOVERABLE,DISTRESSED-RECOVERABLE,,AGREE,done,0,0,0,0,1.64,,,v1-2026-06-09,2026-06-09T16:04:40Z
BDMD,Unknown,40297008.0,SKIP_no_data,,,SKIP,skip,,,,,,,no cached fundamentals/context,v1-2026-06-09,2026-06-09T16:04:40Z
DXLG,Consumer Discretionary,40294084.0,WATCH,WATCH,,AGREE,done,0,0,0,1,7.91,," | RAISE:Destination XL Group, Inc. Announces Pricing of Offering of Common Stock by Selling Stockholder",v1-2026-06-09,2026-06-09T16:04:40Z
PHUN,Information Technology,40281416.0,WATCH,WATCH,,AGREE,done,0,0,0,1,3.0,, | RAISE:Phunware Updates Announcement of “At-the-Market” Equity Offering Program,v1-2026-06-09,2026-06-09T16:04:40Z
TLPH,Health Care,40222224.0,AVOID,AVOID,cash_burn,AVOID_unconfirmed,done,0,0,0,0,6.75,,no API distress/short signal (coverage may be thin),v1-2026-06-09,2026-06-09T16:04:40Z
BHM,Financials,40066164.0,DISTRESSED-RECOVERABLE,DISTRESSED-RECOVERABLE,,AGREE,done,0,0,0,0,1.0,,,v1-2026-06-09,2026-06-09T16:04:40Z
CULP,Consumer Discretionary,40014400.0,AVOID,AVOID,cash_burn,AVOID_unconfirmed,done,0,0,0,0,1.0,,no API distress/short signal (coverage may be thin),v1-2026-06-09,2026-06-09T16:04:40Z
MAMO,Industrials,39991968.0,WATCH,WATCH,,AGREE,done,0,0,0,0,4.67,,,v1-2026-06-09,2026-06-09T16:04:40Z
ACFN,Industrials,39981632.0,CLEAR,CLEAR,,AGREE,done,0,0,0,0,1.41,,,v1-2026-06-09,2026-06-09T16:04:40Z
BRIA,Consumer Discretionary,39750000.0,SKIP_lt2y,,,SKIP,skip,,,,,,,<2y data,v1-2026-06-09,2026-06-09T16:04:40Z
HOLO,Information Technology,39638384.0,CLEAR,CLEAR,,AGREE,done,0,0,0,0,2.53,,,v1-2026-06-09,2026-06-09T16:04:40Z
KSCP,Information Technology,39506308.0,AVOID,AVOID,cash_burn,AVOID_unconfirmed,done,0,0,0,0,5.82,,no API distress/short signal (coverage may be thin),v1-2026-06-09,2026-06-09T16:04:40Z
CNTY,Consumer Discretionary,39440596.0,AVOID,AVOID,insolvency,AVOID_unconfirmed,done,0,0,0,0,1.14,,no API distress/short signal (coverage may be thin),v1-2026-06-09,2026-06-09T16:04:40Z
TELA,Health Care,39398684.0,AVOID,WATCH,cash_burn,OVERFLAG_recent_raise,done,0,0,0,1,2.5,downgraded from AVOID — recent capital raise extends runway / no event found,recent capital raise extends runway | RAISE:TELA Bio Announces Closing of Public Offering of Common Stock and Pre-Funded Warrants and Full Exercise of the Underwriters' Optio,v1-2026-06-09,2026-06-09T16:04:40Z
ZYBT,Unknown,39358540.0,SKIP_lt2y,,,SKIP,skip,,,,,,,<2y data,v1-2026-06-09,2026-06-09T16:04:40Z
RNXT,Health Care,39326444.0,AVOID,AVOID,cash_burn,AVOID_unconfirmed,done,0,0,0,0,1.44,,no API distress/short signal (coverage may be thin),v1-2026-06-09,2026-06-09T16:04:40Z
HLP,Unknown,39312584.0,CLEAR,CLEAR,,AGREE,done,0,0,0,0,1.0,,,v1-2026-06-09,2026-06-09T16:04:40Z
AERT,Industrials,39284084.0,WATCH,WATCH,,NEWS_NOTE,done,1,1,0,0,1.0,single news mention (kept screen bucket; investigate),single news mention of distress/fraud (investigate; not a screen error) | BK:Aeries Technology Receives Notification of Deficiency from Nasdaq Related to Delayed Filing of Quarterly Report on Form 10-Q,v1-2026-06-09,2026-06-09T16:04:40Z
UCL,Unknown,39235016.0,CLEAR,CLEAR,,AGREE,done,0,0,0,0,1.4,,,v1-2026-06-09,2026-06-09T16:04:40Z
JAGU,Materials,39175928.0,SKIP_no_data,,,SKIP,skip,,,,,,,no cached fundamentals/context,v1-2026-06-09,2026-06-09T16:04:40Z
FGNX,Financials,39131764.0,WATCH,WATCH,,AGREE,done,0,0,0,0,1.88,,,v1-2026-06-09,2026-06-09T16:04:40Z
PAVM,Health Care,39016732.0,AVOID,AVOID,cash_burn,CORROBORATED,done,1,0,0,0,1.0,API event/short-interest confirms the fundamentals AVOID,API distress/short-interest confirms | BK:PAVmed Announces Reverse Stock Split,v1-2026-06-09,2026-06-09T16:04:40Z
BGDE,Financials,39010652.0,AVOID,AVOID,insolvency,AVOID_unconfirmed,done,0,0,0,0,1.44,,no API distress/short signal (coverage may be thin),v1-2026-06-09,2026-06-09T16:04:40Z
TPCS,Materials,38944084.0,AVOID,AVOID,insolvency,AVOID_unconfirmed,done,0,0,0,0,1.0,,no API distress/short signal (coverage may be thin),v1-2026-06-09,2026-06-09T16:04:40Z
RMCO,Financials,38656868.0,WATCH,WATCH,,AGREE,done,0,0,0,0,1.0,,,v1-2026-06-09,2026-06-09T16:04:40Z
OESX,Information Technology,38618148.0,WATCH,WATCH,,AGREE,done,0,0,0,1,1.4,, | RAISE:Orion Announces Pricing of Public Offering of Common Stock,v1-2026-06-09,2026-06-09T16:04:40Z
MATH,Unknown,38588888.0,CLEAR,CLEAR,,AGREE,done,0,0,0,1,1.0,, | RAISE:Metalpha’s Next Generation Fund I Secures a Strategic Investment from Crypto Leader,v1-2026-06-09,2026-06-09T16:04:40Z
KFFB,Financials,38563928.0,WATCH,WATCH,,AGREE,done,0,0,0,0,3.76,,,v1-2026-06-09,2026-06-09T16:04:40Z
DUO,Real Estate,38548412.0,WATCH,AVOID,,UNDERFLAG_distress_event,done,1,0,0,1,2.38,promoted — ≥2 live distress (going-concern/Ch11/default) news articles,2 live news articles show a distress event the screen missed | BK:FangDD Receives Nasdaq Notice Regarding Minimum Bid Price Requirement,v1-2026-06-09,2026-06-09T16:04:40Z
CVV,Industrials,38519828.0,WATCH,WATCH,,AGREE,done,0,0,0,0,1.0,,,v1-2026-06-09,2026-06-09T16:04:40Z
ATOS,Health Care,38493084.0,SKIP_lt2y,,,SKIP,skip,,,,,,,<2y data,v1-2026-06-09,2026-06-09T16:04:40Z
KALA,Health Care,38295052.0,SKIP_lt2y,,,SKIP,skip,,,,,,,<2y data,v1-2026-06-09,2026-06-09T16:04:40Z
BBGI,Communication Services,38130472.0,AVOID,AVOID,insolvency,AVOID_unconfirmed,done,0,0,0,0,1.91,,no API distress/short signal (coverage may be thin),v1-2026-06-09,2026-06-09T16:04:40Z
SWAG,Information Technology,38103416.0,WATCH,AVOID,,UNDERFLAG_distress_event,done,1,0,0,0,1.0,promoted — ≥2 live distress (going-concern/Ch11/default) news articles,2 live news articles show a distress event the screen missed | BK:Stran & Company Announces Receipt of Nasdaq Staff Delisting Determination,v1-2026-06-09,2026-06-09T16:04:40Z
VTSI,Consumer Discretionary,37878064.0,CLEAR,CLEAR,,AGREE,done,0,0,0,0,1.0,,,v1-2026-06-09,2026-06-09T16:04:40Z
ATHR,Information Technology,37770108.0,SKIP_lt2y,,,SKIP,skip,,,,,,,<2y data,v1-2026-06-09,2026-06-09T16:04:40Z
NAAS,Unknown,37749656.0,AVOID,AVOID,insolvency,AVOID_unconfirmed,done,0,0,0,0,3.56,,no API distress/short signal (coverage may be thin),v1-2026-06-09,2026-06-09T16:04:40Z
KOSS,Information Technology,37676424.0,WATCH,WATCH,,NEWS_NOTE,done,0,1,0,0,4.1,single news mention (kept screen bucket; investigate),"single news mention of distress/fraud (investigate; not a screen error) | FR:GameStop Discloses SEC Probe Into Trading of Its And Stocks Of 'Other Companies;' AMC, Koss, BlackBerry Dip",v1-2026-06-09,2026-06-09T16:04:40Z
FIEE,Information Technology,37568476.0,CLEAR,CLEAR,,AGREE,done,0,0,0,0,2.5,,,v1-2026-06-09,2026-06-09T16:04:40Z
GAME,Communication Services,37300664.0,AVOID,AVOID,cash_burn,AVOID_unconfirmed,done,0,0,0,0,2.39,,no API distress/short signal (coverage may be thin),v1-2026-06-09,2026-06-09T16:04:40Z
PSTV,Health Care,37241880.0,AVOID,WATCH,cash_burn,OVERFLAG_recent_raise,done,0,0,0,1,9.24,downgraded from AVOID — recent capital raise extends runway / no event found,recent capital raise extends runway | RAISE:Plus Therapeutics Secures Private Placement of Approximately $15 Million in Gross Proceeds,v1-2026-06-09,2026-06-09T16:04:40Z
GRML,Health Care,37220268.0,SKIP_lt2y,,,SKIP,skip,,,,,,,<2y data,v1-2026-06-09,2026-06-09T16:04:40Z
NEPH,Health Care,37129388.0,CLEAR,CLEAR,,AGREE,done,0,0,0,0,1.0,,,v1-2026-06-09,2026-06-09T16:04:40Z
TOP,Unknown,37112444.0,AVOID,WATCH,cash_burn,OVERFLAG_recent_raise,done,0,0,0,1,5.02,downgraded from AVOID — recent capital raise extends runway / no event found,recent capital raise extends runway | RAISE:TOP Financial Announces $5 Million Registered Direct Offering,v1-2026-06-09,2026-06-09T16:04:40Z
PTLE,Unknown,37058620.0,AVOID,WATCH,cash_burn,OVERFLAG_recent_raise,done,0,0,0,1,1.08,downgraded from AVOID — recent capital raise extends runway / no event found,recent capital raise extends runway | RAISE:PTL Limited Announces Closing of $7.14 Million Public Offering of its Ordinary Shares,v1-2026-06-09,2026-06-09T16:04:40Z
MOVE,Information Technology,37005960.0,AVOID,AVOID,insolvency,AVOID_unconfirmed,done,0,0,0,0,1.0,,no API distress/short signal (coverage may be thin),v1-2026-06-09,2026-06-09T16:04:40Z
SPPL,Unknown,36991780.0,AVOID,AVOID,cash_burn,CORROBORATED,done,1,0,0,1,1.0,API event/short-interest confirms the fundamentals AVOID,API distress/short-interest confirms | BK:SIMPPLE LTD. Announces Receipt of Nasdaq Staff Determination Letter,v1-2026-06-09,2026-06-09T16:04:40Z
ONMD,Industrials,36829644.0,AVOID,AVOID,insolvency,AVOID_unconfirmed,done,0,0,0,0,1.79,,no API distress/short signal (coverage may be thin),v1-2026-06-09,2026-06-09T16:04:40Z
MLSS,Health Care,36577620.0,AVOID,WATCH,cash_burn,OVERFLAG_recent_raise,done,0,0,0,1,1.52,downgraded from AVOID — recent capital raise extends runway / no event found,recent capital raise extends runway | RAISE:Milestone Scientific Inc. Announces Closing of $3.0 Million Public Offering of Common Stock,v1-2026-06-09,2026-06-09T16:04:40Z
LSF,Consumer Staples,36314348.0,AVOID,AVOID,cash_burn,AVOID_unconfirmed,done,0,0,0,0,2.5,,no API distress/short signal (coverage may be thin),v1-2026-06-09,2026-06-09T16:04:40Z
AVX,Financials,35945068.0,WATCH,WATCH,,AGREE,done,0,0,0,0,1.0,,,v1-2026-06-09,2026-06-09T16:04:40Z
PETS,Consumer Discretionary,35894512.0,AVOID,AVOID,cash_burn,CORROBORATED,done,0,1,1,0,10.71,API event/short-interest confirms the fundamentals AVOID,API distress/short-interest confirms | FR:PetMeds® Announces Fiscal 2024 Third Quarter Financial Results and Completion of Financial Restatement,v1-2026-06-09,2026-06-09T16:04:40Z
BRFH,Consumer Staples,35838572.0,AVOID,AVOID,cash_burn,AVOID_unconfirmed,done,0,0,0,0,2.92,,no API distress/short signal (coverage may be thin),v1-2026-06-09,2026-06-09T16:04:40Z
RYOJ,Unknown,35805000.0,SKIP_lt2y,,,SKIP,skip,,,,,,,<2y data,v1-2026-06-09,2026-06-09T16:04:40Z
WKHS,Consumer Discretionary,35730352.0,AVOID,AVOID,cash_burn,AVOID_unconfirmed,done,0,0,0,0,1.2,,no API distress/short signal (coverage may be thin),v1-2026-06-09,2026-06-09T16:04:40Z
NTRP,Industrials,35653932.0,AVOID,AVOID,cash_burn,CORROBORATED,done,1,0,0,0,1.5,API event/short-interest confirms the fundamentals AVOID,API distress/short-interest confirms | BK:NextTrip faces Nasdaq compliance issues over filings - Investing.com,v1-2026-06-09,2026-06-09T16:04:40Z
GRCE,Health Care,35590260.0,SKIP_lt2y,,,SKIP,skip,,,,,,,<2y data,v1-2026-06-09,2026-06-09T16:04:40Z
BLNE,Financials,35543732.0,WATCH,WATCH,,AGREE,done,0,0,0,0,1.59,,,v1-2026-06-09,2026-06-09T16:04:40Z
UCAR,Unknown,34752580.0,AVOID,AVOID,cash_burn,CORROBORATED,done,1,0,0,0,1.0,API event/short-interest confirms the fundamentals AVOID,API distress/short-interest confirms | BK:U Power Limited Announces Receipt of Nasdaq Notification Regarding Minimum Bid Price Deficiency,v1-2026-06-09,2026-06-09T16:04:40Z
ABVC,Health Care,34580588.0,SKIP_lt2y,,,SKIP,skip,,,,,,,<2y data,v1-2026-06-09,2026-06-09T16:04:40Z
MOBX,Information Technology,34425860.0,AVOID,AVOID,insolvency,CORROBORATED,done,1,0,0,0,1.0,API event/short-interest confirms the fundamentals AVOID,API distress/short-interest confirms | BK:Mobix Labs Granted 180-Day Extension by Nasdaq to Regain Compliance with Minimum Bid Price Requirement,v1-2026-06-09,2026-06-09T16:04:40Z
NSRX,Unknown,34312672.0,SKIP_lt2y,,,SKIP,skip,,,,,,,<2y data,v1-2026-06-09,2026-06-09T16:04:40Z
TOPP,Industrials,34278000.0,SKIP_lt2y,,,SKIP,skip,,,,,,,<2y data,v1-2026-06-09,2026-06-09T16:04:40Z
BTAI,Health Care,34119752.0,AVOID,AVOID,insolvency,CORROBORATED,done,1,0,0,1,5.66,API event/short-interest confirms the fundamentals AVOID,API distress/short-interest confirms | BK:BioXcel Therapeutics Granted Extension to Regain Compliance with Nasdaq Continued Listing Requirement,v1-2026-06-09,2026-06-09T16:04:40Z
AAME,Financials,34063368.0,DISTRESSED-RECOVERABLE,DISTRESSED-RECOVERABLE,,AGREE,done,0,0,0,0,1.0,,,v1-2026-06-09,2026-06-09T16:04:40Z
GDHG,Unknown,34054564.0,DISTRESSED-RECOVERABLE,DISTRESSED-RECOVERABLE,,AGREE,done,0,0,0,1,1.0,, | RAISE:Golden Heaven Group Holdings Ltd. Announces Closing of Initial Public Offering,v1-2026-06-09,2026-06-09T16:04:40Z
ATNM,Health Care,33884996.0,AVOID,AVOID,cash_burn,AVOID_unconfirmed,done,0,0,0,0,8.57,,no API distress/short signal (coverage may be thin),v1-2026-06-09,2026-06-09T16:04:40Z
DAIO,Health Care,33819920.0,WATCH,WATCH,,AGREE,done,0,0,0,0,1.0,,,v1-2026-06-09,2026-06-09T16:04:40Z
BIRD,Consumer Discretionary,33727176.0,AVOID,AVOID,cash_burn,CORROBORATED,done,1,0,0,0,1.9,API event/short-interest confirms the fundamentals AVOID,API distress/short-interest confirms | BK:Allbirds Receives Notice of Non-Compliance with Nasdaq Minimum Bid Price Requirement,v1-2026-06-09,2026-06-09T16:04:40Z
RKTO,Health Care,33706712.0,SKIP_lt2y,,,SKIP,skip,,,,,,,<2y data,v1-2026-06-09,2026-06-09T16:04:40Z
ATCH,Financials,33705728.0,AVOID,AVOID,insolvency,AVOID_unconfirmed,done,0,0,0,0,4.63,,no API fraud/short signal (coverage may be thin),v1-2026-06-09,2026-06-09T16:04:40Z
FKWL,Information Technology,33703040.0,CLEAR,CLEAR,,AGREE,done,0,0,0,0,1.0,,,v1-2026-06-09,2026-06-09T16:04:40Z
BRLS,Consumer Staples,33697396.0,AVOID,AVOID,insolvency,CORROBORATED,done,1,0,0,0,4.52,API event/short-interest confirms the fundamentals AVOID,API distress/short-interest confirms | BK:Borealis Foods Inc. Receives Expected Notification of Deficiency from Nasdaq Related to Delayed Filing of Annual Report on Form 10,v1-2026-06-09,2026-06-09T16:04:40Z
INMB,Health Care,33497424.0,AVOID,AVOID,cash_burn,AVOID_unconfirmed,done,0,0,0,0,5.34,,no API distress/short signal (coverage may be thin),v1-2026-06-09,2026-06-09T16:04:40Z
NTIP,Financials,33496628.0,WATCH,WATCH,,AGREE,done,0,0,0,0,1.0,,,v1-2026-06-09,2026-06-09T16:04:40Z
BAYA,Unknown,33270246.0,SKIP_no_data,,,SKIP,skip,,,,,,,no cached fundamentals/context,v1-2026-06-09,2026-06-09T16:04:40Z
GROW,Financials,33119204.0,WATCH,WATCH,,UNDERFLAG_fraud_event,done,0,1,0,0,1.0,promoted — ≥2 live fraud/SEC/short-seller news articles,"2 live news articles show a fraud/SEC/restatement event the screen missed | FR:U.S. Global Investors Announces Intent to Restate EPS for the March 31, 2026, Financial Statements; Underlying Financial Results U",v1-2026-06-09,2026-06-09T16:04:40Z
FLD,Financials,33110746.0,WATCH,WATCH,,AGREE,done,0,0,0,0,2.81,,,v1-2026-06-09,2026-06-09T16:04:40Z
WPRT,Unknown,33051894.0,AVOID,AVOID,cash_burn,CORROBORATED,done,0,0,1,1,24.73,API event/short-interest confirms the fundamentals AVOID,API distress/short-interest confirms | RAISE:Westport Announces At-the-Market Equity Offering Program,v1-2026-06-09,2026-06-09T16:04:40Z
JG,Unknown,33018998.0,CLEAR,CLEAR,,AGREE,done,0,0,0,0,1.0,,,v1-2026-06-09,2026-06-09T16:04:40Z
YXT,Unknown,32364244.0,AVOID,AVOID,cash_burn,AVOID_unconfirmed,done,0,0,0,0,6.49,,no API distress/short signal (coverage may be thin),v1-2026-06-09,2026-06-09T16:04:40Z
SNAL,Information Technology,32281902.0,WATCH,WATCH,,AGREE,done,0,0,0,0,1.0,,,v1-2026-06-09,2026-06-09T16:04:40Z
UG,Materials,32206178.0,CLEAR,CLEAR,,AGREE,done,0,0,0,0,1.34,,,v1-2026-06-09,2026-06-09T16:04:40Z
LOCL,Materials,32142740.0,AVOID,AVOID,insolvency,AVOID_unconfirmed,done,0,0,0,0,1.73,,no API distress/short signal (coverage may be thin),v1-2026-06-09,2026-06-09T16:04:40Z
BOLD,Health Care,31899038.0,SKIP_lt2y,,,SKIP,skip,,,,,,,<2y data,v1-2026-06-09,2026-06-09T16:04:40Z
ANGH,Unknown,31726828.0,SKIP_no_data,,,SKIP,skip,,,,,,,no cached fundamentals/context,v1-2026-06-09,2026-06-09T16:04:40Z
NNVC,Health Care,31436860.0,SKIP_lt2y,,,SKIP,skip,,,,,,,<2y data,v1-2026-06-09,2026-06-09T16:04:40Z
MDBH,Financials,31315896.0,WATCH,WATCH,,AGREE,done,0,0,0,1,1.0,, | RAISE:Buda Juice Announces Pricing of $20 Million Initial Public Offering,v1-2026-06-09,2026-06-09T16:04:40Z
RCT,Unknown,31242234.0,SKIP_lt2y,,,SKIP,skip,,,,,,,<2y data,v1-2026-06-09,2026-06-09T16:04:40Z
APLM,Health Care,30744728.0,AVOID,AVOID,insolvency,CORROBORATED,done,1,0,0,0,1.0,API event/short-interest confirms the fundamentals AVOID,API distress/short-interest confirms | BK:Apollomics Receives Nasdaq Notification Regarding Minimum Bid Price Deficiency ,v1-2026-06-09,2026-06-09T16:04:40Z
AHMA,Communication Services,30616750.0,SKIP_lt2y,,,SKIP,skip,,,,,,,<2y data,v1-2026-06-09,2026-06-09T16:04:40Z
LSTA,Health Care,30506408.0,AVOID,AVOID,cash_burn,AVOID_unconfirmed,done,0,0,0,0,2.99,,no API distress/short signal (coverage may be thin),v1-2026-06-09,2026-06-09T16:04:40Z
ALGS,Health Care,30384174.0,AVOID,AVOID,cash_burn,CORROBORATED,done,1,0,0,0,3.45,API event/short-interest confirms the fundamentals AVOID,API distress/short-interest confirms | BK:Aligos Therapeutics Announces Reverse Stock Split,v1-2026-06-09,2026-06-09T16:04:40Z
SDEV,Health Care,30369524.0,SKIP_lt2y,,,SKIP,skip,,,,,,,<2y data,v1-2026-06-09,2026-06-09T16:04:40Z
SST,Information Technology,30314658.0,WATCH,WATCH,,AGREE,done,0,0,0,0,1.0,,,v1-2026-06-09,2026-06-09T16:04:40Z
RAND,Unknown,30140642.0,SKIP_lt2y,,,SKIP,skip,,,,,,,<2y data,v1-2026-06-09,2026-06-09T16:04:40Z
SNTI,Health Care,30067144.0,AVOID,AVOID,cash_burn,AVOID_unconfirmed,done,0,0,0,0,3.1,,no API distress/short signal (coverage may be thin),v1-2026-06-09,2026-06-09T16:04:40Z
EONR,Energy,30065952.0,DISTRESSED-RECOVERABLE,DISTRESSED-RECOVERABLE,,AGREE,done,0,0,0,0,2.63,,,v1-2026-06-09,2026-06-09T16:04:40Z
LICN,Unknown,29750652.0,AVOID,WATCH,cash_burn,OVERFLAG_recent_raise,done,0,0,0,1,1.0,downgraded from AVOID — recent capital raise extends runway / no event found,"recent capital raise extends runway | RAISE:Univest Securities, LLC Announces Closing of $3.4 Million Registered Direct Offering for its Client Lichen China Limited (NASDAQ: ",v1-2026-06-09,2026-06-09T16:04:40Z
NMTC,Health Care,29652374.0,WATCH,WATCH,,NEWS_NOTE,done,1,0,0,1,1.22,single news mention (kept screen bucket; investigate),single news mention of distress/fraud (investigate; not a screen error) | BK:NeuroOne faces Nasdaq delisting over share price woe - Investing.com,v1-2026-06-09,2026-06-09T16:04:40Z
EVAX,Health Care,29607762.0,WATCH,WATCH,,AGREE,done,0,0,0,1,1.03,," | RAISE:Evaxion raises $7.2 million, extending cash runway to second half of 2027",v1-2026-06-09,2026-06-09T16:04:40Z
FOFO,Unknown,29527204.0,SKIP_lt2y,,,SKIP,skip,,,,,,,<2y data,v1-2026-06-09,2026-06-09T16:04:40Z
CRWS,Consumer Discretionary,29418914.0,DISTRESSED-RECOVERABLE,DISTRESSED-RECOVERABLE,,AGREE,done,0,0,0,0,1.47,,,v1-2026-06-09,2026-06-09T16:04:40Z
SMXT,Industrials,29363790.0,AVOID,AVOID,insolvency,AVOID_unconfirmed,done,0,0,0,1,7.15,,"no API distress/short signal (coverage may be thin) | RAISE:SolarMax Technology, Inc. Announces Exercise of Overallotment Option From Initial Public Offering",v1-2026-06-09,2026-06-09T16:04:40Z
RITR,Unknown,29348564.0,SKIP_lt2y,,,SKIP,skip,,,,,,,<2y data,v1-2026-06-09,2026-06-09T16:04:40Z
KPLT,Information Technology,29305108.0,AVOID,AVOID,insolvency,CORROBORATED,done,0,0,1,0,10.53,API event/short-interest confirms the fundamentals AVOID,API distress/short-interest confirms,v1-2026-06-09,2026-06-09T16:04:40Z
BOSC,Information Technology,29256712.0,CLEAR,CLEAR,,AGREE,done,0,0,0,0,1.0,,,v1-2026-06-09,2026-06-09T16:04:40Z
AWRE,Information Technology,29222204.0,WATCH,WATCH,,AGREE,done,0,0,0,0,1.0,,,v1-2026-06-09,2026-06-09T16:04:40Z
OPAD,Real Estate,29209308.0,DISTRESSED-RECOVERABLE,DISTRESSED-RECOVERABLE,,AGREE,done,0,0,0,0,6.62,,,v1-2026-06-09,2026-06-09T16:04:40Z
QCLS,Health Care,29136222.0,SKIP_lt2y,,,SKIP,skip,,,,,,,<2y data,v1-2026-06-09,2026-06-09T16:04:40Z
DGNX,Information Technology,29100940.0,SKIP_lt2y,,,SKIP,skip,,,,,,,<2y data,v1-2026-06-09,2026-06-09T16:04:40Z
BEEM,Information Technology,29084076.0,AVOID,AVOID,cash_burn,AVOID_unconfirmed,done,0,0,0,0,2.39,,no API distress/short signal (coverage may be thin),v1-2026-06-09,2026-06-09T16:04:40Z
MDXH,Unknown,29067184.0,WATCH,WATCH,,AGREE,done,0,0,0,0,1.0,,,v1-2026-06-09,2026-06-09T16:04:40Z
BATL,Energy,29064880.0,DISTRESSED-RECOVERABLE,DISTRESSED-RECOVERABLE,,AGREE,done,0,0,0,0,1.0,,,v1-2026-06-09,2026-06-09T16:04:40Z
CPHI,Health Care,29013752.0,DISTRESSED-RECOVERABLE,DISTRESSED-RECOVERABLE,,AGREE,done,0,0,0,0,1.0,,,v1-2026-06-09,2026-06-09T16:04:40Z
WIMI,Unknown,28864536.0,CLEAR,CLEAR,,AGREE,done,0,0,0,0,1.33,,,v1-2026-06-09,2026-06-09T16:04:40Z
CTSO,Health Care,28822788.0,AVOID,AVOID,cash_burn,CORROBORATED,done,0,0,1,1,20.6,API event/short-interest confirms the fundamentals AVOID,API distress/short-interest confirms | RAISE:CytoSorbents Announces Closing of $10.3 Million Registered Direct Offering,v1-2026-06-09,2026-06-09T16:04:40Z
COHN,Financials,28797214.0,CLEAR,CLEAR,,AGREE,done,0,0,0,1,1.0,, | RAISE:Correction: Keystone Acquisition Corp. Announces Closing of $287.5 Million Initial Public Offering Including Exercise of Underwrit,v1-2026-06-09,2026-06-09T16:04:40Z
YSXT,Unknown,28718974.0,SKIP_lt2y,,,SKIP,skip,,,,,,,<2y data,v1-2026-06-09,2026-06-09T16:04:40Z
ZTG,Unknown,28695480.0,SKIP_lt2y,,,SKIP,skip,,,,,,,<2y data,v1-2026-06-09,2026-06-09T16:04:40Z
BURU,Information Technology,28643300.0,SKIP_lt2y,,,SKIP,skip,,,,,,,<2y data,v1-2026-06-09,2026-06-09T16:04:40Z
IGC,Health Care,28626118.0,AVOID,AVOID,cash_burn,AVOID_unconfirmed,done,0,0,0,0,2.75,,no API distress/short signal (coverage may be thin),v1-2026-06-09,2026-06-09T16:04:40Z
TAOX,Financials,28468056.0,WATCH,WATCH,,AGREE,done,0,0,0,0,3.2,,,v1-2026-06-09,2026-06-09T16:04:40Z
PMEC,Unknown,28390894.0,DISTRESSED-RECOVERABLE,AVOID,,UNDERFLAG_distress_event,done,1,0,0,0,2.3,promoted — ≥2 live distress (going-concern/Ch11/default) news articles,2 live news articles show a distress event the screen missed | BK:Primech Holdings Receives NASDAQ Minimum Bid Price Requirement Extension,v1-2026-06-09,2026-06-09T16:04:40Z
UONE,Communication Services,28324380.0,WATCH,WATCH,,NEWS_NOTE,done,1,0,0,0,1.0,single news mention (kept screen bucket; investigate),"single news mention of distress/fraud (investigate; not a screen error) | BK:URBAN ONE, INC. ANNOUNCES REVERSE STOCK SPLIT",v1-2026-06-09,2026-06-09T16:04:40Z
MRNO,Unknown,28308158.0,DISTRESSED-RECOVERABLE,DISTRESSED-RECOVERABLE,,AGREE,done,0,0,0,0,1.0,,,v1-2026-06-09,2026-06-09T16:04:40Z
NEON,Information Technology,28195312.0,WATCH,WATCH,,AGREE,done,0,0,0,0,6.69,,,v1-2026-06-09,2026-06-09T16:04:40Z
SER,Health Care,28195310.0,AVOID,AVOID,insolvency,AVOID_unconfirmed,done,0,0,0,0,4.07,,no API distress/short signal (coverage may be thin),v1-2026-06-09,2026-06-09T16:04:40Z
CCEL,Health Care,28193024.0,AVOID,AVOID,insolvency,AVOID_unconfirmed,done,0,0,0,0,1.33,,no API distress/short signal (coverage may be thin),v1-2026-06-09,2026-06-09T16:04:40Z
DARE,Health Care,28161464.0,WATCH,WATCH,,AGREE,done,0,0,0,0,1.0,,,v1-2026-06-09,2026-06-09T16:04:40Z
XBP,Industrials,28125640.0,WATCH,WATCH,,AGREE,done,0,0,0,0,2.09,,,v1-2026-06-09,2026-06-09T16:04:40Z
INLX,Information Technology,28093712.0,CLEAR,CLEAR,,AGREE,done,0,0,0,0,1.0,,,v1-2026-06-09,2026-06-09T16:04:40Z
CAST,Information Technology,28009080.0,SKIP_no_data,,,SKIP,skip,,,,,,,no cached fundamentals/context,v1-2026-06-09,2026-06-09T16:04:40Z
HBIO,Health Care,27940578.0,DISTRESSED-RECOVERABLE,DISTRESSED-RECOVERABLE,,AGREE,done,0,0,0,0,3.35,,,v1-2026-06-09,2026-06-09T16:04:40Z
LIVE,Consumer Discretionary,27675622.0,CLEAR,CLEAR,,AGREE,done,0,0,0,0,1.0,,,v1-2026-06-09,2026-06-09T16:04:40Z
GRNQ,Industrials,27634970.0,AVOID,AVOID,cash_burn,AVOID_unconfirmed,done,0,0,0,0,1.0,,no API distress/short signal (coverage may be thin),v1-2026-06-09,2026-06-09T16:04:40Z
QNTM,Unknown,27258238.0,SKIP_lt2y,,,SKIP,skip,,,,,,,<2y data,v1-2026-06-09,2026-06-09T16:04:40Z
CRVO,Health Care,27220634.0,AVOID,WATCH,cash_burn,OVERFLAG_recent_raise,done,0,0,0,1,5.5,downgraded from AVOID — recent capital raise extends runway / no event found,recent capital raise extends runway | RAISE:CervoMed Announces Up to $149.4 Million Private Placement Financing Joined by Leading Healthcare Investors,v1-2026-06-09,2026-06-09T16:04:40Z
KYNB,Health Care,27162832.0,WATCH,WATCH,,AGREE,done,0,0,1,0,13.18,,,v1-2026-06-09,2026-06-09T16:04:40Z
TVRD,Health Care,27112088.0,SKIP_lt2y,,,SKIP,skip,,,,,,,<2y data,v1-2026-06-09,2026-06-09T16:04:40Z
NRSN,Unknown,27078470.0,SKIP_lt2y,,,SKIP,skip,,,,,,,<2y data,v1-2026-06-09,2026-06-09T16:04:40Z
ELSE,Health Care,27058360.0,CLEAR,CLEAR,,AGREE,done,0,0,0,0,1.0,,,v1-2026-06-09,2026-06-09T16:04:40Z
CXAI,Information Technology,26922586.0,AVOID,AVOID,cash_burn,AVOID_unconfirmed,done,0,0,0,0,1.54,,no API distress/short signal (coverage may be thin),v1-2026-06-09,2026-06-09T16:04:40Z
BMR,Information Technology,26866650.0,WATCH,WATCH,,AGREE,done,0,0,0,1,4.52,, | RAISE:Beamr Imaging Ltd. Announces Closing of Public Offering and Full Exercise of Underwriter’s Option to Purchase Additional Shares,v1-2026-06-09,2026-06-09T16:04:40Z
ANY,Financials,26862452.0,WATCH,WATCH,,AGREE,done,0,0,0,0,1.0,,,v1-2026-06-09,2026-06-09T16:04:40Z
BIOX,Materials,26815438.0,WATCH,WATCH,,AGREE,done,0,0,0,0,2.69,,,v1-2026-06-09,2026-06-09T16:04:40Z
BCTX,Health Care,26795344.0,SKIP_lt2y,,,SKIP,skip,,,,,,,<2y data,v1-2026-06-09,2026-06-09T16:04:40Z
UTSI,Information Technology,26678448.0,WATCH,WATCH,,NEWS_NOTE,done,1,0,0,0,2.41,single news mention (kept screen bucket; investigate),single news mention of distress/fraud (investigate; not a screen error) | BK:UTStarcom Receives Nasdaq Notice Regarding Minimum Bid Price Requirements,v1-2026-06-09,2026-06-09T16:04:40Z
GWH,Information Technology,26641282.0,AVOID,AVOID,cash_burn,AVOID_unconfirmed,done,0,0,0,0,1.0,,no API distress/short signal (coverage may be thin),v1-2026-06-09,2026-06-09T16:04:40Z
BRNS,Health Care,26637564.0,SKIP_lt2y,,,SKIP,skip,,,,,,,<2y data,v1-2026-06-09,2026-06-09T16:04:40Z
QRHC,Utilities,26552624.0,DISTRESSED-RECOVERABLE,DISTRESSED-RECOVERABLE,,AGREE,done,0,0,0,0,2.48,,,v1-2026-06-09,2026-06-09T16:04:40Z
HTCO,Unknown,26282770.0,CLEAR,CLEAR,,AGREE,done,0,0,0,0,1.0,,,v1-2026-06-09,2026-06-09T16:04:40Z
RMTI,Health Care,26228014.0,WATCH,WATCH,,AGREE,done,0,0,0,0,1.65,,,v1-2026-06-09,2026-06-09T16:04:40Z
BCG,Financials,26055704.0,CLEAR,CLEAR,,AGREE,done,0,0,0,0,1.0,,,v1-2026-06-09,2026-06-09T16:04:40Z
CLPS,Information Technology,26004168.0,WATCH,WATCH,,AGREE,done,0,0,0,0,1.0,,,v1-2026-06-09,2026-06-09T16:04:40Z
DYAI,Health Care,25893344.0,AVOID,WATCH,cash_burn,OVERFLAG_recent_raise,done,0,0,0,1,1.0,downgraded from AVOID — recent capital raise extends runway / no event found,recent capital raise extends runway | RAISE:CORRECTION – Dyadic Announces Closing of Private Placement of $6.0 Million Convertible Notes to Accelerate Near-Term Revenue Growt,v1-2026-06-09,2026-06-09T16:04:40Z
GREE,Financials,25768232.0,AVOID,AVOID,insolvency,AVOID_unconfirmed,done,0,0,0,0,3.22,,no API fraud/short signal (coverage may be thin),v1-2026-06-09,2026-06-09T16:04:40Z
SKYE,Health Care,25767376.0,SKIP_lt2y,,,SKIP,skip,,,,,,,<2y data,v1-2026-06-09,2026-06-09T16:04:40Z
REFR,Financials,25732424.0,WATCH,WATCH,,AGREE,done,0,0,0,0,6.53,,,v1-2026-06-09,2026-06-09T16:04:40Z
ALLR,Health Care,25616266.0,AVOID,AVOID,cash_burn,AVOID_unconfirmed,done,0,0,0,0,1.03,,no API distress/short signal (coverage may be thin),v1-2026-06-09,2026-06-09T16:04:40Z
LPSN,Information Technology,25569656.0,WATCH,WATCH,,AGREE,done,0,0,0,0,6.95,,,v1-2026-06-09,2026-06-09T16:04:40Z
TRSG,Unknown,25511438.0,WATCH,WATCH,,AGREE,done,0,0,0,0,5.04,,,v1-2026-06-09,2026-06-09T16:04:40Z
LITS,Health Care,25478070.0,SKIP_lt2y,,,SKIP,skip,,,,,,,<2y data,v1-2026-06-09,2026-06-09T16:04:40Z
PLUR,Health Care,25463328.0,AVOID,AVOID,insolvency,CORROBORATED,done,1,0,0,1,1.79,API event/short-interest confirms the fundamentals AVOID,API distress/short-interest confirms | BK:Pluri Inc. faces potential Nasdaq delisting over equity shortfall - Investing.com,v1-2026-06-09,2026-06-09T16:04:40Z
SOWG,Consumer Staples,25351346.0,SKIP_lt2y,,,SKIP,skip,,,,,,,<2y data,v1-2026-06-09,2026-06-09T16:04:40Z
PSQH,Information Technology,25274384.0,AVOID,AVOID,cash_burn,AVOID_unconfirmed,done,0,0,0,0,8.01,,no API distress/short signal (coverage may be thin),v1-2026-06-09,2026-06-09T16:04:40Z
CELU,Health Care,25249562.0,AVOID,AVOID,insolvency,CORROBORATED,done,1,1,0,1,1.33,API event/short-interest confirms the fundamentals AVOID,API distress/short-interest confirms | BK:Celularity Receives Nasdaq Notice Regarding Form 10-Q,v1-2026-06-09,2026-06-09T16:04:40Z
UZX,Unknown,25215066.0,AVOID,AVOID,cash_burn,AVOID_unconfirmed,done,0,0,0,0,,,no API distress/short signal (coverage may be thin),v1-2026-06-09,2026-06-09T16:04:40Z
PTN,Health Care,25178342.0,SKIP_lt2y,,,SKIP,skip,,,,,,,<2y data,v1-2026-06-09,2026-06-09T16:04:40Z
JOB,Information Technology,25160388.0,CLEAR,CLEAR,,AGREE,done,0,0,0,0,1.68,,,v1-2026-06-09,2026-06-09T16:04:40Z
ASPC,Unknown,25152372.0,SKIP_no_data,,,SKIP,skip,,,,,,,no cached fundamentals/context,v1-2026-06-09,2026-06-09T16:04:40Z
MODD,Health Care,25107322.0,SKIP_lt2y,,,SKIP,skip,,,,,,,<2y data,v1-2026-06-09,2026-06-09T16:04:40Z
BESS,Utilities,24983456.0,SKIP_no_data,,,SKIP,skip,,,,,,,no cached fundamentals/context,v1-2026-06-09,2026-06-09T16:04:40Z
SEGG,Information Technology,24929674.0,AVOID,AVOID,cash_burn,AVOID_unconfirmed,done,0,0,0,0,1.0,,no API distress/short signal (coverage may be thin),v1-2026-06-09,2026-06-09T16:04:40Z
LVLU,Consumer Discretionary,24633884.0,DISTRESSED-RECOVERABLE,DISTRESSED-RECOVERABLE,,AGREE,done,0,0,0,0,1.12,,,v1-2026-06-09,2026-06-09T16:04:40Z
AIFF,Information Technology,24603414.0,AVOID,AVOID,cash_burn,AVOID_unconfirmed,done,0,0,0,0,3.0,,no API distress/short signal (coverage may be thin),v1-2026-06-09,2026-06-09T16:04:40Z
PAPL,Financials,24523332.0,WATCH,WATCH,,AGREE,done,0,0,0,0,1.0,,,v1-2026-06-09,2026-06-09T16:04:40Z
JVA,Consumer Staples,24461350.0,AVOID,AVOID,,CORROBORATED,done,0,1,0,0,1.0,API event/short-interest confirms the fundamentals AVOID,"API fraud/short-interest confirms | FR:Coffee Holding Co., Inc. Receives Notice from Nasdaq Regarding Delayed Annual Report",v1-2026-06-09,2026-06-09T16:04:40Z
FMST,Unknown,24420870.0,SKIP_lt2y,,,SKIP,skip,,,,,,,<2y data,v1-2026-06-09,2026-06-09T16:04:40Z
CLIR,Health Care,24390228.0,AVOID,AVOID,cash_burn,AVOID_unconfirmed,done,0,0,0,0,1.44,,no API distress/short signal (coverage may be thin),v1-2026-06-09,2026-06-09T16:04:40Z
PLRZ,Unknown,24315306.0,SKIP_lt2y,,,SKIP,skip,,,,,,,<2y data,v1-2026-06-09,2026-06-09T16:04:40Z
NIXX,Information Technology,24184618.0,AVOID,AVOID,cash_burn,AVOID_unconfirmed,done,0,0,0,0,2.53,,no API distress/short signal (coverage may be thin),v1-2026-06-09,2026-06-09T16:04:40Z
AYTU,Health Care,24149718.0,WATCH,WATCH,,AGREE,done,0,0,0,0,7.14,,,v1-2026-06-09,2026-06-09T16:04:40Z
NYC,Financials,24119418.0,WATCH,WATCH,,AGREE,done,0,0,0,1,1.0,, | RAISE:Nicholas Schorsch buys $1.38m of American Strategic Investment Co. stock By Investing.com - Investing.com,v1-2026-06-09,2026-06-09T16:04:40Z
IPM,Information Technology,24116098.0,CLEAR,CLEAR,,AGREE,done,0,0,0,0,2.97,,,v1-2026-06-09,2026-06-09T16:04:40Z
PMI,Health Care,24102930.0,SKIP_lt2y,,,SKIP,skip,,,,,,,<2y data,v1-2026-06-09,2026-06-09T16:04:40Z
EPOW,Information Technology,23969532.0,AVOID,AVOID,cash_burn,CORROBORATED,done,1,0,0,0,1.0,API event/short-interest confirms the fundamentals AVOID,API distress/short-interest confirms | BK:Sunrise Announces Receipt of Nasdaq Notification Regarding Minimum Bid Price Requirement,v1-2026-06-09,2026-06-09T16:04:40Z
DFLI,Information Technology,23836532.0,AVOID,WATCH,cash_burn,OVERFLAG_recent_raise,done,0,0,0,1,2.47,downgraded from AVOID — recent capital raise extends runway / no event found,recent capital raise extends runway | RAISE:Dragonfly Energy Announces Pricing of $55.4 Million Public Offering of Common Stock and Pre-Funded Warrants,v1-2026-06-09,2026-06-09T16:04:40Z
ARAI,Information Technology,23684164.0,SKIP_lt2y,,,SKIP,skip,,,,,,,<2y data,v1-2026-06-09,2026-06-09T16:04:40Z
MRKR,Health Care,23675840.0,AVOID,AVOID,cash_burn,AVOID_unconfirmed,done,0,0,0,0,3.78,,no API distress/short signal (coverage may be thin),v1-2026-06-09,2026-06-09T16:04:40Z
USEA,Unknown,23559204.0,DISTRESSED-RECOVERABLE,DISTRESSED-RECOVERABLE,,AGREE,done,0,0,1,1,11.42,, | RAISE:United Maritime Announces Pricing of $26.0 Million Public Offering,v1-2026-06-09,2026-06-09T16:04:40Z
JL,Unknown,23510632.0,CLEAR,CLEAR,,NEWS_NOTE,done,1,0,0,1,1.0,single news mention (kept screen bucket; investigate),single news mention of distress/fraud (investigate; not a screen error) | BK:J-Long Group Limited Receives Nasdaq Deficiency Notice Regarding Minimum Bid Price Requirement,v1-2026-06-09,2026-06-09T16:04:40Z
AIXC,Financials,23472590.0,SKIP_lt2y,,,SKIP,skip,,,,,,,<2y data,v1-2026-06-09,2026-06-09T16:04:40Z
ACCS,Industrials,23417404.0,CLEAR,CLEAR,,AGREE,done,0,0,0,0,1.24,,,v1-2026-06-09,2026-06-09T16:04:40Z
ZDAI,Unknown,23407314.0,SKIP_lt2y,,,SKIP,skip,,,,,,,<2y data,v1-2026-06-09,2026-06-09T16:04:40Z
EVTV,Industrials,23145986.0,AVOID,AVOID,insolvency,AVOID_unconfirmed,done,0,1,0,0,1.71,,no API distress/short signal (coverage may be thin) | FR:AI Deal Turns Beaten-Down EV Stock Into A Market Mover,v1-2026-06-09,2026-06-09T16:04:40Z
LGVN,Health Care,23066506.0,AVOID,WATCH,cash_burn,OVERFLAG_recent_raise,done,0,0,0,1,5.27,downgraded from AVOID — recent capital raise extends runway / no event found,recent capital raise extends runway | RAISE:Longeveron Announces Closing Of Up To $17.5 Million Public Offering,v1-2026-06-09,2026-06-09T16:04:40Z
PLAG,Consumer Staples,23056998.0,AVOID,AVOID,insolvency,AVOID_unconfirmed,done,0,0,0,0,1.3,,no API distress/short signal (coverage may be thin),v1-2026-06-09,2026-06-09T16:04:40Z
TXMD,Health Care,23032980.0,DISTRESSED-RECOVERABLE,DISTRESSED-RECOVERABLE,,AGREE,done,0,0,0,0,2.33,,,v1-2026-06-09,2026-06-09T16:04:40Z
EFOI,Information Technology,22801814.0,AVOID,AVOID,cash_burn,AVOID_unconfirmed,done,0,0,0,0,2.39,,no API distress/short signal (coverage may be thin),v1-2026-06-09,2026-06-09T16:04:40Z
ZBAO,Unknown,22712336.0,AVOID,WATCH,cash_burn,OVERFLAG_recent_raise,done,0,0,0,1,1.0,downgraded from AVOID — recent capital raise extends runway / no event found,recent capital raise extends runway | RAISE:Zhibao Technology Inc. Announces Closing of Initial Public Offering,v1-2026-06-09,2026-06-09T16:04:40Z
TOMZ,Materials,22568482.0,AVOID,AVOID,cash_burn,AVOID_unconfirmed,done,0,0,0,0,1.23,,no API distress/short signal (coverage may be thin),v1-2026-06-09,2026-06-09T16:04:40Z
ARKR,Consumer Discretionary,22538482.0,DISTRESSED-RECOVERABLE,DISTRESSED-RECOVERABLE,,AGREE,done,0,0,0,0,1.0,,,v1-2026-06-09,2026-06-09T16:04:40Z
BLIV,Information Technology,22490140.0,SKIP_lt2y,,,SKIP,skip,,,,,,,<2y data,v1-2026-06-09,2026-06-09T16:04:40Z
PSHG,Unknown,22377884.0,DISTRESSED-RECOVERABLE,DISTRESSED-RECOVERABLE,,AGREE,done,0,0,0,1,8.14,, | RAISE:Performance Shipping Inc. Announces Pricing of $12.5 Million Registered Direct Offering,v1-2026-06-09,2026-06-09T16:04:40Z
VEEA,Information Technology,22184372.0,AVOID,AVOID,insolvency,AVOID_unconfirmed,done,0,0,0,0,1.36,,no API distress/short signal (coverage may be thin),v1-2026-06-09,2026-06-09T16:04:40Z
BAFN,Financials,22177288.0,CLEAR,CLEAR,,AGREE,done,0,0,0,0,1.96,,,v1-2026-06-09,2026-06-09T16:04:40Z
CPOP,Communication Services,21885918.0,DISTRESSED-RECOVERABLE,DISTRESSED-RECOVERABLE,,AGREE,done,0,0,0,0,3.32,,,v1-2026-06-09,2026-06-09T16:04:40Z
VYNE,Health Care,21882810.0,AVOID,WATCH,cash_burn,OVERFLAG_recent_raise,done,0,0,0,1,1.0,downgraded from AVOID — recent capital raise extends runway / no event found,recent capital raise extends runway | RAISE:VYNE Therapeutics Announces Closing of Previously Announced Private Placement of $88.2 Million ,v1-2026-06-09,2026-06-09T16:04:40Z
UFG,Unknown,21719086.0,SKIP_lt2y,,,SKIP,skip,,,,,,,<2y data,v1-2026-06-09,2026-06-09T16:04:40Z
ACCL,Unknown,21622344.0,SKIP_no_data,,,SKIP,skip,,,,,,,no cached fundamentals/context,v1-2026-06-09,2026-06-09T16:04:40Z
SDST,Materials,21582642.0,SKIP_lt2y,,,SKIP,skip,,,,,,,<2y data,v1-2026-06-09,2026-06-09T16:04:40Z
VTGN,Health Care,21549490.0,AVOID,AVOID,cash_burn,AVOID_unconfirmed,done,0,0,0,0,1.6,,no API distress/short signal (coverage may be thin),v1-2026-06-09,2026-06-09T16:04:40Z
SLGB,Unknown,21500000.0,SKIP_lt2y,,,SKIP,skip,,,,,,,<2y data,v1-2026-06-09,2026-06-09T16:04:40Z
YAAS,Unknown,21424436.0,SKIP_lt2y,,,SKIP,skip,,,,,,,<2y data,v1-2026-06-09,2026-06-09T16:04:40Z
UONEK,Communication Services,21277166.0,WATCH,WATCH,,AGREE,done,0,0,0,0,1.0,,,v1-2026-06-09,2026-06-09T16:04:40Z
BGL,Unknown,21235640.0,SKIP_no_data,,,SKIP,skip,,,,,,,no cached fundamentals/context,v1-2026-06-09,2026-06-09T16:04:40Z
NAMI,Unknown,21191138.0,WATCH,WATCH,,AGREE,done,0,0,0,0,2.35,,,v1-2026-06-09,2026-06-09T16:04:40Z
CKX,Energy,21065104.0,CLEAR,CLEAR,,AGREE,done,0,0,0,0,1.0,,,v1-2026-06-09,2026-06-09T16:04:40Z
DFNS,Industrials,21020496.0,SKIP_lt2y,,,SKIP,skip,,,,,,,<2y data,v1-2026-06-09,2026-06-09T16:04:40Z
SGRP,Industrials,20926062.0,AVOID,AVOID,cash_burn,AVOID_unconfirmed,done,0,0,0,0,1.0,,no API distress/short signal (coverage may be thin),v1-2026-06-09,2026-06-09T16:04:40Z
LSH,Industrials,20921628.0,AVOID,AVOID,cash_burn,AVOID_unconfirmed,done,0,0,0,0,1.43,,no API distress/short signal (coverage may be thin),v1-2026-06-09,2026-06-09T16:04:40Z
INUV,Information Technology,20897466.0,AVOID,WATCH,cash_burn,OVERFLAG_recent_raise,done,0,0,0,1,2.13,downgraded from AVOID — recent capital raise extends runway / no event found,recent capital raise extends runway | RAISE:Inuvo Announces Closing of $4.0 Million Registered Direct Offering of Common Stock,v1-2026-06-09,2026-06-09T16:04:40Z
TURB,Unknown,20789652.0,AVOID,WATCH,cash_burn,OVERFLAG_recent_raise,done,0,0,0,1,1.06,downgraded from AVOID — recent capital raise extends runway / no event found,"recent capital raise extends runway | RAISE:Turbo Energy, S.A. Announces Closing of Initial Public Offering",v1-2026-06-09,2026-06-09T16:04:40Z
UPLD,Information Technology,20771528.0,AVOID,AVOID,insolvency,AVOID_unconfirmed,done,0,0,0,0,1.22,,no API distress/short signal (coverage may be thin),v1-2026-06-09,2026-06-09T16:04:40Z
TRAW,Health Care,20756416.0,AVOID,AVOID,insolvency,AVOID_unconfirmed,done,0,0,0,0,1.0,,no API distress/short signal (coverage may be thin),v1-2026-06-09,2026-06-09T16:04:40Z
CODX,Health Care,20748318.0,AVOID,AVOID,cash_burn,CORROBORATED,done,1,0,0,1,1.0,API event/short-interest confirms the fundamentals AVOID,API distress/short-interest confirms | BK:Co-Diagnostics Announces Reverse Stock Split,v1-2026-06-09,2026-06-09T16:04:40Z
FLUX,Information Technology,20722678.0,AVOID,AVOID,insolvency,AVOID_unconfirmed,done,0,0,0,0,2.38,,no API distress/short signal (coverage may be thin),v1-2026-06-09,2026-06-09T16:04:40Z
ORIO,Unknown,20720024.0,WATCH,WATCH,,AGREE,done,0,0,0,0,2.91,,,v1-2026-06-09,2026-06-09T16:04:40Z
CLRB,Health Care,20698792.0,SKIP_lt2y,,,SKIP,skip,,,,,,,<2y data,v1-2026-06-09,2026-06-09T16:04:40Z
FABC,Communication Services,20638336.0,SKIP_lt2y,,,SKIP,skip,,,,,,,<2y data,v1-2026-06-09,2026-06-09T16:04:40Z
CTRM,Industrials,20580816.0,CLEAR,CLEAR,,AGREE,done,0,0,0,0,1.0,,,v1-2026-06-09,2026-06-09T16:04:40Z
RVP,Health Care,20536892.0,WATCH,WATCH,,AGREE,done,0,0,0,0,1.0,,,v1-2026-06-09,2026-06-09T16:04:40Z
NHTC,Industrials,20501060.0,WATCH,WATCH,,AGREE,done,0,0,0,0,1.0,,,v1-2026-06-09,2026-06-09T16:04:40Z
AHT,Financials,20173692.0,WATCH,WATCH,,AGREE,done,0,0,1,0,17.28,,,v1-2026-06-09,2026-06-09T16:04:40Z
UUU,Industrials,20168890.0,WATCH,WATCH,,AGREE,done,0,0,0,0,1.5,,,v1-2026-06-09,2026-06-09T16:04:40Z
AUID,Information Technology,20165608.0,AVOID,WATCH,cash_burn,OVERFLAG_recent_raise,done,0,0,0,1,4.37,downgraded from AVOID — recent capital raise extends runway / no event found,"recent capital raise extends runway | RAISE:authID Announces Closing of Approximately $3,675,000 Registered Direct Offering",v1-2026-06-09,2026-06-09T16:04:40Z
SAIH,Information Technology,20100990.0,AVOID,AVOID,cash_burn,AVOID_unconfirmed,done,0,0,0,0,3.12,,no API distress/short signal (coverage may be thin),v1-2026-06-09,2026-06-09T16:04:40Z
CVM,Health Care,19855562.0,SKIP_lt2y,,,SKIP,skip,,,,,,,<2y data,v1-2026-06-09,2026-06-09T16:04:40Z
DBGI,Consumer Discretionary,19767580.0,AVOID,WATCH,cash_burn,OVERFLAG_recent_raise,done,0,0,0,1,1.9,downgraded from AVOID — recent capital raise extends runway / no event found,recent capital raise extends runway | RAISE:Digital Brands Enters into Securities Purchase Agreement for $11.225 Million Private Placement with Select Investors,v1-2026-06-09,2026-06-09T16:04:40Z
QNCX,Health Care,19754848.0,SKIP_lt2y,,,SKIP,skip,,,,,,,<2y data,v1-2026-06-09,2026-06-09T16:04:40Z
GOCO,Financials,19749880.0,AVOID,AVOID,insolvency,CORROBORATED,done,1,0,0,0,6.42,API event/short-interest confirms the fundamentals AVOID,"API distress/short-interest confirms | BK:GoHealth, Inc. to strengthen its position ahead of AEP 2026 through Restructuring Process supported by key stakeholders",v1-2026-06-09,2026-06-09T16:04:40Z
LFWD,Health Care,19714936.0,AVOID,AVOID,cash_burn,CORROBORATED,done,1,0,1,0,18.6,API event/short-interest confirms the fundamentals AVOID,API distress/short-interest confirms | BK:Lifeward Announces Reverse Share Split,v1-2026-06-09,2026-06-09T16:04:40Z
PRHI,Financials,19684000.0,WATCH,WATCH,,AGREE,done,0,0,0,0,1.0,,,v1-2026-06-09,2026-06-09T16:04:40Z
REED,Consumer Staples,19682762.0,AVOID,WATCH,cash_burn,OVERFLAG_recent_raise,done,0,0,0,1,1.0,downgraded from AVOID — recent capital raise extends runway / no event found,"recent capital raise extends runway | RAISE:Reed’s, Inc. Announces Pricing of $10 Million Public Offering and Uplisting to NYSE American Stock Exchange",v1-2026-06-09,2026-06-09T16:04:40Z
SNSE,Health Care,19659436.0,SKIP_lt2y,,,SKIP,skip,,,,,,,<2y data,v1-2026-06-09,2026-06-09T16:04:40Z
KTTA,Health Care,19547452.0,SKIP_lt2y,,,SKIP,skip,,,,,,,<2y data,v1-2026-06-09,2026-06-09T16:04:40Z
RTB,Industrials,19345282.0,AVOID,AVOID,cash_burn,AVOID_unconfirmed,done,0,0,0,0,2.5,,no API distress/short signal (coverage may be thin),v1-2026-06-09,2026-06-09T16:04:40Z
ZJYL,Unknown,19333568.0,CLEAR,CLEAR,,AGREE,done,0,0,0,1,1.29,," | RAISE:Jin Medical International Ltd. Announces Closing of $8,000,000 Initial Public Offering",v1-2026-06-09,2026-06-09T16:04:40Z
MDRR,Financials,19216300.0,DISTRESSED-RECOVERABLE,DISTRESSED-RECOVERABLE,,AGREE,done,0,0,0,0,7.16,,,v1-2026-06-09,2026-06-09T16:04:40Z
MNDO,Unknown,19194074.0,CLEAR,CLEAR,,AGREE,done,0,0,0,0,1.0,,,v1-2026-06-09,2026-06-09T16:04:40Z
APUS,Health Care,19165794.0,SKIP_lt2y,,,SKIP,skip,,,,,,,<2y data,v1-2026-06-09,2026-06-09T16:04:40Z
HOWL,Health Care,19064532.0,SKIP_lt2y,,,SKIP,skip,,,,,,,<2y data,v1-2026-06-09,2026-06-09T16:04:40Z
AEON,Health Care,18985916.0,SKIP_lt2y,,,SKIP,skip,,,,,,,<2y data,v1-2026-06-09,2026-06-09T16:04:40Z
IRIX,Health Care,18973106.0,WATCH,WATCH,,AGREE,done,0,0,0,0,1.0,,,v1-2026-06-09,2026-06-09T16:04:40Z
TLF,Materials,18893080.0,WATCH,WATCH,,AGREE,done,0,0,0,0,2.12,,,v1-2026-06-09,2026-06-09T16:04:40Z
MYND,Unknown,18871984.0,AVOID,AVOID,insolvency,AVOID_unconfirmed,done,0,0,0,0,3.44,,no API distress/short signal (coverage may be thin),v1-2026-06-09,2026-06-09T16:04:40Z
HHS,Information Technology,18845454.0,WATCH,WATCH,,AGREE,done,0,0,1,0,10.89,,,v1-2026-06-09,2026-06-09T16:04:40Z
TPST,Health Care,18804886.0,SKIP_lt2y,,,SKIP,skip,,,,,,,<2y data,v1-2026-06-09,2026-06-09T16:04:40Z
SMSI,Information Technology,18656906.0,AVOID,AVOID,cash_burn,AVOID_unconfirmed,done,0,0,0,0,3.73,,no API distress/short signal (coverage may be thin),v1-2026-06-09,2026-06-09T16:04:40Z
XCUR,Health Care,18611896.0,SKIP_lt2y,,,SKIP,skip,,,,,,,<2y data,v1-2026-06-09,2026-06-09T16:04:40Z
CYN,Information Technology,18606032.0,AVOID,AVOID,cash_burn,AVOID_unconfirmed,done,0,0,0,0,4.34,,no API distress/short signal (coverage may be thin),v1-2026-06-09,2026-06-09T16:04:40Z
ATCX,Unknown,18540524.0,SKIP_no_data,,,SKIP,skip,,,,,,,no cached fundamentals/context,v1-2026-06-09,2026-06-09T16:04:40Z
AEHL,Unknown,18515492.0,SKIP_no_data,,,SKIP,skip,,,,,,,no cached fundamentals/context,v1-2026-06-09,2026-06-09T16:04:40Z
CRIS,Health Care,18448616.0,AVOID,AVOID,cash_burn,AVOID_unconfirmed,done,0,0,0,0,1.15,,no API distress/short signal (coverage may be thin),v1-2026-06-09,2026-06-09T16:04:40Z
MXC,Energy,18242544.0,CLEAR,CLEAR,,AGREE,done,0,0,0,0,1.0,,,v1-2026-06-09,2026-06-09T16:04:40Z
PASG,Health Care,18027898.0,SKIP_lt2y,,,SKIP,skip,,,,,,,<2y data,v1-2026-06-09,2026-06-09T16:04:40Z
AUST,Materials,17527040.0,SKIP_lt2y,,,SKIP,skip,,,,,,,<2y data,v1-2026-06-09,2026-06-09T16:04:40Z
MSGM,Information Technology,17447550.0,WATCH,WATCH,,AGREE,done,0,0,0,1,1.0,, | RAISE:Motorsport Games Announces $1 Million Registered Direct Offering Priced At-the-Market Under Nasdaq Rules,v1-2026-06-09,2026-06-09T16:04:40Z
MSW,Unknown,17386500.0,SKIP_lt2y,,,SKIP,skip,,,,,,,<2y data,v1-2026-06-09,2026-06-09T16:04:40Z
PRZO,Unknown,17346216.0,AVOID,AVOID,cash_burn,CORROBORATED,done,1,0,0,1,2.67,API event/short-interest confirms the fundamentals AVOID,API distress/short-interest confirms | BK:ParaZero Announces Receipt of Nasdaq Minimum Bid Price Notification,v1-2026-06-09,2026-06-09T16:04:40Z
JZ,Unknown,17339850.0,AVOID,AVOID,cash_burn,CORROBORATED,done,1,0,0,1,1.0,API event/short-interest confirms the fundamentals AVOID,API distress/short-interest confirms | BK:Jianzhi Education Technology Group Company Limited Receives Nasdaq Notification Regarding Minimum Bid Price Deficiency,v1-2026-06-09,2026-06-09T16:04:40Z
ICMB,Unknown,17318968.0,CLEAR,CLEAR,,AGREE,done,0,0,0,0,6.8,,,v1-2026-06-09,2026-06-09T16:04:40Z
GTEC,Industrials,17251090.0,CLEAR,CLEAR,,AGREE,done,0,0,0,0,1.0,,,v1-2026-06-09,2026-06-09T16:04:40Z
AKTX,Health Care,17248940.0,SKIP_lt2y,,,SKIP,skip,,,,,,,<2y data,v1-2026-06-09,2026-06-09T16:04:40Z
NXPL,Communication Services,17111534.0,WATCH,WATCH,,AGREE,done,0,0,0,0,4.21,,,v1-2026-06-09,2026-06-09T16:04:40Z
COOT,Consumer Staples,17093434.0,WATCH,WATCH,,AGREE,done,0,0,0,0,1.8,,,v1-2026-06-09,2026-06-09T16:04:40Z
LGPS,Unknown,17091640.0,SKIP_lt2y,,,SKIP,skip,,,,,,,<2y data,v1-2026-06-09,2026-06-09T16:04:40Z
GGRP,Information Technology,17033568.0,WATCH,WATCH,,AGREE,done,0,0,0,0,1.1,,,v1-2026-06-09,2026-06-09T16:04:40Z
MWYN,Industrials,16963634.0,SKIP_lt2y,,,SKIP,skip,,,,,,,<2y data,v1-2026-06-09,2026-06-09T16:04:40Z
TULP,Materials,16942578.0,AVOID,AVOID,cash_burn,AVOID_unconfirmed,done,0,0,0,0,4.63,,no API distress/short signal (coverage may be thin),v1-2026-06-09,2026-06-09T16:04:40Z
SAGT,Unknown,16921800.0,SKIP_lt2y,,,SKIP,skip,,,,,,,<2y data,v1-2026-06-09,2026-06-09T16:04:40Z
LPCN,Health Care,16900718.0,AVOID,AVOID,cash_burn,AVOID_unconfirmed,done,0,0,0,0,1.0,,no API distress/short signal (coverage may be thin),v1-2026-06-09,2026-06-09T16:04:40Z
RECT,Unknown,16820000.0,SKIP_lt2y,,,SKIP,skip,,,,,,,<2y data,v1-2026-06-09,2026-06-09T16:04:40Z
SVRN,Unknown,16788552.0,WATCH,WATCH,,NEWS_NOTE,done,1,0,0,0,2.81,single news mention (kept screen bucket; investigate),"single news mention of distress/fraud (investigate; not a screen error) | BK:OceanPal Inc. Announces Reverse Stock Split to be Effective March 30, 2026",v1-2026-06-09,2026-06-09T16:04:40Z
CALC,Health Care,16745912.0,SKIP_lt2y,,,SKIP,skip,,,,,,,<2y data,v1-2026-06-09,2026-06-09T16:04:40Z
YMAT,Unknown,16641928.0,SKIP_lt2y,,,SKIP,skip,,,,,,,<2y data,v1-2026-06-09,2026-06-09T16:04:40Z
CHAI,Communication Services,16555515.0,AVOID,AVOID,cash_burn,AVOID_unconfirmed,done,0,0,0,0,1.0,,no API distress/short signal (coverage may be thin),v1-2026-06-09,2026-06-09T16:04:40Z
SOS,Unknown,16332023.0,AVOID,AVOID,cash_burn,CORROBORATED,done,0,0,1,0,29.49,API event/short-interest confirms the fundamentals AVOID,API distress/short-interest confirms,v1-2026-06-09,2026-06-09T16:04:40Z
FTHM,Real Estate,16240384.0,WATCH,WATCH,,AGREE,done,0,0,0,1,1.5,, | RAISE:Fathom Holdings Prices Underwritten Public Offering of Common Stock,v1-2026-06-09,2026-06-09T16:04:40Z
ADGM,Unknown,16102584.0,SKIP_no_data,,,SKIP,skip,,,,,,,no cached fundamentals/context,v1-2026-06-09,2026-06-09T16:04:40Z
OMH,Unknown,16002155.0,AVOID,AVOID,cash_burn,CORROBORATED,done,0,0,1,1,11.09,API event/short-interest confirms the fundamentals AVOID,API distress/short-interest confirms | RAISE:Ohmyhome Announces Closing of Upsized $4.8 Million Public Offering of Ordinary Shares,v1-2026-06-09,2026-06-09T16:04:40Z
MGIH,Unknown,15862500.0,WATCH,WATCH,,AGREE,done,0,0,0,1,1.0,, | RAISE:Millennium Group International Holdings Limited Announces Closing of Initial Public Offering,v1-2026-06-09,2026-06-09T16:04:40Z
CISO,Industrials,15814355.0,AVOID,WATCH,cash_burn,OVERFLAG_recent_raise,done,0,0,0,1,1.06,downgraded from AVOID — recent capital raise extends runway / no event found,recent capital raise extends runway | RAISE:CISO Global Inc. Announces Pricing of $4.0 Million Registered Direct Offering,v1-2026-06-09,2026-06-09T16:04:40Z
RMCF,Consumer Staples,15790027.0,AVOID,AVOID,cash_burn,AVOID_unconfirmed,done,0,0,0,0,1.0,,no API distress/short signal (coverage may be thin),v1-2026-06-09,2026-06-09T16:04:40Z
LEXX,Health Care,15789604.0,AVOID,AVOID,cash_burn,AVOID_unconfirmed,done,0,0,0,0,2.51,,no API distress/short signal (coverage may be thin),v1-2026-06-09,2026-06-09T16:04:40Z
NCEL,Unknown,15774742.0,SKIP_lt2y,,,SKIP,skip,,,,,,,<2y data,v1-2026-06-09,2026-06-09T16:04:40Z
WETH,Information Technology,15749626.0,CLEAR,CLEAR,,AGREE,done,0,0,0,1,1.0,, | RAISE:Wetouch Technology Inc. Announces Closing of $10.8 Million Public Offering of Common Stock,v1-2026-06-09,2026-06-09T16:04:40Z
FAMI,Consumer Staples,15749338.0,DISTRESSED-RECOVERABLE,DISTRESSED-RECOVERABLE,,AGREE,done,0,0,0,0,6.33,,,v1-2026-06-09,2026-06-09T16:04:40Z
GTBP,Health Care,15737851.0,SKIP_lt2y,,,SKIP,skip,,,,,,,<2y data,v1-2026-06-09,2026-06-09T16:04:40Z
NAII,Materials,15688072.0,CLEAR,CLEAR,,AGREE,done,0,0,0,0,1.0,,,v1-2026-06-09,2026-06-09T16:04:40Z
INTZ,Information Technology,15684180.0,AVOID,AVOID,cash_burn,AVOID_unconfirmed,done,0,0,0,0,2.05,,no API distress/short signal (coverage may be thin),v1-2026-06-09,2026-06-09T16:04:40Z
YHC,Consumer Staples,15642203.0,AVOID,AVOID,cash_burn,AVOID_unconfirmed,done,0,0,0,0,2.28,,no API distress/short signal (coverage may be thin),v1-2026-06-09,2026-06-09T16:04:40Z
SLAI,Unknown,15639003.0,AVOID,AVOID,cash_burn,AVOID_unconfirmed,done,0,0,0,0,4.17,,no API distress/short signal (coverage may be thin),v1-2026-06-09,2026-06-09T16:04:40Z
EDTK,Consumer Discretionary,15609269.0,AVOID,WATCH,cash_burn,OVERFLAG_recent_raise,done,0,0,0,1,1.0,downgraded from AVOID — recent capital raise extends runway / no event found,recent capital raise extends runway | RAISE:Skillful Craftsman Announces US$1 Million Convertible Note Private Placement,v1-2026-06-09,2026-06-09T16:04:40Z
VNRX,Health Care,15442672.0,AVOID,AVOID,insolvency,AVOID_unconfirmed,done,0,0,0,0,1.36,,no API distress/short signal (coverage may be thin),v1-2026-06-09,2026-06-09T16:04:40Z
BRN,Energy,15403250.0,AVOID,AVOID,cash_burn,AVOID_unconfirmed,done,0,0,0,0,1.36,,no API distress/short signal (coverage may be thin),v1-2026-06-09,2026-06-09T16:04:40Z
CTXR,Health Care,15373439.0,SKIP_lt2y,,,SKIP,skip,,,,,,,<2y data,v1-2026-06-09,2026-06-09T16:04:40Z
TMDE,Unknown,15317249.0,SKIP_lt2y,,,SKIP,skip,,,,,,,<2y data,v1-2026-06-09,2026-06-09T16:04:40Z
GDTC,Unknown,15264357.0,AVOID,AVOID,cash_burn,AVOID_unconfirmed,done,0,0,0,0,2.69,,no API distress/short signal (coverage may be thin),v1-2026-06-09,2026-06-09T16:04:40Z
BTOC,Industrials,15223432.0,WATCH,WATCH,,AGREE,done,0,0,0,0,1.16,,,v1-2026-06-09,2026-06-09T16:04:40Z
MMA,Unknown,15201552.0,AVOID,AVOID,cash_burn,AVOID_unconfirmed,done,0,0,0,0,1.59,,no API distress/short signal (coverage may be thin),v1-2026-06-09,2026-06-09T16:04:40Z
LEDS,Information Technology,15194082.0,CLEAR,CLEAR,,AGREE,done,0,0,0,0,1.0,,,v1-2026-06-09,2026-06-09T16:04:40Z
EPSM,Industrials,15168028.0,SKIP_lt2y,,,SKIP,skip,,,,,,,<2y data,v1-2026-06-09,2026-06-09T16:04:40Z
HIND,Health Care,15160021.0,AVOID,AVOID,cash_burn,AVOID_unconfirmed,done,0,0,0,0,2.63,,no API distress/short signal (coverage may be thin),v1-2026-06-09,2026-06-09T16:04:40Z
TGHL,Unknown,15154587.0,SKIP_lt2y,,,SKIP,skip,,,,,,,<2y data,v1-2026-06-09,2026-06-09T16:04:40Z
GIGM,Unknown,15141562.0,WATCH,WATCH,,AGREE,done,0,0,0,0,1.0,,,v1-2026-06-09,2026-06-09T16:04:40Z
SWVL,Unknown,15046159.0,WATCH,AVOID,,UNDERFLAG_distress_event,done,1,1,0,0,1.3,promoted — ≥2 live distress (going-concern/Ch11/default) news articles,3 live news articles show a distress event the screen missed | BK:Swvl Reports Receipt of Nasdaq Minimum Bid Price Notification,v1-2026-06-09,2026-06-09T16:04:40Z
COSM,Industrials,15037214.0,AVOID,AVOID,cash_burn,AVOID_unconfirmed,done,0,0,0,0,1.06,,no API distress/short signal (coverage may be thin),v1-2026-06-09,2026-06-09T16:04:40Z
SELX,Unknown,14740593.0,SKIP_lt2y,,,SKIP,skip,,,,,,,<2y data,v1-2026-06-09,2026-06-09T16:04:40Z
PRSO,Information Technology,14685108.0,AVOID,AVOID,cash_burn,AVOID_unconfirmed,done,0,0,0,0,1.0,,no API distress/short signal (coverage may be thin),v1-2026-06-09,2026-06-09T16:04:40Z
SCNX,Health Care,14627094.0,AVOID,AVOID,cash_burn,AVOID_unconfirmed,done,0,0,0,0,2.58,,no API distress/short signal (coverage may be thin),v1-2026-06-09,2026-06-09T16:04:40Z
AIRI,Industrials,14600481.0,AVOID,AVOID,insolvency,AVOID_unconfirmed,done,0,0,0,0,1.0,,no API distress/short signal (coverage may be thin),v1-2026-06-09,2026-06-09T16:04:40Z
BLRX,Unknown,14533098.0,SKIP_no_data,,,SKIP,skip,,,,,,,no cached fundamentals/context,v1-2026-06-09,2026-06-09T16:04:40Z
TBH,Financials,14493494.0,SKIP_lt2y,,,SKIP,skip,,,,,,,<2y data,v1-2026-06-09,2026-06-09T16:04:40Z
DLPN,Unknown,14449171.0,WATCH,WATCH,,AGREE,done,0,0,0,0,1.33,,,v1-2026-06-09,2026-06-09T16:04:40Z
ONEG,Unknown,14406400.0,SKIP_lt2y,,,SKIP,skip,,,,,,,<2y data,v1-2026-06-09,2026-06-09T16:04:40Z
AIMD,Information Technology,14360857.0,AVOID,AVOID,cash_burn,CORROBORATED,done,1,0,0,0,1.58,API event/short-interest confirms the fundamentals AVOID,API distress/short-interest confirms | BK:Ainos Inc. Faces Nasdaq Delisting Over Share Price Deficiency - Investing.com,v1-2026-06-09,2026-06-09T16:04:40Z
DOGZ,Consumer Discretionary,14319118.0,DISTRESSED-RECOVERABLE,DISTRESSED-RECOVERABLE,,AGREE,done,0,0,0,0,1.0,,,v1-2026-06-09,2026-06-09T16:04:40Z
HUIZ,Unknown,14148506.0,CLEAR,CLEAR,,AGREE,done,0,0,0,0,5.97,,,v1-2026-06-09,2026-06-09T16:04:40Z
GXAI,Information Technology,14103509.0,WATCH,WATCH,,AGREE,done,0,0,0,1,1.0,, | RAISE:Gaxos.ai Inc. Announces Closing of $5 Million Registered Direct Offering Priced At-the-Market Under Nasdaq Rules,v1-2026-06-09,2026-06-09T16:04:40Z
INAB,Health Care,13905010.0,SKIP_lt2y,,,SKIP,skip,,,,,,,<2y data,v1-2026-06-09,2026-06-09T16:04:40Z
JSPR,Health Care,13794034.0,SKIP_lt2y,,,SKIP,skip,,,,,,,<2y data,v1-2026-06-09,2026-06-09T16:04:40Z
LHAI,Real Estate,13779270.0,SKIP_lt2y,,,SKIP,skip,,,,,,,<2y data,v1-2026-06-09,2026-06-09T16:04:40Z
GYRO,Real Estate,13744356.0,SKIP_lt2y,,,SKIP,skip,,,,,,,<2y data,v1-2026-06-09,2026-06-09T16:04:40Z
GTIM,Consumer Discretionary,13725264.0,CLEAR,CLEAR,,AGREE,done,0,0,0,0,3.41,,,v1-2026-06-09,2026-06-09T16:04:40Z
CVKD,Health Care,13667417.0,SKIP_lt2y,,,SKIP,skip,,,,,,,<2y data,v1-2026-06-09,2026-06-09T16:04:40Z
OSRH,Health Care,13620739.0,AVOID,AVOID,cash_burn,AVOID_unconfirmed,done,0,0,0,0,1.0,,no API distress/short signal (coverage may be thin),v1-2026-06-09,2026-06-09T16:04:40Z
REBN,Consumer Discretionary,13552201.0,AVOID,AVOID,cash_burn,CORROBORATED,done,1,0,0,1,1.41,API event/short-interest confirms the fundamentals AVOID,API distress/short-interest confirms | BK:Reborn Coffee Intends to Appeal Delisting Notice from Nasdaq,v1-2026-06-09,2026-06-09T16:04:40Z
ARTW,Industrials,13471603.0,WATCH,WATCH,,AGREE,done,0,0,0,0,1.0,,,v1-2026-06-09,2026-06-09T16:04:40Z
IHT,Financials,13446052.0,WATCH,WATCH,,AGREE,done,0,0,0,0,1.87,,,v1-2026-06-09,2026-06-09T16:04:40Z
HUDI,Unknown,13441231.0,AVOID,WATCH,cash_burn,OVERFLAG_recent_raise,done,0,0,0,1,1.0,downgraded from AVOID — recent capital raise extends runway / no event found,"recent capital raise extends runway | RAISE:Huadi International Group Co., Ltd. Announces Closing of $25 Million Registered Direct Offering",v1-2026-06-09,2026-06-09T16:04:40Z
BNGO,Health Care,13425750.0,AVOID,WATCH,cash_burn,OVERFLAG_recent_raise,done,0,0,0,1,6.49,downgraded from AVOID — recent capital raise extends runway / no event found,"recent capital raise extends runway | RAISE:Bionano Genomics, Inc. Announces Pricing of $10 Million Public Oﬀering",v1-2026-06-09,2026-06-09T16:04:40Z
BLIN,Information Technology,13355871.0,AVOID,AVOID,cash_burn,AVOID_unconfirmed,done,0,0,0,0,1.0,,no API distress/short signal (coverage may be thin),v1-2026-06-09,2026-06-09T16:04:40Z
WVVI,Consumer Staples,13345141.0,AVOID,AVOID,insolvency,AVOID_unconfirmed,done,0,0,0,0,1.0,,no API distress/short signal (coverage may be thin),v1-2026-06-09,2026-06-09T16:04:40Z
COCP,Health Care,13295241.0,SKIP_lt2y,,,SKIP,skip,,,,,,,<2y data,v1-2026-06-09,2026-06-09T16:04:40Z
MTVA,Health Care,13272431.0,SKIP_lt2y,,,SKIP,skip,,,,,,,<2y data,v1-2026-06-09,2026-06-09T16:04:40Z
POM,Unknown,13258423.0,SKIP_lt2y,,,SKIP,skip,,,,,,,<2y data,v1-2026-06-09,2026-06-09T16:04:40Z
PDC,Unknown,13224221.0,AVOID,AVOID,cash_burn,AVOID_unconfirmed,done,0,0,0,0,1.0,,no API distress/short signal (coverage may be thin),v1-2026-06-09,2026-06-09T16:04:40Z
EBON,Financials,13157891.0,WATCH,WATCH,,AGREE,done,0,0,0,0,3.78,,,v1-2026-06-09,2026-06-09T16:04:40Z
CHOW,Information Technology,12989340.0,SKIP_lt2y,,,SKIP,skip,,,,,,,<2y data,v1-2026-06-09,2026-06-09T16:04:40Z
CYCN,Health Care,12904336.0,AVOID,AVOID,cash_burn,AVOID_unconfirmed,done,0,0,0,0,1.0,,no API distress/short signal (coverage may be thin),v1-2026-06-09,2026-06-09T16:04:40Z
MBRX,Health Care,12807243.0,SKIP_lt2y,,,SKIP,skip,,,,,,,<2y data,v1-2026-06-09,2026-06-09T16:04:40Z
AIFA,Communication Services,12800360.0,WATCH,WATCH,,AGREE,done,0,0,0,0,,,,v1-2026-06-09,2026-06-09T16:04:40Z
STFS,Unknown,12773135.0,SKIP_lt2y,,,SKIP,skip,,,,,,,<2y data,v1-2026-06-09,2026-06-09T16:04:40Z
CMMB,Health Care,12744669.0,SKIP_lt2y,,,SKIP,skip,,,,,,,<2y data,v1-2026-06-09,2026-06-09T16:04:40Z
BON,Materials,12713311.0,WATCH,WATCH,,AGREE,done,0,0,0,0,1.68,,,v1-2026-06-09,2026-06-09T16:04:40Z
SINT,Health Care,12590312.0,AVOID,WATCH,cash_burn,OVERFLAG_recent_raise,done,0,0,0,1,4.81,downgraded from AVOID — recent capital raise extends runway / no event found,recent capital raise extends runway | RAISE:SINTX Technologies Announces Pricing of $1.5 Million Public Offering of Common Stock,v1-2026-06-09,2026-06-09T16:04:40Z
BNKK,Materials,12481466.0,AVOID,AVOID,cash_burn,AVOID_unconfirmed,done,0,0,0,0,1.15,,no API distress/short signal (coverage may be thin),v1-2026-06-09,2026-06-09T16:04:40Z
REE,Unknown,12465280.0,AVOID,AVOID,cash_burn,CORROBORATED,done,1,0,0,1,3.37,API event/short-interest confirms the fundamentals AVOID,API distress/short-interest confirms | BK:REE Automotive Receives Nasdaq Extension to Regain Compliance,v1-2026-06-09,2026-06-09T16:04:40Z
BFRG,Health Care,12441449.0,AVOID,WATCH,cash_burn,OVERFLAG_recent_raise,done,0,0,0,1,2.31,downgraded from AVOID — recent capital raise extends runway / no event found,recent capital raise extends runway | RAISE:BullFrog AI Announces Closing of $5.7 Million Public Offering,v1-2026-06-09,2026-06-09T16:04:40Z
PHIO,Health Care,12314285.0,SKIP_lt2y,,,SKIP,skip,,,,,,,<2y data,v1-2026-06-09,2026-06-09T16:04:40Z
ICCM,Unknown,12251249.0,AVOID,AVOID,cash_burn,CORROBORATED,done,1,0,0,0,2.43,API event/short-interest confirms the fundamentals AVOID,API distress/short-interest confirms | BK:IceCure Granted 180-Day Extension by Nasdaq to Regain Compliance with Minimum Bid Requirement,v1-2026-06-09,2026-06-09T16:04:40Z
IDAI,Information Technology,12207922.0,AVOID,AVOID,cash_burn,AVOID_unconfirmed,done,0,0,0,0,3.37,,no API distress/short signal (coverage may be thin),v1-2026-06-09,2026-06-09T16:04:40Z
PETZ,Unknown,12181456.0,WATCH,WATCH,,AGREE,done,0,0,0,0,2.2,,,v1-2026-06-09,2026-06-09T16:04:40Z
XELB,Financials,12172803.0,WATCH,AVOID,,UNDERFLAG_distress_event,done,1,0,0,1,1.51,promoted — ≥2 live distress (going-concern/Ch11/default) news articles,"2 live news articles show a distress event the screen missed | BK:XCEL BRANDS, INC. Receives NASDAQ notice regarding late Form 10-K filing",v1-2026-06-09,2026-06-09T16:04:40Z
SPHL,Unknown,12101598.0,AVOID,AVOID,cash_burn,AVOID_unconfirmed,done,0,0,0,0,1.23,,no API distress/short signal (coverage may be thin),v1-2026-06-09,2026-06-09T16:04:40Z
NWGL,Unknown,12092087.0,AVOID,WATCH,cash_burn,OVERFLAG_recent_raise,done,0,0,0,1,1.0,downgraded from AVOID — recent capital raise extends runway / no event found,recent capital raise extends runway | RAISE:Nature Wood Group Limited Announces Closing of $6.75 Million Initial Public Offering,v1-2026-06-09,2026-06-09T16:04:40Z
BIVI,Health Care,12066943.0,SKIP_lt2y,,,SKIP,skip,,,,,,,<2y data,v1-2026-06-09,2026-06-09T16:04:40Z
BGI,Consumer Discretionary,12025259.0,AVOID,AVOID,insolvency,AVOID_unconfirmed,done,0,0,0,0,2.63,,no API distress/short signal (coverage may be thin),v1-2026-06-09,2026-06-09T16:04:40Z
VVOS,Health Care,12011882.0,AVOID,AVOID,insolvency,AVOID_unconfirmed,done,0,0,0,1,6.44,,no API distress/short signal (coverage may be thin) | RAISE:Vivos Therapeutics Closes $4 Million Private Placement,v1-2026-06-09,2026-06-09T16:04:40Z
TPET,Energy,12008406.0,AVOID,AVOID,cash_burn,AVOID_unconfirmed,done,0,0,0,0,1.31,,no API distress/short signal (coverage may be thin),v1-2026-06-09,2026-06-09T16:04:40Z
TAOP,Unknown,12004962.0,AVOID,AVOID,cash_burn,AVOID_unconfirmed,done,0,0,0,0,4.16,,no API distress/short signal (coverage may be thin),v1-2026-06-09,2026-06-09T16:04:40Z
BFRI,Health Care,11971127.0,AVOID,AVOID,cash_burn,AVOID_unconfirmed,done,0,0,0,0,1.0,,no API distress/short signal (coverage may be thin),v1-2026-06-09,2026-06-09T16:04:40Z
NVNI,Unknown,11925975.0,CLEAR,WATCH,,UNDERFLAG_distress_event,done,1,0,0,0,2.65,promoted — ≥2 live distress (going-concern/Ch11/default) news articles,3 live news articles show a distress event the screen missed | BK:NVNI Group Receives Nasdaq Notification of Non-Compliance with Listing Rule 5250(c)(2),v1-2026-06-09,2026-06-09T16:04:40Z
EDUC,Industrials,11830796.0,CLEAR,CLEAR,,AGREE,done,0,0,0,0,1.0,,,v1-2026-06-09,2026-06-09T16:04:40Z
DKI,Information Technology,11820713.0,SKIP_lt2y,,,SKIP,skip,,,,,,,<2y data,v1-2026-06-09,2026-06-09T16:04:40Z
SURG,Communication Services,11807291.0,AVOID,AVOID,insolvency,AVOID_unconfirmed,done,0,0,0,1,2.41,,no API distress/short signal (coverage may be thin) | RAISE:SurgePays Announces Proposed Underwritten Public Offering,v1-2026-06-09,2026-06-09T16:04:40Z
ICU,Health Care,11751186.0,AVOID,AVOID,cash_burn,AVOID_unconfirmed,done,0,1,0,0,1.74,,"no API distress/short signal (coverage may be thin) | FR:SeaStar Medical to Restate Financials, Sets Business Update Call for April 17",v1-2026-06-09,2026-06-09T16:04:40Z
AQMS,Materials,11733401.0,SKIP_lt2y,,,SKIP,skip,,,,,,,<2y data,v1-2026-06-09,2026-06-09T16:04:40Z
BCDA,Health Care,11715965.0,SKIP_lt2y,,,SKIP,skip,,,,,,,<2y data,v1-2026-06-09,2026-06-09T16:04:40Z
ZSTK,Industrials,11714871.0,AVOID,AVOID,cash_burn,AVOID_unconfirmed,done,0,0,0,0,1.23,,no API distress/short signal (coverage may be thin),v1-2026-06-09,2026-06-09T16:04:40Z
TOVX,Health Care,11711809.0,SKIP_lt2y,,,SKIP,skip,,,,,,,<2y data,v1-2026-06-09,2026-06-09T16:04:40Z
HCWB,Health Care,11672674.0,AVOID,WATCH,cash_burn,OVERFLAG_recent_raise,done,0,0,0,1,1.0,downgraded from AVOID — recent capital raise extends runway / no event found,recent capital raise extends runway | RAISE:HCW Biologics Announces Pricing of $1.5 Million Follow-On Offering Priced At-The-Market Under NASDAQ Rules,v1-2026-06-09,2026-06-09T16:04:40Z
HKPD,Unknown,11627793.0,SKIP_lt2y,,,SKIP,skip,,,,,,,<2y data,v1-2026-06-09,2026-06-09T16:04:40Z
MTEK,Unknown,11541365.0,AVOID,WATCH,cash_burn,OVERFLAG_recent_raise,done,0,0,0,1,1.0,downgraded from AVOID — recent capital raise extends runway / no event found,recent capital raise extends runway | RAISE:Maris-Tech Announces $2.0 Million Registered Direct Offering,v1-2026-06-09,2026-06-09T16:04:40Z
XWEL,Unknown,11484202.0,AVOID,AVOID,insolvency,CORROBORATED,done,1,0,0,0,3.9,API event/short-interest confirms the fundamentals AVOID,"API distress/short-interest confirms | BK:XWELL, Inc. Granted 180-Day Extension by NASDAQ to Regain Compliance with Minimum Bid Price Rule",v1-2026-06-09,2026-06-09T16:04:40Z
FGI,Materials,11471750.0,DISTRESSED-RECOVERABLE,DISTRESSED-RECOVERABLE,,AGREE,done,0,0,0,0,1.0,,,v1-2026-06-09,2026-06-09T16:04:40Z
CABR,Materials,11455297.0,SKIP_lt2y,,,SKIP,skip,,,,,,,<2y data,v1-2026-06-09,2026-06-09T16:04:40Z
HCAI,Unknown,11446873.0,SKIP_lt2y,,,SKIP,skip,,,,,,,<2y data,v1-2026-06-09,2026-06-09T16:04:40Z
PMNT,Consumer Discretionary,11311484.0,AVOID,AVOID,cash_burn,AVOID_unconfirmed,done,0,0,0,0,4.25,,no API distress/short signal (coverage may be thin),v1-2026-06-09,2026-06-09T16:04:40Z
NXL,Health Care,11280845.0,AVOID,WATCH,cash_burn,OVERFLAG_recent_raise,done,0,0,0,1,6.12,downgraded from AVOID — recent capital raise extends runway / no event found,recent capital raise extends runway | RAISE:Nexalin Technology Announces Closing of Previously Announced $5.0 Million Underwritten Public Offering,v1-2026-06-09,2026-06-09T16:04:40Z
SOAR,Industrials,11279655.0,CLEAR,CLEAR,,AGREE,done,0,0,0,0,1.0,,,v1-2026-06-09,2026-06-09T16:04:40Z
AIRE,Real Estate,11265977.0,WATCH,WATCH,,AGREE,done,0,0,0,1,1.83,, | RAISE:reAlpha Tech Corp. Announces Closing of $2 Million Public Offering,v1-2026-06-09,2026-06-09T16:04:40Z
AMOD,Financials,11255945.0,AVOID,AVOID,insolvency,AVOID_unconfirmed,done,0,0,0,0,1.0,,no API distress/short signal (coverage may be thin),v1-2026-06-09,2026-06-09T16:04:40Z
ATER,Information Technology,11251666.0,AVOID,AVOID,cash_burn,CORROBORATED,done,1,0,0,1,1.0,API event/short-interest confirms the fundamentals AVOID,API distress/short-interest confirms | BK:Aterian Receives Extension To Regain Compliance With Nasdaq Minimum Bid Price Rule,v1-2026-06-09,2026-06-09T16:04:40Z
CCHH,Consumer Discretionary,11185100.0,SKIP_lt2y,,,SKIP,skip,,,,,,,<2y data,v1-2026-06-09,2026-06-09T16:04:40Z
TDTH,Unknown,11183691.0,AVOID,AVOID,insolvency,CORROBORATED,done,1,0,0,0,1.04,API event/short-interest confirms the fundamentals AVOID,API distress/short-interest confirms | BK:Trident Announces Receipt of Nasdaq Determination Letter and Intent to Request Hearing,v1-2026-06-09,2026-06-09T16:04:40Z
LNAI,Health Care,11108031.0,SKIP_lt2y,,,SKIP,skip,,,,,,,<2y data,v1-2026-06-09,2026-06-09T16:04:40Z
KPRX,Health Care,11079850.0,SKIP_lt2y,,,SKIP,skip,,,,,,,<2y data,v1-2026-06-09,2026-06-09T16:04:40Z
GAUZ,Unknown,11056576.0,SKIP_lt2y,,,SKIP,skip,,,,,,,<2y data,v1-2026-06-09,2026-06-09T16:04:40Z
QH,Unknown,11039918.0,AVOID,AVOID,cash_burn,CORROBORATED,done,1,0,0,0,1.0,API event/short-interest confirms the fundamentals AVOID,API distress/short-interest confirms | BK:Why Target Shares Are Trading Lower By 14%? Here Are 56 Stocks Moving In Wednesday's Mid-Day Session,v1-2026-06-09,2026-06-09T16:04:40Z
SNBR,Consumer Discretionary,11008203.0,AVOID,AVOID,insolvency,AVOID_unconfirmed,done,0,0,0,0,5.42,,no API distress/short signal (coverage may be thin),v1-2026-06-09,2026-06-09T16:04:40Z
MTEX,Materials,10999119.0,WATCH,WATCH,,AGREE,done,0,0,0,0,1.0,,,v1-2026-06-09,2026-06-09T16:04:40Z
WGRX,Industrials,10933399.0,SKIP_lt2y,,,SKIP,skip,,,,,,,<2y data,v1-2026-06-09,2026-06-09T16:04:40Z
JTAI,Industrials,10805079.0,AVOID,WATCH,cash_burn,OVERFLAG_recent_raise,done,0,0,0,1,1.0,downgraded from AVOID — recent capital raise extends runway / no event found,recent capital raise extends runway | RAISE:Jet.AI Withdraws Public Offering,v1-2026-06-09,2026-06-09T16:04:40Z
SDOT,Consumer Discretionary,10671060.0,AVOID,AVOID,insolvency,AVOID_unconfirmed,done,0,0,0,0,1.0,,no API distress/short signal (coverage may be thin),v1-2026-06-09,2026-06-09T16:04:40Z
MBAI,Unknown,10667895.0,SKIP_lt2y,,,SKIP,skip,,,,,,,<2y data,v1-2026-06-09,2026-06-09T16:04:40Z
NXTC,Health Care,10655683.0,SKIP_lt2y,,,SKIP,skip,,,,,,,<2y data,v1-2026-06-09,2026-06-09T16:04:40Z
JUNS,Health Care,10512978.0,AVOID,AVOID,insolvency,AVOID_unconfirmed,done,0,0,0,1,1.18,,no API distress/short signal (coverage may be thin) | RAISE:Jupiter Neurosciences Announces Pricing of $2.0 Million Registered Direct Offering,v1-2026-06-09,2026-06-09T16:04:40Z
BANL,Industrials,10430298.0,CLEAR,CLEAR,,AGREE,done,0,0,0,1,1.09,, | RAISE:Lithium Ionic Announces Closing of Final Tranche of Oversubscribed Non-Brokered Private Placement,v1-2026-06-09,2026-06-09T16:04:40Z
LOBO,Unknown,10339927.0,AVOID,AVOID,cash_burn,CORROBORATED,done,1,0,0,1,1.0,API event/short-interest confirms the fundamentals AVOID,API distress/short-interest confirms | BK:LOBO Announces Receipt of Nasdaq Minimum Bid Price Notification,v1-2026-06-09,2026-06-09T16:04:40Z
WFF,Unknown,10327937.0,SKIP_lt2y,,,SKIP,skip,,,,,,,<2y data,v1-2026-06-09,2026-06-09T16:04:40Z
BRTX,Health Care,10318660.0,AVOID,WATCH,cash_burn,OVERFLAG_recent_raise,done,0,0,0,1,1.0,downgraded from AVOID — recent capital raise extends runway / no event found,recent capital raise extends runway | RAISE:BioRestorative Announces Closing of $5.0 Million Public Offering,v1-2026-06-09,2026-06-09T16:04:40Z
RIME,Information Technology,10289114.0,AVOID,AVOID,insolvency,AVOID_unconfirmed,done,0,0,0,1,1.0,,"no API distress/short signal (coverage may be thin) | RAISE:Univest Securities, LLC Announces Closing of $9.5 Million Public Offering for its Client Algorhythm Holdings, Inc. (NASDAQ: RIME)",v1-2026-06-09,2026-06-09T16:04:40Z
BTCT,Financials,10278333.0,WATCH,WATCH,,AGREE,done,0,0,0,0,3.64,,,v1-2026-06-09,2026-06-09T16:04:40Z
BMGL,Health Care,10228841.0,SKIP_lt2y,,,SKIP,skip,,,,,,,<2y data,v1-2026-06-09,2026-06-09T16:04:40Z
INTS,Health Care,10189631.0,SKIP_lt2y,,,SKIP,skip,,,,,,,<2y data,v1-2026-06-09,2026-06-09T16:04:40Z
OST,Unknown,10108845.0,DISTRESSED-RECOVERABLE,AVOID,,UNDERFLAG_distress_event,done,1,0,1,1,999.99,promoted — ≥2 live distress (going-concern/Ch11/default) news articles,2 live news articles show a distress event the screen missed | BK:Ostin Technology Group Announces Update to Effective Date of Reverse Share Split,v1-2026-06-09,2026-06-09T16:04:40Z
RVSN,Unknown,10062318.0,WATCH,WATCH,,AGREE,done,0,0,0,0,6.23,,,v1-2026-06-09,2026-06-09T16:04:40Z
BTTC,Unknown,10020398.0,SKIP_no_data,,,SKIP,skip,,,,,,,no cached fundamentals/context,v1-2026-06-09,2026-06-09T16:04:40Z
ARBB,Information Technology,9903086.0,WATCH,WATCH,,NEWS_NOTE,done,1,0,0,1,1.0,single news mention (kept screen bucket; investigate),single news mention of distress/fraud (investigate; not a screen error) | BK:ARB IOT Group Limited Receives Nasdaq Notification Regarding Minimum Bid Price Deficiency,v1-2026-06-09,2026-06-09T16:04:40Z
JBDI,Unknown,9895113.0,SKIP_lt2y,,,SKIP,skip,,,,,,,<2y data,v1-2026-06-09,2026-06-09T16:04:40Z
CVR,Industrials,9850971.0,AVOID,AVOID,cash_burn,AVOID_unconfirmed,done,0,0,0,0,1.6,,no API distress/short signal (coverage may be thin),v1-2026-06-09,2026-06-09T16:04:40Z
SKK,Unknown,9819203.0,AVOID,WATCH,cash_burn,OVERFLAG_recent_raise,done,0,0,0,1,1.0,downgraded from AVOID — recent capital raise extends runway / no event found,recent capital raise extends runway | RAISE:Skk Holdings Limited Announces Closing of $10.0 Million Initial Public Offering,v1-2026-06-09,2026-06-09T16:04:40Z
CGTL,Industrials,9783217.0,SKIP_lt2y,,,SKIP,skip,,,,,,,<2y data,v1-2026-06-09,2026-06-09T16:04:40Z
HTOO,Unknown,9628727.0,AVOID,AVOID,cash_burn,CORROBORATED,done,1,0,0,0,1.0,API event/short-interest confirms the fundamentals AVOID,API distress/short-interest confirms | BK:Fusion Fuel Green PLC Announces Forthcoming Annual General Meeting,v1-2026-06-09,2026-06-09T16:04:40Z
CDTG,Utilities,9606780.0,AVOID,WATCH,cash_burn,OVERFLAG_recent_raise,done,0,0,0,1,1.0,downgraded from AVOID — recent capital raise extends runway / no event found,recent capital raise extends runway | RAISE:CDT Environmental Technology Investment Holdings Limited Announces Closing of Initial Public Offering,v1-2026-06-09,2026-06-09T16:04:40Z
AWX,Utilities,9592603.0,DISTRESSED-RECOVERABLE,DISTRESSED-RECOVERABLE,,AGREE,done,0,0,0,0,1.0,,,v1-2026-06-09,2026-06-09T16:04:40Z
MSAI,Health Care,9511534.0,WATCH,WATCH,,AGREE,done,0,0,0,0,2.79,,,v1-2026-06-09,2026-06-09T16:04:40Z
KAPA,Health Care,9420928.0,SKIP_lt2y,,,SKIP,skip,,,,,,,<2y data,v1-2026-06-09,2026-06-09T16:04:40Z
GVH,Unknown,9398826.0,CLEAR,CLEAR,,AGREE,done,0,0,0,1,1.0,," | RAISE:Univest Securities, LLC Announces Closing of $1.4 Million Registered Direct Offering for its Client Globavend Holdings Limited (NA",v1-2026-06-09,2026-06-09T16:04:40Z
SFHG,Unknown,9338000.0,AVOID,WATCH,cash_burn,OVERFLAG_recent_raise,done,0,0,0,1,1.0,downgraded from AVOID — recent capital raise extends runway / no event found,recent capital raise extends runway | RAISE:Samfine Creation Holdings Group Limited Announced Closing of Initial Public Offering,v1-2026-06-09,2026-06-09T16:04:40Z
FEBO,Unknown,9292500.0,CLEAR,CLEAR,,AGREE,done,0,0,1,1,15.62,, | RAISE:Fenbo Holdings Limited Announces Closing of Its Initial Public Offering,v1-2026-06-09,2026-06-09T16:04:40Z
CETY,Utilities,9245024.0,AVOID,WATCH,cash_burn,OVERFLAG_recent_raise,done,0,0,0,1,1.0,downgraded from AVOID — recent capital raise extends runway / no event found,recent capital raise extends runway | RAISE:Clean Energy Technologies Announces Closing of $3.9 Million Public Offering and Uplisting to Nasdaq Capital Market,v1-2026-06-09,2026-06-09T16:04:40Z
ERNA,Health Care,9202367.0,SKIP_lt2y,,,SKIP,skip,,,,,,,<2y data,v1-2026-06-09,2026-06-09T16:04:40Z
APRE,Health Care,9180590.0,AVOID,WATCH,cash_burn,OVERFLAG_recent_raise,done,0,0,0,1,1.0,downgraded from AVOID — recent capital raise extends runway / no event found,recent capital raise extends runway | RAISE:Aprea Therapeutics Announces Private Placement Financing of up to $34.0 Million,v1-2026-06-09,2026-06-09T16:04:40Z
KXIN,Consumer Discretionary,9145304.0,AVOID,AVOID,cash_burn,CORROBORATED,done,1,0,0,0,1.0,API event/short-interest confirms the fundamentals AVOID,API distress/short-interest confirms | BK:Kaixin Auto Holdings Announces Receipt of Nasdaq Letter Regarding Minimum Bid Price,v1-2026-06-09,2026-06-09T16:04:40Z
RAY,Unknown,9135761.0,SKIP_lt2y,,,SKIP,skip,,,,,,,<2y data,v1-2026-06-09,2026-06-09T16:04:40Z
CLWT,Industrials,9116101.0,WATCH,WATCH,,AGREE,done,0,0,0,0,2.51,,,v1-2026-06-09,2026-06-09T16:04:40Z
INEO,Unknown,9093292.0,DISTRESSED-RECOVERABLE,DISTRESSED-RECOVERABLE,,AGREE,done,0,0,0,0,1.0,,,v1-2026-06-09,2026-06-09T16:04:40Z
OLOX,Industrials,9083962.0,AVOID,AVOID,insolvency,AVOID_unconfirmed,done,0,0,0,0,1.94,,no API distress/short signal (coverage may be thin),v1-2026-06-09,2026-06-09T16:04:40Z
QNRX,Health Care,9017796.0,SKIP_lt2y,,,SKIP,skip,,,,,,,<2y data,v1-2026-06-09,2026-06-09T16:04:40Z
ETS,Industrials,8876553.0,SKIP_lt2y,,,SKIP,skip,,,,,,,<2y data,v1-2026-06-09,2026-06-09T16:04:40Z
VRME,Financials,8872424.0,DISTRESSED-RECOVERABLE,DISTRESSED-RECOVERABLE,,AGREE,done,0,0,0,0,1.57,,,v1-2026-06-09,2026-06-09T16:04:40Z
AMS,Health Care,8811250.0,DISTRESSED-RECOVERABLE,DISTRESSED-RECOVERABLE,,AGREE,done,0,0,0,0,1.0,,,v1-2026-06-09,2026-06-09T16:04:40Z
ACON,Health Care,8790232.0,AVOID,WATCH,cash_burn,OVERFLAG_recent_raise,done,0,0,0,1,4.02,downgraded from AVOID — recent capital raise extends runway / no event found,"recent capital raise extends runway | RAISE:Aclarion Raises $10.4 Million, Sharpens Focus On Nociscan Rollout",v1-2026-06-09,2026-06-09T16:04:40Z
SMTK,Information Technology,8765067.0,AVOID,AVOID,insolvency,AVOID_unconfirmed,done,0,0,0,0,1.0,,no API distress/short signal (coverage may be thin),v1-2026-06-09,2026-06-09T16:04:40Z
BOLT,Health Care,8762345.0,AVOID,AVOID,cash_burn,CORROBORATED,done,1,0,0,0,1.0,API event/short-interest confirms the fundamentals AVOID,API distress/short-interest confirms | BK:Bolt Biotherapeutics faces Nasdaq delisting risk By Investing.com - Investing.com Australia,v1-2026-06-09,2026-06-09T16:04:40Z
LIQT,Industrials,8754100.0,AVOID,WATCH,cash_burn,OVERFLAG_recent_raise,done,0,0,0,1,3.63,downgraded from AVOID — recent capital raise extends runway / no event found,recent capital raise extends runway | RAISE:LiqTech International Announces Pricing of $20 Million Underwritten Public Offering of Common Stock,v1-2026-06-09,2026-06-09T16:04:40Z
YHGJ,Materials,8740967.0,AVOID,AVOID,cash_burn,AVOID_unconfirmed,done,0,0,0,0,1.0,,no API distress/short signal (coverage may be thin),v1-2026-06-09,2026-06-09T16:04:40Z
SKYQ,Utilities,8726256.0,AVOID,AVOID,cash_burn,AVOID_unconfirmed,done,0,0,0,0,1.0,,no API distress/short signal (coverage may be thin),v1-2026-06-09,2026-06-09T16:04:40Z
IMNN,Health Care,8656363.0,SKIP_lt2y,,,SKIP,skip,,,,,,,<2y data,v1-2026-06-09,2026-06-09T16:04:40Z
GOVX,Health Care,8597267.0,AVOID,AVOID,cash_burn,CORROBORATED,done,1,0,0,0,1.0,API event/short-interest confirms the fundamentals AVOID,API distress/short-interest confirms | BK:GeoVax Announces 1-for-15 Reverse Stock Split to Regain Compliance with Nasdaq Minimum Bid Requirement,v1-2026-06-09,2026-06-09T16:04:40Z
TKLF,Unknown,8592545.0,WATCH,WATCH,,NEWS_NOTE,done,1,0,1,1,14.88,single news mention (kept screen bucket; investigate),"single news mention of distress/fraud (investigate; not a screen error) | BK:Yoshitsu Co., Ltd Receives Nasdaq Notification Letter Regarding Minimum Bid Price Deficiency",v1-2026-06-09,2026-06-09T16:04:40Z
CURX,Health Care,8587266.0,SKIP_lt2y,,,SKIP,skip,,,,,,,<2y data,v1-2026-06-09,2026-06-09T16:04:40Z
AIDX,Industrials,8510445.0,SKIP_no_data,,,SKIP,skip,,,,,,,no cached fundamentals/context,v1-2026-06-09,2026-06-09T16:04:40Z
CMCT,Financials,8498089.0,WATCH,WATCH,,AGREE,done,0,0,0,0,2.18,,,v1-2026-06-09,2026-06-09T16:04:40Z
INTJ,Unknown,8487000.0,WATCH,WATCH,,AGREE,done,0,0,0,0,1.37,,,v1-2026-06-09,2026-06-09T16:04:40Z
SMX,Unknown,8482500.0,SKIP_lt2y,,,SKIP,skip,,,,,,,<2y data,v1-2026-06-09,2026-06-09T16:04:40Z
NCL,Materials,8468334.0,AVOID,WATCH,cash_burn,OVERFLAG_recent_raise,done,0,0,0,1,1.0,downgraded from AVOID — recent capital raise extends runway / no event found,"recent capital raise extends runway | RAISE:Northann Corp. Announces Closing of $6,000,000 Initial Public Offering",v1-2026-06-09,2026-06-09T16:04:40Z
CLRO,Information Technology,8444135.0,SKIP_lt2y,,,SKIP,skip,,,,,,,<2y data,v1-2026-06-09,2026-06-09T16:04:40Z
DSY,Materials,8410815.0,AVOID,AVOID,cash_burn,AVOID_unconfirmed,done,0,0,0,0,3.45,,no API distress/short signal (coverage may be thin),v1-2026-06-09,2026-06-09T16:04:40Z
AKAN,Materials,8352953.0,AVOID,WATCH,cash_burn,OVERFLAG_recent_raise,done,0,0,0,1,1.0,downgraded from AVOID — recent capital raise extends runway / no event found,"recent capital raise extends runway | RAISE:Akanda Corp. Announces Pricing Of IPO, Set To Commence Trading On NASDAQ",v1-2026-06-09,2026-06-09T16:04:40Z
RETO,Unknown,8306730.0,AVOID,AVOID,cash_burn,AVOID_unconfirmed,done,0,0,0,0,1.64,,no API distress/short signal (coverage may be thin),v1-2026-06-09,2026-06-09T16:04:40Z
BGMS,Health Care,8279184.0,AVOID,AVOID,cash_burn,AVOID_unconfirmed,done,0,0,0,0,1.0,,no API distress/short signal (coverage may be thin),v1-2026-06-09,2026-06-09T16:04:40Z
CSAI,Information Technology,8272229.0,SKIP_lt2y,,,SKIP,skip,,,,,,,<2y data,v1-2026-06-09,2026-06-09T16:04:40Z
APM,Health Care,8225194.0,SKIP_lt2y,,,SKIP,skip,,,,,,,<2y data,v1-2026-06-09,2026-06-09T16:04:40Z
MSN,Information Technology,8206634.0,WATCH,WATCH,,AGREE,done,0,0,0,0,1.71,,,v1-2026-06-09,2026-06-09T16:04:40Z
YYAI,Information Technology,8175633.0,WATCH,AVOID,,UNDERFLAG_distress_event,done,1,0,0,0,2.37,promoted — ≥2 live distress (going-concern/Ch11/default) news articles,2 live news articles show a distress event the screen missed | BK:Connexa Announces 1:20 Reverse Split to Remedy Bid Price Delisting Notice,v1-2026-06-09,2026-06-09T16:04:40Z
AIXI,Information Technology,8147204.0,AVOID,AVOID,insolvency,AVOID_unconfirmed,done,0,0,0,0,1.0,,no API distress/short signal (coverage may be thin),v1-2026-06-09,2026-06-09T16:04:40Z
SNES,Materials,8114241.0,AVOID,AVOID,cash_burn,AVOID_unconfirmed,done,0,0,0,0,1.0,,no API distress/short signal (coverage may be thin),v1-2026-06-09,2026-06-09T16:04:40Z
DLXY,Industrials,8093250.0,SKIP_lt2y,,,SKIP,skip,,,,,,,<2y data,v1-2026-06-09,2026-06-09T16:04:40Z
PBM,Unknown,8049507.0,SKIP_lt2y,,,SKIP,skip,,,,,,,<2y data,v1-2026-06-09,2026-06-09T16:04:40Z
CREG,Industrials,7941180.0,DISTRESSED-RECOVERABLE,DISTRESSED-RECOVERABLE,,AGREE,done,0,0,0,1,1.0,," | RAISE:Univest Securities, LLC Announces Closing of $2 Million Registered Direct Offering for its Client Smart Powerr Corp. (NASDAQ: CREG",v1-2026-06-09,2026-06-09T16:04:40Z
YJ,Unknown,7928149.0,WATCH,WATCH,,AGREE,done,0,0,0,0,5.39,,,v1-2026-06-09,2026-06-09T16:04:40Z
MASK,Unknown,7901976.0,SKIP_lt2y,,,SKIP,skip,,,,,,,<2y data,v1-2026-06-09,2026-06-09T16:04:40Z
AMST,Information Technology,7901530.0,AVOID,WATCH,cash_burn,OVERFLAG_recent_raise,done,0,0,0,1,2.03,downgraded from AVOID — recent capital raise extends runway / no event found,recent capital raise extends runway | RAISE:Amesite Announces Closing of Up To $7.8 Million Concurrent Registered Direct Offering and Private Placements Priced At-the-Market ,v1-2026-06-09,2026-06-09T16:04:40Z
WKSP,Industrials,7869807.0,AVOID,AVOID,cash_burn,CORROBORATED,done,1,0,0,1,1.69,API event/short-interest confirms the fundamentals AVOID,API distress/short-interest confirms | BK:Worksport Announces 1-for-10 Reverse Stock Split as Part of Nasdaq Compliance Plan,v1-2026-06-09,2026-06-09T16:04:40Z
BIAF,Industrials,7845387.0,AVOID,AVOID,cash_burn,AVOID_unconfirmed,done,0,0,0,0,1.89,,no API distress/short signal (coverage may be thin),v1-2026-06-09,2026-06-09T16:04:40Z
NDRA,Health Care,7819003.0,SKIP_lt2y,,,SKIP,skip,,,,,,,<2y data,v1-2026-06-09,2026-06-09T16:04:40Z
MYSE,Communication Services,7814466.0,AVOID,AVOID,cash_burn,AVOID_unconfirmed,done,0,0,0,0,1.27,,no API distress/short signal (coverage may be thin),v1-2026-06-09,2026-06-09T16:04:40Z
FBGL,Industrials,7796250.0,SKIP_lt2y,,,SKIP,skip,,,,,,,<2y data,v1-2026-06-09,2026-06-09T16:04:40Z
CNEY,Materials,7793141.0,AVOID,AVOID,cash_burn,AVOID_unconfirmed,done,0,0,0,0,3.66,,no API distress/short signal (coverage may be thin),v1-2026-06-09,2026-06-09T16:04:40Z
HWH,Industrials,7775455.0,AVOID,AVOID,cash_burn,AVOID_unconfirmed,done,0,0,0,0,1.0,,no API distress/short signal (coverage may be thin),v1-2026-06-09,2026-06-09T16:04:40Z
VSEE,Health Care,7727307.0,AVOID,AVOID,cash_burn,AVOID_unconfirmed,done,0,0,0,0,1.42,,no API distress/short signal (coverage may be thin),v1-2026-06-09,2026-06-09T16:04:40Z
DFSC,Information Technology,7715332.0,AVOID,AVOID,cash_burn,AVOID_unconfirmed,done,0,0,0,0,1.0,,no API distress/short signal (coverage may be thin),v1-2026-06-09,2026-06-09T16:04:40Z
KITT,Industrials,7704504.0,AVOID,AVOID,cash_burn,AVOID_unconfirmed,done,0,0,0,0,1.38,,no API distress/short signal (coverage may be thin),v1-2026-06-09,2026-06-09T16:04:40Z
DEVS,Financials,7684492.0,AVOID,AVOID,insolvency,AVOID_unconfirmed,done,0,0,0,0,1.0,,no API distress/short signal (coverage may be thin),v1-2026-06-09,2026-06-09T16:04:40Z
MIMI,Unknown,7653698.0,SKIP_lt2y,,,SKIP,skip,,,,,,,<2y data,v1-2026-06-09,2026-06-09T16:04:40Z
CELZ,Health Care,7615136.0,AVOID,AVOID,cash_burn,AVOID_unconfirmed,done,0,0,0,0,3.01,,no API distress/short signal (coverage may be thin),v1-2026-06-09,2026-06-09T16:04:40Z
YCBD,Materials,7595244.0,AVOID,AVOID,cash_burn,AVOID_unconfirmed,done,0,0,0,0,1.65,,no API distress/short signal (coverage may be thin),v1-2026-06-09,2026-06-09T16:04:40Z
HCWC,Consumer Discretionary,7583623.0,DISTRESSED-RECOVERABLE,DISTRESSED-RECOVERABLE,,AGREE,done,0,0,0,1,1.34,, | RAISE:Healthy Choice Wellness Corp. Announces Closing of $4.0 Million Initial Public Offering,v1-2026-06-09,2026-06-09T16:04:40Z
IFBD,Unknown,7533489.0,WATCH,WATCH,,NEWS_NOTE,done,1,0,1,0,31.8,single news mention (kept screen bucket; investigate),single news mention of distress/fraud (investigate; not a screen error) | BK:Why Oncorus Shares Are Trading Lower By 25%; Here Are 20 Stocks Moving Premarket,v1-2026-06-09,2026-06-09T16:04:40Z
PMCB,Health Care,7514954.0,SKIP_lt2y,,,SKIP,skip,,,,,,,<2y data,v1-2026-06-09,2026-06-09T16:04:40Z
DXST,Utilities,7514530.0,SKIP_lt2y,,,SKIP,skip,,,,,,,<2y data,v1-2026-06-09,2026-06-09T16:04:40Z
AIM,Health Care,7511861.0,AVOID,AVOID,insolvency,CORROBORATED,done,1,0,0,1,1.0,API event/short-interest confirms the fundamentals AVOID,API distress/short-interest confirms | BK:AIM ImmunoTech Provides Routine Update on Annual Filings,v1-2026-06-09,2026-06-09T16:04:40Z
OXBR,Financials,7451643.0,WATCH,WATCH,,AGREE,done,0,0,0,1,1.0,, | RAISE:Oxbridge Announces Pricing of $3.0 Million Registered Direct Offering and Concurrent Private Placement,v1-2026-06-09,2026-06-09T16:04:40Z
CWD,Real Estate,7439048.0,WATCH,WATCH,,AGREE,done,0,0,0,0,1.0,,,v1-2026-06-09,2026-06-09T16:04:40Z
ADXN,Unknown,7417846.0,SKIP_no_data,,,SKIP,skip,,,,,,,no cached fundamentals/context,v1-2026-06-09,2026-06-09T16:04:40Z
GLE,Unknown,7411500.0,SKIP_lt2y,,,SKIP,skip,,,,,,,<2y data,v1-2026-06-09,2026-06-09T16:04:40Z
TGL,Industrials,7356432.0,AVOID,WATCH,cash_burn,OVERFLAG_recent_raise,done,0,0,0,1,1.0,downgraded from AVOID — recent capital raise extends runway / no event found,"recent capital raise extends runway | RAISE:Treasure Global Announced Closing of USD 2,500,000 Registered Direct Offering of Common Stock",v1-2026-06-09,2026-06-09T16:04:40Z
JCSE,Unknown,7352266.0,CLEAR,CLEAR,,NEWS_NOTE,done,1,0,0,0,1.0,single news mention (kept screen bucket; investigate),single news mention of distress/fraud (investigate; not a screen error) | BK:JE Cleantech Holdings Limited Announces Receipt of NASDAQ Notification Regarding Minimum Bid Price Deficiency,v1-2026-06-09,2026-06-09T16:04:40Z
SYNX,Unknown,7331056.0,AVOID,WATCH,cash_burn,OVERFLAG_recent_raise,done,0,0,0,1,1.43,downgraded from AVOID — recent capital raise extends runway / no event found,recent capital raise extends runway | RAISE:Silynxcom Ltd. Announces Pricing of Public Offering,v1-2026-06-09,2026-06-09T16:04:40Z
NCPL,Financials,7314241.0,WATCH,WATCH,,AGREE,done,0,0,0,1,1.0,, | RAISE:Netcapital Announces Up To $5.9 Million Registered Direct Offering Priced At-The-Market Under Nasdaq Rules,v1-2026-06-09,2026-06-09T16:04:40Z
CNSP,Health Care,7307245.0,SKIP_lt2y,,,SKIP,skip,,,,,,,<2y data,v1-2026-06-09,2026-06-09T16:04:40Z
PHGE,Health Care,7305492.0,SKIP_lt2y,,,SKIP,skip,,,,,,,<2y data,v1-2026-06-09,2026-06-09T16:04:40Z
ILAG,Unknown,7269318.0,AVOID,WATCH,cash_burn,OVERFLAG_recent_raise,done,0,0,0,1,1.65,downgraded from AVOID — recent capital raise extends runway / no event found,recent capital raise extends runway | RAISE:Intelligent Living Application Group Inc. Announces Closing of $20.24 Million Initial Public Offering,v1-2026-06-09,2026-06-09T16:04:40Z
VS,Information Technology,7254482.0,AVOID,AVOID,cash_burn,CORROBORATED,done,1,0,0,1,1.0,API event/short-interest confirms the fundamentals AVOID,API distress/short-interest confirms | BK:Versus Systems Enters Agreements with ASPIS Cyber Technologies for Nasdaq Compliance Plan and to Strengthen Compliance and Technol,v1-2026-06-09,2026-06-09T16:04:40Z
CYCU,Information Technology,7240528.0,AVOID,AVOID,cash_burn,AVOID_unconfirmed,done,0,0,0,0,1.0,,no API distress/short signal (coverage may be thin),v1-2026-06-09,2026-06-09T16:04:40Z
ACXP,Health Care,7220199.0,SKIP_lt2y,,,SKIP,skip,,,,,,,<2y data,v1-2026-06-09,2026-06-09T16:04:40Z
DTST,Information Technology,7216569.0,WATCH,WATCH,,AGREE,done,0,0,0,0,1.25,,,v1-2026-06-09,2026-06-09T16:04:40Z
SCKT,Information Technology,7211662.0,AVOID,AVOID,cash_burn,AVOID_unconfirmed,done,0,0,0,0,1.84,,no API distress/short signal (coverage may be thin),v1-2026-06-09,2026-06-09T16:04:40Z
ORGN,Materials,7209043.0,AVOID,AVOID,cash_burn,AVOID_unconfirmed,done,0,0,0,0,1.0,,no API distress/short signal (coverage may be thin),v1-2026-06-09,2026-06-09T16:04:40Z
GITS,Information Technology,7164706.0,AVOID,AVOID,cash_burn,AVOID_unconfirmed,done,0,0,0,0,1.0,,no API distress/short signal (coverage may be thin),v1-2026-06-09,2026-06-09T16:04:40Z
WAFU,Unknown,7145105.0,WATCH,WATCH,,AGREE,done,0,0,0,0,1.0,,,v1-2026-06-09,2026-06-09T16:04:40Z
MTR,Financials,7135872.0,CLEAR,CLEAR,,AGREE,done,0,0,0,0,1.0,,,v1-2026-06-09,2026-06-09T16:04:40Z
XBIO,Health Care,7079363.0,SKIP_lt2y,,,SKIP,skip,,,,,,,<2y data,v1-2026-06-09,2026-06-09T16:04:40Z
SONM,Information Technology,7070209.0,SKIP_lt2y,,,SKIP,skip,,,,,,,<2y data,v1-2026-06-09,2026-06-09T16:04:40Z
BTBD,Consumer Discretionary,7050585.0,CLEAR,CLEAR,,AGREE,done,0,0,0,0,1.0,,,v1-2026-06-09,2026-06-09T16:04:40Z
AUUD,Information Technology,7026905.0,SKIP_lt2y,,,SKIP,skip,,,,,,,<2y data,v1-2026-06-09,2026-06-09T16:04:40Z
EDHL,Information Technology,7015018.0,SKIP_lt2y,,,SKIP,skip,,,,,,,<2y data,v1-2026-06-09,2026-06-09T16:04:40Z
ORKT,Unknown,7007724.0,AVOID,AVOID,cash_burn,AVOID_unconfirmed,done,0,0,0,0,1.0,,no API distress/short signal (coverage may be thin),v1-2026-06-09,2026-06-09T16:04:40Z
JCTC,Consumer Discretionary,7005025.0,AVOID,AVOID,cash_burn,AVOID_unconfirmed,done,0,0,0,0,1.0,,no API distress/short signal (coverage may be thin),v1-2026-06-09,2026-06-09T16:04:40Z
ELAB,Health Care,6997376.0,AVOID,WATCH,cash_burn,OVERFLAG_recent_raise,done,0,0,0,1,1.0,downgraded from AVOID — recent capital raise extends runway / no event found,recent capital raise extends runway | RAISE:PMGC Holdings Inc. Announces $1.48 Million Registered Direct Offering Priced At-The Market Under Nasdaq Rules,v1-2026-06-09,2026-06-09T16:04:40Z
TNON,Health Care,6990350.0,AVOID,AVOID,cash_burn,AVOID_unconfirmed,done,0,0,0,0,1.75,,no API distress/short signal (coverage may be thin),v1-2026-06-09,2026-06-09T16:04:40Z
PCSA,Health Care,6930436.0,SKIP_lt2y,,,SKIP,skip,,,,,,,<2y data,v1-2026-06-09,2026-06-09T16:04:40Z
ITOC,Unknown,6921040.0,AVOID,AVOID,cash_burn,CORROBORATED,done,1,0,0,0,3.44,API event/short-interest confirms the fundamentals AVOID,API distress/short-interest confirms | BK:iTonic Holdings (ITOC) Stock Surges Over 66% After Hours: Why Is It Moving?,v1-2026-06-09,2026-06-09T16:04:40Z
ASBP,Health Care,6916550.0,AVOID,AVOID,insolvency,AVOID_unconfirmed,done,0,0,0,0,1.0,,no API distress/short signal (coverage may be thin),v1-2026-06-09,2026-06-09T16:04:40Z
ADVB,Health Care,6889394.0,SKIP_lt2y,,,SKIP,skip,,,,,,,<2y data,v1-2026-06-09,2026-06-09T16:04:40Z
GNPX,Health Care,6846226.0,SKIP_lt2y,,,SKIP,skip,,,,,,,<2y data,v1-2026-06-09,2026-06-09T16:04:40Z
POLA,Information Technology,6843499.0,AVOID,WATCH,cash_burn,OVERFLAG_recent_raise,done,0,0,0,1,1.0,downgraded from AVOID — recent capital raise extends runway / no event found,"recent capital raise extends runway | RAISE:Polar Power, Inc. Announces Closing of Public Offering",v1-2026-06-09,2026-06-09T16:04:40Z
IPDN,Information Technology,6840620.0,AVOID,AVOID,cash_burn,AVOID_unconfirmed,done,0,0,0,0,1.87,,no API distress/short signal (coverage may be thin),v1-2026-06-09,2026-06-09T16:04:40Z
RGNT,Unknown,6836779.0,SKIP_lt2y,,,SKIP,skip,,,,,,,<2y data,v1-2026-06-09,2026-06-09T16:04:40Z
NVNO,Health Care,6816900.0,SKIP_lt2y,,,SKIP,skip,,,,,,,<2y data,v1-2026-06-09,2026-06-09T16:04:40Z
OLB,Industrials,6687208.0,AVOID,AVOID,cash_burn,AVOID_unconfirmed,done,0,0,0,0,1.0,,no API distress/short signal (coverage may be thin),v1-2026-06-09,2026-06-09T16:04:40Z
SNTG,Unknown,6676674.0,AVOID,AVOID,cash_burn,CORROBORATED,done,1,0,0,0,1.0,API event/short-interest confirms the fundamentals AVOID,API distress/short-interest confirms | BK:Sentage Holdings Inc. Receives Nasdaq Notification Regarding Minimum Bid Price Deficiency,v1-2026-06-09,2026-06-09T16:04:40Z
GURE,Materials,6632454.0,DISTRESSED-RECOVERABLE,DISTRESSED-RECOVERABLE,,AGREE,done,0,0,0,0,1.0,,,v1-2026-06-09,2026-06-09T16:04:40Z
ENVB,Health Care,6627391.0,SKIP_lt2y,,,SKIP,skip,,,,,,,<2y data,v1-2026-06-09,2026-06-09T16:04:40Z
CANF,Unknown,6620470.0,SKIP_no_data,,,SKIP,skip,,,,,,,no cached fundamentals/context,v1-2026-06-09,2026-06-09T16:04:40Z
GLXG,Unknown,6617281.0,SKIP_lt2y,,,SKIP,skip,,,,,,,<2y data,v1-2026-06-09,2026-06-09T16:04:40Z
SNGX,Health Care,6571556.0,SKIP_lt2y,,,SKIP,skip,,,,,,,<2y data,v1-2026-06-09,2026-06-09T16:04:40Z
SPRC,Unknown,6557899.0,AVOID,AVOID,insolvency,AVOID_unconfirmed,done,0,0,0,0,1.0,,no API distress/short signal (coverage may be thin),v1-2026-06-09,2026-06-09T16:04:40Z
BMRA,Health Care,6551370.0,AVOID,WATCH,cash_burn,OVERFLAG_recent_raise,done,0,0,0,1,4.17,downgraded from AVOID — recent capital raise extends runway / no event found,recent capital raise extends runway | RAISE:Biomerica Announces Closing of $8 Million Underwritten Public Offering of Common Stock,v1-2026-06-09,2026-06-09T16:04:40Z
KRKR,Unknown,6548509.0,CLEAR,CLEAR,,AGREE,done,0,0,0,0,1.0,,,v1-2026-06-09,2026-06-09T16:04:40Z
CUPR,Health Care,6515437.0,SKIP_lt2y,,,SKIP,skip,,,,,,,<2y data,v1-2026-06-09,2026-06-09T16:04:40Z
IQST,Communication Services,6508271.0,SKIP_lt2y,,,SKIP,skip,,,,,,,<2y data,v1-2026-06-09,2026-06-09T16:04:40Z
LCFY,Unknown,6494588.0,AVOID,AVOID,cash_burn,CORROBORATED,done,1,0,0,0,1.82,API event/short-interest confirms the fundamentals AVOID,API distress/short-interest confirms | BK:Locafy Receives Non-Compliance Notice Regarding Nasdaq Minimum Bid Price Requirement,v1-2026-06-09,2026-06-09T16:04:40Z
NCT,Unknown,6478692.0,SKIP_lt2y,,,SKIP,skip,,,,,,,<2y data,v1-2026-06-09,2026-06-09T16:04:40Z
EVGN,Materials,6445501.0,AVOID,AVOID,cash_burn,AVOID_unconfirmed,done,0,0,0,0,2.97,,no API distress/short signal (coverage may be thin),v1-2026-06-09,2026-06-09T16:04:40Z
SXTC,Unknown,6419635.0,WATCH,AVOID,,UNDERFLAG_distress_event,done,1,0,0,1,1.0,promoted — ≥2 live distress (going-concern/Ch11/default) news articles,"2 live news articles show a distress event the screen missed | BK:China SXT Pharmaceuticals, Inc. Announces Share Consolidation",v1-2026-06-09,2026-06-09T16:04:40Z
XHLD,Industrials,6402743.0,SKIP_lt2y,,,SKIP,skip,,,,,,,<2y data,v1-2026-06-09,2026-06-09T16:04:40Z
SILO,Health Care,6398190.0,AVOID,WATCH,cash_burn,OVERFLAG_recent_raise,done,0,0,0,1,2.46,downgraded from AVOID — recent capital raise extends runway / no event found,recent capital raise extends runway | RAISE:Silo Pharma Announces $2.1 Million Registered Direct Offering Priced At-The-Market Under Nasdaq Rules - GlobeNewswire,v1-2026-06-09,2026-06-09T16:04:40Z
CENN,Consumer Discretionary,6374716.0,AVOID,AVOID,cash_burn,AVOID_unconfirmed,done,0,0,0,0,4.1,,no API distress/short signal (coverage may be thin),v1-2026-06-09,2026-06-09T16:04:40Z
ALP,Financials,6354285.0,SKIP_lt2y,,,SKIP,skip,,,,,,,<2y data,v1-2026-06-09,2026-06-09T16:04:40Z
FTFT,Industrials,6282450.0,WATCH,WATCH,,NEWS_NOTE,done,0,1,0,0,1.0,single news mention (kept screen bucket; investigate),single news mention of distress/fraud (investigate; not a screen error) | FR:Future FinTech stock drops 17% after SEC charges CEO,v1-2026-06-09,2026-06-09T16:04:40Z
CRE,Communication Services,6263493.0,SKIP_lt2y,,,SKIP,skip,,,,,,,<2y data,v1-2026-06-09,2026-06-09T16:04:40Z
AMZE,Consumer Discretionary,6188517.0,AVOID,AVOID,cash_burn,AVOID_unconfirmed,done,0,0,0,0,1.0,,no API distress/short signal (coverage may be thin),v1-2026-06-09,2026-06-09T16:04:40Z
MEGL,Unknown,6178141.0,WATCH,WATCH,,NEWS_NOTE,done,1,0,0,0,1.38,single news mention (kept screen bucket; investigate),single news mention of distress/fraud (investigate; not a screen error) | BK:Magic Empire Global Limited Announces Receipt of Nasdaq Notification Regarding Minimum Bid Price Deficiency,v1-2026-06-09,2026-06-09T16:04:40Z
HSCS,Health Care,6177999.0,AVOID,AVOID,cash_burn,AVOID_unconfirmed,done,0,0,0,0,1.45,,no API distress/short signal (coverage may be thin),v1-2026-06-09,2026-06-09T16:04:40Z
HXHX,Unknown,6177875.0,SKIP_lt2y,,,SKIP,skip,,,,,,,<2y data,v1-2026-06-09,2026-06-09T16:04:40Z
CETX,Industrials,6139250.0,DISTRESSED-RECOVERABLE,DISTRESSED-RECOVERABLE,,AGREE,done,0,0,0,1,2.59,," | RAISE:Cemtrex, Inc. Announces Launch of Proposed Public Offering",v1-2026-06-09,2026-06-09T16:04:40Z
MGRX,Health Care,6128769.0,AVOID,WATCH,cash_burn,OVERFLAG_recent_raise,done,0,0,0,1,1.0,downgraded from AVOID — recent capital raise extends runway / no event found,"recent capital raise extends runway | RAISE:Mangoceuticals, Inc. Announces Pricing of $1,200,000 Public Offering",v1-2026-06-09,2026-06-09T16:04:40Z
GDC,Industrials,6069895.0,SKIP_lt2y,,,SKIP,skip,,,,,,,<2y data,v1-2026-06-09,2026-06-09T16:04:40Z
AGRZ,Unknown,5992718.0,SKIP_no_data,,,SKIP,skip,,,,,,,no cached fundamentals/context,v1-2026-06-09,2026-06-09T16:04:40Z
MWG,Unknown,5964747.0,DISTRESSED-RECOVERABLE,DISTRESSED-RECOVERABLE,,AGREE,done,0,0,0,1,1.0,," | RAISE:SPARTAN CAPITAL SECURITIES, LLC SERVES AS EXCLUSIVE PLACEMENT AGENT FOR MULTI WAYS HOLDINGS’ $1.485 MILLION SECOND TRANCHE, BRINGI",v1-2026-06-09,2026-06-09T16:04:40Z
MITQ,Information Technology,5964643.0,DISTRESSED-RECOVERABLE,DISTRESSED-RECOVERABLE,,AGREE,done,0,0,0,0,1.0,,,v1-2026-06-09,2026-06-09T16:04:40Z
ABTS,Financials,5893279.0,DISTRESSED-RECOVERABLE,AVOID,,UNDERFLAG_distress_event,done,1,0,0,0,1.0,promoted — ≥2 live distress (going-concern/Ch11/default) news articles,2 live news articles show a distress event the screen missed | BK:Abits Group Inc Announces Changes of the Authorized Shares and Share Consolidation,v1-2026-06-09,2026-06-09T16:04:40Z
APVO,Health Care,5881615.0,SKIP_lt2y,,,SKIP,skip,,,,,,,<2y data,v1-2026-06-09,2026-06-09T16:04:40Z
INBS,Health Care,5860023.0,AVOID,WATCH,cash_burn,OVERFLAG_recent_raise,done,0,0,0,1,1.0,downgraded from AVOID — recent capital raise extends runway / no event found,recent capital raise extends runway | RAISE:Intelligent Bio Solutions Announces Closing of $10.0 Million Private Placement Priced At-the-Market Under Nasdaq Rules,v1-2026-06-09,2026-06-09T16:04:40Z
LUCY,Health Care,5814585.0,AVOID,WATCH,cash_burn,OVERFLAG_recent_raise,done,0,0,0,1,1.0,downgraded from AVOID — recent capital raise extends runway / no event found,recent capital raise extends runway | RAISE:Innovative Eyewear Announces Pricing of $4.7 Million Public Offering,v1-2026-06-09,2026-06-09T16:04:40Z
TWAV,Information Technology,5806330.0,AVOID,AVOID,cash_burn,AVOID_unconfirmed,done,0,0,0,0,1.0,,no API distress/short signal (coverage may be thin),v1-2026-06-09,2026-06-09T16:04:40Z
CDIO,Health Care,5800559.0,AVOID,AVOID,cash_burn,AVOID_unconfirmed,done,0,0,0,0,1.0,,no API distress/short signal (coverage may be thin),v1-2026-06-09,2026-06-09T16:04:40Z
NOTV,Industrials,5794921.0,WATCH,WATCH,,AGREE,done,0,0,0,0,3.39,,,v1-2026-06-09,2026-06-09T16:04:40Z
EEIQ,Consumer Discretionary,5763180.0,AVOID,AVOID,cash_burn,AVOID_unconfirmed,done,0,0,0,0,1.0,,no API distress/short signal (coverage may be thin),v1-2026-06-09,2026-06-09T16:04:40Z
TANH,Unknown,5747153.0,WATCH,WATCH,,NEWS_NOTE,done,1,0,0,1,2.75,single news mention (kept screen bucket; investigate),single news mention of distress/fraud (investigate; not a screen error) | BK:Tantech Receives NASDAQ Notification Regarding Minimum Bid Requirements,v1-2026-06-09,2026-06-09T16:04:40Z
JYD,Unknown,5702174.0,AVOID,WATCH,cash_burn,OVERFLAG_recent_raise,done,0,0,0,1,1.0,downgraded from AVOID — recent capital raise extends runway / no event found,recent capital raise extends runway | RAISE:Jayud Global Logistics Announces Pricing of $6.7 Million Registered Direct Offering,v1-2026-06-09,2026-06-09T16:04:40Z
EJH,Consumer Discretionary,5600269.0,WATCH,WATCH,,AGREE,done,0,0,0,0,1.0,,,v1-2026-06-09,2026-06-09T16:04:40Z
TCRT,Health Care,5568093.0,AVOID,AVOID,cash_burn,AVOID_unconfirmed,done,0,0,0,0,1.0,,no API distress/short signal (coverage may be thin),v1-2026-06-09,2026-06-09T16:04:40Z
CLIK,Information Technology,5547156.0,SKIP_lt2y,,,SKIP,skip,,,,,,,<2y data,v1-2026-06-09,2026-06-09T16:04:40Z
BCAB,Health Care,5526314.0,AVOID,AVOID,insolvency,AVOID_unconfirmed,done,0,0,0,0,5.49,,no API distress/short signal (coverage may be thin),v1-2026-06-09,2026-06-09T16:04:40Z
UBXG,Unknown,5508637.0,WATCH,WATCH,,NEWS_NOTE,done,1,0,0,1,1.0,single news mention (kept screen bucket; investigate),single news mention of distress/fraud (investigate; not a screen error) | BK:U-BX Technology Ltd. Announced Receipt of Notification Letter from Nasdaq,v1-2026-06-09,2026-06-09T16:04:40Z
XPON,Information Technology,5501821.0,AVOID,WATCH,cash_burn,OVERFLAG_recent_raise,done,0,0,0,1,1.55,downgraded from AVOID — recent capital raise extends runway / no event found,recent capital raise extends runway | RAISE:Expion360 Inc. Announces Closing of $2.6 Million Registered Direct Offering and Private Placement Priced at the Market Under Nasda,v1-2026-06-09,2026-06-09T16:04:40Z
WLDS,Unknown,5478774.0,AVOID,AVOID,cash_burn,CORROBORATED,done,1,0,0,1,1.57,API event/short-interest confirms the fundamentals AVOID,API distress/short-interest confirms | BK:Wearable Devices Announces Receipt of Nasdaq Notification of Minimum Stockholders’ Equity Non-Compliance,v1-2026-06-09,2026-06-09T16:04:40Z
WXM,Unknown,5465343.0,SKIP_lt2y,,,SKIP,skip,,,,,,,<2y data,v1-2026-06-09,2026-06-09T16:04:40Z
GP,Unknown,5431667.0,AVOID,WATCH,cash_burn,OVERFLAG_recent_raise,done,0,0,0,1,1.0,downgraded from AVOID — recent capital raise extends runway / no event found,recent capital raise extends runway | RAISE:GreenPower Motor Company Inc. Announces Closing of Public Offering,v1-2026-06-09,2026-06-09T16:04:40Z
MLEC,Unknown,5424101.0,AVOID,AVOID,insolvency,AVOID_unconfirmed,done,0,0,0,0,1.0,,no API distress/short signal (coverage may be thin),v1-2026-06-09,2026-06-09T16:04:40Z
MTEN,Unknown,5380396.0,WATCH,WATCH,,AGREE,done,0,0,0,1,1.58,, | RAISE:Mingteng International Corporation Inc. Announces Closing of Initial Public Offering,v1-2026-06-09,2026-06-09T16:04:40Z
JWEL,Unknown,5370056.0,AVOID,AVOID,cash_burn,CORROBORATED,done,1,0,0,0,3.58,API event/short-interest confirms the fundamentals AVOID,API distress/short-interest confirms | BK:Jowell Global Announces Receipt of Nasdaq Notification Regarding Minimum Bid Price Deficiency,v1-2026-06-09,2026-06-09T16:04:40Z
FBLG,Health Care,5365182.0,SKIP_lt2y,,,SKIP,skip,,,,,,,<2y data,v1-2026-06-09,2026-06-09T16:04:40Z
CLGN,Health Care,5351026.0,AVOID,AVOID,cash_burn,AVOID_unconfirmed,done,0,0,0,0,2.19,,no API distress/short signal (coverage may be thin),v1-2026-06-09,2026-06-09T16:04:40Z
GELS,Unknown,5323396.0,SKIP_lt2y,,,SKIP,skip,,,,,,,<2y data,v1-2026-06-09,2026-06-09T16:04:40Z
RNAZ,Health Care,5321691.0,SKIP_lt2y,,,SKIP,skip,,,,,,,<2y data,v1-2026-06-09,2026-06-09T16:04:40Z
BGLC,Health Care,5318091.0,AVOID,WATCH,cash_burn,OVERFLAG_recent_raise,done,0,0,0,1,2.19,downgraded from AVOID — recent capital raise extends runway / no event found,recent capital raise extends runway | RAISE:BioNexus Gene Lab Corp. Announces Closing of $5.75 Million Public Offering and Full Exercise of Over-Allotment Option and Uplistin,v1-2026-06-09,2026-06-09T16:04:40Z
FEED,Health Care,5293809.0,AVOID,AVOID,cash_burn,AVOID_unconfirmed,done,0,0,0,0,1.0,,no API distress/short signal (coverage may be thin),v1-2026-06-09,2026-06-09T16:04:40Z
TOPS,Unknown,5257936.0,CLEAR,CLEAR,,NEWS_NOTE,done,1,0,0,1,1.0,single news mention (kept screen bucket; investigate),single news mention of distress/fraud (investigate; not a screen error) | BK:Top Ships Inc. Announces Compliance with NASDAQ Minimum Bid Price Requirement,v1-2026-06-09,2026-06-09T16:04:40Z
YDKG,Unknown,5252729.0,DISTRESSED-RECOVERABLE,DISTRESSED-RECOVERABLE,,AGREE,done,0,0,0,1,1.96,," | RAISE:Univest Securities, LLC Announces Closing of $28 Million Registered Direct Offering for its Client Yueda Digital Holding (NASDAQ: ",v1-2026-06-09,2026-06-09T16:04:40Z
AIHS,Consumer Discretionary,5241568.0,CLEAR,CLEAR,,AGREE,done,0,0,1,0,14.23,,,v1-2026-06-09,2026-06-09T16:04:40Z
XAIR,Health Care,5239540.0,AVOID,WATCH,cash_burn,OVERFLAG_recent_raise,done,0,0,0,1,1.0,downgraded from AVOID — recent capital raise extends runway / no event found,recent capital raise extends runway | RAISE:Beyond Air® Announces Pricing of $16.0 Million Registered Direct Offering of Common Stock and Warrants,v1-2026-06-09,2026-06-09T16:04:40Z
INM,Health Care,5236219.0,AVOID,AVOID,cash_burn,AVOID_unconfirmed,done,0,0,0,0,1.45,,no API distress/short signal (coverage may be thin),v1-2026-06-09,2026-06-09T16:04:40Z
CTNT,Industrials,5208528.0,WATCH,WATCH,,AGREE,done,0,0,0,1,1.0,, | RAISE:Cheetah Net Supply Chain Service Inc. Announces Closing of $8.19 Million Follow-on Public Offering,v1-2026-06-09,2026-06-09T16:04:40Z
WAI,Unknown,5185897.0,WATCH,WATCH,,AGREE,done,0,0,0,0,1.0,,,v1-2026-06-09,2026-06-09T16:04:40Z
MGN,Unknown,5146700.0,SKIP_lt2y,,,SKIP,skip,,,,,,,<2y data,v1-2026-06-09,2026-06-09T16:04:40Z
NXGL,Health Care,5117956.0,AVOID,WATCH,cash_burn,OVERFLAG_recent_raise,done,0,0,0,1,1.7,downgraded from AVOID — recent capital raise extends runway / no event found,"recent capital raise extends runway | RAISE:NEXGEL Announces $2,000,000 Registered Direct Offering",v1-2026-06-09,2026-06-09T16:04:40Z
MBIO,Health Care,5076928.0,SKIP_lt2y,,,SKIP,skip,,,,,,,<2y data,v1-2026-06-09,2026-06-09T16:04:40Z
WBUY,Unknown,5070021.0,AVOID,WATCH,cash_burn,OVERFLAG_recent_raise,done,0,0,0,1,3.09,downgraded from AVOID — recent capital raise extends runway / no event found,recent capital raise extends runway | RAISE:WEBUY GLOBAL LTD Announces Pricing of Follow-on Offering,v1-2026-06-09,2026-06-09T16:04:40Z
GMM,Unknown,5061616.0,DISTRESSED-RECOVERABLE,DISTRESSED-RECOVERABLE,,AGREE,done,0,0,0,1,1.0,, | RAISE:Global Mofy AI Limited Announces Pricing of $8 Million Registered Offering,v1-2026-06-09,2026-06-09T16:04:40Z
MTNB,Health Care,5054484.0,SKIP_lt2y,,,SKIP,skip,,,,,,,<2y data,v1-2026-06-09,2026-06-09T16:04:40Z
AQB,Materials,5044260.0,SKIP_lt2y,,,SKIP,skip,,,,,,,<2y data,v1-2026-06-09,2026-06-09T16:04:40Z
MNDR,Unknown,5017054.0,AVOID,WATCH,cash_burn,OVERFLAG_recent_raise,done,0,0,0,1,1.0,downgraded from AVOID — recent capital raise extends runway / no event found,recent capital raise extends runway | RAISE:Mobile-health Network Solutions Announces Closing of Initial Public Offering,v1-2026-06-09,2026-06-09T16:04:40Z
SLE,Information Technology,5004031.0,AVOID,WATCH,cash_burn,OVERFLAG_recent_raise,done,0,0,0,1,1.0,downgraded from AVOID — recent capital raise extends runway / no event found,"recent capital raise extends runway | RAISE:Super League Enterprise, Inc. Announces Launch of Proposed Public Offering",v1-2026-06-09,2026-06-09T16:04:40Z
BJDX,Health Care,4966632.0,SKIP_lt2y,,,SKIP,skip,,,,,,,<2y data,v1-2026-06-09,2026-06-09T16:04:40Z
PULM,Health Care,4857539.0,SKIP_lt2y,,,SKIP,skip,,,,,,,<2y data,v1-2026-06-09,2026-06-09T16:04:40Z
ARTL,Health Care,4810045.0,SKIP_lt2y,,,SKIP,skip,,,,,,,<2y data,v1-2026-06-09,2026-06-09T16:04:40Z
DSS,Materials,4809361.0,AVOID,AVOID,cash_burn,CORROBORATED,done,1,0,0,1,2.31,API event/short-interest confirms the fundamentals AVOID,"API distress/short-interest confirms | BK:DSS, Inc. Reports Going Concern Audit Opinion in 2025 10-K Filing",v1-2026-06-09,2026-06-09T16:04:40Z
NWTG,Consumer Discretionary,4799988.0,AVOID,AVOID,cash_burn,CORROBORATED,done,1,0,0,0,1.27,API event/short-interest confirms the fundamentals AVOID,API distress/short-interest confirms | BK:Newton Golf (NWTG) Stock Falls 9% Overnight: What's Driving The Move?,v1-2026-06-09,2026-06-09T16:04:40Z
ZONE,Materials,4789476.0,AVOID,WATCH,cash_burn,OVERFLAG_recent_raise,done,0,0,0,1,1.23,downgraded from AVOID — recent capital raise extends runway / no event found,"recent capital raise extends runway | RAISE:CleanCore Solutions Announces Closing of $175,000,420 Private Placement",v1-2026-06-09,2026-06-09T16:04:40Z
INHD,Materials,4746732.0,WATCH,WATCH,,NEWS_NOTE,done,1,0,0,1,1.0,single news mention (kept screen bucket; investigate),single news mention of distress/fraud (investigate; not a screen error) | BK:Inno Holdings Stock Declines Over 30% After Reverse Stock Split Announcement,v1-2026-06-09,2026-06-09T16:04:40Z
DRMA,Health Care,4746128.0,SKIP_lt2y,,,SKIP,skip,,,,,,,<2y data,v1-2026-06-09,2026-06-09T16:04:40Z
ADIL,Health Care,4737402.0,SKIP_lt2y,,,SKIP,skip,,,,,,,<2y data,v1-2026-06-09,2026-06-09T16:04:40Z
AMIX,Health Care,4677831.0,SKIP_lt2y,,,SKIP,skip,,,,,,,<2y data,v1-2026-06-09,2026-06-09T16:04:40Z
SUNE,Industrials,4659110.0,CLEAR,CLEAR,,AGREE,done,0,0,0,0,1.0,,,v1-2026-06-09,2026-06-09T16:04:40Z
IZM,Unknown,4638991.0,CLEAR,CLEAR,,AGREE,done,0,0,0,0,1.0,,,v1-2026-06-09,2026-06-09T16:04:40Z
GLMD,Unknown,4593359.0,SKIP_lt2y,,,SKIP,skip,,,,,,,<2y data,v1-2026-06-09,2026-06-09T16:04:40Z
HCTI,Information Technology,4582789.0,AVOID,AVOID,cash_burn,CORROBORATED,done,1,0,0,1,1.0,API event/short-interest confirms the fundamentals AVOID,API distress/short-interest confirms | BK:Healthcare Triangle Receives Nasdaq Delisting Notice; Appeals Determination,v1-2026-06-09,2026-06-09T16:04:40Z
HYFM,Industrials,4574027.0,AVOID,AVOID,insolvency,AVOID_unconfirmed,done,0,0,0,0,1.7,,no API distress/short signal (coverage may be thin),v1-2026-06-09,2026-06-09T16:04:40Z
AEMD,Health Care,4478732.0,SKIP_lt2y,,,SKIP,skip,,,,,,,<2y data,v1-2026-06-09,2026-06-09T16:04:40Z
RENX,Utilities,4469730.0,AVOID,AVOID,cash_burn,AVOID_unconfirmed,done,0,0,0,0,1.0,,no API distress/short signal (coverage may be thin),v1-2026-06-09,2026-06-09T16:04:40Z
HTCR,Information Technology,4425604.0,WATCH,WATCH,,AGREE,done,0,0,0,0,1.0,,,v1-2026-06-09,2026-06-09T16:04:40Z
BNZI,Information Technology,4383710.0,AVOID,WATCH,cash_burn,OVERFLAG_recent_raise,done,0,0,0,1,1.0,downgraded from AVOID — recent capital raise extends runway / no event found,recent capital raise extends runway | RAISE:Banzai Announces Closing of $5 Million Private Placement Priced At-The-Market Under Nasdaq Rules,v1-2026-06-09,2026-06-09T16:04:40Z
CIIT,Information Technology,4342688.0,SKIP_lt2y,,,SKIP,skip,,,,,,,<2y data,v1-2026-06-09,2026-06-09T16:04:40Z
ISPC,Industrials,4340214.0,AVOID,WATCH,cash_burn,OVERFLAG_recent_raise,done,0,0,0,1,1.0,downgraded from AVOID — recent capital raise extends runway / no event found,recent capital raise extends runway | RAISE:E.F. Hutton & Co. Serves as Exclusive Placement Agent on iSpecimen Inc. $2.5 Million Private Placement,v1-2026-06-09,2026-06-09T16:04:40Z
ALBT,Information Technology,4302216.0,AVOID,WATCH,cash_burn,OVERFLAG_recent_raise,done,0,0,0,1,1.0,downgraded from AVOID — recent capital raise extends runway / no event found,recent capital raise extends runway | RAISE:Avalon GloboCare Announces Closing of up to $9.75 Million Private Placement Priced At-the-Market under Nasdaq Rules,v1-2026-06-09,2026-06-09T16:04:40Z
NXTS,Health Care,4236662.0,SKIP_lt2y,,,SKIP,skip,,,,,,,<2y data,v1-2026-06-09,2026-06-09T16:04:40Z
ALZN,Health Care,4223262.0,SKIP_lt2y,,,SKIP,skip,,,,,,,<2y data,v1-2026-06-09,2026-06-09T16:04:40Z
GSUN,Unknown,4131894.0,AVOID,AVOID,cash_burn,CORROBORATED,done,1,0,0,0,1.0,API event/short-interest confirms the fundamentals AVOID,API distress/short-interest confirms | BK:Golden Sun Education Group Limited Receives Nasdaq Notification Letter Regarding Minimum Bid Price Deficiency,v1-2026-06-09,2026-06-09T16:04:40Z
VSTD,Consumer Discretionary,4112022.0,DISTRESSED-RECOVERABLE,DISTRESSED-RECOVERABLE,,AGREE,done,0,0,0,0,1.0,,,v1-2026-06-09,2026-06-09T16:04:40Z
WCT,Unknown,4096512.0,AVOID,AVOID,cash_burn,CORROBORATED,done,1,0,0,0,1.0,API event/short-interest confirms the fundamentals AVOID,API distress/short-interest confirms | BK:Wellchange Holdings Company Receives 180-Day Extension from Nasdaq to Regain Compliance with Minimum Bid Price Requirement,v1-2026-06-09,2026-06-09T16:04:40Z
CJMB,Industrials,4076497.0,SKIP_lt2y,,,SKIP,skip,,,,,,,<2y data,v1-2026-06-09,2026-06-09T16:04:40Z
CMND,Health Care,4055751.0,SKIP_lt2y,,,SKIP,skip,,,,,,,<2y data,v1-2026-06-09,2026-06-09T16:04:40Z
CAPS,Industrials,3992311.0,AVOID,AVOID,cash_burn,AVOID_unconfirmed,done,0,0,0,0,1.0,,no API distress/short signal (coverage may be thin),v1-2026-06-09,2026-06-09T16:04:40Z
SBFM,Health Care,3976821.0,AVOID,AVOID,cash_burn,CORROBORATED,done,1,0,0,1,1.54,API event/short-interest confirms the fundamentals AVOID,API distress/short-interest confirms | BK:Why Sunshine Biopharma (SBFM) Stock Dropped After Hours Today,v1-2026-06-09,2026-06-09T16:04:40Z
VSA,Unknown,3965214.0,AVOID,WATCH,cash_burn,OVERFLAG_recent_raise,done,0,0,0,1,1.09,downgraded from AVOID — recent capital raise extends runway / no event found,recent capital raise extends runway | RAISE:VisionSys AI Inc. Announces Proposed $90 Million Strategic Investment at $1.50 Per Share,v1-2026-06-09,2026-06-09T16:04:40Z
SNOA,Health Care,3959851.0,WATCH,WATCH,,AGREE,done,0,0,0,0,1.0,,,v1-2026-06-09,2026-06-09T16:04:40Z
BAOS,Industrials,3928286.0,AVOID,AVOID,cash_burn,CORROBORATED,done,1,0,0,0,3.15,API event/short-interest confirms the fundamentals AVOID,API distress/short-interest confirms | BK:Baosheng Media Group Holdings Limited Receives Nasdaq Notification Regarding Minimum Bid Price Deficiency,v1-2026-06-09,2026-06-09T16:04:40Z
ATXG,Information Technology,3905115.0,CLEAR,CLEAR,,NEWS_NOTE,done,1,0,0,0,1.73,single news mention (kept screen bucket; investigate),"single news mention of distress/fraud (investigate; not a screen error) | BK:Why Lululemon Athletica Is Trading Higher By 11%, Here Are 36 Stocks Moving In Friday's Mid-Day Session",v1-2026-06-09,2026-06-09T16:04:40Z
BNBX,Industrials,3893700.0,AVOID,AVOID,cash_burn,AVOID_unconfirmed,done,0,0,0,0,1.99,,no API distress/short signal (coverage may be thin),v1-2026-06-09,2026-06-09T16:04:40Z
WNW,Unknown,3884975.0,DISTRESSED-RECOVERABLE,DISTRESSED-RECOVERABLE,,AGREE,done,0,0,0,1,1.0,," | RAISE:Univest Securities, LLC Announces Closing of $14.0 Million Registered Direct Offering for its Client Meiwu Technology Co Ltd (NASD",v1-2026-06-09,2026-06-09T16:04:40Z
REVB,Health Care,3869335.0,SKIP_lt2y,,,SKIP,skip,,,,,,,<2y data,v1-2026-06-09,2026-06-09T16:04:40Z
GBR,Energy,3828422.0,DISTRESSED-RECOVERABLE,DISTRESSED-RECOVERABLE,,AGREE,done,0,0,0,0,1.9,,,v1-2026-06-09,2026-06-09T16:04:40Z
XRTX,Unknown,3824548.0,SKIP_lt2y,,,SKIP,skip,,,,,,,<2y data,v1-2026-06-09,2026-06-09T16:04:40Z
LMFA,Financials,3814031.0,WATCH,WATCH,,NEWS_NOTE,done,1,0,0,0,1.0,single news mention (kept screen bucket; investigate),"single news mention of distress/fraud (investigate; not a screen error) | BK:LM Funding America, Inc. Acquires Assets of Symbiont.io, Inc. from Chapter 11 Bankruptcy",v1-2026-06-09,2026-06-09T16:04:40Z
LBGJ,Unknown,3794994.0,SKIP_lt2y,,,SKIP,skip,,,,,,,<2y data,v1-2026-06-09,2026-06-09T16:04:40Z
GCTK,Health Care,3793123.0,SKIP_lt2y,,,SKIP,skip,,,,,,,<2y data,v1-2026-06-09,2026-06-09T16:04:40Z
SXTP,Health Care,3776188.0,AVOID,WATCH,cash_burn,OVERFLAG_recent_raise,done,0,0,0,1,2.45,downgraded from AVOID — recent capital raise extends runway / no event found,recent capital raise extends runway | RAISE:60 Degrees Pharmaceuticals Announces Closing of $2.4 Million Public Offering,v1-2026-06-09,2026-06-09T16:04:40Z
UGRO,Industrials,3765112.0,CLEAR,CLEAR,,AGREE,done,0,0,0,0,1.0,,,v1-2026-06-09,2026-06-09T16:04:40Z
ENSC,Health Care,3733870.0,AVOID,AVOID,cash_burn,AVOID_unconfirmed,done,0,0,0,0,1.0,,no API distress/short signal (coverage may be thin),v1-2026-06-09,2026-06-09T16:04:40Z
RAYA,Unknown,3664982.0,AVOID,WATCH,cash_burn,OVERFLAG_recent_raise,done,0,0,0,1,1.0,downgraded from AVOID — recent capital raise extends runway / no event found,recent capital raise extends runway | RAISE:Erayak Power Solution Group. Announces $3 Million Registered Direct Offering,v1-2026-06-09,2026-06-09T16:04:40Z
ICON,Unknown,3631898.0,DISTRESSED-RECOVERABLE,DISTRESSED-RECOVERABLE,,AGREE,done,0,0,0,1,1.0,, | RAISE:Icon Energy Corp. Announces Closing of $5.0 Million Initial Public Offering - GlobeNewswire,v1-2026-06-09,2026-06-09T16:04:40Z
CDT,Health Care,3575745.0,SKIP_lt2y,,,SKIP,skip,,,,,,,<2y data,v1-2026-06-09,2026-06-09T16:04:40Z
HIHO,Unknown,3562073.0,WATCH,WATCH,,AGREE,done,0,0,0,0,1.53,,,v1-2026-06-09,2026-06-09T16:04:40Z
GRI,Health Care,3541676.0,SKIP_lt2y,,,SKIP,skip,,,,,,,<2y data,v1-2026-06-09,2026-06-09T16:04:40Z
CHR,Information Technology,3530307.0,CLEAR,CLEAR,,NEWS_NOTE,done,1,0,0,0,1.27,single news mention (kept screen bucket; investigate),single news mention of distress/fraud (investigate; not a screen error) | BK:Cheer Holding Receives Nasdaq Delisting Notice Subject to Hearing Request,v1-2026-06-09,2026-06-09T16:04:40Z
DCOY,Health Care,3516308.0,SKIP_lt2y,,,SKIP,skip,,,,,,,<2y data,v1-2026-06-09,2026-06-09T16:04:40Z
PMAX,Unknown,3499279.0,AVOID,AVOID,cash_burn,CORROBORATED,done,1,0,0,1,1.0,API event/short-interest confirms the fundamentals AVOID,API distress/short-interest confirms | BK:Powell Max Limited Announces Receipt of Nasdaq Notification Regarding Minimum Bid Price Deficiency,v1-2026-06-09,2026-06-09T16:04:40Z
IVDA,Information Technology,3482845.0,WATCH,WATCH,,AGREE,done,0,0,0,1,1.0,, | RAISE:Iveda Announces Pricing of $2 Million Public Offering,v1-2026-06-09,2026-06-09T16:04:40Z
LGHL,Unknown,3482547.0,WATCH,WATCH,,AGREE,done,0,0,0,0,1.0,,,v1-2026-06-09,2026-06-09T16:04:40Z
CDLX,Information Technology,3475425.0,AVOID,AVOID,insolvency,AVOID_unconfirmed,done,0,0,0,0,7.11,,no API distress/short signal (coverage may be thin),v1-2026-06-09,2026-06-09T16:04:40Z
VIVS,Health Care,3473423.0,AVOID,AVOID,cash_burn,AVOID_unconfirmed,done,0,0,0,0,1.17,,no API distress/short signal (coverage may be thin),v1-2026-06-09,2026-06-09T16:04:40Z
MI,Unknown,3422181.0,AVOID,AVOID,cash_burn,AVOID_unconfirmed,done,0,0,0,0,1.0,,no API distress/short signal (coverage may be thin),v1-2026-06-09,2026-06-09T16:04:40Z
AZTR,Health Care,3418223.0,SKIP_lt2y,,,SKIP,skip,,,,,,,<2y data,v1-2026-06-09,2026-06-09T16:04:40Z
BYAH,Unknown,3413755.0,SKIP_no_data,,,SKIP,skip,,,,,,,no cached fundamentals/context,v1-2026-06-09,2026-06-09T16:04:40Z
BIYA,Information Technology,3378393.0,SKIP_lt2y,,,SKIP,skip,,,,,,,<2y data,v1-2026-06-09,2026-06-09T16:04:40Z
MSS,Consumer Discretionary,3343306.0,DISTRESSED-RECOVERABLE,DISTRESSED-RECOVERABLE,,AGREE,done,0,0,0,0,1.0,,,v1-2026-06-09,2026-06-09T16:04:40Z
PPCB,Health Care,3303638.0,SKIP_no_data,,,SKIP,skip,,,,,,,no cached fundamentals/context,v1-2026-06-09,2026-06-09T16:04:40Z
OCG,Unknown,3295130.0,DISTRESSED-RECOVERABLE,AVOID,,UNDERFLAG_distress_event,done,1,0,0,1,1.0,promoted — ≥2 live distress (going-concern/Ch11/default) news articles,2 live news articles show a distress event the screen missed | BK:Oriental Culture Holding LTD. Granted Additional 180 Calendar Day Grace Period by Nasdaq to Regain Compliance with Minimum Bid Pri,v1-2026-06-09,2026-06-09T16:04:40Z
CLDI,Health Care,3263664.0,SKIP_lt2y,,,SKIP,skip,,,,,,,<2y data,v1-2026-06-09,2026-06-09T16:04:40Z
PW,Financials,3260939.0,WATCH,AVOID,,UNDERFLAG_distress_event,done,1,0,0,0,1.0,promoted — ≥2 live distress (going-concern/Ch11/default) news articles,2 live news articles show a distress event the screen missed | BK:Power REIT Receives Notice of Non-Compliance with NYSE American Continued Listing Standards,v1-2026-06-09,2026-06-09T16:04:40Z
NCRA,Materials,3191358.0,WATCH,WATCH,,AGREE,done,0,0,0,1,1.0,," | RAISE:Nocera, Inc. Announces Closing of $6.58 Million Underwritten Public Offering",v1-2026-06-09,2026-06-09T16:04:40Z
AZI,Consumer Discretionary,3188642.0,AVOID,AVOID,insolvency,CORROBORATED,done,1,0,0,0,1.0,API event/short-interest confirms the fundamentals AVOID,API distress/short-interest confirms | BK:Autozi Internet Technology (Global) Ltd. Receives NASDAQ Notification Regarding Minimum Market Value of Listed Securities,v1-2026-06-09,2026-06-09T16:04:40Z
BQ,Consumer Discretionary,3166899.0,AVOID,AVOID,cash_burn,AVOID_unconfirmed,done,0,0,0,0,1.0,,no API distress/short signal (coverage may be thin),v1-2026-06-09,2026-06-09T16:04:40Z
SNYR,Materials,3108115.0,AVOID,AVOID,insolvency,AVOID_unconfirmed,done,0,0,0,1,1.0,,no API distress/short signal (coverage may be thin) | RAISE:Synergy CHC Corp. Announces Pricing of $4.375 Million Public Offering,v1-2026-06-09,2026-06-09T16:04:40Z
VEEE,Industrials,3107167.0,AVOID,AVOID,cash_burn,AVOID_unconfirmed,done,0,0,0,0,1.0,,no API distress/short signal (coverage may be thin),v1-2026-06-09,2026-06-09T16:04:40Z
EHGO,Information Technology,3094591.0,SKIP_lt2y,,,SKIP,skip,,,,,,,<2y data,v1-2026-06-09,2026-06-09T16:04:40Z
JEM,Unknown,3080168.0,SKIP_lt2y,,,SKIP,skip,,,,,,,<2y data,v1-2026-06-09,2026-06-09T16:04:40Z
EZGO,Industrials,3043786.0,AVOID,AVOID,cash_burn,AVOID_unconfirmed,done,0,0,0,0,1.0,,no API distress/short signal (coverage may be thin),v1-2026-06-09,2026-06-09T16:04:40Z
ITP,Materials,3035961.0,DISTRESSED-RECOVERABLE,DISTRESSED-RECOVERABLE,,AGREE,done,0,0,0,0,1.0,,,v1-2026-06-09,2026-06-09T16:04:40Z
MEHA,Materials,3034642.0,SKIP_lt2y,,,SKIP,skip,,,,,,,<2y data,v1-2026-06-09,2026-06-09T16:04:40Z
VIVK,Utilities,3006952.0,AVOID,WATCH,cash_burn,OVERFLAG_recent_raise,done,0,0,0,1,1.0,downgraded from AVOID — recent capital raise extends runway / no event found,recent capital raise extends runway | RAISE:Vivakor Announces Pricing of $3.5 Million Registered Direct Offering of Common Stock and Pre-Funded Warrants,v1-2026-06-09,2026-06-09T16:04:40Z
ATPC,Health Care,2981865.0,AVOID,AVOID,cash_burn,AVOID_unconfirmed,done,0,0,0,0,1.0,,no API distress/short signal (coverage may be thin),v1-2026-06-09,2026-06-09T16:04:40Z
SQFT,Financials,2959494.0,DISTRESSED-RECOVERABLE,DISTRESSED-RECOVERABLE,,NEWS_NOTE,done,1,0,0,0,1.0,single news mention (kept screen bucket; investigate),single news mention of distress/fraud (investigate; not a screen error) | BK:Presidio Granted Second 180-Day Period by Nasdaq to Regain Compliance with Minimum Bid Price Rule,v1-2026-06-09,2026-06-09T16:04:40Z
ONFO,Information Technology,2944828.0,WATCH,WATCH,,AGREE,done,0,0,0,0,1.0,,,v1-2026-06-09,2026-06-09T16:04:40Z
SOBR,Communication Services,2862693.0,AVOID,AVOID,cash_burn,AVOID_unconfirmed,done,0,0,0,0,1.0,,no API distress/short signal (coverage may be thin),v1-2026-06-09,2026-06-09T16:04:40Z
IVF,Health Care,2839795.0,AVOID,AVOID,cash_burn,AVOID_unconfirmed,done,0,0,0,0,2.64,,no API distress/short signal (coverage may be thin),v1-2026-06-09,2026-06-09T16:04:40Z
GWAV,Industrials,2774701.0,AVOID,AVOID,cash_burn,AVOID_unconfirmed,done,0,0,0,0,4.34,,no API distress/short signal (coverage may be thin),v1-2026-06-09,2026-06-09T16:04:40Z
VTAK,Health Care,2773247.0,AVOID,WATCH,cash_burn,OVERFLAG_recent_raise,done,0,0,0,1,1.0,downgraded from AVOID — recent capital raise extends runway / no event found,"recent capital raise extends runway | RAISE:Catheter Precision, Inc. Announces $1.5 Million Private Placement Equity Financing and Potential Strategic Alliance",v1-2026-06-09,2026-06-09T16:04:40Z
SGLY,Industrials,2765692.0,WATCH,WATCH,,AGREE,done,0,0,0,0,1.0,,,v1-2026-06-09,2026-06-09T16:04:40Z
FLYE,Consumer Discretionary,2758732.0,SKIP_lt2y,,,SKIP,skip,,,,,,,<2y data,v1-2026-06-09,2026-06-09T16:04:40Z
SBEV,Consumer Staples,2741197.0,AVOID,AVOID,insolvency,CORROBORATED,done,1,0,0,0,1.0,API event/short-interest confirms the fundamentals AVOID,API distress/short-interest confirms | BK:Splash Beverage Group Receives NYSE Notice Regarding Shareholders’ Equity Requirement; will execute a plan to Regain Compliance,v1-2026-06-09,2026-06-09T16:04:40Z
BOXL,Consumer Discretionary,2721160.0,WATCH,WATCH,,NEWS_NOTE,done,1,0,0,0,1.0,single news mention (kept screen bucket; investigate),single news mention of distress/fraud (investigate; not a screen error) | BK:Boxlight Sales Drop 20 Percent,v1-2026-06-09,2026-06-09T16:04:40Z
OGEN,Health Care,2680102.0,SKIP_lt2y,,,SKIP,skip,,,,,,,<2y data,v1-2026-06-09,2026-06-09T16:04:40Z
ZNB,Unknown,2668397.0,AVOID,AVOID,cash_burn,AVOID_unconfirmed,done,0,0,0,0,6.96,,no API distress/short signal (coverage may be thin),v1-2026-06-09,2026-06-09T16:04:40Z
SHPH,Health Care,2656485.0,SKIP_lt2y,,,SKIP,skip,,,,,,,<2y data,v1-2026-06-09,2026-06-09T16:04:40Z
BTOG,Financials,2624855.0,WATCH,AVOID,,UNDERFLAG_distress_event,done,1,0,0,1,1.0,promoted — ≥2 live distress (going-concern/Ch11/default) news articles,3 live news articles show a distress event the screen missed | BK:Bit Origin Receives 180-Day Extension from Nasdaq to Regain Compliance with Minimum Bid Price Requirement,v1-2026-06-09,2026-06-09T16:04:40Z
ORIS,Unknown,2599203.0,WATCH,WATCH,,NEWS_NOTE,done,1,0,0,1,1.68,single news mention (kept screen bucket; investigate),single news mention of distress/fraud (investigate; not a screen error) | BK:Oriental Rise Receives Nasdaq Staff Delisting Determination,v1-2026-06-09,2026-06-09T16:04:40Z
HKIT,Unknown,2588502.0,WATCH,WATCH,,AGREE,done,0,0,0,1,1.0,," | RAISE:Univest Securities, LLC Announces Closing of $8 Million Registered Direct Offering for its Client Hitek Global Inc. (NASDAQ: HKIT)",v1-2026-06-09,2026-06-09T16:04:40Z
IPST,Consumer Staples,2568817.0,AVOID,AVOID,cash_burn,AVOID_unconfirmed,done,0,0,0,0,1.0,,no API distress/short signal (coverage may be thin),v1-2026-06-09,2026-06-09T16:04:40Z
CHSN,Consumer Staples,2527805.0,CLEAR,CLEAR,,AGREE,done,0,0,0,1,1.0,," | RAISE:Univest Securities, LLC Announces Closing of $8 Million Public Offering for its Client Chanson International Holding (NASDAQ: CHSN",v1-2026-06-09,2026-06-09T16:04:40Z
MYSZ,Information Technology,2518936.0,AVOID,AVOID,cash_burn,AVOID_unconfirmed,done,0,0,0,0,2.61,,no API distress/short signal (coverage may be thin),v1-2026-06-09,2026-06-09T16:04:40Z
BDRX,Unknown,2506943.0,SKIP_no_data,,,SKIP,skip,,,,,,,no cached fundamentals/context,v1-2026-06-09,2026-06-09T16:04:40Z
LXEH,Unknown,2491667.0,AVOID,AVOID,cash_burn,AVOID_unconfirmed,done,0,0,0,0,1.0,,no API distress/short signal (coverage may be thin),v1-2026-06-09,2026-06-09T16:04:40Z
SHFS,Financials,2490000.0,WATCH,WATCH,,AGREE,done,0,0,0,0,1.0,,,v1-2026-06-09,2026-06-09T16:04:40Z
CNET,Information Technology,2457847.0,AVOID,AVOID,cash_burn,AVOID_unconfirmed,done,0,0,0,0,5.1,,no API distress/short signal (coverage may be thin),v1-2026-06-09,2026-06-09T16:04:40Z
AGMH,Information Technology,2436866.0,CLEAR,CLEAR,,NEWS_NOTE,done,1,0,0,1,1.0,single news mention (kept screen bucket; investigate),"single news mention of distress/fraud (investigate; not a screen error) | BK:AGM Group Is Back on Nasdaq’s Radar, and This Time It Looks Familiar",v1-2026-06-09,2026-06-09T16:04:40Z
VBIO,Health Care,2432626.0,SKIP_lt2y,,,SKIP,skip,,,,,,,<2y data,v1-2026-06-09,2026-06-09T16:04:40Z
FRGT,Industrials,2414367.0,AVOID,AVOID,cash_burn,AVOID_unconfirmed,done,0,0,0,0,1.0,,no API distress/short signal (coverage may be thin),v1-2026-06-09,2026-06-09T16:04:40Z
SUGP,Unknown,2356039.0,WATCH,WATCH,,AGREE,done,0,0,0,0,2.05,,,v1-2026-06-09,2026-06-09T16:04:40Z
LNKS,Unknown,2345655.0,SKIP_lt2y,,,SKIP,skip,,,,,,,<2y data,v1-2026-06-09,2026-06-09T16:04:40Z
BBLG,Health Care,2241741.0,SKIP_lt2y,,,SKIP,skip,,,,,,,<2y data,v1-2026-06-09,2026-06-09T16:04:40Z
RKDA,Energy,2200866.0,AVOID,AVOID,cash_burn,AVOID_unconfirmed,done,0,0,0,0,1.0,,no API distress/short signal (coverage may be thin),v1-2026-06-09,2026-06-09T16:04:40Z
UPC,Unknown,2118430.0,WATCH,AVOID,,UNDERFLAG_distress_event,done,1,0,0,0,1.0,promoted — ≥2 live distress (going-concern/Ch11/default) news articles,2 live news articles show a distress event the screen missed | BK:Universe Pharmaceuticals INC Receives Nasdaq Notification Regarding Minimum Bid Price Deficiency,v1-2026-06-09,2026-06-09T16:04:40Z
IBG,Unknown,2106423.0,SKIP_lt2y,,,SKIP,skip,,,,,,,<2y data,v1-2026-06-09,2026-06-09T16:04:40Z
XXII,Consumer Staples,2061183.0,AVOID,AVOID,cash_burn,AVOID_unconfirmed,done,0,0,0,0,1.0,,no API distress/short signal (coverage may be thin),v1-2026-06-09,2026-06-09T16:04:40Z
FGL,Unknown,2027818.0,AVOID,AVOID,cash_burn,CORROBORATED,done,1,0,0,0,1.0,API event/short-interest confirms the fundamentals AVOID,API distress/short-interest confirms | BK:Founder Group Limited Announces 100 for 1 Share Combination,v1-2026-06-09,2026-06-09T16:04:40Z
DRCT,Information Technology,2026592.0,AVOID,AVOID,insolvency,AVOID_unconfirmed,done,0,0,0,0,1.0,,no API distress/short signal (coverage may be thin),v1-2026-06-09,2026-06-09T16:04:40Z
FCUV,Health Care,2024657.0,AVOID,WATCH,cash_burn,OVERFLAG_recent_raise,done,0,0,0,1,1.0,downgraded from AVOID — recent capital raise extends runway / no event found,"recent capital raise extends runway | RAISE:Univest Securities, LLC Announces Closing of $1.2 Million Registered Direct Offering for its Client Focus Universal Inc. (NASDAQ: ",v1-2026-06-09,2026-06-09T16:04:40Z
JAGX,Health Care,2021667.0,AVOID,AVOID,insolvency,AVOID_unconfirmed,done,0,0,0,0,1.0,,no API distress/short signal (coverage may be thin),v1-2026-06-09,2026-06-09T16:04:40Z
IPW,Consumer Discretionary,2010169.0,WATCH,WATCH,,NEWS_NOTE,done,1,0,0,1,1.0,single news mention (kept screen bucket; investigate),single news mention of distress/fraud (investigate; not a screen error) | BK:iPower Inc. Announces 1-for-8 Reverse Stock Split,v1-2026-06-09,2026-06-09T16:04:40Z
VSME,Unknown,2005305.0,AVOID,AVOID,cash_burn,CORROBORATED,done,1,0,0,1,1.0,API event/short-interest confirms the fundamentals AVOID,API distress/short-interest confirms | BK:VS Media Holdings Limited announces 1-for-20 Share Combination,v1-2026-06-09,2026-06-09T16:04:40Z
WTO,Unknown,1993616.0,WATCH,WATCH,,NEWS_NOTE,done,1,0,0,1,1.0,single news mention (kept screen bucket; investigate),single news mention of distress/fraud (investigate; not a screen error) | BK:UTime Limited Receives 180-day Extension from Nasdaq to Meet Minimum Bid Price Rule,v1-2026-06-09,2026-06-09T16:04:40Z
EZRA,Financials,1975741.0,WATCH,WATCH,,NEWS_NOTE,done,1,0,0,0,1.0,single news mention (kept screen bucket; investigate),single news mention of distress/fraud (investigate; not a screen error) | BK:Reliance Global Group Announces Reverse Stock Split,v1-2026-06-09,2026-06-09T16:04:40Z
HAO,Unknown,1966246.0,WATCH,WATCH,,AGREE,done,0,0,0,1,1.0,," | RAISE:Univest Securities, LLC Announces Closing of $6.5 Million Registered Direct Offering for its Client Haoxi Health Technology Ltd (N",v1-2026-06-09,2026-06-09T16:04:40Z
UK,Unknown,1884703.0,WATCH,WATCH,,AGREE,done,0,0,0,0,1.0,,,v1-2026-06-09,2026-06-09T16:04:40Z
EDBL,Materials,1821314.0,AVOID,WATCH,cash_burn,OVERFLAG_recent_raise,done,0,0,0,1,1.0,downgraded from AVOID — recent capital raise extends runway / no event found,recent capital raise extends runway | RAISE:Edible Garden Announces Pricing of $5.65 Million Public Offering,v1-2026-06-09,2026-06-09T16:04:40Z
CCTG,Information Technology,1819384.0,WATCH,WATCH,,AGREE,done,0,0,0,1,1.0,, | RAISE:CCSC Technology International Holdings Limited Announces Closing of Initial Public Offering,v1-2026-06-09,2026-06-09T16:04:40Z
STKH,Unknown,1816981.0,SKIP_lt2y,,,SKIP,skip,,,,,,,<2y data,v1-2026-06-09,2026-06-09T16:04:40Z
GNLN,Industrials,1805972.0,AVOID,AVOID,cash_burn,AVOID_unconfirmed,done,0,0,0,0,1.0,,no API distress/short signal (coverage may be thin),v1-2026-06-09,2026-06-09T16:04:40Z
NVVE,Information Technology,1787455.0,AVOID,AVOID,insolvency,AVOID_unconfirmed,done,0,0,0,0,1.0,,no API distress/short signal (coverage may be thin),v1-2026-06-09,2026-06-09T16:04:40Z
TRUG,Consumer Discretionary,1781883.0,WATCH,WATCH,,AGREE,done,0,0,0,0,1.0,,,v1-2026-06-09,2026-06-09T16:04:40Z
NIVF,Unknown,1772357.0,AVOID,AVOID,cash_burn,AVOID_unconfirmed,done,1,0,0,0,1.0,,no API fraud/short signal (coverage may be thin) | BK:NewGen Announces Reverse Stock Split,v1-2026-06-09,2026-06-09T16:04:40Z
IMTE,Unknown,1762506.0,AVOID,AVOID,cash_burn,AVOID_unconfirmed,done,0,0,0,0,1.0,,no API distress/short signal (coverage may be thin),v1-2026-06-09,2026-06-09T16:04:40Z
TRNR,Information Technology,1727689.0,AVOID,WATCH,cash_burn,OVERFLAG_recent_raise,done,0,0,0,1,1.0,downgraded from AVOID — recent capital raise extends runway / no event found,recent capital raise extends runway | RAISE:Interactive Strength Inc. d/b/a FORME Announces Closing of $12 Million Initial Public Offering,v1-2026-06-09,2026-06-09T16:04:40Z
IMCC,Unknown,1703945.0,AVOID,AVOID,insolvency,AVOID_unconfirmed,done,0,0,0,1,1.0,,no API distress/short signal (coverage may be thin) | RAISE:IM Cannabis Closes Private Placement for Gross Proceeds of Approximately US$4.1 Million,v1-2026-06-09,2026-06-09T16:04:40Z
GIPR,Financials,1658341.0,AVOID,AVOID,insolvency,AVOID_unconfirmed,done,0,0,0,0,1.2,,no API distress/short signal (coverage may be thin),v1-2026-06-09,2026-06-09T16:04:40Z
SCNI,Health Care,1632622.0,AVOID,AVOID,cash_burn,CORROBORATED,done,1,0,0,1,1.01,API event/short-interest confirms the fundamentals AVOID,API distress/short-interest confirms | BK:Scinai Immunotherapeutics Receives Nasdaq Notification Regarding Minimum Bid Price,v1-2026-06-09,2026-06-09T16:04:40Z
VRAX,Unknown,1577479.0,AVOID,WATCH,cash_burn,OVERFLAG_recent_raise,done,0,0,0,1,1.0,downgraded from AVOID — recent capital raise extends runway / no event found,recent capital raise extends runway | RAISE:Virax Biolabs Group Limited Announces $5 Million Private Placement,v1-2026-06-09,2026-06-09T16:04:40Z
WHLR,Financials,1548780.0,CLEAR,CLEAR,,AGREE,done,0,0,0,0,1.0,,,v1-2026-06-09,2026-06-09T16:04:40Z
JZXN,Unknown,1488301.0,WATCH,WATCH,,AGREE,done,0,0,0,1,1.0,," | RAISE:Univest Securities, LLC Announces Closing of $4.0 Million Registered Direct Offering for its Client Jiuzi Holdings, Inc. (NASDAQ: ",v1-2026-06-09,2026-06-09T16:04:40Z
FCHL,Communication Services,1411054.0,SKIP_lt2y,,,SKIP,skip,,,,,,,<2y data,v1-2026-06-09,2026-06-09T16:04:40Z
PRFX,Unknown,1381322.0,AVOID,AVOID,cash_burn,CORROBORATED,done,1,0,0,1,3.31,API event/short-interest confirms the fundamentals AVOID,API distress/short-interest confirms | BK:PainReform Announces Receipt of Nasdaq Notice Regarding Minimum Stockholders’ Equity Requirement,v1-2026-06-09,2026-06-09T16:04:40Z
GV,Unknown,1345763.0,AVOID,AVOID,cash_burn,AVOID_unconfirmed,done,0,0,0,0,1.0,,no API distress/short signal (coverage may be thin),v1-2026-06-09,2026-06-09T16:04:40Z
RDGT,Unknown,1267458.0,WATCH,WATCH,,AGREE,done,0,0,0,0,1.0,,,v1-2026-06-09,2026-06-09T16:04:40Z
PFSA,Health Care,1250349.0,SKIP_lt2y,,,SKIP,skip,,,,,,,<2y data,v1-2026-06-09,2026-06-09T16:04:40Z
GMEX,Unknown,1218612.0,WATCH,WATCH,,AGREE,done,0,0,0,0,1.0,,,v1-2026-06-09,2026-06-09T16:04:40Z
ONCO,Health Care,1180850.0,AVOID,AVOID,cash_burn,AVOID_unconfirmed,done,0,0,0,0,1.0,,no API distress/short signal (coverage may be thin),v1-2026-06-09,2026-06-09T16:04:40Z
KUST,Information Technology,1178496.0,AVOID,AVOID,cash_burn,AVOID_unconfirmed,done,0,0,0,0,1.0,,no API distress/short signal (coverage may be thin),v1-2026-06-09,2026-06-09T16:04:40Z
CISS,Industrials,1157928.0,CLEAR,CLEAR,,AGREE,done,0,0,0,1,3.08,, | RAISE:C3is Inc. Announces Pricing of $9 Million Public Offering,v1-2026-06-09,2026-06-09T16:04:40Z
LRHC,Real Estate,1102500.0,AVOID,AVOID,insolvency,AVOID_unconfirmed,done,0,0,0,0,1.0,,no API distress/short signal (coverage may be thin),v1-2026-06-09,2026-06-09T16:04:40Z
NEXR,Unknown,979094.0,AVOID,AVOID,cash_burn,AVOID_unconfirmed,done,0,0,0,0,1.0,,no API distress/short signal (coverage may be thin),v1-2026-06-09,2026-06-09T16:04:40Z
PAVS,Unknown,933280.0,AVOID,WATCH,cash_burn,OVERFLAG_recent_raise,done,0,0,0,1,1.0,downgraded from AVOID — recent capital raise extends runway / no event found,recent capital raise extends runway | RAISE:Paranovus Entertainment Technology Limited Announces Pricing of $5 Million Registered Direct Offering At-The-Market Under NASDAQ R,v1-2026-06-09,2026-06-09T16:04:40Z
FEMY,Health Care,925185.0,AVOID,WATCH,cash_burn,OVERFLAG_recent_raise,done,0,0,0,1,4.28,downgraded from AVOID — recent capital raise extends runway / no event found,recent capital raise extends runway | RAISE:Femasys Announces Pricing of $8.0 Million Underwritten Public Offering,v1-2026-06-09,2026-06-09T16:04:40Z
BNRG,Materials,697291.0,AVOID,AVOID,cash_burn,AVOID_unconfirmed,done,0,0,0,0,1.0,,no API distress/short signal (coverage may be thin),v1-2026-06-09,2026-06-09T16:04:40Z
HUBC,Unknown,636060.0,AVOID,AVOID,insolvency,CORROBORATED,done,1,0,0,0,1.0,API event/short-interest confirms the fundamentals AVOID,API distress/short-interest confirms | BK:HUB Announces Reverse Share Split,v1-2026-06-09,2026-06-09T16:04:40Z
VMAR,Unknown,604921.0,AVOID,WATCH,cash_burn,OVERFLAG_recent_raise,done,0,0,0,1,1.0,downgraded from AVOID — recent capital raise extends runway / no event found,recent capital raise extends runway | RAISE:Vision Marine Announces Pricing of $1.5 Million Private Placement,v1-2026-06-09,2026-06-09T16:04:40Z
YYGH,Unknown,572652.0,AVOID,AVOID,cash_burn,CORROBORATED,done,1,0,0,1,1.0,API event/short-interest confirms the fundamentals AVOID,API distress/short-interest confirms | BK:YY Group Announces Receipt of Nasdaq Notification Letter Regarding Minimum Bid Price Deficiency,v1-2026-06-09,2026-06-09T16:04:40Z
NUWE,Health Care,491910.0,AVOID,WATCH,cash_burn,OVERFLAG_recent_raise,done,0,0,0,1,1.0,downgraded from AVOID — recent capital raise extends runway / no event found,recent capital raise extends runway | RAISE:Nuwellis Announces Closing of $6.0 Million Registered Public Offering,v1-2026-06-09,2026-06-09T16:04:40Z
WOK,Unknown,112746.0,DISTRESSED-RECOVERABLE,AVOID,,UNDERFLAG_distress_event,done,1,0,0,1,1.0,promoted — ≥2 live distress (going-concern/Ch11/default) news articles,"2 live news articles show a distress event the screen missed | BK:WORK Medical Technology Group LTD Announces 1-for-100 Reverse Stock Split Effective December 29, 2025",v1-2026-06-09,2026-06-09T16:04:40Z
ADTX,Health Care,50668.0,AVOID,AVOID,cash_burn,AVOID_unconfirmed,done,0,0,0,0,1.0,,no API distress/short signal (coverage may be thin),v1-2026-06-09,2026-06-09T16:04:40Z
ZCMD,Unknown,19538.0,CLEAR,CLEAR,,AGREE,done,0,0,0,0,4.38,,,v1-2026-06-09,2026-06-09T16:04:40Z
LBRDK,Communication Services,0.0,SKIP_lt2y,,,SKIP,skip,,,,,,,<2y data,v1-2026-06-09,2026-06-09T16:04:40Z
AMBO,Consumer Discretionary,0.0,DISTRESSED-RECOVERABLE,DISTRESSED-RECOVERABLE,,AGREE,done,0,0,0,0,1.0,,,v1-2026-06-09,2026-06-09T16:04:40Z
BHFAN,Financials,0.0,CLEAR,CLEAR,,AGREE,done,0,0,0,0,1.0,,,v1-2026-06-09,2026-06-09T16:04:40Z
BHFAM,Financials,0.0,CLEAR,CLEAR,,AGREE,done,0,0,0,0,1.0,,,v1-2026-06-09,2026-06-09T16:04:40Z
XOMAO,Health Care,0.0,CLEAR,CLEAR,,AGREE,done,0,0,0,0,1.0,,,v1-2026-06-09,2026-06-09T16:04:40Z
BHFAO,Financials,0.0,CLEAR,CLEAR,,AGREE,done,0,0,0,0,3.35,,,v1-2026-06-09,2026-06-09T16:04:40Z
BHFAL,Financials,0.0,CLEAR,CLEAR,,AGREE,done,0,0,0,0,1.0,,,v1-2026-06-09,2026-06-09T16:04:40Z
PRHIZ,Financials,0.0,WATCH,WATCH,,AGREE,done,0,0,0,0,3.1,,,v1-2026-06-09,2026-06-09T16:04:40Z
MBINM,Financials,0.0,WATCH,WATCH,,AGREE,done,0,0,0,0,1.93,,,v1-2026-06-09,2026-06-09T16:04:40Z
OBTC,Financials,0.0,SKIP_lt2y,,,SKIP,skip,,,,,,,<2y data,v1-2026-06-09,2026-06-09T16:04:40Z
MBINN,Financials,0.0,WATCH,WATCH,,AGREE,done,0,0,0,0,2.64,,,v1-2026-06-09,2026-06-09T16:04:40Z
WAFDP,Financials,0.0,CLEAR,CLEAR,,AGREE,done,0,0,0,0,1.23,,,v1-2026-06-09,2026-06-09T16:04:40Z
HBANL,Financials,0.0,CLEAR,CLEAR,,AGREE,done,0,0,0,0,1.55,,,v1-2026-06-09,2026-06-09T16:04:40Z
MBINL,Financials,0.0,WATCH,WATCH,,AGREE,done,0,0,0,0,1.0,,,v1-2026-06-09,2026-06-09T16:04:40Z
HBANM,Financials,0.0,CLEAR,CLEAR,,AGREE,done,0,0,0,0,1.05,,,v1-2026-06-09,2026-06-09T16:04:40Z
CITR,Materials,0.0,SKIP_lt2y,,,SKIP,skip,,,,,,,<2y data,v1-2026-06-09,2026-06-09T16:04:40Z
HWCPZ,Financials,0.0,CLEAR,CLEAR,,AGREE,done,0,0,0,0,1.32,,,v1-2026-06-09,2026-06-09T16:04:40Z
METCZ,Materials,0.0,DISTRESSED-RECOVERABLE,DISTRESSED-RECOVERABLE,,AGREE,done,0,0,0,0,1.0,,,v1-2026-06-09,2026-06-09T16:04:40Z
HNNAZ,Financials,0.0,CLEAR,CLEAR,,AGREE,done,0,0,0,0,1.0,,,v1-2026-06-09,2026-06-09T16:04:40Z
FRMEP,Financials,0.0,CLEAR,CLEAR,,AGREE,done,0,0,0,0,1.0,,,v1-2026-06-09,2026-06-09T16:04:40Z
NEWTH,Financials,0.0,WATCH,WATCH,,AGREE,done,0,0,0,0,1.0,,,v1-2026-06-09,2026-06-09T16:04:40Z
GEGGL,Information Technology,0.0,WATCH,WATCH,,AGREE,done,0,0,0,0,1.85,,,v1-2026-06-09,2026-06-09T16:04:40Z
DHCNL,Financials,0.0,WATCH,WATCH,,AGREE,done,0,0,0,0,1.08,,,v1-2026-06-09,2026-06-09T16:04:40Z
JSM,Financials,0.0,DISTRESSED-RECOVERABLE,DISTRESSED-RECOVERABLE,,AGREE,done,0,0,0,0,1.0,,,v1-2026-06-09,2026-06-09T16:04:40Z
METCI,Materials,0.0,DISTRESSED-RECOVERABLE,DISTRESSED-RECOVERABLE,,AGREE,done,0,0,0,0,1.0,,,v1-2026-06-09,2026-06-09T16:04:40Z
HBANZ,Financials,0.0,CLEAR,CLEAR,,AGREE,done,0,0,0,0,4.0,,,v1-2026-06-09,2026-06-09T16:04:40Z
INBKZ,Financials,0.0,CLEAR,CLEAR,,AGREE,done,0,0,0,0,1.83,,,v1-2026-06-09,2026-06-09T16:04:40Z
NEWTI,Financials,0.0,WATCH,WATCH,,AGREE,done,0,0,0,0,3.56,,,v1-2026-06-09,2026-06-09T16:04:40Z
MFICL,Unknown,0.0,SKIP_lt2y,,,SKIP,skip,,,,,,,<2y data,v1-2026-06-09,2026-06-09T16:04:40Z
RWAYI,Unknown,0.0,CLEAR,CLEAR,,AGREE,done,0,0,0,0,1.0,,,v1-2026-06-09,2026-06-09T16:04:40Z
NEWTG,Financials,0.0,WATCH,WATCH,,AGREE,done,0,0,0,0,1.0,,,v1-2026-06-09,2026-06-09T16:04:40Z
FULTP,Financials,0.0,CLEAR,CLEAR,,AGREE,done,0,0,0,0,1.0,,,v1-2026-06-09,2026-06-09T16:04:40Z
LANDO,Financials,0.0,CLEAR,CLEAR,,AGREE,done,0,0,0,0,3.15,,,v1-2026-06-09,2026-06-09T16:04:40Z
FITBO,Financials,0.0,CLEAR,CLEAR,,AGREE,done,0,0,0,0,1.47,,,v1-2026-06-09,2026-06-09T16:04:40Z
NEWTO,Financials,0.0,WATCH,WATCH,,AGREE,done,0,0,1,0,11.73,,,v1-2026-06-09,2026-06-09T16:04:40Z
GAIN,Unknown,0.0,WATCH,WATCH,,AGREE,done,0,0,0,0,1.14,,,v1-2026-06-09,2026-06-09T16:04:40Z
AXIAPC,Unknown,0.0,SKIP_no_data,,,SKIP,skip,,,,,,,no cached fundamentals/context,v1-2026-06-09,2026-06-09T16:04:40Z
AXIAP,Unknown,0.0,SKIP_no_data,,,SKIP,skip,,,,,,,no cached fundamentals/context,v1-2026-06-09,2026-06-09T16:04:40Z
SVA,Unknown,0.0,WATCH,WATCH,,NEWS_NOTE,done,0,1,1,0,999.99,single news mention (kept screen bucket; investigate),single news mention of distress/fraud (investigate; not a screen error) | FR:SINOVAC Management Statement Regarding Auditor Resignation,v1-2026-06-09,2026-06-09T16:04:40Z
TMUSI,Communication Services,0.0,CLEAR,CLEAR,,AGREE,done,0,0,0,0,1.0,,,v1-2026-06-09,2026-06-09T16:04:40Z
ADAMZ,Financials,0.0,SKIP_lt2y,,,SKIP,skip,,,,,,,<2y data,v1-2026-06-09,2026-06-09T16:04:40Z
TMUSZ,Communication Services,0.0,CLEAR,CLEAR,,AGREE,done,0,0,0,0,1.36,,,v1-2026-06-09,2026-06-09T16:04:40Z
FITBM,Financials,0.0,CLEAR,CLEAR,,AGREE,done,0,0,0,0,1.26,,,v1-2026-06-09,2026-06-09T16:04:40Z
DHCNI,Financials,0.0,WATCH,WATCH,,AGREE,done,0,0,0,0,1.97,,,v1-2026-06-09,2026-06-09T16:04:40Z
TRINI,Unknown,0.0,WATCH,WATCH,,AGREE,done,0,0,0,0,1.0,,,v1-2026-06-09,2026-06-09T16:04:40Z
TMUSL,Communication Services,0.0,CLEAR,CLEAR,,AGREE,done,0,0,0,0,1.41,,,v1-2026-06-09,2026-06-09T16:04:40Z
TRINZ,Unknown,0.0,WATCH,WATCH,,AGREE,done,0,0,0,0,1.0,,,v1-2026-06-09,2026-06-09T16:04:40Z
AGNCL,Financials,0.0,SKIP_lt2y,,,SKIP,skip,,,,,,,<2y data,v1-2026-06-09,2026-06-09T16:04:40Z
CDZIP,Utilities,0.0,AVOID,AVOID,cash_burn,AVOID_unconfirmed,done,0,0,0,0,1.38,,no API distress/short signal (coverage may be thin),v1-2026-06-09,2026-06-09T16:04:40Z
AGNCO,Financials,0.0,SKIP_lt2y,,,SKIP,skip,,,,,,,<2y data,v1-2026-06-09,2026-06-09T16:04:40Z
NMFCZ,Unknown,0.0,CLEAR,CLEAR,,AGREE,done,0,0,0,0,1.0,,,v1-2026-06-09,2026-06-09T16:04:40Z
ADAMI,Financials,0.0,SKIP_lt2y,,,SKIP,skip,,,,,,,<2y data,v1-2026-06-09,2026-06-09T16:04:40Z
SWKHL,Financials,0.0,CLEAR,CLEAR,,AGREE,done,0,0,0,0,1.0,,,v1-2026-06-09,2026-06-09T16:04:40Z
ADAMG,Financials,0.0,SKIP_lt2y,,,SKIP,skip,,,,,,,<2y data,v1-2026-06-09,2026-06-09T16:04:40Z
ADAMH,Financials,0.0,SKIP_lt2y,,,SKIP,skip,,,,,,,<2y data,v1-2026-06-09,2026-06-09T16:04:40Z
ADAMO,Financials,0.0,SKIP_lt2y,,,SKIP,skip,,,,,,,<2y data,v1-2026-06-09,2026-06-09T16:04:40Z
FITBI,Financials,0.0,CLEAR,CLEAR,,AGREE,done,0,0,0,0,1.52,,,v1-2026-06-09,2026-06-09T16:04:40Z
OIMAU,Financials,0.0,SKIP_no_data,,,SKIP,skip,,,,,,,no cached fundamentals/context,v1-2026-06-09,2026-06-09T16:04:40Z
BWBBP,Financials,0.0,CLEAR,CLEAR,,AGREE,done,0,0,0,0,1.37,,,v1-2026-06-09,2026-06-09T16:04:40Z
ARTC,Financials,0.0,SKIP_no_data,,,SKIP,skip,,,,,,,no cached fundamentals/context,v1-2026-06-09,2026-06-09T16:04:40Z
GAING,Unknown,0.0,WATCH,WATCH,,AGREE,done,0,0,0,0,1.0,,,v1-2026-06-09,2026-06-09T16:04:40Z
GECCH,Unknown,0.0,WATCH,WATCH,,AGREE,done,0,0,0,0,1.0,,,v1-2026-06-09,2026-06-09T16:04:40Z
GECCI,Unknown,0.0,WATCH,WATCH,,AGREE,done,0,0,0,0,1.81,,,v1-2026-06-09,2026-06-09T16:04:40Z
MANU,Unknown,0.0,DISTRESSED-RECOVERABLE,DISTRESSED-RECOVERABLE,,AGREE,done,0,0,0,1,7.84,, | RAISE:Strategic Investments Spark Renewed Interest in Multi-Club Ownership Models,v1-2026-06-09,2026-06-09T16:04:40Z
ADAML,Financials,0.0,SKIP_lt2y,,,SKIP,skip,,,,,,,<2y data,v1-2026-06-09,2026-06-09T16:04:40Z
IMPPP,Unknown,0.0,CLEAR,CLEAR,,AGREE,done,0,0,0,0,1.71,,,v1-2026-06-09,2026-06-09T16:04:40Z
GECCG,Unknown,0.0,WATCH,WATCH,,AGREE,done,0,0,0,0,1.0,,,v1-2026-06-09,2026-06-09T16:04:40Z
OXSQG,Unknown,0.0,DISTRESSED-RECOVERABLE,DISTRESSED-RECOVERABLE,,AGREE,done,0,0,0,0,3.2,,,v1-2026-06-09,2026-06-09T16:04:40Z
WHLRL,Financials,0.0,CLEAR,CLEAR,,AGREE,done,0,0,0,0,1.21,,,v1-2026-06-09,2026-06-09T16:04:40Z
ACGLN,Financials,0.0,CLEAR,CLEAR,,AGREE,done,0,0,0,0,1.42,,,v1-2026-06-09,2026-06-09T16:04:40Z
OXSQH,Unknown,0.0,DISTRESSED-RECOVERABLE,DISTRESSED-RECOVERABLE,,AGREE,done,0,0,0,0,5.74,,,v1-2026-06-09,2026-06-09T16:04:40Z
ATLCL,Financials,0.0,CLEAR,CLEAR,,AGREE,done,0,0,0,0,1.0,,,v1-2026-06-09,2026-06-09T16:04:40Z
ATLCZ,Financials,0.0,CLEAR,CLEAR,,AGREE,done,0,0,0,0,1.0,,,v1-2026-06-09,2026-06-09T16:04:40Z
PC,Unknown,0.0,SKIP_lt2y,,,SKIP,skip,,,,,,,<2y data,v1-2026-06-09,2026-06-09T16:04:40Z
PFXNZ,Unknown,0.0,AVOID,AVOID,cash_burn,AVOID_unconfirmed,done,0,0,0,0,1.0,,no API distress/short signal (coverage may be thin),v1-2026-06-09,2026-06-09T16:04:40Z
CNOBP,Financials,0.0,CLEAR,CLEAR,,AGREE,done,0,0,0,0,1.0,,,v1-2026-06-09,2026-06-09T16:04:40Z
GAINI,Unknown,0.0,WATCH,WATCH,,AGREE,done,0,0,0,0,1.04,,,v1-2026-06-09,2026-06-09T16:04:40Z
GAINZ,Unknown,0.0,WATCH,WATCH,,AGREE,done,0,0,0,0,1.0,,,v1-2026-06-09,2026-06-09T16:04:40Z
MNSBP,Financials,0.0,CLEAR,CLEAR,,AGREE,done,0,0,0,0,3.38,,,v1-2026-06-09,2026-06-09T16:04:40Z
XELLL,Utilities,0.0,CLEAR,CLEAR,,AGREE,done,0,0,0,0,1.0,,,v1-2026-06-09,2026-06-09T16:04:40Z
RWAYL,Unknown,0.0,CLEAR,CLEAR,,AGREE,done,0,0,0,0,1.0,,,v1-2026-06-09,2026-06-09T16:04:40Z
MCHPP,Information Technology,0.0,CLEAR,CLEAR,,AGREE,done,0,0,0,0,1.0,,,v1-2026-06-09,2026-06-09T16:04:40Z
LILAV,Communication Services,0.0,DISTRESSED-RECOVERABLE,DISTRESSED-RECOVERABLE,,AGREE,done,0,0,0,0,,,,v1-2026-06-09,2026-06-09T16:04:40Z
ASTI,Information Technology,0.0,AVOID,WATCH,cash_burn,OVERFLAG_recent_raise,done,0,0,0,1,1.29,downgraded from AVOID — recent capital raise extends runway / no event found,recent capital raise extends runway | RAISE:Ascent Solar Technologies Announces Closing of Up to $5.5 Million Private Placement Priced At-The-Market Under Nasdaq Rules,v1-2026-06-09,2026-06-09T16:04:40Z
WSBCO,Financials,0.0,CLEAR,CLEAR,,AGREE,done,0,0,0,0,5.05,,,v1-2026-06-09,2026-06-09T16:04:40Z
GREEL,Financials,0.0,AVOID,AVOID,insolvency,AVOID_unconfirmed,done,0,0,0,0,1.0,,no API fraud/short signal (coverage may be thin),v1-2026-06-09,2026-06-09T16:04:40Z
ACCO,Communication Services,0.0,CLEAR,CLEAR,,AGREE,done,0,0,0,0,4.31,,,v1-2026-06-09,2026-06-09T16:04:40Z
RILYZ,Financials,0.0,WATCH,WATCH,,AGREE,done,0,0,1,0,20.74,,,v1-2026-06-09,2026-06-09T16:04:40Z
RILYT,Financials,0.0,WATCH,WATCH,,AGREE,done,0,0,0,0,1.0,,,v1-2026-06-09,2026-06-09T16:04:40Z
RILYG,Financials,0.0,WATCH,WATCH,,AGREE,done,0,0,0,0,1.0,,,v1-2026-06-09,2026-06-09T16:04:40Z
RILYN,Financials,0.0,WATCH,WATCH,,AGREE,done,0,0,0,0,1.0,,,v1-2026-06-09,2026-06-09T16:04:40Z
SSSSL,Unknown,0.0,CLEAR,CLEAR,,AGREE,done,0,0,0,0,1.0,,,v1-2026-06-09,2026-06-09T16:04:40Z
RILYL,Financials,0.0,WATCH,WATCH,,AGREE,done,0,0,0,0,1.0,,,v1-2026-06-09,2026-06-09T16:04:40Z
