ticker,sector,market_cap,dcf_applicable,fair_value_equity,fv_per_share,price_to_fv,stars,moat,moat_trend,uncertainty,implied_g,base_g,roic_median,wacc,engine_tier,engine_composite,rec_mean
SSSS,Unknown,358204640.0,True,597291323.8397703,20.74713429178996,0.599715123429605,5,None,Negative,High,0.05325564663349602,0.13731930275999804,0.03773090828453237,0.08241091477049613,INSUFFICIENT_LIQUIDITY,88.4,1.4
DAN,Industrials,3828296448.0,True,1903216121.6222734,14.234974731654999,2.0114880304485947,1,None,Negative,High,0.10043137358533849,0.03,0.05930365036040966,0.06876605267242752,BUY,88.3,
INSW,Industrials,4013345792.0,True,9420589891.474506,189.94677672689787,0.42601852306849897,5,Narrow,Positive,High,-0.009183452004078718,0.15058229665118747,0.08177614810547204,0.08423688224373753,WATCH(earnings-quality),85.4,1.33333
EIX,Utilities,28216940544.0,True,166902495440.7377,432.3898845614966,0.16906242455804998,5,Narrow,Positive,Medium,-0.08568562419854592,0.07512261861763303,0.042376902462415496,0.052313429716599046,BUY,85.1,
NBR,Energy,1419371520.0,True,957173083.7799692,66.39657906353837,1.482878639247527,1,None,Positive,Very High,0.10969603038519823,0.08424955996821532,-0.04342209718915198,0.06597751702199402,WATCH(earnings-quality),84.9,2.875
EZPW,Consumer Discretionary,1966074496.0,True,4668177881.722629,55.98476765914669,0.42116529100096944,5,None,Positive,Medium,-0.04751585916982334,0.13062423976867665,0.06594582801390528,0.06842016603812073,BUY,83.9,1.83333
RILY,Financials,314496128.0,False,6597038984.153086,215.90519655088775,0.04767231613386841,5,Narrow,Negative,Very High,-0.1,0.03,0.1447723135720684,0.055463182986112955,INSUFFICIENT_LIQUIDITY,83.1,
RILYL,Financials,,False,11016457349.39255,360.5421151866088,,,Narrow,Negative,High,,0.03,0.1447723135720684,0.04345,INSUFFICIENT_LIQUIDITY,81.8,
ECPG,Financials,1746535936.0,False,14358031234.755966,610.0973584922226,0.12164174234223865,5,Narrow,Negative,High,-0.07850966175440371,0.09561108729441994,0.0712866547236526,0.057594688146787254,BUY,81.7,1.75
CYRX,Health Care,791316288.0,True,360233194.68582284,7.194352228667109,2.1966778733152172,1,None,Negative,Very High,0.2789843770793845,0.03,-0.2944372414119078,0.09725143649218121,INSUFFICIENT_LIQUIDITY,81.5,1.33333
FOR,Real Estate,1437426048.0,False,2459439807.8870997,48.167781761041915,0.584452623475624,5,None,Positive,High,-0.058946717207500055,0.06515872571560286,0.07302075245138596,0.07331982924203737,BUY,81.4,
CSTM,Materials,4614138368.0,True,4500396034.198645,31.706054338539886,1.0252738498872151,3,Narrow,Stable,Medium,0.04905856256327723,0.044607595959328346,0.11766555661568226,0.06564777280405194,WATCH(risk-flagged),81.0,1.4
ALTO,Materials,420749216.0,True,173643207.2186622,2.2949553575547124,2.423067522993668,1,None,Negative,Medium,0.1540657845966743,0.03,-0.057832744366044596,0.0699793140247897,INSUFFICIENT_LIQUIDITY,80.8,
SWX,Utilities,6421098496.0,True,1815952071.8501425,25.104055626444868,3.5359405105102835,1,Narrow,Positive,Medium,0.12396424769383813,0.03,0.052940952679311544,0.05733686353236254,BUY,80.5,1.11111
SRTA,Health Care,500988832.0,True,103428257.49985953,1.2599013647357684,4.843829376132344,1,None,Positive,Very High,0.4,0.21753895817589733,-0.5816570248759311,0.11,INSUFFICIENT_LIQUIDITY,80.5,1.0
VISN,Information Technology,2650443264.0,True,-6015543133.910487,-26.154535364828206,,,None,Negative,Extreme,0.4,0.03,0.002336312065387597,0.0679335854096988,BUY,80.5,
UAN,Materials,1253664768.0,True,1264571253.753814,119.63777235135422,0.9913753489797916,3,None,Stable,High,0.0039907312507933,0.03,0.07379994549177149,0.07546681342154923,BUY,79.7,
SCHL,Communication Services,796482944.0,True,2754118111.266726,99.78688808937413,0.2891970902561134,5,None,Positive,Medium,-0.1,0.03,0.035553039313877405,0.06691352668264341,INSUFFICIENT_LIQUIDITY,79.7,
ABUS,Health Care,839535296.0,True,124285098.62574026,0.6486709712637201,6.754915153007142,1,None,Positive,Very High,0.4,0.03,-2.6885411980241667,0.10972826658429956,INSUFFICIENT_LIQUIDITY,79.6,
SND,Materials,234271952.0,True,495738600.45303154,12.522446207260572,0.4725715362610662,5,None,Positive,Very High,0.014872658219279633,0.18486158120084437,0.008353701264993125,0.10649535648426822,INSUFFICIENT_LIQUIDITY,79.3,
CARE,Financials,634216192.0,False,2237154639.9523463,99.6207876423699,0.2834923347156321,5,Narrow,Stable,Medium,-0.1,0.10661800571860591,,0.06807055149702247,INSUFFICIENT_LIQUIDITY,79.0,2.25
CHRS,Health Care,223662368.0,True,234377745.92623177,2.0007753905216554,0.9542815898161068,3,None,Negative,Very High,0.003673005372943128,0.03,-1.2508010985589624,0.1005423182980015,INSUFFICIENT_LIQUIDITY,78.9,1.42857
ARW,Industrials,11202935808.0,True,13601925430.973545,260.29902269588644,0.8236286741058954,4,Narrow,Negative,Medium,-0.012077529561658362,0.03,0.09809408375833495,0.06818773987919688,WATCH(risk-flagged),78.4,2.75
BFH,Financials,3681487616.0,False,33328448405.888664,700.1774875186694,0.11046081627218905,5,Narrow,Negative,Medium,-0.1,0.03,0.12779965043993463,0.05798797037649729,BUY,78.4,2.27778
GORO,Materials,189411024.0,True,146036417.1835594,1.063476737729391,1.2970122634679624,2,None,Negative,High,0.09050081044248282,0.03,0.05584693262595415,0.09,INSUFFICIENT_LIQUIDITY,78.2,
IMKTA,Consumer Discretionary,1731337344.0,True,3852569973.253294,202.82687745326797,0.44939802677690915,5,Narrow,Negative,Low,-0.09492738534493744,0.03,0.08126573907391485,0.06004350646579785,BUY,78.0,
KALU,Materials,2890653184.0,True,3136512756.5626802,188.69647193855616,0.9216137182773269,3,Narrow,Positive,Medium,0.044515000907719204,0.05711351060758916,0.07577595141529425,0.06653715510301833,BUY,77.7,2.75
MSGM,Information Technology,17447550.0,True,15608506.374384265,3.224460976856084,1.1178231652346864,3,None,Positive,Very High,0.1012549929077936,0.06973648975205667,-12.381835950601396,0.11,INSUFFICIENT_LIQUIDITY,77.7,
PARR,Energy,2791030272.0,True,4589938720.345036,88.96781842462902,0.6080757156143889,5,None,Positive,High,-0.06988797859364809,0.05410542520998721,0.0901788125002763,0.07948049926517808,BUY,77.6,1.57143
M,Consumer Discretionary,5828920832.0,True,25621865535.67698,92.66497481257497,0.22749790892015892,5,Narrow,Negative,Medium,-0.1,0.03,0.1019543518437348,0.06571173764276064,BUY,77.6,3.0
CF,Materials,17435385856.0,True,20132925819.660114,124.12408026917457,0.8660135149841994,3,Narrow,Positive,High,-0.008671289092717197,0.03,0.1264325181455364,0.08275276253704884,BUY,77.6,2.85714
WLKP,Materials,815589632.0,True,6778649920.00923,192.34848000984152,0.12031741447401513,5,Wide,Positive,Medium,-0.1,0.03,0.388172108312043,0.075,INSUFFICIENT_LIQUIDITY,77.5,
LPG,Industrials,1778903936.0,True,2248400429.366312,52.76225461130054,0.7911864420437623,4,Narrow,Positive,High,-0.016470928104295235,0.061354181333653425,0.06550915803832724,0.07884863495589643,WATCH(earnings-quality),77.2,2.0
JBL,Information Technology,37267746816.0,True,19599866631.948074,176.73459541882843,1.9014285921340413,1,Wide,Positive,Low,0.11455326077894112,0.03,0.18356923087145693,0.06345161900666717,BUY,77.1,
GOLD,Industrials,1149153280.0,True,3044980513.449389,124.58239115640976,0.37739265487063034,5,None,Negative,Medium,-0.06371532807344432,0.09242175346552255,0.03407495232156607,0.06170357543012356,WATCH(blocked-by-risk),77.1,
NATR,Health Care,348004640.0,True,2102758851.2532358,113.85958692079465,0.16549907270279263,5,Wide,Negative,Low,-0.1,0.03,0.1547359383942776,0.065,INSUFFICIENT_LIQUIDITY,77.0,
FISI,Financials,730561216.0,False,3374081036.751985,166.06363996220026,0.21652153817362524,5,Narrow,Stable,High,-0.1,0.11685043032781897,,0.07636439865825462,INSUFFICIENT_LIQUIDITY,76.8,
LXU,Materials,901393728.0,True,-6190985.857652903,-0.08555694169031526,,,None,Negative,Very High,0.2792904426478794,0.03,-0.008645881584008645,0.08778243146975089,INSUFFICIENT_LIQUIDITY,76.7,2.2
FBIO,Health Care,88030544.0,True,219438507.38898602,7.8646469917856106,0.40116269950721695,5,None,Positive,Very High,-0.1,0.03,-3.398487971585001,0.0851626034129867,INSUFFICIENT_LIQUIDITY,76.5,
TEN,Unknown,1114721408.0,True,1475160426.2178774,49.60274460027352,0.7556611390789564,4,None,Positive,Very High,-0.026866389544594582,0.03883516521533989,0.026960343930562184,0.06788746005262591,WATCH(earnings-quality),76.4,1.0
HST,Real Estate,17080525824.0,False,32843543542.35936,47.3181725145647,0.5200573379657011,5,Narrow,Positive,High,0.07215856911214702,0.15279111905941534,0.06520158216909895,0.07933390163336677,BUY,76.4,1.90476
IRWD,Health Care,544870400.0,True,1208802861.6579447,7.416742001668546,0.4507520765236095,5,Narrow,Negative,High,-0.04772500227148896,0.03,0.37714351172835836,0.06590470155205115,INSUFFICIENT_LIQUIDITY,76.3,
DINO,Energy,12869863424.0,True,27481236832.437874,147.38013478367455,0.46831456322260107,5,Narrow,Negative,Low,-0.07371071157004225,0.03,0.10892977681496205,0.061184380643133876,BUY,76.3,2.4375
GTX,Industrials,5982544384.0,True,6184065857.502432,30.370024742871575,0.9674127866445749,3,Narrow,Negative,Medium,0.02580981055799414,0.03,0.5836130245308216,0.06895478255670981,WATCH(risk-flagged),76.3,2.16667
LITB,Unknown,66896824.0,True,255012489.1154953,1.1613935595469111,0.26232763827383526,5,None,Stable,High,-0.1,0.03,-3.5520875832678387,0.08950773033426816,INSUFFICIENT_LIQUIDITY,76.0,
BWMX,Consumer Discretionary,677839360.0,True,305072127741.7809,8191.17516222159,0.0022218986867713355,5,Wide,Negative,Medium,-0.1,0.15164564767359065,0.28312604184162316,0.0473363670065265,INSUFFICIENT_LIQUIDITY,76.0,1.0
TCMD,Health Care,572929024.0,True,1576439862.2214818,67.6719324244536,0.3634322105967569,5,Narrow,Positive,Medium,-0.07408954041451915,0.11141629375719284,0.12095628051964305,0.075,INSUFFICIENT_LIQUIDITY,75.9,1.2
ET,Utilities,66724073472.0,True,155783556071.80917,45.16119903516718,0.4283126868746225,5,Narrow,Stable,Medium,-0.04279858444799384,0.054102800674663734,0.07666323728808347,0.05409663809422545,BUY,75.9,1.42857
LEA,Industrials,7088456704.0,True,15100217290.939724,281.7689613402822,0.4694274636864426,5,Narrow,Positive,Medium,-0.08100227233343432,0.03,0.09994263816233576,0.0661972429590129,BUY,75.9,2.375
TIGO,Unknown,13848976384.0,True,21217586465.16209,126.29515753072673,0.6527121454996366,5,None,Positive,Medium,-0.02569323165604137,0.05415634986327809,0.05188073394495413,0.0639904141593466,WATCH(risk-flagged),75.8,2.5
RGS,Unknown,68166664.0,True,254723785.55848497,95.04618864122574,0.26761012463183903,5,None,Positive,Very High,-0.1,0.03,0.005326158783709762,0.06879924009021385,INSUFFICIENT_LIQUIDITY,75.7,1.0
PPIH,Industrials,253039952.0,True,501087416.7002647,61.49821019885428,0.5049816530343264,5,None,Positive,Medium,-0.017139276146510063,0.13974411046330132,0.07114736855946394,0.0714051781729348,INSUFFICIENT_LIQUIDITY,75.5,
NEXA,Unknown,1728323840.0,True,4550850149.756985,34.361858287641745,0.3797804329136815,5,None,Positive,High,-0.08500590857514595,0.05269066114115417,0.07634583909521366,0.06665857548356476,WATCH(risk-flagged),75.5,3.125
NUE,Materials,57935020032.0,True,45648153894.8049,197.61105582166624,1.2691645792622828,1,Narrow,Negative,Medium,0.08206994703680948,0.03,0.11727059404972562,0.07154655249599515,BUY,75.3,1.76471
FRD,Materials,173537264.0,True,762444794.2946849,109.7895594729093,0.22760633333529962,5,Narrow,Negative,Medium,-0.030263933575679858,0.1826144691926077,0.07169299787896447,0.06819451063950101,INSUFFICIENT_LIQUIDITY,75.3,
SPRO,Health Care,163282208.0,True,478462773.197129,8.104150642172709,0.3412641842727583,5,Narrow,Positive,Very High,-0.08272948897951057,0.15076470818209792,-5.721388357238348,0.10996293119248782,INSUFFICIENT_LIQUIDITY,75.2,
MOV,Information Technology,828186624.0,True,1152575457.9393988,50.96734137876531,0.7185530615762471,5,Narrow,Negative,Medium,-0.04327867457725984,0.03,0.1273121627583839,0.075,INSUFFICIENT_LIQUIDITY,75.1,1.5
NMM,Unknown,2037476736.0,True,7901861650.800543,271.24266468490634,0.2578476852721892,5,Narrow,Negative,Very High,-0.06481801402101645,0.10867449352847416,0.038141573498119245,0.07575689777823708,BUY,75.0,1.0
DTST,Information Technology,7216569.0,True,41532385.221374765,5.7104024580096775,0.1737576342301181,5,None,Negative,Very High,-0.1,0.03,-0.20959995473171156,0.11,INSUFFICIENT_LIQUIDITY,75.0,
ANDE,Industrials,2479475712.0,True,1894530868.2023654,55.1746182893778,1.3087544539998244,1,None,Positive,Medium,0.06305982780068298,0.03,0.03183228123249273,0.06678555135173056,BUY,75.0,
SGU,Consumer Discretionary,416662592.0,True,1251478613.167119,36.51180456200021,0.33293624646573167,5,Narrow,Negative,Medium,-0.1,0.03,0.12698217127783606,0.06518632049621063,INSUFFICIENT_LIQUIDITY,74.9,
JCSE,Unknown,7352266.0,True,21314731.234010823,4.016595586383395,0.3449382457268974,5,None,Negative,Low,-0.1,0.05563038000925622,0.04220327618705609,0.05857106141401504,INSUFFICIENT_LIQUIDITY,74.7,
LQDA,Health Care,5500202496.0,True,2097680935.957399,24.374887857094844,2.6220396065570677,1,Narrow,Negative,Very High,0.4,0.28,-2.2354476345449177,0.10776269063761891,WATCH(risk-flagged),74.7,1.125
PLX,Health Care,160337568.0,True,159974056.25529242,2.0366865234467184,1.0022723168569752,3,Narrow,Stable,High,0.030483587062412165,0.03,0.32987940659734455,0.09,INSUFFICIENT_LIQUIDITY,74.6,1.0
MTX,Materials,2351392256.0,True,4203859458.4676666,133.88087447349255,0.5593413098679321,5,Narrow,Negative,Medium,-0.049597887179829506,0.03,0.0837564262171955,0.06584189854808559,BUY,74.3,
SON,Materials,4695273984.0,True,13464188501.080486,135.22198733647835,0.3487231320048148,5,Narrow,Negative,Medium,-0.005431857522263607,0.11633284121297342,0.08430848496795482,0.05986904534115295,WATCH(risk-flagged),74.3,
PBI,Information Technology,2283542528.0,True,1272714401.9508147,7.355030062129073,1.79423013089173,1,Narrow,Stable,Medium,0.0817010727935189,0.03,0.07922320813273603,0.06029658251766703,WATCH(risk-flagged),74.2,2.8
ZVRA,Health Care,627211008.0,True,2185308934.8262615,38.162859285073395,0.287012512512271,5,Narrow,Positive,Very High,0.10570258209914318,0.28,-2.2662350492009553,0.1029670186036811,INSUFFICIENT_LIQUIDITY,74.2,1.22222
WDC,Information Technology,176380739584.0,True,9598804572.365559,26.737617193218828,18.375281864972088,1,None,Negative,Medium,0.4,0.03,0.04539678035638539,0.07417924445178209,BUY,74.2,1.52
REX,Materials,1479562240.0,True,1339035805.9071007,40.32268748214589,1.1049459868608238,2,Narrow,Positive,Medium,0.06660540303991491,0.03,0.13108394344952615,0.07493191086387525,BUY,74.1,
ALNT,Health Care,1442323968.0,True,476126256.95013475,28.456027788078817,3.029288863922193,1,Narrow,Positive,Low,0.16683331456120343,0.04117831314979105,0.07931571506099488,0.06260439275049906,BUY,74.0,1.6
SENEB,Consumer Staples,987226816.0,True,633221749.9025288,90.73244732805972,1.5590538640720457,1,None,Negative,Medium,0.0913229060073234,0.03,0.06380740231820048,0.06614298739074786,INSUFFICIENT_LIQUIDITY,74.0,
PRDO,Consumer Discretionary,2148836352.0,True,6878233821.492568,103.96991688573324,0.31241106478315467,5,Wide,Negative,Medium,-0.1,0.06734827754742967,0.4248107199257748,0.07483125268037086,WATCH(risk-flagged),73.9,
VMD,Health Care,382217920.0,True,2605693787.6617384,63.827774965165275,0.1466856626860171,5,Narrow,Negative,Medium,-0.04025439780759049,0.22571357847403806,0.10148338113205425,0.074010082060032,INSUFFICIENT_LIQUIDITY,73.9,
KEQU,Health Care,107231144.0,True,272355481.4129987,91.42513642598144,0.3937175908620512,5,None,Positive,Medium,-0.06522544053513607,0.09669827062216826,0.07434151008007964,0.06303583586809566,INSUFFICIENT_LIQUIDITY,73.9,
CQP,Utilities,31206969344.0,True,59662266986.976746,123.26914666730733,0.5230604018250253,5,Narrow,Positive,High,-0.04441605617280958,0.042060244150254486,0.10898704269500173,0.058174145919924196,BUY,73.8,3.8
SNX,Industrials,21672372224.0,True,38382332774.92,465.6354819230862,0.5646444772153423,5,Narrow,Stable,Medium,0.059126814675158346,0.12833852025410436,0.08175919361131113,0.06946559725299319,BUY,73.8,1.54545
SENEA,Consumer Staples,1010069120.0,True,630699139.0632334,90.37098997897024,1.6015070537439426,1,None,Negative,Medium,0.09462551161629362,0.03,0.06380740231820048,0.0662879761480505,BUY,73.6,
VFF,Materials,238863344.0,True,48262611.174767435,0.40712481483628526,4.94924203613919,1,None,Negative,Very High,0.4,0.03,-0.07074254520387156,0.1017815370312724,INSUFFICIENT_LIQUIDITY,73.4,
HFBL,Financials,59550836.0,False,278745182.017442,90.54969144921381,0.21363897868654,5,Narrow,Stable,Medium,-0.1,0.06134271062093268,0.15167970551393276,0.075,INSUFFICIENT_LIQUIDITY,73.4,
SEB,Industrials,5203795968.0,True,7412632066.984262,7688.5511003215,0.7020173024879541,5,Narrow,Negative,Low,-0.04584647315978113,0.03,0.06047169574590236,0.06034188877786582,BUY,73.4,
RCKY,Materials,282424064.0,True,413150382.42331195,54.86724866179441,0.6835865970726117,5,Narrow,Stable,Medium,-0.034120717874341705,0.03,0.07822898006391057,0.06544759498786351,INSUFFICIENT_LIQUIDITY,73.2,
PBF,Energy,5028109312.0,True,6544801505.354595,56.95315919056633,0.7682600164246812,4,None,Negative,High,-0.013997973660921093,0.03,0.09211821475061947,0.07594815137746999,WATCH(blocked-by-risk),73.1,3.38462
SCSC,Industrials,949358656.0,True,922676613.3707418,38.704501588604465,1.0289180870552064,3,None,Stable,Medium,0.04741074204150297,0.03,0.06950436229342968,0.07104286443650841,INSUFFICIENT_LIQUIDITY,73.1,2.0
TXMD,Health Care,23032980.0,True,25790151.590219878,2.229246399016326,0.893092075066924,3,None,Positive,Very High,0.20443801800840344,0.2340175977435157,-2.445669066910412,0.11,INSUFFICIENT_LIQUIDITY,73.1,
SU,Unknown,73465970688.0,True,125053338187.87561,140.69069217913795,0.5874770857986005,5,Narrow,Positive,Medium,-0.05095244425239137,0.03826424440087521,0.07993116598321665,0.0721568220747365,BUY,73.1,2.2
SEM,Health Care,2051151872.0,True,5135397237.402752,40.91102430893004,0.3994144517313676,5,Narrow,Negative,Medium,-0.07462722207553246,0.03,0.07295014356773989,0.0601316288966209,CORP_ACTION_REVIEW,73.1,
NVST,Health Care,3759014912.0,True,4924680906.154278,29.105679114386984,0.7633012135471422,5,None,Negative,Medium,-0.02316284207985425,0.03,0.03987448173011798,0.06622506209587964,WATCH(risk-flagged),73.0,
VTRS,Health Care,18493097984.0,True,-10002891383.613968,-8.537563711174034,,,None,Stable,Very High,0.4,0.03,-0.00023839368769030042,0.08084981603407267,WATCH(risk-flagged),73.0,2.09091
ANIP,Health Care,1844004864.0,True,18064517090.25811,850.9759322714391,0.10207883525402629,5,Narrow,Positive,Medium,-0.0038503111732686723,0.28,0.049136227872817025,0.06708974444714642,WATCH,72.9,
TYGO,Information Technology,249746496.0,True,14296410.789698815,0.21991851972536472,17.469174583312423,1,None,Positive,Very High,0.4,0.03,-1.0094254599986177,0.11,INSUFFICIENT_LIQUIDITY,72.8,
HG,Financials,3026315520.0,False,112362286286.91856,1082.029643377745,0.02693355235111774,5,Narrow,Stable,Low,-0.1,0.28,0.46117602921672807,0.06398397286143204,WATCH,72.8,
PHIN,Industrials,2942394112.0,True,3381150273.2857723,84.317961927326,0.8702346462526811,5,Narrow,Stable,Low,-0.003221709215782298,0.03,0.08841830497881453,0.059657107795994965,WATCH,72.8,
OPY,Financials,1042210176.0,False,10305160012.274988,905.2923431531785,0.10113478827680226,5,Narrow,Positive,Medium,-0.1,0.08280820207262529,0.15407382580303358,0.075,WATCH,72.8,
HCSG,Health Care,1398303104.0,True,1745284874.533556,23.8975363475402,0.8011890347549765,5,Narrow,Negative,Low,-0.011275584677437708,0.036458469829720605,0.16347481760368954,0.065,WATCH,72.7,
IBEX,Information Technology,400870144.0,True,815022036.9994321,51.82970028613241,0.49185190804881185,5,Narrow,Positive,Low,-0.060865361934686,0.04879720504450202,0.3098779283010763,0.06491331579864922,INSUFFICIENT_LIQUIDITY,72.6,3.0
VLO,Energy,75961344000.0,True,53202466461.77794,172.17626686659528,1.4277786172671645,1,Narrow,Positive,Medium,0.09504661349385513,0.03,0.10753867444774018,0.07113042135753121,WATCH,72.6,2.4
GSL,Unknown,1374031104.0,True,6190763533.157682,172.14671378690304,0.22194856848282118,5,Narrow,Positive,High,-0.1,0.11252189551236583,0.11244277961414514,0.07445134824712217,WATCH,72.5,1.0
WILC,Unknown,467394528.0,True,338987901.6582624,24.363943731674723,1.3787941272051232,1,Narrow,Negative,Medium,0.10966504701656465,0.03,0.12778661739546232,0.075,INSUFFICIENT_LIQUIDITY,72.4,
CCNE,Financials,919980800.0,False,11414904414.498604,462.72262412333714,0.08059470027900448,5,Wide,Stable,Low,-0.1,0.1762122871346365,0.24305272593920627,0.06011751261985542,INSUFFICIENT_LIQUIDITY,72.4,
PKBK,Financials,369370592.0,False,1996110726.5402322,166.80766200861487,0.1850451415790011,5,Wide,Negative,Medium,-0.1,0.11806152036944918,0.16221069614142997,0.06617668163769246,INSUFFICIENT_LIQUIDITY,72.3,
TEVA,Health Care,39811756032.0,True,10993187828.645775,9.45244009341855,3.621493296808731,1,None,Positive,High,0.18473604222974138,0.030073621817626118,-0.011971456593011576,0.0761824389585868,WATCH,72.3,1.38462
DAR,Consumer Staples,9448231936.0,True,1118013764.0668926,7.054649285185373,8.450908423194239,1,None,Negative,Medium,0.19621870941028619,0.03,0.036821912738958004,0.06571942910430356,WATCH,72.2,
SIRI,Communication Services,9092104192.0,True,21784729485.83069,61.021651220814256,0.41736135387468193,5,Wide,Negative,High,-0.03768664550987795,0.03,0.18650524461695672,0.06576193660247254,WATCH,72.2,
UTMD,Health Care,215399296.0,True,300072990.1026141,92.61512040204138,0.7178230067502618,5,Wide,Stable,Medium,-0.036916454026398704,0.03,0.3202376148650432,0.07496707815338212,INSUFFICIENT_LIQUIDITY,72.1,
MU,Information Technology,974373453824.0,True,862304153736.6536,766.4925810992476,1.129964931285223,2,Narrow,Negative,Medium,0.28192911266355636,0.2670028874962682,0.14379564180537108,0.07453495713741605,WATCH,72.1,1.47727
INCY,Health Care,20453697536.0,True,78454202680.72415,390.9028534166624,0.2607087553899185,5,Wide,Negative,Medium,-0.030143119501741256,0.15907371219990632,0.30362006314573464,0.07494654255188998,WATCH,72.1,2.42857
WLY,Communication Services,2266423552.0,True,4594791970.131218,83.80069250649677,0.4932592306100151,5,Narrow,Negative,Medium,-0.056374515606320286,0.03,0.09206640033008315,0.06677321007404388,WATCH,72.1,2.0
CTS,Information Technology,1797064320.0,True,1161188877.8721397,38.958225789174655,1.5476072448205773,1,Narrow,Negative,Low,0.1078643710223125,0.03,0.11826992614506204,0.06433185115952193,WATCH,72.0,
ST,Health Care,7248333312.0,True,4659406532.380959,31.675095393480344,1.5556344486421319,1,Narrow,Negative,Medium,0.08786228324190115,0.03,0.07447226808428445,0.06609625638501374,WATCH,71.9,2.07692
AMCX,Communication Services,430491584.0,True,8178174622.728493,144.5162506225215,0.05263907948401995,5,Narrow,Negative,Medium,-0.1,0.03,0.1273376470351436,0.049672331591837926,INSUFFICIENT_LIQUIDITY,71.9,
BHE,Information Technology,3010800896.0,True,1006332151.620444,27.72264880497091,2.9918560101173997,1,None,Positive,Medium,0.23985950652355992,0.03,0.0560016715548455,0.07293762946265321,WATCH,71.9,
GASS,Unknown,357726304.0,True,900975971.6326904,25.09901411821512,0.3970431124281278,5,None,Positive,Medium,-0.1,0.0610749379713726,0.021243084642534146,0.075,INSUFFICIENT_LIQUIDITY,71.8,
DLX,Communication Services,1060358848.0,True,4058908555.9861135,89.20678145024425,0.261242359460445,5,None,Stable,Medium,-0.1,0.03,0.05303890133656973,0.05688677187100813,WATCH,71.8,
MG,Industrials,560291776.0,True,179359899.50919122,5.594856182830845,3.1238408224648238,1,None,Positive,High,0.1551608512041095,0.03,0.03041724020370279,0.07764868095716973,INSUFFICIENT_LIQUIDITY,71.8,
QTTB,Health Care,222298608.0,True,942005467.3172541,76.49379391402456,0.23598441379866533,5,Narrow,Stable,Very High,0.03759938576591548,0.28,-5.501503120917405,0.10721530603990384,INSUFFICIENT_LIQUIDITY,71.8,
CSWC,Unknown,1442286208.0,True,4370178997.511534,66.38703220439037,0.3300290923601222,5,Narrow,Stable,Medium,0.08423897498319943,0.18087371625299586,0.08432024640412329,0.061131729817591685,WATCH,71.8,
SOHU,Unknown,398065888.0,True,1984353051.7608078,70.28239185948884,0.20060235130375506,5,None,Negative,High,-0.1,0.03,-0.2486601532818024,0.09,INSUFFICIENT_LIQUIDITY,71.8,
ELA,Consumer Discretionary,611180224.0,True,513186892.23772174,19.753644066413884,1.1909505742342406,2,Wide,Negative,Medium,0.1753292813172198,0.15517279083629348,0.24961720293174738,0.07449586252673318,INSUFFICIENT_LIQUIDITY,71.7,
TK,Unknown,1005856704.0,True,3669368049.493849,42.31988147993189,0.27412259834189906,5,None,Positive,High,-0.1,0.03,0.0408836159661823,0.09,WATCH,71.7,
INDV,Health Care,4446265856.0,True,7581752350.86389,59.23244024112414,0.5864430345701516,5,Narrow,Stable,Medium,-0.0077913604098265865,0.06469587683785805,9.20836820083682,0.07288795624333787,WATCH,71.6,
ASO,Consumer Discretionary,3338296064.0,True,10929728674.243225,160.65097854371675,0.30543265651845136,5,Narrow,Negative,Low,-0.1,0.03,0.25262266947007533,0.06227224065807379,WATCH,71.6,2.05263
ESOA,Industrials,278402432.0,True,397319344.3646979,23.81113543170147,0.7007019314530417,4,None,Positive,High,0.19544739085960894,0.25,0.06858537118421643,0.08041345575423992,INSUFFICIENT_LIQUIDITY,71.6,
MYRG,Industrials,6939387904.0,True,2202647265.118844,140.03733645615387,3.1504762536844884,1,Narrow,Stable,Low,0.21619784680376275,0.0607732923748089,0.10960474123808808,0.06481203140426493,WATCH,71.6,2.14286
DCOM,Financials,1666607616.0,False,10116527549.162285,235.14095330883166,0.16474107423727682,5,Wide,Negative,Medium,-0.1,0.11175525611802666,0.22068014277228842,0.06493716528832222,WATCH,71.6,
AD,Communication Services,4361047040.0,True,-415023992.32972336,-4.754378842859374,,,None,Negative,Very High,0.4,0.03,0.007307131470335574,0.10108782869623172,WATCH,71.6,2.6
DAL,Industrials,52178493440.0,True,863536776238.1449,1320.392624217347,0.06042417054581853,5,Wide,Positive,Medium,-0.1,0.14184663352340712,0.15675402100676955,0.06828359804105269,WATCH,71.6,1.30769
BWFG,Financials,427920544.0,False,2209982202.8933067,282.3796494494583,0.19363076473637064,5,Narrow,Positive,Medium,-0.1,0.16040758945148048,0.10887737035828671,0.0656693932622854,INSUFFICIENT_LIQUIDITY,71.6,
JHG,Financials,7974953472.0,False,25665650358.437622,168.07891524844547,0.31072477652522146,5,Narrow,Positive,Medium,-0.1,0.10273031814022908,0.12800842092054232,0.07350927730000051,CORP_ACTION_REVIEW,71.5,2.5
LOCO,Consumer Discretionary,420892224.0,True,2017950855.1624823,68.64504562089671,0.2085740705345921,5,Narrow,Stable,Low,-0.1,0.03,0.07630901295714212,0.06260691202410229,INSUFFICIENT_LIQUIDITY,71.4,
AEO,Consumer Discretionary,2754905600.0,True,5842324275.444809,33.16845183940598,0.4715427405457143,5,Wide,Stable,Medium,-0.07286054199576236,0.03,0.22229624545297144,0.075,WATCH,71.4,2.91667
VNCE,Consumer Discretionary,56399620.0,True,176693198.74158156,13.513006807282924,0.3191951948444033,5,None,Positive,Very High,-0.1,0.03,-0.13347758989535466,0.09292685945805007,INSUFFICIENT_LIQUIDITY,71.4,1.0
ELV,Health Care,90237485056.0,True,283761360771.27216,1263.4076614927521,0.3180048362142461,5,Narrow,Stable,Low,-0.07846874595274128,0.08805729548527896,0.10779448655359063,0.059352538286885255,WATCH,71.3,1.77273
MUSA,Consumer Discretionary,10094413824.0,True,8888436554.545382,455.21031212462265,1.135679347211845,2,Wide,Negative,Medium,0.045765459459635546,0.03,0.199405291537937,0.06939106031913189,WATCH,71.3,2.5
PLXS,Information Technology,7304770560.0,True,3499150161.585481,126.70734942009999,2.0875841912112096,1,Narrow,Negative,Low,0.1494953829771476,0.03,0.12675917006606516,0.06460105625402698,WATCH,71.2,2.2
TDC,Information Technology,3171170048.0,True,5485427477.961033,56.78496353996928,0.578108098364422,5,Wide,Positive,Low,-0.035177346946655,0.03,0.2550882082519251,0.06180991200109727,WATCH,71.2,3.0
ZIM,Unknown,3041912064.0,True,29147121754.750008,241.8530076113472,0.10436406344322043,5,Narrow,Negative,High,-0.1,0.03,0.7511363182288698,0.08866087520919586,WATCH,71.2,3.0
CBL,Financials,1498654592.0,False,2222995321.274601,72.07922315341918,0.6741600297839201,5,None,Positive,High,-0.01648298932132898,0.03,0.03344049447872246,0.0624617235911701,WATCH,71.1,
DBD,Information Technology,2809747712.0,True,1603478013.5497065,43.10424767606738,1.7522832793821155,1,None,Positive,Medium,0.10409737007242204,0.03,0.008269047438024334,0.06710039536469142,WATCH,71.1,
MD,Health Care,1856776448.0,True,9059308737.086548,106.24511818134057,0.20495785074625184,5,None,Negative,Medium,-0.1,0.03,0.06238519469285619,0.06732064587885919,WATCH,71.0,
TTE,Unknown,197041930240.0,True,223007941440.36652,100.71032106223616,0.8835646343683686,4,Narrow,Stable,Medium,-0.007501190242458156,0.03,0.0821138791639292,0.06750247395941618,WATCH,70.9,
PLGO,Unknown,1864684288.0,True,4981877991.405383,46.67256022636562,0.37429344741418974,5,None,Stable,Medium,-0.1,0.03,0.1323775755572445,0.06517573973973292,WATCH,70.8,2.88889
CUBI,Financials,2498659328.0,False,14208156957.81965,424.90672843555336,0.1758609040861439,5,Narrow,Negative,Medium,-0.1,0.07980848682501099,0.044231545152020296,0.06220146480204705,WATCH,70.7,
RBB,Financials,406461312.0,False,2265166440.5579433,129.4356415312136,0.17943993197245262,5,Narrow,Positive,Medium,-0.1,0.05828959187143638,0.18538474373592145,0.06254029506261724,INSUFFICIENT_LIQUIDITY,70.7,
BELFA,Information Technology,2952176896.0,True,961266012.9408355,454.49929689874017,3.0711341670848213,1,Narrow,Positive,Medium,0.18798450271138417,0.04449775774072702,0.08766807270493479,0.07302166215591403,WATCH,70.7,
PAHC,Health Care,1315513728.0,True,2703864067.3195267,66.46993626332481,0.4865310145950249,5,Narrow,Negative,Medium,0.05885640903618439,0.1305854880051599,0.10347015810489174,0.06385334483898075,WATCH,70.7,
KYNB,Health Care,27162832.0,True,108708570.71812066,26.888095651278917,0.24986835739412605,5,None,Stable,Very High,-0.1,0.03,-1.46416944420468,0.11,INSUFFICIENT_LIQUIDITY,70.7,
OBT,Financials,467667712.0,False,2131888143.2534637,170.4285474203913,0.21936784698576853,5,Narrow,Stable,Medium,-0.1,0.15851424223040853,,0.07282922949530009,INSUFFICIENT_LIQUIDITY,70.7,
WLYB,Communication Services,2282076928.0,True,4590076294.516401,83.71468711501736,0.49717625189069625,5,Narrow,Negative,Medium,-0.05561733387770336,0.03,0.09206640033008315,0.06681500028579478,WATCH,70.6,
NSYS,Information Technology,44237472.0,True,14452893.871709581,5.205098848880527,3.0608037665447347,1,None,Negative,Medium,0.1803670208337672,0.03,0.013498272145839863,0.07021946518619085,INSUFFICIENT_LIQUIDITY,70.6,
CYD,Industrials,2129539968.0,True,5110462318.031298,136.21244356374194,0.4167020194017128,5,Narrow,Negative,Low,-0.1,0.08742693088669512,0.11073919779450728,0.06242708306948218,WATCH,70.6,
JVA,Consumer Staples,24461350.0,True,37197481.864631,6.51604393032879,0.6576076866982474,5,None,Positive,Medium,0.08036000320721284,0.140066956499995,0.03207951872180713,0.0687440493455714,INSUFFICIENT_LIQUIDITY,70.6,
FCFS,Consumer Discretionary,9882543104.0,True,6531290552.854357,146.6848707014858,1.5131072525446065,1,None,Negative,Medium,0.1958782393181927,0.13956694516660678,0.06668006651269984,0.06923734805709379,WATCH,70.6,1.66667
CGEN,Health Care,198627728.0,True,1399466786.2197857,14.917289858601796,0.14193100540565856,5,Narrow,Stable,Very High,-0.1,0.28,-5.894524187429011,0.11,INSUFFICIENT_LIQUIDITY,70.5,1.0
MKSI,Health Care,20374685696.0,True,10855654707.51721,160.34940483777268,1.876873044045068,1,Narrow,Negative,Medium,0.13575721547009656,0.061359550643621794,0.08587013807286195,0.06960680155013649,WATCH,70.5,1.75
SSSSL,Unknown,,True,1792761514.8339603,62.27223201954769,,,None,Negative,High,,0.13731930275999804,0.03773090828453237,0.04345,INSUFFICIENT_LIQUIDITY,70.5,
PLUS,Industrials,2152798464.0,True,3242165485.2030487,122.94435118892149,0.6640001794557305,5,Narrow,Negative,Low,-0.021879429071162693,0.0692765766337787,0.16262233564447376,0.065,WATCH,70.5,1.0
NATL,Information Technology,3258177536.0,True,5480530096.69562,72.49378434782565,0.5945004367304644,5,Narrow,Stable,Medium,-0.033223055839473103,0.03,0.1035167638483965,0.06053651392776984,WATCH,70.4,
CMRE,Industrials,1930606336.0,True,4080244552.4424915,33.94578609200615,0.47315946659234237,5,Narrow,Positive,High,-0.0783318585742156,0.03,0.074316778723928,0.06953363861862141,WATCH,70.4,1.0
ADEA,Communication Services,3196312832.0,True,2328438901.9767,20.651892307349197,1.3727278088707973,1,Narrow,Stable,Medium,0.10060658118105048,0.04623953194952782,0.13402273835366316,0.07134769701239752,WATCH,70.4,
PLOW,Industrials,1028145984.0,True,1157510320.7034566,49.003637739528564,0.8882391505374763,4,Narrow,Negative,Medium,0.03580352651478613,0.05932070267103588,0.1109742811564845,0.07103981379697703,WATCH,70.4,
KMT,Industrials,2486735872.0,True,1576548088.3985243,20.239660158658232,1.577329540595273,1,None,Positive,Medium,0.10450726299187918,0.03,0.06843634025193991,0.06888572526556899,WATCH,70.3,3.625
BVS,Health Care,612442368.0,True,2211683725.4764714,32.09297098220162,0.2769122731904442,5,None,Positive,High,-0.1,0.06412439431369617,0.014230630367015992,0.07490344310418652,INSUFFICIENT_LIQUIDITY,70.3,
AMKR,Information Technology,16099318784.0,True,9155404308.984478,36.84949450998768,1.758449789945513,1,Narrow,Negative,Low,0.12383791568481939,0.03,0.10375331939162116,0.06322480342582205,WATCH,70.3,
BWA,Industrials,14897498112.0,True,18412896957.681564,85.08732420370409,0.8090795351887854,5,Narrow,Negative,Low,-0.005585370568682413,0.03132234188520781,0.08902742863390484,0.06052983489268366,WATCH,70.3,2.13333
WTM,Financials,5114670080.0,False,90923432498.265,35877.13865693288,0.056252496627836816,5,Narrow,Positive,High,-0.1,0.28,0.03230716252585619,0.0834535433792056,WATCH,70.2,
BUSE,Financials,2332637952.0,False,32957463282.880463,387.1262723248797,0.07077722978793921,5,Narrow,Stable,Medium,-0.1,0.2750584538300277,,0.07150567801526647,WATCH,70.2,2.28571
BELFB,Information Technology,3734313984.0,True,952723956.0954299,450.46049933590064,3.9196180174837036,1,Narrow,Positive,Medium,0.21913775559503723,0.04449775774072702,0.08766807270493479,0.07341520351029912,WATCH,70.1,1.16667
COHN,Financials,28797214.0,False,30721068380.883835,5133.911276144325,0.0009373767097865335,5,Narrow,Negative,High,-0.1,0.28,0.004746630482319731,0.046351014949441556,INSUFFICIENT_LIQUIDITY,70.1,
JOE,Real Estate,3724170240.0,False,2579174548.300918,44.49926494571903,1.443938814630972,1,None,Stable,Medium,0.22179414387586394,0.16578277502612382,0.0478658555385172,0.07050791563560826,WATCH,70.1,
JAZZ,Health Care,14968555520.0,True,19665454034.08055,322.4849384903585,0.7611599251183955,5,Narrow,Positive,Medium,0.02445863709343754,0.07221815067471282,0.09553485529701852,0.06668320132773788,WATCH,70.1,1.63158
KFY,Information Technology,3752474112.0,True,16446858937.721996,311.4581475158504,0.22815749354993517,5,Wide,Positive,Medium,-0.1,0.058655075462291026,0.14208985607457922,0.07197640108299172,WATCH,70.1,1.4
OBE,Unknown,738551104.0,True,1173499065.430589,16.34399812577422,0.6293580674723463,4,None,Negative,Very High,-0.0578815785735986,0.03,-0.07332144579246257,0.0999695699671874,INSUFFICIENT_LIQUIDITY,70.1,3.33333
UFCS,Financials,1160428416.0,False,1156834257.859439,43.897775470189536,1.0031068911697096,3,None,Positive,High,0.09125562212984784,0.09070977227460202,0.020389055239304614,0.0847914725283305,WATCH,70.0,
BLBD,Consumer Discretionary,2205134336.0,True,8072845325.281284,245.49883793412843,0.2731545381024832,5,Wide,Positive,Medium,0.021689043160995028,0.18493909990758936,0.6605613422823061,0.07375853891342422,WATCH,70.0,1.57143
DWSN,Energy,123590304.0,True,5402354.182392683,0.17417514301261983,22.877119830981222,1,None,Positive,Very High,0.4,0.14718578903587132,-0.28818680775491035,0.10172240599371274,INSUFFICIENT_LIQUIDITY,70.0,
PANL,Industrials,471641600.0,True,508134961.2987529,7.8532872771567135,0.9281817546947001,3,None,Negative,Medium,-0.009404530178566517,0.03120848745091394,0.059223882433063896,0.06108384152086049,INSUFFICIENT_LIQUIDITY,70.0,
DVA,Health Care,12333790208.0,True,27038637897.754074,356.31070564346146,0.45615427280915244,5,Narrow,Positive,Medium,-0.04104756246980319,0.04861859741241133,0.13760760515178028,0.06066287384228217,WATCH,70.0,
AROC,Utilities,5993946624.0,True,21804729148.89478,124.77456266212756,0.2748920467239015,5,Narrow,Positive,High,0.06281476063742394,0.19563874433007564,0.04234499415882391,0.05881847287107736,WATCH,69.9,1.375
ONDS,Information Technology,5316354560.0,True,662808191.3789694,2.9887323808962,8.020954823957966,1,None,Negative,Very High,0.4,0.25,-0.6580857485034786,0.10988767832430295,WATCH,69.8,1.25
NMRK,Real Estate,3640947712.0,False,19251156579.128986,75.95642761542311,0.1891287776417189,5,None,Negative,Medium,-0.1,0.08096812771676536,0.058234439709037016,0.06551896666607028,WATCH,69.8,
LEVI,Consumer Discretionary,8664953856.0,True,15656841345.61201,39.16665498170531,0.5534292431486152,5,Narrow,Negative,Medium,-0.055587473181567607,0.03,0.21730352267166492,0.07162136848956407,WATCH,69.8,1.6
STLD,Materials,38721130496.0,True,31907140123.04593,215.0018875707254,1.2135569138028905,1,Narrow,Negative,Medium,0.06509612639746243,0.03,0.17645462191106132,0.07190530875872311,WATCH,69.8,2.0
IHS,Unknown,2794369536.0,True,8452728840.709675,25.2285621697011,0.3305878596911657,5,Narrow,Positive,High,-0.08214208778512405,0.03,0.19406718706559173,0.0649349624105931,WATCH,69.8,
GCO,Consumer Discretionary,421143424.0,True,3476780395.256332,327.25719081855533,0.12113029185697259,5,None,Negative,Medium,-0.1,0.03,0.06339820376568771,0.07474887675191452,INSUFFICIENT_LIQUIDITY,69.8,2.5
AER,Information Technology,21593399296.0,True,50611120218.72327,287.3743634088881,0.4266532572818188,5,Narrow,Positive,High,0.049239567073587426,0.09668290082724078,0.04904176291339963,0.05887652668226982,WATCH,69.7,1.5
AENT,Industrials,283928704.0,True,348929950.4503343,6.839544771422478,0.8137126194915549,4,Narrow,Negative,Medium,-0.012683481525860574,0.03,0.10452052242220763,0.06874046365269984,INSUFFICIENT_LIQUIDITY,69.7,1.33333
AGCO,Industrials,8429076992.0,True,11915642541.193727,159.94151062005002,0.7073959262255246,5,Narrow,Negative,Low,-0.0298212519158172,0.03,0.09256453788169142,0.060161008718064436,WATCH,69.7,2.66667
AVAH,Health Care,1454604672.0,True,1974079007.5329165,9.18265973668552,0.736852307556766,4,None,Positive,Very High,0.08322496658363676,0.11158295881136282,0.006155465172231765,0.07553312087248727,WATCH,69.7,1.72727
RBKB,Financials,181827200.0,False,682748731.6039095,62.309214498503614,0.2663164229874914,5,Narrow,Stable,Medium,-0.1,0.08955710779213169,0.14198239799011364,0.07049241521444814,INSUFFICIENT_LIQUIDITY,69.7,
KEYS,Information Technology,56366415872.0,True,15186542783.471672,87.78348429752411,3.7116028760243305,1,Wide,Negative,Medium,0.1924729402664614,0.03,0.19130866199853142,0.07364266323392793,WATCH,69.6,
RILYN,Financials,,False,11016457349.39255,360.5421151866088,,,Narrow,Negative,High,,0.03,0.1447723135720684,0.04345,INSUFFICIENT_LIQUIDITY,69.6,
PBYI,Health Care,357823200.0,True,848734701.8377869,16.75576885782086,0.4215960526006493,5,Narrow,Positive,High,-0.1,0.03,0.14568632711770932,0.08724344386771841,INSUFFICIENT_LIQUIDITY,69.6,
DIOD,Information Technology,4643174912.0,True,2835848489.371997,61.09898930003872,1.6373141687228285,1,Narrow,Negative,Medium,0.12152028369451792,0.03,0.10321957407182736,0.07462448348503695,WATCH,69.5,
PRVA,Health Care,2725647616.0,True,43610452686.80972,338.3544741790945,0.06249986982649209,5,Wide,Positive,Medium,-0.1,0.1831340287126536,3.9211882588844653,0.075,WATCH,69.5,1.42857
OGN,Health Care,3508347392.0,True,18792130989.922806,72.06566470035283,0.18669236575039494,5,Narrow,Negative,Medium,-0.08726929784297255,0.03,0.1583496600207445,0.052558393353737326,WATCH,69.5,
COLL,Health Care,1082639616.0,True,12084282835.963375,304.377015760093,0.08959072132754252,5,Narrow,Positive,High,-0.051795728622005266,0.2468948360747113,0.1490888683293156,0.07008732381599678,WATCH,69.5,
NHC,Health Care,3001001728.0,True,14911238822.605103,953.01781302469,0.2012577065998399,5,Narrow,Stable,Low,-0.1,0.11537255967620066,0.07476187866012626,0.06471654077271213,WATCH,69.4,
APYX,Health Care,187176560.0,True,95217606.82823199,2.31701196807962,1.9657767742226242,1,None,Negative,Very High,0.16099683173114754,0.03,-0.8804755123024098,0.09954601389831584,INSUFFICIENT_LIQUIDITY,69.4,
NPKI,Information Technology,1205903744.0,True,288679451.8260399,3.367741712176296,4.177310634241765,1,None,Positive,High,0.2801138769610586,0.03,0.024036764589213597,0.08935807320097773,WATCH,69.4,
RILYG,Financials,,False,11016457349.39255,360.5421151866088,,,Narrow,Negative,High,,0.03,0.1447723135720684,0.04345,INSUFFICIENT_LIQUIDITY,69.4,
SPNT,Financials,2553015040.0,False,8578755478.80122,70.5211096996723,0.297597366693654,5,None,Positive,High,-0.1,0.09346887596368862,0.0882870160261519,0.08011161732517134,WATCH,69.4,2.0
VSXY,Consumer Discretionary,5925154304.0,True,8604003725.49355,103.66269548787409,0.6886508296647811,5,Narrow,Negative,Low,-0.02530032879346701,0.03,0.18013547352428114,0.06195495940028184,WATCH,69.4,2.11111
KOP,Materials,784850816.0,True,1582557684.8165088,77.55734794494039,0.4959382040415167,5,Narrow,Positive,Medium,-0.042678027479881975,0.03,0.08572545235561903,0.05798128217321895,INSUFFICIENT_LIQUIDITY,69.3,
MGA,Unknown,17991319552.0,True,32018128126.17984,113.33850664134457,0.5619104115361846,5,Narrow,Stable,Low,-0.05664385258789889,0.03,0.10675593321976717,0.06052736771521789,WATCH,69.3,2.4
ATLC,Financials,1271423488.0,False,21346954599.19472,1113.2701225134144,0.05955994716211006,5,Narrow,Negative,Very High,0.0714337135745563,0.22505871776587905,0.05048916660107552,0.05431352383618626,WATCH,69.3,
BOTJ,Financials,104269632.0,False,857571366.3397136,188.75359181723076,0.12158711926803677,5,Narrow,Stable,Low,-0.1,0.10680498014986767,,0.06332350647454038,INSUFFICIENT_LIQUIDITY,69.3,
FTDR,Information Technology,4469750272.0,True,10151179311.492216,136.2574404227143,0.4403183250777342,5,Wide,Negative,Low,-0.013811413856019583,0.07521745530878995,0.46024110892358683,0.06052024300535978,WATCH,69.3,
SANM,Information Technology,13510917120.0,True,6043678547.661142,109.5305837047581,2.2355452914067744,1,Narrow,Stable,Low,0.1623395398647695,0.03,0.12281387734261502,0.06453116853735151,WATCH,69.1,
CCSI,Information Technology,616331328.0,True,2020384419.9904613,103.88028131959933,0.3050564644538834,5,Narrow,Negative,Medium,-0.08912956577045145,0.03,0.2351317901707632,0.06000337360082869,INSUFFICIENT_LIQUIDITY,69.1,
INFU,Health Care,186478944.0,True,294976868.44945014,13.981720261354965,0.6321815842043109,5,None,Positive,Medium,-0.023638056917502148,0.07991388419149814,0.03373588121704112,0.07199584230178535,INSUFFICIENT_LIQUIDITY,69.1,
MFC,Unknown,64602750976.0,True,451063886071.98096,264.0889262716516,0.14322306212227034,5,Narrow,Positive,High,-0.1,0.052549141692116046,0.3005158296973613,0.08628733788710917,WATCH,69.1,
GSK,Unknown,103309352960.0,True,197750121651.90906,48.032577520502564,0.522423713811165,5,Narrow,Positive,Medium,-0.035002600754753976,0.06927517472269669,0.13613671992149393,0.06770519164894434,WATCH,69.0,2.875
PUK,Unknown,31893561344.0,True,43456857244.000656,16.765762825617536,0.7339132041906459,4,Narrow,Positive,High,-0.028953990014113418,0.038443183505753785,0.40036603078744265,0.0833774632902468,WATCH,69.0,1.33333
RUN,Information Technology,3185825536.0,True,-12502869808.79206,-47.27608495941641,,,None,Negative,Extreme,0.4,0.15605185323081786,-0.05375576621385894,0.059710007251073574,WATCH,69.0,2.04545
UVE,Financials,1042201152.0,False,5718230041.888713,197.4799710556953,0.18225939571605,5,Wide,Positive,Medium,-0.1,0.0855228949809717,0.3402971796713057,0.0722256715969079,WATCH,69.0,
STRS,Real Estate,220402992.0,False,-63553270.38290834,-7.800818753272166,,,None,Stable,Very High,0.4,0.13516476483018203,-0.024975283970993384,0.08381718252019338,INSUFFICIENT_LIQUIDITY,68.9,
CVS,Health Care,122399703040.0,True,325408224417.5782,256.0253535936886,0.37614200826999167,5,Narrow,Negative,Low,-0.06107324798563313,0.07319271493416242,0.06964798297851843,0.05755770599527396,WATCH,68.9,1.5
HUM,Health Care,42031128576.0,True,148002412419.8977,1224.9218911484093,0.2839894829332475,5,Narrow,Negative,Low,-0.07243825775912163,0.11166500996510526,0.11295056514949003,0.060100159558858175,WATCH,68.9,2.57692
TS,Unknown,31016132608.0,True,23999244526.51557,22.72808543615676,1.2923795402697704,2,None,Positive,High,0.10771375065087818,0.05760718507289342,0.05902259859044082,0.08954564123746475,WATCH,68.8,2.16667
THC,Health Care,13959361536.0,True,142251163131.33688,1566.0735980462705,0.0981317918863811,5,Narrow,Positive,Medium,-0.1,0.03,0.07874349195141431,0.05963507239625396,WATCH,68.8,
COKE,Consumer Staples,11975582720.0,True,14330853821.078499,170.99829156369395,0.8356503296674302,4,Wide,Positive,Medium,0.03503829223138444,0.057499016863951355,0.19932468734983705,0.06904242992111541,WATCH,68.8,
CHCI,Real Estate,169687648.0,False,536292609.1284684,51.22183468275725,0.31640870135383775,5,Wide,Negative,High,0.00796419807698208,0.1896890758090819,0.4030296846596458,0.09,INSUFFICIENT_LIQUIDITY,68.8,
TWIN,Industrials,287158496.0,True,202102927.15673634,14.585950285561227,1.42085273103096,1,None,Positive,Medium,0.17075157872214664,0.1141014939889438,0.04400078982950059,0.07188604111851579,INSUFFICIENT_LIQUIDITY,68.7,
APT,Health Care,52412864.0,True,70583220.86743462,6.690074305669614,0.7425683236875638,5,Narrow,Negative,Medium,-0.05460765825770236,0.03,0.09400170612709899,0.075,INSUFFICIENT_LIQUIDITY,68.7,
CODA,Health Care,133058592.0,True,152998519.24967855,13.596645066425458,0.8696724167824229,4,Narrow,Negative,Medium,0.06977398193801077,0.10245546771660052,0.15469150476273447,0.075,INSUFFICIENT_LIQUIDITY,68.7,
CVE,Energy,52625190912.0,True,36144096085.35124,19.860910303232632,1.455983040431556,1,Narrow,Positive,Medium,0.0808163536833445,0.03,0.05671084168975413,0.07081975637859793,WATCH,68.7,1.47059
RILYT,Financials,,False,11016457349.39255,360.5421151866088,,,Narrow,Negative,High,,0.03,0.1447723135720684,0.04345,INSUFFICIENT_LIQUIDITY,68.6,
TILE,Consumer Discretionary,1749813632.0,True,1913878198.2225056,32.34978868568516,0.9142763806103864,3,Narrow,Positive,Medium,0.013931688766191806,0.04145686011974452,0.10846406596503054,0.07203384109730827,WATCH,68.6,1.33333
OVV,Energy,15933754368.0,True,33347873575.757034,128.40921669525235,0.4778042093689413,5,Narrow,Negative,High,-0.07086020052546188,0.03,0.11562827176672599,0.07854296393760966,WATCH,68.5,1.625
DELL,Information Technology,256183238656.0,True,106691662622.11682,155.9819628978316,2.401155182700228,1,Narrow,Positive,Medium,0.1857733571454951,0.07076642651772688,0.16799773463869602,0.07154512619497078,WATCH,68.5,1.77778
SKYT,Information Technology,1720684928.0,True,127585867.096183,2.6194027078956847,13.486485354234645,1,None,Positive,High,0.4,0.25,-0.13776608142692512,0.08465333707741815,WATCH,68.5,
AMN,Information Technology,1229129984.0,True,2987965733.1723347,77.56719018645245,0.4113601338710896,5,Narrow,Negative,High,-0.059533670830148405,0.03,0.13187809275762846,0.07211270337629529,WATCH,68.5,2.55556
FSTR,Industrials,434139776.0,True,109947819.34791386,10.103640814915812,3.9485983312340913,1,None,Positive,Medium,0.230870845928126,0.03,0.046658914049869916,0.07217139075687683,INSUFFICIENT_LIQUIDITY,68.5,
DAC,Industrials,2351349248.0,True,8631150595.192211,467.0459964473637,0.2724259323327954,5,Narrow,Stable,Medium,-0.1,0.07922776355712409,0.08479765114560069,0.06460680391722448,WATCH,68.5,2.0
HLIO,Materials,2685677312.0,True,1465935202.8068948,44.02207816236921,1.8320573152603252,1,Narrow,Negative,Medium,0.12058448169190383,0.03,0.07535131221333279,0.07120607603624644,WATCH,68.5,1.33333
KNOP,Unknown,370753920.0,True,2924316212.017514,76.61696216771941,0.1267831154771779,5,None,Negative,High,-0.1,0.0888498389462026,0.05515710150133222,0.05646696568201118,INSUFFICIENT_LIQUIDITY,68.4,1.66667
CENTA,Industrials,2209374208.0,True,3662263197.233989,57.38875181750355,0.6032811103441944,5,Narrow,Negative,Low,-0.04836450472217729,0.03,0.09950342151704492,0.05744909830638577,WATCH,68.4,
TEL,Information Technology,62071640064.0,True,36868412533.00649,123.30572753513877,1.6835994771521634,1,Narrow,Negative,Low,0.11843041999578718,0.037277853318061244,0.1485931875912468,0.0631892637642895,WATCH,68.4,1.68421
ROST,Consumer Discretionary,73898336256.0,True,67739505178.657104,208.8044522423589,1.0909193396246328,2,Wide,Negative,Low,0.06169248122106541,0.05098948080680539,0.6736379936018569,0.06456634620848488,WATCH,68.4,1.57895
KN,Information Technology,3187990016.0,True,511432869.7186637,5.811737155893906,6.233447642412376,1,None,Negative,Medium,0.339237668546415,0.03,0.043349147071101934,0.07391074776647658,WATCH,68.4,
TRMK,Financials,2587435008.0,False,11611507584.98019,191.79259993029947,0.22283368365938283,5,Narrow,Stable,Medium,-0.1,0.09870292735030944,,0.06907243800097253,WATCH,68.4,
AVNS,Health Care,1172961024.0,True,1366926613.825643,29.523252998394018,0.8581009486070449,3,None,Negative,High,0.0038247831662064913,0.035470074647792726,-0.02305943641738979,0.08632633043977639,WATCH,68.3,
FIVE,Consumer Discretionary,10531828736.0,True,24842246382.651585,448.1169422935218,0.42394832471168276,5,Wide,Negative,Low,0.03192448685210629,0.14510811886565433,0.30773519949797384,0.065,WATCH,68.3,1.8
AYI,Information Technology,9156393984.0,True,11664360038.795124,368.64700985414885,0.7849889709805129,5,Wide,Stable,Low,0.02135216948635621,0.054566681909413536,0.18701955914892976,0.06307762189501585,WATCH,68.3,1.88889
ALV,Industrials,9549566976.0,True,16278489201.206314,211.6838647751146,0.5866371785467862,5,Narrow,Positive,Low,-0.03554763001722555,0.04884334349809669,0.13843476419820064,0.06103530147743202,WATCH,68.3,1.94444
LTM,Unknown,14145386496.0,True,44098134167.89024,0.07483062107306868,0.3207706349240478,5,None,Negative,High,-0.048229968468589235,0.2271805310903087,0.017205992718853473,0.0884993267476906,WATCH,68.3,1.5
VSH,Information Technology,7785253376.0,True,4012750392.6858234,29.562686612241492,1.940128992371528,1,Narrow,Negative,Medium,0.1300814162095142,0.03,0.1649102443542504,0.07156591443655087,WATCH,68.2,
LIVN,Health Care,3974990592.0,True,5745973234.489149,105.33792686238083,0.6917871750847792,5,None,Positive,High,-0.020544805806112454,0.08440250382636005,-0.014228592644025114,0.08597086322379756,WATCH,68.2,1.6
LVS,Consumer Discretionary,33297524736.0,True,181068326876.37512,261.2818569644663,0.18389480540533173,5,Narrow,Positive,High,0.04575638578950236,0.24260471317432025,0.1597756083143977,0.07503010646160543,WATCH,68.2,1.7
BWAY,Health Care,556884096.0,True,911681460.4016255,23.01905154735321,0.6108318751537125,5,Wide,Stable,High,0.14051694427374206,0.20390591715985074,0.30890700286142536,0.09,INSUFFICIENT_LIQUIDITY,68.1,1.0
RILYZ,Financials,,False,11016457349.39255,360.5421151866088,,,Narrow,Negative,High,,0.03,0.1447723135720684,0.04345,INSUFFICIENT_LIQUIDITY,68.1,
DGX,Health Care,22171387904.0,True,18478791973.369953,163.5291325076987,1.19982885980596,2,Narrow,Negative,Medium,0.07262738095396284,0.040251256496508604,0.10022484557525038,0.06857382525461132,WATCH,68.1,2.11111
NTR,Unknown,32257581056.0,True,25615769183.799515,52.651226026168644,1.2592860602601403,2,None,Negative,High,0.0861196978400417,0.03,0.050671375087486266,0.07837592059733169,WATCH,68.1,2.0
TGT,Consumer Staples,55670202368.0,True,95135068133.85207,208.81270442021963,0.5851701529206219,5,Narrow,Negative,Low,-0.04406489993440604,0.03,0.16664969571926674,0.06008324591678023,WATCH,68.1,2.55263
KE,Information Technology,587515200.0,True,690853800.5329045,27.615373567290423,0.8504190026121415,5,Narrow,Stable,Low,-0.010835465544653478,0.03,0.08108672762115288,0.06068598199315732,INSUFFICIENT_LIQUIDITY,68.1,
AZN,Health Care,288382812160.0,True,428138942260.0554,274.0966339693056,0.6735729542323055,5,Narrow,Positive,Medium,0.07065665429243972,0.1245452741616266,0.09822594057438108,0.07222427444673883,WATCH,68.0,1.4
MASI,Health Care,9364640768.0,True,5376176677.028996,99.19145160570105,1.7418774215536241,1,Wide,Negative,High,0.14218657007572,0.06979578948360401,0.29435735454082623,0.08756007523028889,CORP_ACTION_REVIEW,68.0,
ESCA,Consumer Discretionary,247110176.0,True,278684384.9837512,20.104197445083766,0.8867026260348525,5,Narrow,Negative,Low,-0.006477036445649315,0.03,0.08452655200243846,0.06350264594909781,INSUFFICIENT_LIQUIDITY,68.0,
PDS,Unknown,1203535360.0,True,756028944.7036717,56.66958584091685,1.591917040255291,1,None,Positive,Very High,0.1263452836794544,0.07050390910583254,-0.003944611132465455,0.09060800398147029,WATCH,68.0,1.8
DDL,Consumer Discretionary,535709952.0,True,19173283417.072605,67.82247867488971,0.027940438804705925,5,None,Stable,High,-0.1,0.05880195747914141,,0.08121792403210365,INSUFFICIENT_LIQUIDITY,67.9,
FAF,Financials,6829337600.0,False,34090689554.593067,328.74339011179427,0.2003285263286755,5,None,Stable,Medium,-0.1,0.03,,0.06666517997556705,WATCH,67.9,1.4
AMRX,Health Care,4386563072.0,True,3714036667.3999653,11.434665930019444,1.1810769426438756,2,None,Positive,Medium,0.12429032749863367,0.10668664385850515,0.02778417900559251,0.06317350725593567,WATCH,67.9,1.4
EBF,Communication Services,520891424.0,True,784052794.7161497,30.517038832035475,0.6643575885582783,5,Narrow,Positive,Low,-0.042257620596819395,0.03,0.16307613373579588,0.065,INSUFFICIENT_LIQUIDITY,67.9,
CAH,Health Care,48178487296.0,True,74373452936.84317,307.32831792083954,0.6477914550627689,5,Narrow,Stable,Low,-0.018616519931739857,0.06594622386792133,0.11918667531905688,0.06175945206077152,WATCH,67.8,1.47059
FDX,Industrials,78978834432.0,True,524103871668.43054,2156.8060562486853,0.15069309482599133,5,Narrow,Negative,Low,-0.1,0.03,0.09565465516953703,0.060545529364613646,WATCH,67.8,1.88889
DLTR,Consumer Staples,20908595200.0,True,19307161404.727463,93.58779158859652,1.0829450669470457,3,Narrow,Positive,Medium,0.047768470687476694,0.03,0.14185143892930294,0.07171297494986267,WATCH,67.8,2.73077
STNG,Unknown,3780419072.0,True,3773990755.7405577,77.09964472667491,1.0017033206161579,3,None,Positive,High,0.030365495384946206,0.03,0.034434529971384895,0.08362313652844677,WATCH,67.8,1.33333
HOG,Industrials,2578020864.0,True,14110356614.607857,116.36735705656463,0.1827041608098752,5,Narrow,Stable,Medium,-0.1,0.03,0.10405319489237494,0.05811835037994251,WATCH,67.8,2.625
BSET,Consumer Discretionary,122963672.0,True,416338570.273521,47.90157721995947,0.2953453770070278,5,None,Negative,Medium,-0.1,0.03,0.06182628983913235,0.075,INSUFFICIENT_LIQUIDITY,67.8,
FSLR,Information Technology,29980563456.0,True,37404995417.693695,347.83372623091304,0.8015122878966665,4,None,Positive,Medium,0.15348332544971,0.19520050883190213,0.06225621037677696,0.07448391099797735,WATCH,67.8,2.11765
LAUR,Consumer Discretionary,4734065664.0,True,3786685895.515364,25.470067635569336,1.250187048681971,2,None,Positive,High,0.13891193198596452,0.09953449149417812,0.05038337096734828,0.08877723485072546,WATCH,67.8,1.66667
CIEN,Information Technology,69107556352.0,True,7293561218.1236725,50.214538018586644,9.47514585608407,1,Narrow,Negative,Low,0.35745409668218364,0.05988947653528842,0.09268096412427959,0.06453151740439661,WATCH,67.8,2.05
SFWL,Unknown,70956104.0,True,960674218.4998744,11.644887022229074,0.07386073513120857,5,Narrow,Stable,Medium,-0.1,0.1902102644577237,0.07969989392359152,0.05731538607307114,INSUFFICIENT_LIQUIDITY,67.8,
VVX,Industrials,2659512576.0,True,5735857197.573179,180.25949709532304,0.46366436338848016,5,Narrow,Negative,Medium,0.09783483855009578,0.1806283069955937,0.11304471510426525,0.0657796253489681,WATCH,67.8,2.16667
CGNX,Health Care,10121631744.0,True,3666752345.5027094,21.649744906048458,2.7603805194027444,1,Wide,Negative,Medium,0.169479606198784,0.03,0.19225923530643083,0.075,WATCH,67.7,1.71429
BMY,Health Care,116949426176.0,True,160705748326.16205,78.81596288678864,0.7277239762366438,5,Narrow,Positive,Medium,-0.017611355782168825,0.03,0.11659752758367833,0.06621776930011077,WATCH,67.7,2.51724
ADUS,Health Care,1719025792.0,True,3791634590.863649,206.16794034384475,0.4533732749833482,5,Narrow,Positive,Low,0.033016471499317857,0.14323202950771102,0.07768314748067352,0.06358332174193318,WATCH,67.7,1.57143
UE,Real Estate,3038836736.0,False,1800366665.4177752,14.299178484260407,1.6878988010449738,1,None,Negative,Medium,0.10822521663820231,0.04146327996091355,0.04414544283476943,0.06408782449051065,WATCH,67.7,2.14286
MRAM,Information Technology,554769664.0,True,85689916.8533752,3.796922909955644,6.4741533703349425,1,None,Negative,Very High,0.4,0.03,-0.4974698225871785,0.10978667789347263,INSUFFICIENT_LIQUIDITY,67.6,
WST,Health Care,22218668032.0,True,9606337261.691858,132.13668860649048,2.312917756968994,1,Wide,Negative,Medium,0.15206456670062962,0.03,0.19853304753966694,0.07471463331522858,WATCH,67.6,1.4
CTOS,Information Technology,2201549824.0,True,2295862663.9038525,10.115625804777242,0.9589205219516553,3,None,Positive,High,0.08638773876345474,0.08998624270549165,0.04023329210491318,0.06620266087360756,WATCH,67.6,1.33333
ESEA,Industrials,468722176.0,True,4652916782.60354,669.7601390447982,0.10073727898003076,5,Wide,Stable,High,-0.1,0.18768910303460545,0.1211000992520245,0.07527778874403726,INSUFFICIENT_LIQUIDITY,67.5,1.33333
ADI,Information Technology,195511877632.0,True,38265566764.07207,77.0381989536571,5.1093422668331705,1,Wide,Stable,Medium,0.21199293239894845,0.043172674696524374,0.07726045621872746,0.0736719082083006,WATCH,67.5,1.55882
KLIC,Information Technology,5136995328.0,True,1175529516.6086326,22.09932729134722,4.369941592636549,1,Narrow,Negative,High,0.31815417187217265,0.03,0.19118043668763118,0.09,WATCH,67.5,
VLGEA,Consumer Discretionary,592527680.0,True,988236049.5993552,69.03982461920883,0.5995811225872797,5,Narrow,Positive,Low,-0.061160618245434506,0.034363371128697695,0.09685444477614918,0.06251389469743357,INSUFFICIENT_LIQUIDITY,67.5,
TG,Materials,269065696.0,True,697396190.0920154,20.077621709860814,0.3858146915951736,5,Narrow,Negative,Medium,-0.09797663690504935,0.03,0.12330460497091825,0.07136397697787343,INSUFFICIENT_LIQUIDITY,67.4,
NWPX,Materials,1134854144.0,True,756101244.4294777,76.08948821872575,1.5009288139134243,1,None,Stable,Medium,0.1768541326430298,0.10768926912546739,0.06907045264587597,0.0746766321182385,WATCH,67.4,3.0
WMK,Consumer Discretionary,1935522304.0,True,2289321220.238788,89.12919370572175,0.84545684847062,5,Narrow,Negative,Low,-0.015543241480425907,0.03468079350671731,0.08884339656267662,0.065,WATCH,67.4,
ATNI,Communication Services,396056960.0,True,1476928374.9219282,97.05141115270916,0.2681626047173316,5,None,Stable,High,-0.1,0.03,0.011277572932843954,0.06187094179184894,INSUFFICIENT_LIQUIDITY,67.4,
EFXT,Industrials,2947916800.0,True,3129081999.4872007,25.428067944903532,0.9421027638403563,3,None,Positive,Medium,0.15231972438829133,0.1611598218957598,0.07847027799089931,0.06979814935014898,WATCH,67.4,1.66667
HVT,Consumer Discretionary,364237824.0,True,1660401399.4957538,100.07240835919441,0.2193673313637384,5,Narrow,Negative,Medium,-0.1,0.03,0.11881260827139228,0.075,INSUFFICIENT_LIQUIDITY,67.3,
ELUT,Health Care,44150768.0,True,44635910.51563642,0.9715542619483756,0.9891311164030927,3,None,Stable,Very High,0.01985875138034776,0.03,-0.8191485578119999,0.11,INSUFFICIENT_LIQUIDITY,67.3,
MCY,Financials,5620283904.0,False,15281437362.668629,275.8929997412596,0.36778503033555726,5,Narrow,Positive,Medium,-0.07490130419040458,0.11915856025774642,0.10215385191889732,0.0720739499347275,WATCH,67.3,
UNH,Health Care,362776428544.0,True,1008530746436.5574,1107.0589971861223,0.35970785206677963,5,Narrow,Stable,Low,-0.04703492028814822,0.1104805908935862,0.1643654790195503,0.0611708628085949,WATCH,67.3,1.64286
MT,Unknown,51108356096.0,True,65383187642.56583,85.35664183102588,0.7816742795624634,5,None,Negative,Low,-0.041645977623869956,0.03,0.05638917656766459,0.06052087936695095,WATCH,67.2,2.0
MTZ,Industrials,28754065408.0,True,24127069872.00551,306.59351249149245,1.1917761071087694,1,Narrow,Negative,Low,0.1522723456891376,0.13152016406170658,0.09209191145291293,0.06338421665857609,WATCH,67.2,1.25
BDX,Health Care,41650692096.0,True,22559742220.099022,78.19424080392301,1.8462397171760405,1,None,Stable,Medium,0.10792047747720013,0.04491391695427236,0.05136352783274622,0.06505259719143326,WATCH,67.2,2.2
JBSS,Consumer Staples,881510912.0,True,1621662461.5876026,138.31478772471152,0.5435847057451175,5,Narrow,Stable,Low,-0.03865206781126235,0.06037921177629207,0.16989831114247345,0.06334389597616369,INSUFFICIENT_LIQUIDITY,67.2,
CMPR,Communication Services,2291144192.0,True,4165787652.7747545,162.4920852364263,0.5499906339378366,5,Narrow,Positive,Medium,-0.016735782537058708,0.06373842904701088,0.07398062816205415,0.06209757639671616,WATCH,67.2,1.5
AES,Utilities,10462023680.0,True,26978055336.36241,37.78439122739834,0.3877975469157981,5,Narrow,Negative,Medium,-0.03533556467298743,0.03,0.04513435348138345,0.04891653931227964,WATCH,67.2,
ARCO,Consumer Discretionary,1727437056.0,True,39738352813.38116,188.63465374178614,0.04347027326755017,5,Wide,Positive,Medium,-0.1,0.10664691563396031,0.1548241705255021,0.06234750082906698,WATCH,67.1,1.77778
FLXS,Consumer Discretionary,232068128.0,True,248798956.66777396,43.81806211126699,0.9327536220736048,3,None,Positive,Medium,-0.0161889569247467,0.03,0.07294510818401145,0.075,INSUFFICIENT_LIQUIDITY,67.1,1.0
INNV,Health Care,990875776.0,True,1508104340.7882748,11.139165197187252,0.6570339658873183,5,None,Negative,Medium,-0.0007386756298981001,0.09091045093769315,-0.09003899877254859,0.07284941949827854,INSUFFICIENT_LIQUIDITY,67.1,3.33333
CENT,Industrials,2512842496.0,True,3599033462.035859,56.397923090744484,0.6981992589139654,5,Narrow,Negative,Low,-0.03100878669547144,0.03,0.09950342151704492,0.05806765170579511,WATCH,67.1,
ZD,Communication Services,1687429760.0,True,5469727874.922001,133.08821518271927,0.3085034207527304,5,None,Negative,Medium,-0.1,0.03,0.0602901323511493,0.06429568250929502,WATCH,67.0,2.16667
SPG,Real Estate,79913508864.0,False,28228593432.015533,86.49350351483093,2.830941933272732,1,Narrow,Positive,Low,0.14871949375057264,0.06661341926039865,0.0870192424322897,0.059345122397545,WATCH,67.0,2.19048
FRT,Real Estate,10652719104.0,False,3371943652.5958166,39.0248672252279,3.1592221583534585,1,None,Positive,Medium,0.18166887198213744,0.0716458081605893,0.04289927748814282,0.06498240255620097,WATCH,67.0,1.89474
LCII,Industrials,2289123072.0,True,4186348379.658289,168.43083402366884,0.5468066353777393,5,Narrow,Negative,Medium,-0.050713219146640565,0.03,0.11919240215050358,0.06577991765590845,WATCH,67.0,2.18182
MCFT,Industrials,532163264.0,True,738610286.1072419,44.69444703780222,0.7204926251497302,5,Wide,Negative,Medium,-0.018720337889726213,0.03,0.33990850897912445,0.075,INSUFFICIENT_LIQUIDITY,67.0,
TRMD,Unknown,2911320832.0,True,9708912188.17173,96.99212975196534,0.299860661583368,5,Narrow,Positive,High,-0.0924701818040457,0.10301392065391357,0.10741829609473531,0.0780712097640911,WATCH,67.0,2.0
RCI,Unknown,20328677376.0,True,87224282455.212,161.22787884512385,0.23306213366029563,5,Narrow,Stable,High,-0.0962520876575998,0.03,0.06974396338165723,0.06228475467756339,WATCH,66.9,2.05882
TLYS,Consumer Discretionary,156405600.0,True,324882541.5390023,10.795233146336678,0.48142199103433025,5,Narrow,Negative,Medium,-0.07353695930252485,0.03,0.17662657681017505,0.075,INSUFFICIENT_LIQUIDITY,66.9,
PRSU,Communication Services,1205571584.0,True,106783326.21802372,3.761433168411135,11.28988604024693,1,None,Positive,High,0.3551492148755734,0.0376459993227982,0.045701861525202364,0.0846962916095768,WATCH,66.9,1.0
UMBF,Financials,9871156224.0,False,157216386726.6992,2134.0439057481713,0.06278706965298571,5,Narrow,Stable,Medium,-0.1,0.28,,0.07355375854779286,WATCH,66.8,1.75
VPG,Information Technology,1563000576.0,True,376708103.19300246,28.29413423411465,4.149102614867865,1,Narrow,Negative,Medium,0.26022311601254533,0.03,0.09556761828718342,0.07458992145419927,WATCH,66.8,
FMS,Unknown,11832957952.0,True,36743818453.55849,126.1847793444499,0.32203941914627077,5,Narrow,Negative,Medium,-0.0838277033575398,0.030252242290598863,0.0736233709188214,0.060204345135796256,WATCH,66.8,2.85714
PLBC,Financials,377533600.0,False,1993009451.2775602,305.81700955617004,0.18942890599841017,5,Narrow,Stable,Medium,-0.1,0.16998003168809803,,0.0733365554994071,INSUFFICIENT_LIQUIDITY,66.8,
IAG,Unknown,8912759808.0,True,8953463190.120045,15.391891335946442,0.9954538951849425,3,None,Positive,High,0.24917858205590626,0.25,0.009958641398650773,0.08683681037218774,WATCH,66.8,1.83333
ESPR,Health Care,805761984.0,True,10855829815.29609,52.22536568093154,0.0742238960733029,5,Narrow,Stable,Very High,-0.08477172051437881,0.28,-2.9887946285438214,0.09426631669757056,INSUFFICIENT_LIQUIDITY,66.8,
GTY,Real Estate,1994202496.0,False,754413451.6708302,13.362146897232154,2.643381413180476,1,None,Stable,Medium,0.18670942660378642,0.09536106537279526,0.04567659777680758,0.06447332699281619,WATCH,66.8,
RERE,Unknown,899252864.0,True,2609240813.0585203,16.087370770859458,0.34464157524268785,5,None,Positive,Medium,0.03434414268485331,0.25,-0.07395454569134553,0.07346000879050142,INSUFFICIENT_LIQUIDITY,66.7,
PSEC,Unknown,1117247104.0,True,4017636504.4446807,9.124461657610327,0.2780856612498413,5,None,Stable,High,-0.1,0.04,,0.059674273902975875,WATCH,66.7,
INVA,Health Care,1662173184.0,True,3491216026.0395756,41.189429283147426,0.4761014991918343,5,Wide,Negative,High,-0.04943620924494421,0.06701916561641674,0.44070152624505765,0.08371711862057794,WATCH,66.7,2.0
PXS,Unknown,47305076.0,True,171152918.778848,16.42202934046532,0.27639070567720997,5,Narrow,Positive,Extreme,-0.1,0.038688749090277016,-0.006899889463575116,0.07563688275521484,INSUFFICIENT_LIQUIDITY,66.7,
TNK,Unknown,2501286400.0,True,4473553518.244952,128.64111001054113,0.5591274117541563,5,Narrow,Positive,High,-0.1,0.03,0.0872336639032961,0.09,WATCH,66.7,2.0
AVT,Industrials,7120509952.0,True,9222006633.64289,105.49925793237723,0.7721215387141015,5,None,Positive,Medium,-0.03699086413314695,0.03,0.06515935105235474,0.06641463704587279,WATCH,66.6,
MCRI,Consumer Discretionary,2177865472.0,True,1781118872.0965946,95.45117213808116,1.222751331266501,1,Narrow,Positive,Medium,0.10197351000590921,0.0672074731670119,0.12628216071568615,0.075,WATCH,66.6,2.33333
TCBI,Financials,4440898048.0,False,22145486326.72307,480.09422445398354,0.2005328752993402,5,Narrow,Negative,Medium,-0.1,0.13335172421495659,0.09379276036796977,0.06943739382855206,WATCH,66.5,
TRS,Materials,1403370368.0,True,697918616.3930502,17.109984612041146,2.0107937158243923,1,None,Negative,Medium,0.13121903000981627,0.03,0.051208897837720806,0.06709506307422901,WATCH,66.5,
CMC,Materials,8222299648.0,True,8477766947.09428,74.30982955596754,0.9698662040737225,3,Narrow,Negative,Medium,0.020085314806930765,0.03,0.10336902664651497,0.07053828800105647,WATCH,66.5,2.0
TECK,Unknown,30211780608.0,True,16921050948.81589,34.15965000406961,1.7854553301320908,1,None,Negative,High,0.18224258214807876,0.06960899466345138,0.05167795125238238,0.08599458204243735,WATCH,66.5,2.70588
GPRK,Unknown,683700096.0,True,2948358143.9158287,56.62256188227384,0.2318918064316133,5,Wide,Negative,Very High,-0.1,0.03,0.32693627469514885,0.08022538750012148,INSUFFICIENT_LIQUIDITY,66.5,2.0
ILMN,Health Care,24559017984.0,True,13604373726.163694,87.20752388566471,1.8052295885380247,1,Narrow,Negative,Medium,0.12080773686343316,0.03,0.19389842618529962,0.07263624726946395,WATCH,66.4,2.36842
TTMI,Information Technology,17407346688.0,True,3124315037.5673094,29.62755955323518,5.571572161798994,1,None,Stable,Low,0.3879359168887929,0.09612455442227544,0.04914548668727311,0.0639225280900966,WATCH,66.4,1.25
ACCO,Communication Services,,True,3666715689.9124365,39.007613722472726,,,Narrow,Negative,Medium,,0.03,0.0666501172155924,0.04345,INSUFFICIENT_LIQUIDITY,66.4,
SHLS,Information Technology,1813613440.0,True,1141873419.091363,6.781606974137731,1.5882788842244608,1,None,Negative,Medium,0.2010051085231782,0.12755203887354125,0.08721532956610148,0.07278786742434015,WATCH,66.4,1.95
FSBC,Financials,919602048.0,False,13587872902.86216,638.7213993630288,0.06767814613619873,5,Wide,Stable,Medium,-0.1,0.2553229161603438,1.1773180636261822,0.07264906164773971,INSUFFICIENT_LIQUIDITY,66.4,
CPF,Financials,918502208.0,False,3572691970.203019,132.1009248676573,0.257089672342451,5,None,Stable,Medium,-0.1,0.07407584139883522,,0.07257292621250948,INSUFFICIENT_LIQUIDITY,66.4,
NGL,Utilities,1899673472.0,True,4938415998.849615,38.87885319508335,0.3846726303418994,5,Narrow,Positive,High,-0.052351387971259045,0.03,0.04574776180246977,0.051423494028757205,WATCH,66.4,3.0
SBFG,Financials,139433088.0,False,942345925.1848859,147.51814733639415,0.14796380423955627,5,Narrow,Positive,Medium,-0.1,0.07303261051130602,0.7900532987220494,0.06726206232949836,INSUFFICIENT_LIQUIDITY,66.3,
NTCT,Information Technology,2901990912.0,True,3366676894.970547,45.89567030155473,0.8619748798393044,4,None,Negative,Medium,-0.00892153170286597,0.03,0.01143517031946805,0.075,WATCH,66.3,
ITRN,Unknown,1247137920.0,True,2017305000.516058,101.50472982369216,0.6182198129092837,5,Wide,Positive,Low,0.0021605983821525315,0.0674803152355909,0.38608693041699654,0.065,WATCH,66.3,1.5
PEBK,Financials,228744864.0,False,1515878991.6427999,277.06649279346624,0.15089915835043197,5,Narrow,Stable,Low,-0.1,0.11354180191967891,0.02823628276559932,0.06363539269401786,INSUFFICIENT_LIQUIDITY,66.3,
ANIK,Health Care,192665424.0,True,401686321.19345295,28.01355193482481,0.47964148599227985,5,None,Negative,High,-0.1,0.03,0.015274523717674179,0.09,INSUFFICIENT_LIQUIDITY,66.3,
LLY,Health Care,1008934060032.0,True,2920940228183.489,3248.0153766079047,0.3454141410690381,5,Wide,Positive,Medium,0.17712543920217239,0.28,0.20911335079119564,0.0737246315533531,WATCH,66.2,1.74194
ELMD,Health Care,312075616.0,True,882299749.123937,98.9744313314277,0.3537070211227756,5,Wide,Positive,Low,0.02760037355077405,0.15555746548151558,0.13627182148322634,0.065,INSUFFICIENT_LIQUIDITY,66.2,
WWD,Information Technology,21315172352.0,True,12031046636.889704,195.74135488887322,1.7716806355519583,1,Narrow,Positive,Low,0.18747123002605892,0.11608849079184126,0.09327519934526049,0.06431270401011166,WATCH,66.2,1.41667
JLL,Real Estate,13719044096.0,False,240847229567.19592,4985.246513644559,0.056961602259877404,5,Narrow,Stable,Low,-0.1,0.09519235579224725,0.08453028267429993,0.06268767256405457,WATCH,66.2,1.83333
GILD,Health Care,160361168896.0,True,156137853318.9042,124.4126321266169,1.0270486335460876,3,Wide,Positive,Medium,0.03373913317330712,0.03,0.18371815937740815,0.0707542211535808,WATCH,66.2,1.64516
UTL,Utilities,921669312.0,True,809585613.274174,48.2247751247099,1.1384457639662475,2,Narrow,Stable,Medium,0.04581064015110459,0.03,0.05874527846792471,0.054144180722887,INSUFFICIENT_LIQUIDITY,66.1,
AGEN,Health Care,134505056.0,True,318683956.81842655,10.71782998649447,0.4220640955472874,5,None,Stable,Very High,-0.09291277385034963,0.03,-3.8399405793297774,0.09341265170178335,INSUFFICIENT_LIQUIDITY,66.1,1.0
SHC,Health Care,4454308864.0,True,2959315140.059167,10.332046672762008,1.5051823321226083,1,Narrow,Stable,Low,0.08964746385114267,0.05555164889736588,0.08440749305623804,0.05779339045015293,WATCH,66.1,1.63636
VNT,Health Care,3963520000.0,True,8784323803.810331,59.595141138469,0.45120376804424767,5,Narrow,Negative,Low,-0.064578385954224,0.03,0.15890426299600946,0.05754488178061757,WATCH,66.0,2.0
TGTX,Health Care,6147836928.0,True,28547957691.75447,176.86309414347286,0.21535119935306912,5,Wide,Stable,High,0.1167372120874951,0.28,0.2458830708474996,0.08821149494457443,WATCH,66.0,1.66667
FSM,Unknown,2632699392.0,True,2953500821.3489447,8.819158250170037,0.8913826510458102,3,None,Stable,High,0.07297713830717048,0.09667857334797043,0.07049459715142538,0.0877388730933121,WATCH,66.0,
HVT.A,Consumer Discretionary,386449440.0,True,1660401399.4957538,100.07240835919441,0.2327445882166569,5,Narrow,Negative,Medium,-0.1,0.03,0.11881260827139228,0.075,INSUFFICIENT_LIQUIDITY,66.0,
GREEL,Financials,,False,2860769.0068237074,0.18655161439998091,,,None,Negative,High,,0.03,-3.1747720305346463,0.04345,INSUFFICIENT_LIQUIDITY,65.9,
SMP,Industrials,873388480.0,True,3132302860.3039556,139.315061384276,0.2788327051858731,5,Narrow,Negative,Medium,-0.0454669477060244,0.10954053498767653,0.11496344092546265,0.06084436065661856,INSUFFICIENT_LIQUIDITY,65.9,
SCOR,Industrials,119994880.0,True,379079406.51179284,71.42189221807504,0.3165428613075215,5,None,Negative,High,-0.1,0.03,-0.3348415612096263,0.07851620465525298,INSUFFICIENT_LIQUIDITY,65.9,
ACNB,Financials,560436992.0,False,8611397513.45485,836.858470204204,0.06508084095808457,5,Wide,Negative,Medium,-0.1,0.22088862252031954,0.4497663068205319,0.06353032140966253,INSUFFICIENT_LIQUIDITY,65.9,2.25
NFG,Utilities,7357637632.0,True,10821559514.205626,118.62171732199165,0.6799054814919714,5,Narrow,Stable,High,-0.015210654201117502,0.050962805893336016,0.099220794513584,0.058987057058107556,WATCH,65.9,2.0
ENS,Information Technology,8292455936.0,True,6512940954.817804,170.7452049686651,1.2732275624064793,1,Narrow,Positive,Low,0.07769219272117439,0.03,0.11942719061698259,0.0624512199783874,WATCH,65.9,1.66667
FLEX,Information Technology,55660134400.0,True,17939406026.18032,47.45874610100614,3.1026743203632825,1,Narrow,Stable,Low,0.19149185721144252,0.030245451250343128,0.1387939360391025,0.06363941244656658,WATCH,65.9,1.45455
SBH,Consumer Discretionary,1152534528.0,True,6552139231.594177,63.10996071694722,0.17590202028102828,5,Wide,Negative,Medium,-0.1,0.03,0.2003147324117965,0.06146452104561037,WATCH,65.9,2.4
MOMO,Unknown,828862976.0,True,3141983800.848885,9.279417915028397,0.263802434556175,5,Narrow,Negative,High,-0.1,0.03,0.21216489153284715,0.08995788737415772,INSUFFICIENT_LIQUIDITY,65.9,1.28571
AUPH,Health Care,2037050496.0,True,6080885520.7555275,43.84200087062385,0.3349924100769626,5,Narrow,Positive,Very High,0.12746052062845925,0.28,-4.448769596199525,0.10782437696519011,WATCH,65.9,
FHI,Financials,4329298432.0,False,19176743614.62951,255.33924895982196,0.2257577469355785,5,Wide,Positive,Low,-0.1,0.07393621089052207,0.33798987492764876,0.06339506504916487,WATCH,65.9,2.875
FRO,Unknown,7829646848.0,True,26877753885.163002,120.73215204701671,0.29130584651726066,5,Narrow,Positive,High,0.0028620365537926845,0.18018120741065408,0.08834463075983878,0.07689562312323303,WATCH,65.8,2.0
HRB,Unknown,4828296192.0,True,14036627938.783356,102.20349453024141,0.3439783552757258,5,Wide,Positive,Medium,-0.09121731781623668,0.03100092186430703,1.0835093603888106,0.06754758519597798,WATCH,65.8,
CIX,Materials,298710912.0,True,390217210.4097296,31.670904180645206,0.7654990708542875,5,Narrow,Positive,Low,-0.027660846430845307,0.03,0.14430545072573467,0.065,INSUFFICIENT_LIQUIDITY,65.8,
BPOP,Financials,9878787072.0,False,64554127724.58852,954.7612708068411,0.1530310674190582,5,Narrow,Stable,Medium,-0.1,0.1025339661439073,,0.07106035435548096,WATCH,65.8,
KGC,Unknown,31309549568.0,True,42160573491.909454,34.42783970033607,0.742626273193562,4,None,Positive,High,0.19417174907475665,0.25,0.06388119056374132,0.08892774967156158,WATCH,65.7,1.66667
INTT,Health Care,184323520.0,True,144517885.0146247,11.84153230085968,1.2754374310234826,1,Narrow,Negative,Medium,0.08222291620499037,0.03,0.11121294547284633,0.073771502514814,INSUFFICIENT_LIQUIDITY,65.7,
BBY,Consumer Discretionary,15073133568.0,True,36704659936.43698,173.05355934199426,0.41065994329065536,5,Wide,Negative,Low,-0.07779213477518687,0.03,0.6127668690010706,0.06344035991864154,WATCH,65.7,2.64
OVLY,Financials,287824384.0,False,1460540641.325767,176.14062701975905,0.19706701467665771,5,Narrow,Stable,Medium,-0.1,0.10454187723927086,,0.075,INSUFFICIENT_LIQUIDITY,65.7,
ARKO,Consumer Discretionary,840271040.0,True,1478086172.4759655,12.855606148030594,0.568485826907134,5,Narrow,Negative,High,-0.0337927867713963,0.03,0.10116060630000744,0.06335215265704558,INSUFFICIENT_LIQUIDITY,65.7,
SSRM,Financials,5546236416.0,False,3429215517.998482,15.800943287893995,1.6173484538636265,1,None,Negative,High,0.14286614662563102,0.042695296847269804,0.04214893848427376,0.0877415620307135,WATCH,65.7,1.4
BDL,Consumer Discretionary,61335352.0,True,1158844716.3552437,623.4883312190232,0.052928016268572825,5,Narrow,Negative,Low,-0.1,0.09789544245994128,0.11506924481634996,0.059578404797890394,INSUFFICIENT_LIQUIDITY,65.7,
EXPE,Consumer Discretionary,27470653440.0,True,86574186441.52707,656.1483856023212,0.3173076706710251,5,Narrow,Positive,High,-0.07795032794094572,0.11496424420582335,0.0927156855572347,0.08147248140768187,WATCH,65.6,2.16667
CARG,Information Technology,2472930304.0,True,5867230091.831343,58.43255390262756,0.421481732486159,5,Wide,Negative,Medium,-0.0614127540632568,0.04870193805361916,0.5340268586497516,0.075,WATCH,65.6,2.07143
EGAN,Information Technology,197640576.0,True,411668442.3740767,14.368881060177198,0.48009649430550005,5,None,Stable,Medium,-0.1,0.03,-0.3467271598422597,0.075,INSUFFICIENT_LIQUIDITY,65.6,
TFII,Unknown,13108672512.0,True,8736518299.39251,105.17403777113644,1.5004458369773581,1,Narrow,Negative,Medium,0.09677414396323603,0.03,0.12129281244399762,0.06977981378413728,WATCH,65.6,1.83333
STAA,Health Care,1493156992.0,True,1215754964.3648856,24.527012676825482,1.22817264643458,1,Narrow,Negative,Medium,0.07524858583191063,0.03,0.10720528875793381,0.075,WATCH,65.6,2.45455
LAB,Health Care,448923328.0,True,244050931.6313869,0.6395079217745967,1.839465741839704,1,None,Negative,High,0.2995327914963585,0.03,-0.3535611290273355,0.08996901656678115,INSUFFICIENT_LIQUIDITY,65.6,
BKTI,Information Technology,299535840.0,True,121939748.94690666,30.972758178030645,2.456424935977356,1,None,Positive,Very High,0.3281179640088109,0.1356144357035196,0.0018903180630718275,0.11,INSUFFICIENT_LIQUIDITY,65.6,
TXT,Industrials,15837808640.0,True,20306203966.0983,112.65077814076658,0.779949254249667,5,Narrow,Stable,Low,-0.00873364449582881,0.0433450261615274,0.10786736837192346,0.060761223821657065,WATCH,65.5,
VCTR,Financials,5471471616.0,False,21592234479.29453,325.30183318209185,0.2533999721634538,5,Wide,Negative,Medium,-0.009733271948556166,0.16485610693200667,0.13861627992702957,0.07024893114346435,WATCH,65.5,2.57143
CERS,Health Care,542999936.0,True,860224003.5919154,4.51338449055015,0.6312308581633065,5,Narrow,Positive,High,0.028246137620529216,0.10767739626494036,-1.9056816854238872,0.08377083817417727,INSUFFICIENT_LIQUIDITY,65.5,1.0
LRCX,Information Technology,379273183232.0,True,109344321446.98717,84.75371040318598,3.4686134424994446,1,Wide,Negative,Medium,0.19877043783519682,0.04713943043394679,0.5854680768733259,0.07463131388089751,WATCH,65.5,1.52778
SNY,Unknown,107767447552.0,True,302643171145.98016,246.93470230579322,0.3560874912324332,5,Narrow,Negative,Low,-0.0849807853944225,0.06851438878880414,0.06954575928540188,0.06137263763374499,WATCH,65.5,2.1
EBAY,Consumer Discretionary,48551399424.0,True,52675479446.70291,112.55444326218571,0.9217077838489224,3,Wide,Positive,Medium,0.018871749395519007,0.03,0.21599279143228478,0.07115106131179785,WATCH,65.4,2.64516
GLW,Information Technology,152832065536.0,True,29543579831.12977,33.91915020795611,5.173105845993735,1,None,Negative,Low,0.3263310357714858,0.061544804619467854,0.06317967864464738,0.06387296376087612,WATCH,65.4,1.8125
PTC,Information Technology,15824293888.0,True,18664520450.73757,154.5370430689417,0.8478275094056684,4,Narrow,Stable,Medium,0.10235920873377136,0.12290790696864647,0.08923303561930415,0.07278054008684785,WATCH,65.4,1.84211
ADPT,Health Care,2704750080.0,True,1798008271.10109,11.850680810908237,1.5043034692736017,1,Narrow,Positive,Very High,0.25760846411398186,0.20460496246887008,-1.732889263877627,0.10692100794381278,WATCH,65.4,1.5
EONR,Energy,30065952.0,True,45118691.44936648,6.965930094334039,0.6663746450568252,4,None,Stable,Very High,-0.01194845494817215,0.03,-0.03360679065167852,0.07212923821829653,INSUFFICIENT_LIQUIDITY,65.4,
NWFL,Financials,335324640.0,False,2556545686.6823854,276.83223461639255,0.1311631713631329,5,Wide,Stable,Medium,-0.1,0.14492391229582385,0.5540182399251695,0.06928781900369474,INSUFFICIENT_LIQUIDITY,65.3,
PPLI,Information Technology,3101958656.0,True,6118215322.247671,76.40415253128452,0.5070038389659719,5,None,Positive,High,-0.07615747348933827,0.03,-0.021446742477244814,0.07534114549159138,WATCH,65.3,1.83333
DSWL,Materials,52108232.0,True,82354060.79564649,5.1622930355197445,0.6327342148834829,5,None,Stable,Medium,-0.1,0.03,0.03772097145914857,0.075,INSUFFICIENT_LIQUIDITY,65.3,
STRT,Industrials,323062944.0,True,297270707.58590406,72.93196947642396,1.0867634642630997,3,None,Positive,Medium,0.07033599249783432,0.051530016612161944,0.054121735819082056,0.07423760721465704,INSUFFICIENT_LIQUIDITY,65.3,
OII,Energy,3705536000.0,True,5116981861.227853,50.532103466530906,0.7241643805848538,5,None,Positive,Medium,0.03425181972607427,0.09146112452421735,0.04184969424524693,0.07133241623504961,WATCH,65.3,
SIF,Industrials,127083880.0,True,-1095544.332672106,-0.18093217715476567,,,None,Negative,High,0.4,0.03,-0.09360302721918792,0.08641246637154285,INSUFFICIENT_LIQUIDITY,65.3,
CNO,Financials,4472326656.0,False,21436863140.665012,214.75088798726745,0.20862784945042384,5,Narrow,Positive,High,-0.1,0.03,0.11181093802660351,0.0678735282500271,WATCH,65.2,2.6
TPC,Industrials,3723380992.0,True,3392641184.9981,63.51714348563271,1.0974874114198685,3,None,Negative,Medium,0.12207349678622437,0.10529956519500026,0.059362195976668544,0.07188854707556085,WATCH,65.2,
HALO,Health Care,8484387840.0,True,32105335826.049072,259.1146034514549,0.2642672198157194,5,Narrow,Negative,High,0.13439939176925175,0.28,0.1951800152075189,0.0806145422919512,WATCH,65.2,2.2
ATLO,Financials,264033728.0,False,1278588503.8184054,143.73920035929564,0.20650406851890482,5,None,Stable,Medium,-0.1,0.0846169509537597,,0.07263949092787149,INSUFFICIENT_LIQUIDITY,65.2,
AXGN,Health Care,2276010752.0,True,1574474737.1375747,34.1903505429822,1.4455682891030892,1,Narrow,Positive,High,0.21645991315511015,0.16792860047771047,-0.3158006909863916,0.08903096840974745,WATCH,65.2,1.22222
PCB,Financials,358715040.0,False,4049750145.1214685,283.61322749505524,0.0885770793618283,5,Wide,Stable,Medium,-0.1,0.17684509947341756,0.8939303530085686,0.07226850288188605,INSUFFICIENT_LIQUIDITY,65.2,
JNJ,Health Care,560327884800.0,True,555852500946.0107,228.80237957767793,1.0080513874568748,3,Wide,Negative,Low,0.04917440511989668,0.048172451763338044,0.2377149376235804,0.06330178764439268,WATCH,65.1,2.0
EBC,Financials,4267352832.0,False,48830024147.712944,238.969676352183,0.08739198692777772,5,Narrow,Stable,High,-0.1,0.2628859599418948,,0.08776780127059815,WATCH,65.1,
SAH,Consumer Discretionary,2596593408.0,True,1988146730.3609333,57.295294823081655,1.3060371090058367,1,None,Stable,Medium,0.0573737316379096,0.04162087330168256,0.053923236955379504,0.056009230528269276,WATCH,65.1,2.16667
CRUS,Information Technology,8294426624.0,True,7723103553.921076,146.20997981752066,1.0739758396465964,3,Wide,Stable,Medium,0.0525908906124416,0.040075210263717104,0.2133381071223047,0.075,WATCH,65.1,2.0
ESE,Information Technology,7581475328.0,True,4218280381.9769344,162.8051093005378,1.7972905168638587,1,Narrow,Positive,Low,0.19385401143576075,0.11996386710267495,0.07833099470745422,0.06448396360068877,WATCH,65.1,
CVEO,Consumer Discretionary,378747488.0,True,-39948439.1645295,-3.1589782670037563,,,None,Stable,Very High,0.2888078028860185,0.03,-0.03091697249626195,0.08833268720300548,INSUFFICIENT_LIQUIDITY,65.1,
ACEL,Communication Services,981598336.0,True,2727574948.5641766,31.581216767563728,0.3598795100082304,5,Narrow,Negative,Medium,-0.025234340804994516,0.12263934507613898,0.1324214784994705,0.0629396602507172,INSUFFICIENT_LIQUIDITY,65.1,1.5
CMT,Materials,197640944.0,True,197515220.98267913,22.708119220818478,1.0006365231838608,3,Narrow,Stable,Medium,0.03039607727027216,0.03,0.08282227795717553,0.07213842856042879,INSUFFICIENT_LIQUIDITY,65.1,
APA,Energy,12926406656.0,True,32161300317.385475,89.5857947559484,0.40192425456791486,5,Narrow,Negative,High,-0.08501059187071153,0.032038014457882236,0.2633598927726557,0.07799332525324794,WATCH,65.0,2.77778
BWEN,Materials,89169680.0,True,35399248.89757239,1.5404372888412703,2.5189709605989714,1,None,Positive,High,0.15680294139445994,0.03,-0.019488549732402986,0.08340323447234203,INSUFFICIENT_LIQUIDITY,65.0,
KSS,Consumer Discretionary,1753163904.0,True,15071385055.588219,132.20513206656332,0.1163240072185639,5,Narrow,Positive,Medium,-0.1,0.03,0.08126366482970332,0.053258603210125814,WATCH,65.0,3.15385
RGA,Financials,13427578880.0,False,85143782480.78265,1274.607522167405,0.15770474941057108,5,Wide,Negative,Low,-0.1,0.10708904690426624,0.19093240529621552,0.05857021592064628,WATCH,65.0,2.2
SXI,Industrials,3518779136.0,True,1480974414.257502,123.25020092023153,2.375989147499329,1,Narrow,Positive,Low,0.1445801582099021,0.041532746720078964,0.1020697395408924,0.06207545123190285,WATCH,65.0,1.4
AMD,Information Technology,760479481856.0,True,214654754852.52625,131.20706286829233,3.542802871422394,1,Narrow,Negative,Medium,0.3788799783107949,0.21728225782377703,0.11196236912017224,0.07486689288627155,WATCH,64.9,1.4902
MTUS,Materials,818402688.0,True,301310640.5273059,7.191184738121859,2.7161426711242656,1,None,Negative,High,0.29941553322345504,0.03,0.006163925973245177,0.08979613205352437,INSUFFICIENT_LIQUIDITY,64.9,
LH,Health Care,21742299136.0,True,19732278060.545765,235.46871193968693,1.1018646235009848,2,Narrow,Negative,Medium,0.05490404540472349,0.03753230452489516,0.07688485325686371,0.068490320332315,WATCH,64.9,1.57895
NWN,Utilities,2094759808.0,True,8363811771.680229,204.2295258388941,0.2504551591049469,5,Wide,Negative,Medium,-0.028727377661453238,0.07891331592783728,0.05093046309008795,0.05300246529592201,WATCH,64.9,
SIG,Consumer Discretionary,3275777792.0,True,7911835861.288475,190.18836205020372,0.4140351050541797,5,Narrow,Negative,Medium,-0.1,0.03,0.1552956682965432,0.075,WATCH,64.9,2.2
ZGN,Unknown,3929722112.0,True,7466374072.627928,28.55515876422772,0.5263226934217698,5,Narrow,Positive,Medium,-0.038295088308684055,0.08076904317009555,0.10121125751271905,0.0728397689629416,WATCH,64.9,
HTHT,Unknown,13838571520.0,True,8296657355.513086,2.554787509291379,1.6679695119389666,1,Narrow,Positive,High,0.13899643055623773,0.03,0.1370281611451036,0.08606588515815226,WATCH,64.9,1.16667
TDAY,Communication Services,1198925696.0,True,1110941545.5396092,7.610387564750674,1.0791978217158626,3,None,Positive,High,0.041567307183596136,0.03,0.03385228213925791,0.06936999449576452,WATCH,64.8,2.16667
COFS,Financials,475906624.0,False,9876397782.697643,705.8553389807807,0.04818625519860447,5,Narrow,Stable,Medium,-0.1,0.28,,0.062476504477784064,INSUFFICIENT_LIQUIDITY,64.8,
TVTX,Health Care,4260005120.0,True,10170341198.470661,114.00218038916731,0.41886550675808076,5,Narrow,Negative,Very High,0.17187170778180094,0.28,-1.0918069074961378,0.10546227878873103,WATCH,64.8,1.26667
IONS,Health Care,12308756480.0,True,4725212201.088099,29.530730586138983,2.6049108391715405,1,None,Stable,Very High,0.2677949953838411,0.061111713222596724,-0.8598114897428243,0.10171074155173108,WATCH,64.8,1.73077
EBMT,Financials,183204912.0,False,1055363513.682568,134.8895435366858,0.1735941309556248,5,Narrow,Negative,Medium,-0.1,0.065408002601716,0.14315057671038078,0.06883981005426318,INSUFFICIENT_LIQUIDITY,64.8,
MYE,Materials,890859584.0,True,724314122.2254634,19.283371222004206,1.2299354060125514,1,Narrow,Negative,Medium,0.06830385922483007,0.03,0.10856459645999456,0.06602790896550101,INSUFFICIENT_LIQUIDITY,64.7,
FRST,Financials,371581088.0,False,4712788620.047336,190.9325697867899,0.07884526932087775,5,Narrow,Negative,High,-0.1,0.2144158797789404,0.06666302089029859,0.07753187455606333,INSUFFICIENT_LIQUIDITY,64.7,1.33333
RL,Consumer Discretionary,21815715840.0,True,37748528843.2053,605.9153907416581,0.5779222795837992,5,Wide,Positive,Medium,0.003173030301867475,0.08375095024833126,0.21920463234974402,0.07303216892540236,WATCH,64.7,1.63158
HCC,Materials,5275972096.0,True,6819740901.119928,129.64547461399403,0.7736323377232098,4,Wide,Negative,High,-0.0076517198489293725,0.03,0.3379227219608564,0.08798742290268223,WATCH,64.7,1.85714
HBM,Unknown,10192052224.0,True,5602490483.597772,14.124561930090346,1.8192002742064335,1,None,Positive,Medium,0.21525165253733125,0.1184138933513709,0.06088096338617406,0.07184738284472807,WATCH,64.7,1.35
WSBCO,Financials,,False,267241380150.44577,2935.618606260263,,,Wide,Negative,Medium,,0.26721565514397405,0.5675215343617064,0.04345,INSUFFICIENT_LIQUIDITY,64.6,
CCEP,Consumer Staples,41948696576.0,True,69241292183.14534,151.84493899812574,0.605833531601987,5,Narrow,Positive,Medium,0.08082195213429244,0.1335832327152565,0.08403821871987854,0.06773601172047035,WATCH,64.6,1.81818
DLNG,Industrials,135704912.0,True,731655199.2560421,20.013787552659895,0.18547659080122272,5,None,Positive,High,-0.1,0.03,0.0560855946253523,0.058753783148164186,INSUFFICIENT_LIQUIDITY,64.6,
ARTW,Industrials,13471603.0,True,-2303579.748051954,-0.45240730842818383,,,None,Stable,High,0.3073917948118271,0.03,-0.0023939430183314908,0.07499700753145215,INSUFFICIENT_LIQUIDITY,64.6,
URBN,Consumer Discretionary,6394108416.0,True,14724609700.809036,160.38419793101227,0.4342463770464951,5,Wide,Positive,Low,-0.03753500107670191,0.08491454504826153,0.20137369330848154,0.065,WATCH,64.6,
FTS,Unknown,28460535808.0,True,11165609075.446762,22.167181011409095,2.5489461090470096,1,None,Positive,Medium,0.09441488647053686,0.03,0.04730921828658198,0.06017430520880511,WATCH,64.6,2.8125
PRLB,Materials,1728399360.0,True,990575968.3792326,40.85658230230375,1.7448428138510006,1,None,Negative,Medium,0.15611011751275872,0.03,0.07208597703470612,0.07499478025312831,WATCH,64.6,
TBPH,Health Care,839798464.0,True,1744258958.6985805,33.86450305198479,0.48146432604628103,5,Narrow,Positive,Very High,0.1308543895416513,0.2555748046257042,-1.5923695368239987,0.10973377520518175,INSUFFICIENT_LIQUIDITY,64.5,2.0
TOI,Health Care,486916896.0,True,349605712.0400509,3.784046480840162,1.3927601272836716,1,None,Negative,Medium,0.2992643939952857,0.25,-1.009398737540116,0.070672697349115,INSUFFICIENT_LIQUIDITY,64.5,
COHU,Health Care,2349804032.0,True,487823905.7347402,10.440765912607072,4.816910373551337,1,None,Negative,Very High,0.38014789260644244,0.03,0.008272922814410017,0.10255298174343616,WATCH,64.5,1.14286
UPBD,Information Technology,1065026432.0,True,10198253124.906384,173.9959927132052,0.10443224138053316,5,Narrow,Negative,High,-0.1,0.037393073336255876,0.06512461203493203,0.062265432891951904,WATCH,64.5,1.42857
NVS,Unknown,284610985984.0,True,355602615189.04974,181.89392081281318,0.8003624659303804,5,Narrow,Positive,Low,0.03200153935503558,0.08012900198540071,0.10745477068122283,0.06458401895907354,WATCH,64.5,2.75
MVBF,Financials,357998240.0,False,2282997591.8998632,174.2012081701951,0.15681060780361195,5,Narrow,Stable,Medium,-0.1,0.1083942814645877,,0.06959400634556986,INSUFFICIENT_LIQUIDITY,64.4,
TXG,Health Care,3940720384.0,True,2199598602.798617,17.632069182257098,1.7915634147912716,1,None,Negative,Very High,0.1921762774997654,0.04968720778989155,-0.6142701084828814,0.11,WATCH,64.4,2.3125
GFS,Unknown,41421893632.0,True,15564333957.735971,27.893071608845826,2.661334159526434,1,None,Negative,Medium,0.2357633528254771,0.03,0.09099287717899351,0.07414701475746753,WATCH,64.4,
CI,Health Care,76576841728.0,True,356822333585.82623,1328.6354918057448,0.2146077599976825,5,Narrow,Positive,Medium,-0.06891789398782994,0.14859951023519305,0.08034051786587551,0.06581211491868802,WATCH,64.4,1.54167
VFC,Consumer Discretionary,6499459072.0,True,12527533298.077198,31.645174103131538,0.5188139530227851,5,Narrow,Negative,Medium,-0.04809883710670321,0.03,0.11423751372011828,0.0638955442950235,WATCH,64.4,2.52174
GNTX,Industrials,5245003776.0,True,17584746523.83259,80.7200149354726,0.2982700813396117,5,Wide,Negative,Low,-0.0757244213694862,0.07992706165956003,0.21771297996727784,0.06498441506850902,WATCH,64.3,
QUAD,Communication Services,384118432.0,True,779287117.278888,15.616976298174109,0.4929100244095698,5,Narrow,Negative,Medium,-0.060106860787950064,0.03,0.06048985772970053,0.059494804437660004,INSUFFICIENT_LIQUIDITY,64.3,1.33333
CNOB,Financials,1541845248.0,False,10488090974.858217,230.93891830580682,0.14700914129140105,5,Narrow,Negative,Medium,-0.1,0.1904335193452653,0.08351935716129902,0.06182611429788164,WATCH,64.3,
ELAN,Health Care,11801993216.0,True,3641011814.5099373,7.33483443696603,3.241404811972161,1,None,Positive,High,0.17889838484352755,0.03,0.004264253550832029,0.07817931410382874,WATCH,64.3,1.47059
TMP,Financials,1257212928.0,False,28623049428.169052,1996.6748949115224,0.04392309530663522,5,Wide,Stable,Medium,-0.1,0.24453590333596276,0.9142074502888955,0.06522414622941974,WATCH,64.3,
AROW,Financials,619177024.0,False,2770871417.1579676,167.87594761966594,0.22345931325643345,5,Narrow,Stable,Medium,-0.1,0.1289664539335288,,0.07381021021095134,INSUFFICIENT_LIQUIDITY,64.3,
GH,Health Care,16655877120.0,True,10833067836.707157,86.4060158941021,1.537503260485698,1,Narrow,Negative,Very High,0.3334263200457587,0.28,-1.7971544485436999,0.10448833274924714,WATCH,64.3,1.30435
CINF,Financials,25568169984.0,False,40797951031.941124,258.7060940516241,0.6267023058089958,5,Narrow,Positive,High,-0.0303495870884824,0.09142779078471236,0.14869676625060976,0.08844095278646259,WATCH,64.2,2.125
C,Financials,225937784832.0,False,3190523488167.167,1703.3385767802931,0.07081527080742245,5,Narrow,Stable,Medium,-0.1,0.1378078996390318,,0.055457788679629805,WATCH,64.2,1.59091
FTI,Industrials,26641260544.0,True,13125573329.134415,31.273703428959767,2.0297216644140983,1,None,Positive,High,0.25050929035201086,0.1202789933358813,0.03523698310207446,0.0891051062893616,WATCH,64.2,1.95455
TXN,Information Technology,259431055360.0,True,145601989124.6192,159.47643934788522,1.7817823569563718,1,Wide,Negative,Low,0.09478898832201355,0.03,0.4780138890563199,0.06389302528268027,WATCH,64.2,2.24324
NXPI,Information Technology,74721337344.0,True,37526292255.03366,147.54902963081048,1.9911729311327608,1,Narrow,Positive,Medium,0.1327526255792476,0.03,0.1406975744128876,0.07056488039475274,WATCH,64.2,1.71875
ADNT,Industrials,1730583424.0,True,4029723397.957753,48.55088431274402,0.4294546431839596,5,None,Stable,Medium,-0.0995124705072215,0.03,0.031477783325012484,0.056678056569305565,WATCH,64.1,2.0
CYH,Health Care,386111776.0,True,151147722014.31473,1119.5112533079573,0.0025545325516942463,5,Narrow,Negative,Medium,-0.1,0.03,0.05612841402998793,0.04455541769270708,INSUFFICIENT_LIQUIDITY,64.1,
CASY,Consumer Staples,28241666048.0,True,15924487301.9589,426.43821291005935,1.7734741164650205,1,Narrow,Stable,Low,0.1750083702289541,0.10898899224948586,0.10542567378931209,0.06324199109835,WATCH,64.1,1.78947
CRI,Consumer Discretionary,1407305856.0,True,7098691498.07485,200.50014229872147,0.1982486288327445,5,Wide,Negative,Low,-0.1,0.03,0.2256926771181586,0.058809719403751376,WATCH,64.1,
BALL,Materials,14089764864.0,True,9887077007.591969,35.82637734115044,1.4250687896110168,1,Narrow,Negative,Medium,0.07203274321040654,0.03,0.06939559969384015,0.06451610912993254,WATCH,64.1,1.53333
PSHG,Unknown,22377884.0,True,1078698203.567642,27.711942664047793,0.02074526862656145,5,Narrow,Positive,Very High,-0.1,0.09103366083089898,-0.012313656315507803,0.04953577044726154,INSUFFICIENT_LIQUIDITY,64.1,
TRP,Unknown,71548551168.0,True,7630293634.449081,7.336820802354886,9.376906655986891,1,None,Positive,High,0.16974353369763462,0.03,0.05165998057095489,0.0721742223852087,WATCH,64.1,2.25
SBLK,Unknown,3047024896.0,True,3161071710.2977705,27.38746604096466,0.9639214719722295,3,None,Negative,High,0.01985905089924922,0.03,0.04425514470148552,0.07788318788378659,WATCH,64.0,1.25
PSIX,Industrials,866927424.0,True,2481832336.2290497,107.59699714857581,0.3493094240673923,5,None,Positive,High,-0.05922355401840934,0.17487585869256353,-0.006805205108248835,0.08533231552383515,INSUFFICIENT_LIQUIDITY,64.0,
HUBG,Industrials,2625320192.0,True,2721981088.342148,44.546692333433946,0.9644887700520285,3,Narrow,Stable,Low,0.01921763918174102,0.03,0.09218410870105057,0.06302177696552495,WATCH,64.0,2.5
INGR,Consumer Staples,6304645120.0,True,13001257585.497189,199.4057911886072,0.4849257911044534,5,Narrow,Positive,Low,-0.07505825822222209,0.03,0.12831981095835832,0.06023456563837601,WATCH,64.0,
MO,Consumer Staples,120549449728.0,True,172564010464.45477,102.53357722189826,0.6985781647259011,5,Wide,Positive,Low,-0.009184814003220895,0.03,0.3427747150200583,0.06121198671919236,WATCH,64.0,2.61538
ZBH,Health Care,16895078400.0,True,30019756010.9942,151.0808052893518,0.5627986581174237,5,None,Positive,Medium,-0.046482679806195054,0.050762397182315414,0.03855513436005287,0.06528320342739856,WATCH,64.0,2.53846
CDE,Materials,16869851136.0,True,9726955855.548,15.824782655211123,1.7343402588156993,1,None,Positive,High,0.35683849307540527,0.25,0.02755106304583973,0.08907893914367421,WATCH,63.9,1.6
GIC,Industrials,1178059264.0,True,2266973700.7416058,59.03577345681265,0.5196616368397287,5,Wide,Negative,Low,-0.027689438816183742,0.056457440022439444,0.4337171061313907,0.065,WATCH,63.9,
ESTA,Health Care,2186972160.0,True,916054270.3205671,30.92685988958979,2.387382746695437,1,Narrow,Positive,High,0.2346709471524454,0.13389124121253962,-0.4518125299386918,0.08526712805916117,WATCH,63.9,
STEM,Information Technology,68968536.0,True,-279152144.59994143,-32.88057987633763,,,None,Negative,Extreme,0.39239734505833124,0.03,-0.6933069335279833,0.058315709617129646,INSUFFICIENT_LIQUIDITY,63.9,
GL,Financials,12359492608.0,False,24054151449.43583,291.47717396247464,0.5138195223382067,5,Narrow,Positive,Low,-0.05734382116192363,0.043958398194729666,0.11608122812312462,0.061224314553231594,WATCH,63.9,1.90909
GEN,Information Technology,15831962624.0,True,48886934425.28836,78.97727693907652,0.3238485458358052,5,Narrow,Negative,Medium,0.00931508965575889,0.1526716695483886,0.12730550840306937,0.06423821365771074,WATCH,63.9,2.09091
SGHC,Unknown,6574513664.0,True,35526337278.38069,69.95527097079348,0.18506027267834546,5,Wide,Positive,Medium,-0.033508978104747345,0.1822751287218347,0.3137668485237484,0.07491863022253456,WATCH,63.9,1.25
HLF,Industrials,1184941440.0,True,38042368039.86809,367.2043247091514,0.031147941126014846,5,Wide,Negative,Medium,-0.1,0.03,0.5406688343981735,0.05521535479958996,WATCH,63.9,2.0
PGC,Financials,783506688.0,False,6297131684.40292,354.7704006547267,0.12442278917886253,5,Wide,Negative,Medium,-0.1,0.13976531676420895,0.4495903099394371,0.06931267066841448,INSUFFICIENT_LIQUIDITY,63.9,
EXE,Energy,22025799680.0,True,15519357194.355549,64.56445144716707,1.419246905922809,1,None,Negative,Very High,0.28180483249047616,0.22913584429076145,0.032189846478094274,0.09746981905119412,WATCH,63.9,1.57692
UHS,Health Care,8788062208.0,True,168201103766.56628,2609.306316381221,0.052247351600000755,5,Narrow,Stable,Low,-0.1,0.09061548126192509,0.09787833558108572,0.05743627504332742,WATCH,63.9,2.35
LITE,Information Technology,67192745984.0,True,-286710857.9436636,-4.119408878500914,,,None,Negative,Medium,0.4,0.03,0.07175976147523642,0.07383633112322997,WATCH,63.9,1.58333
PRPO,Health Care,41985368.0,True,8310068.95627814,5.177354995562925,5.052348930062807,1,None,Positive,Very High,0.4,0.25,-0.5650244479495268,0.10839589606039352,INSUFFICIENT_LIQUIDITY,63.9,
TRST,Financials,917951872.0,False,2775184367.9813266,147.69475082391307,0.33077149128932276,5,Narrow,Stable,Medium,-0.1,0.09048290488118299,,0.07135098046921261,INSUFFICIENT_LIQUIDITY,63.8,
MHK,Consumer Discretionary,6269640192.0,True,17773312853.377,284.8287316246314,0.3527558561379143,5,Narrow,Negative,Low,-0.1,0.03,0.06961694440877544,0.05972812820171701,WATCH,63.8,2.4375
HCA,Health Care,82553249792.0,True,851482106032.1057,3555.323100825093,0.09695241885551412,5,Wide,Stable,Low,-0.1,0.07052744829639068,0.18866926803027445,0.0572360365715522,WATCH,63.8,1.96
LFUS,Information Technology,11565627392.0,True,3429527905.126104,138.19268667147938,3.3723671922053455,1,Narrow,Negative,Medium,0.20393850004230074,0.03,0.10462419389425028,0.07295259047498415,WATCH,63.8,2.0
KEX,Industrials,7542225920.0,True,4654935536.618444,83.05710655042277,1.6202643110024706,1,None,Positive,Medium,0.15232664129211193,0.08096675204872188,0.03561322229019242,0.07157232265786528,WATCH,63.8,1.0
KEY,Financials,23592751104.0,False,110801100410.83655,100.0015346751305,0.21292885193848296,5,Narrow,Stable,High,-0.1,0.07801973961286501,,0.0752087828149911,WATCH,63.8,2.11111
PDFS,Information Technology,2154094336.0,True,764975937.9343449,19.4566202389385,2.815898159903793,1,Narrow,Positive,High,0.30756957777077243,0.17071766554074286,-0.010124197721020684,0.08859582512835021,WATCH,63.8,1.0
HSHP,Unknown,689731328.0,True,6785524443.174774,147.4595304459267,0.10164746052809033,5,Narrow,Stable,Medium,0.08127043677390369,0.28,0.06205016486104569,0.05923107840218711,INSUFFICIENT_LIQUIDITY,63.8,2.0
CSCO,Information Technology,479436111872.0,True,306073997445.8739,76.55677775034364,1.5664058883564045,1,Wide,Negative,Low,0.08290472297510745,0.03,0.3710017102124049,0.06380715384430463,WATCH,63.7,1.88462
OSBC,Financials,1108881920.0,False,9090071561.514917,183.01099113311514,0.12198824976194113,5,Narrow,Stable,Medium,-0.1,0.21860293177909823,,0.06801770772967804,WATCH,63.7,
B,Materials,66274586624.0,True,145700000340.53577,85.3544231637585,0.45487018853191785,5,Narrow,Stable,Medium,-0.006500660437985639,0.14226387323622683,0.0976113608481535,0.07290948583831071,WATCH,63.7,1.95833
R,Consumer Discretionary,10261630976.0,True,5486594063.807243,131.24881142040627,1.8703098601173485,1,None,Positive,Medium,0.10814092380360996,0.05668510331471919,0.0492010834276206,0.06153014348018471,WATCH,63.7,
A,Health Care,38252580864.0,True,28579070219.55706,100.27743936686687,1.3384823428518406,1,Wide,Negative,Low,0.07091263183766439,0.03,0.16234240621280344,0.06326280606339035,WATCH,63.7,1.5
FIX,Industrials,64877125632.0,True,177884614319.75348,5023.144447512312,0.3647146543847869,5,Wide,Positive,Low,0.18115672957221374,0.28,0.1981921043576016,0.06495186854640829,WATCH,63.7,1.25
MTCH,Information Technology,8029033472.0,True,16385563867.06253,62.42714112605974,0.490006540949108,5,Wide,Negative,Medium,-0.04208756478482481,0.031102200111963317,0.1998337049988883,0.06455665512380723,WATCH,63.7,2.4
MXL,Information Technology,7246059008.0,True,322491492.17704344,3.724436321165097,22.468992775852865,1,None,Negative,Very High,0.4,0.03,-0.026619448162613534,0.10888369898829085,WATCH,63.7,1.81818
GRC,Industrials,2035965568.0,True,1923357993.1780758,73.14438162813943,1.0585473818297633,2,Narrow,Negative,Low,0.10853003130605632,0.10221610256352762,0.1103002543665346,0.06217204917622051,WATCH,63.7,
HAFC,Financials,905792640.0,False,5909838699.900361,196.71742225306784,0.15326858921128786,5,Wide,Stable,Medium,-0.1,0.10813392524651154,0.5411091745485617,0.06754072448498537,INSUFFICIENT_LIQUIDITY,63.7,2.75
HPE,Information Technology,65150812160.0,True,14147980299.905884,10.685785725004443,4.604954967348477,1,None,Positive,Low,0.23113326382808402,0.0648821858688716,0.05070228434768133,0.059492815205567075,WATCH,63.7,2.08696
HPQ,Information Technology,23393490944.0,True,84651109952.78162,88.82592859683275,0.2763518512285177,5,Narrow,Negative,Low,-0.1,0.03,0.6742541068552903,0.05869916795292322,WATCH,63.7,3.29412
EXTR,Information Technology,3664402176.0,True,2113873397.4909542,15.974136048929987,1.7335012495778763,1,Narrow,Positive,Medium,0.12188143795298251,0.03,0.11219368491564619,0.07353847949788311,HOLD,63.6,
THG,Financials,6759097856.0,False,11231634251.434631,307.71600688862003,0.6017911289389299,5,Narrow,Positive,Low,-0.043883859840631534,0.05543845272553086,0.10187059361213602,0.061708906152868705,HOLD,63.6,2.375
OTEX,Information Technology,5610354176.0,True,49952074787.40747,189.46358728392744,0.11231473767360563,5,Wide,Negative,Medium,-0.1,0.09630252366231358,0.06448742733334856,0.05821498258958549,HOLD,63.6,2.75
UBSI,Financials,6049358336.0,False,26115768187.724762,184.13773046134935,0.23163623955137533,5,Wide,Positive,Medium,-0.1,0.1202355098303623,0.2830653107727364,0.07245048179187427,HOLD,63.6,
POCI,Health Care,63480244.0,True,2411992.5467131627,0.35520280150333755,26.31859044776275,1,None,Positive,High,0.4,0.07484080348953176,-0.38825354210811824,0.08865104383170161,INSUFFICIENT_LIQUIDITY,63.6,
BB,Information Technology,5514837504.0,True,1427585051.1914434,2.38892383709672,3.8630535528495415,1,None,Positive,Very High,0.3205763497593973,0.03,-0.060242587601078174,0.10771033055027104,HOLD,63.6,3.0
OSPN,Information Technology,524580800.0,True,878591809.6098151,22.59868845130447,0.5970699866106965,5,None,Positive,High,-0.0878134231882517,0.03,0.022294113368784896,0.089461541758947,INSUFFICIENT_LIQUIDITY,63.6,2.0
AZZ,Materials,4133588736.0,True,11359639424.9324,376.0100435249545,0.36388379783670805,5,Narrow,Positive,Medium,0.10172397430160751,0.21303780515644535,0.07689209353114956,0.07173138886855923,HOLD,63.6,
LFST,Health Care,2829393152.0,True,497315903.819823,1.2714654335571849,5.6893277095459345,1,None,Positive,High,0.4,0.18978069068037606,-0.10470533644619569,0.08600076850144191,HOLD,63.5,1.54545
TPR,Consumer Discretionary,28306466816.0,True,32582167546.28295,146.4367080731818,0.8687717530084724,4,Wide,Stable,Medium,0.022167041192881043,0.040954984985788374,0.25735207796583703,0.07253918551258202,HOLD,63.5,1.85714
HII,Industrials,11546956800.0,True,17790723377.264072,452.69016227135046,0.6490436928920277,5,Narrow,Stable,Low,-0.012361773098607032,0.05959760427911993,0.15356308136103258,0.06091596992839903,HOLD,63.5,2.25
XHR,Consumer Discretionary,1797623168.0,True,674912842.0787647,6.946200820825492,2.6634893514001488,1,None,Positive,Very High,0.17847248076863698,0.10034296065096297,0.03520203070826171,0.08050939872074403,HOLD,63.5,1.66667
WSBC,Financials,3307649280.0,False,97791410424.01138,1074.2284140710115,0.03382351543615584,5,Wide,Negative,Medium,-0.1,0.26721565514397405,0.5675215343617064,0.06463111584186176,HOLD,63.5,
CX,Materials,17993617408.0,True,13041598734.072227,0.29584686534277876,1.3797094800187515,1,None,Positive,Medium,0.07667502795727998,0.03,0.05605098330744386,0.06654068020547958,HOLD,63.5,2.13333
SD,Energy,546759424.0,True,891788967.3584156,24.162484213677676,0.6131040459264326,5,None,Negative,High,-0.09331094645887222,0.03,0.06192959032226261,0.09,INSUFFICIENT_LIQUIDITY,63.5,
EHC,Health Care,10317697024.0,True,60230684511.69641,589.3413357308847,0.17130300124675438,5,Wide,Positive,Medium,-0.09996149700555129,0.10633026732050879,0.11608287369377013,0.06886464002351318,HOLD,63.4,1.07692
TER,Information Technology,56031133696.0,True,12762135029.119156,79.90367476079336,4.390420064366555,1,Wide,Negative,Medium,0.2111081856188471,0.03,0.47580125007535357,0.07488778458506432,HOLD,63.4,1.72222
AAPL,Information Technology,4514011676672.0,True,2713791169586.7383,180.86277714150032,1.6633599988312302,1,Wide,Positive,Low,0.0952328716581331,0.0364579254384132,0.703942053307871,0.06453908279587643,HOLD,63.4,1.97917
SFD,Consumer Staples,10572734464.0,True,17344832899.891262,44.16801952502276,0.6095610447804477,5,Narrow,Positive,Low,-0.055744976022438275,0.03,0.09193634004421576,0.061567623932934856,HOLD,63.4,1.57143
AMAL,Financials,1266972800.0,False,7730447989.567119,252.36510804280226,0.16389383923284717,5,Narrow,Stable,Medium,-0.1,0.16077150943069954,,0.07335826760666021,HOLD,63.4,
BIIB,Health Care,28839434240.0,True,65174093638.94654,443.05978000643466,0.44249843196540006,5,Wide,Negative,Medium,-0.06502380739431729,0.03,0.21097577518981248,0.06935326489469996,HOLD,63.4,2.0
SNDR,Industrials,6516375040.0,True,20756308000.013203,118.00061398529394,0.3139467307960479,5,Narrow,Negative,Low,-0.1,0.03,0.11175893090253051,0.0637478128968273,HOLD,63.4,2.3125
WDH,Unknown,503022720.0,True,2055725559.6263988,0.5526475335740658,0.24469351837577863,5,None,Positive,High,-0.1,0.03,0.02862033000032201,0.0871001828558722,INSUFFICIENT_LIQUIDITY,63.4,1.25
AAME,Financials,34063368.0,False,217619453.18030864,10.667620253936699,0.15652721988864107,5,None,Positive,Low,-0.1,0.03,0.04071588645730895,0.05367028596757023,INSUFFICIENT_LIQUIDITY,63.4,
ENR,Information Technology,1331124608.0,True,5479765059.076628,76.10784804273094,0.24291636478011747,5,Narrow,Positive,Medium,-0.0715974725716802,0.03,0.0913828504137936,0.05226766280283735,HOLD,63.3,
RCMT,Information Technology,168543472.0,True,476180204.3062398,62.36202441495386,0.353948926217031,5,Narrow,Positive,Medium,-0.0613462087594962,0.11187945766658967,0.1382373427389262,0.07079808157471236,INSUFFICIENT_LIQUIDITY,63.3,
VTOL,Industrials,1232786048.0,True,6508388157.550183,217.78838701479665,0.1894149546950242,5,None,Positive,Very High,-0.1,0.0650776834835273,0.010016942481698536,0.08653380741207896,HOLD,63.3,1.33333
CRSR,Information Technology,963008704.0,True,363327526.2835405,3.4274565000098156,2.6505250341216064,1,None,Negative,Medium,0.1884308088520782,0.03,0.006072678634849956,0.07146946316733335,INSUFFICIENT_LIQUIDITY,63.3,2.375
CENX,Materials,5950319616.0,True,1024696423.7009673,10.75232343862505,5.806909713326428,1,None,Positive,High,0.3168287673550083,0.05053062062977212,-0.015149835061757854,0.08607249438986089,HOLD,63.2,
AIT,Industrials,11652973568.0,True,8582678690.032656,221.1118788652271,1.3577315414979916,1,Narrow,Positive,Low,0.10810335108479896,0.06061428764501189,0.13135178118428192,0.06399118290225568,HOLD,63.2,
ENSG,Health Care,9953251328.0,True,22805050248.28825,387.3600843899283,0.43644943640267103,5,Wide,Negative,Low,0.07436586712345539,0.17256618414302294,0.17677417730121672,0.06469739082887767,HOLD,63.2,1.6
BOSC,Information Technology,29256712.0,True,83474253.45314547,13.224691611715063,0.35048785451458925,5,Narrow,Positive,Low,-0.1,0.09234826017998748,0.08254071739021925,0.06378569862860292,INSUFFICIENT_LIQUIDITY,63.2,1.0
CASS,Industrials,611572608.0,True,776406213.3699714,57.66834810472317,0.7876966946793028,4,None,Stable,High,-0.06940140994207494,0.03,-2.4098544541717493,0.09,INSUFFICIENT_LIQUIDITY,63.2,
RFIL,Information Technology,173460848.0,True,9410817.37466872,0.8737341355517184,18.432070360530844,1,None,Negative,High,0.4,0.07573012433378401,-0.002263979540899701,0.08798801907466146,INSUFFICIENT_LIQUIDITY,63.2,
DDI,Information Technology,575810944.0,True,2147239945.2716208,866.6360782507211,0.2681632973846159,5,Narrow,Positive,Medium,-0.1,0.03045370062269297,0.15657175696263118,0.0731996580718486,INSUFFICIENT_LIQUIDITY,63.2,
GEO,Industrials,3381878784.0,True,16799961477.42884,120.23762356540327,0.20130277016073145,5,Narrow,Positive,Low,-0.1,0.041212199860707205,0.0688365726569509,0.0579317609458,HOLD,63.1,
SPB,Information Technology,1891495040.0,True,1656208591.925847,63.946277680534635,1.1420632939722652,2,None,Positive,Medium,0.04754316703376593,0.03,0.020722747851185563,0.06767045888448235,HOLD,63.1,
GMED,Health Care,10859570176.0,True,135284857648.90465,987.0772359393579,0.08027188234313026,5,Wide,Negative,Medium,-0.00500708603471095,0.28,0.12478377211590523,0.075,HOLD,63.1,1.84615
FFBC,Financials,3237071360.0,False,22474132518.414845,233.72096895078647,0.14403543083799164,5,Wide,Stable,Medium,-0.1,0.13162064233054188,0.4548471098292443,0.06652254746786829,HOLD,63.1,
UNTY,Financials,553956544.0,False,3174357226.0369554,310.5113201640375,0.17450983129948178,5,Wide,Positive,Medium,-0.08740385294930747,0.15449745157837735,0.1579679437285595,0.06476276202265434,INSUFFICIENT_LIQUIDITY,63.1,
CNQ,Energy,95316942848.0,True,175181649390.85956,83.50309756054826,0.5441034673405315,5,Narrow,Negative,Medium,-0.05415220267390203,0.04161469346863957,0.10624868946690721,0.07144432100674274,HOLD,63.1,2.22727
XERS,Health Care,1066927808.0,True,4505051367.760241,26.07954400486597,0.2368292214458013,5,Narrow,Positive,Very High,0.1121373443869087,0.28,-0.38625600062315185,0.09860893505283344,HOLD,63.1,
JBHT,Industrials,26870558720.0,True,19921553483.163033,203.9304058140512,1.3488184414287778,1,Wide,Negative,Low,0.07014816278322933,0.03,0.15908978060052215,0.06388452981773135,HOLD,63.1,2.04348
CZWI,Financials,200115328.0,False,801320737.1232378,80.8842976807548,0.249731872306736,5,Narrow,Positive,Medium,-0.1,0.04169436873542094,0.11131871342377997,0.06851214449095386,INSUFFICIENT_LIQUIDITY,63.0,
KTB,Consumer Discretionary,3872934144.0,True,6375851585.707725,113.63533873436452,0.6074379385934375,5,Narrow,Stable,Medium,0.007007296321232759,0.07717196654630301,0.2767203926904412,0.06780898371666444,HOLD,63.0,
TBLA,Information Technology,1251825536.0,True,824129346.6695857,2.9065913242300825,1.518967309025932,1,None,Positive,Medium,0.18551826033010788,0.11211630248277586,-0.016840573785580713,0.07261649498942763,HOLD,63.0,
SWAG,Information Technology,38103416.0,True,108194830.5299826,5.861414191160825,0.3521740901423281,5,None,Positive,Medium,0.028397932239417452,0.25,-0.10164649664987274,0.07469089861190689,INSUFFICIENT_LIQUIDITY,63.0,
OVID,Health Care,447936256.0,True,125664851.09924206,1.7042628102797726,3.5645309892282335,1,None,Stable,Very High,0.4,0.25,-3.2267936109827735,0.11,INSUFFICIENT_LIQUIDITY,63.0,1.0
OTTR,Utilities,3642964736.0,True,5958773155.462164,141.48142449514836,0.6113615405313161,5,Narrow,Positive,Medium,-0.047345597152769814,0.03,0.09558834964849931,0.05998896338339586,HOLD,63.0,3.0
WCC,Industrials,17256630272.0,True,12629763845.55949,255.14674435473717,1.3663462344204698,1,Narrow,Positive,Medium,0.08204609551656208,0.04944274904362511,0.08336094159124832,0.06708251886786999,HOLD,62.9,1.7
FELE,Information Technology,4354600448.0,True,4223609612.6140957,92.82658489261749,1.0310139542714107,3,Narrow,Positive,Low,0.05140321664852257,0.04485274314698899,0.13605224548886935,0.06420402557995292,HOLD,62.8,
PSO,Unknown,9342485504.0,True,5397941644.329475,8.174983559487316,1.730749630058387,1,None,Positive,Medium,0.10646171784243907,0.03,0.04601939682577698,0.06945614933970787,HOLD,62.8,3.5
RS,Industrials,20134047744.0,True,14932736658.863289,282.4158233354759,1.348315998866121,1,Narrow,Negative,Medium,0.08989017673113786,0.03,0.10782019078607832,0.0729202271546922,HOLD,62.8,2.625
QRVO,Information Technology,8649984000.0,True,4770512053.119015,50.995884989566896,1.8132191898235626,1,None,Negative,Medium,0.1436346618868548,0.03,0.0384255825075997,0.07020784906528375,HOLD,62.8,2.7619
CPA,Industrials,5450399744.0,True,148990764864.9201,3611.196976705611,0.036582131442452225,5,Wide,Positive,High,-0.09401962403019196,0.28,0.18538678487111537,0.07759366110430532,HOLD,62.8,1.53333
AIZ,Financials,12751084544.0,False,76231473128.52193,1492.1995202410305,0.1672679802803023,5,Narrow,Positive,Low,-0.1,0.06458361547170237,0.13200261904968022,0.06182051449778527,HOLD,62.8,1.42857
CWK,Real Estate,3132597760.0,False,3933490694.6472607,16.75965357753413,0.7963912980048167,5,None,Negative,Medium,-0.028971312372189584,0.0302829343097716,0.0563305978513501,0.0602515600713135,HOLD,62.7,2.0
WBS,Financials,11709654016.0,False,138380753991.85184,837.6254736017568,0.08461909390007724,5,Narrow,Stable,Medium,-0.1,0.2439358922984814,,0.06739321127287558,HOLD,62.7,
IMPP,Unknown,224711856.0,True,1329123580.105984,36.685494689805616,0.16906769194635876,5,None,Positive,High,-0.1,0.25,0.07833712066485757,0.09,INSUFFICIENT_LIQUIDITY,62.7,2.0
STRL,Industrials,27078205440.0,True,7514153445.983654,242.8071685780093,3.6036268935223053,1,Narrow,Positive,Medium,0.3143945443319408,0.14058785823728406,0.16242891645729146,0.07466449228749981,HOLD,62.7,1.0
SB,Unknown,661872768.0,True,837511875.8902371,8.128169604089578,0.79028463601959,4,None,Negative,Very High,-0.013522433214411989,0.03,0.044120635983254386,0.08009480440526134,INSUFFICIENT_LIQUIDITY,62.7,2.0
STRO,Health Care,432322752.0,True,485476390.3162557,57.12966939391307,0.8905124134221447,3,Narrow,Stable,Very High,-0.0038725437291421624,0.03,-0.9761090557945297,0.11,INSUFFICIENT_LIQUIDITY,62.7,1.41667
WASH,Financials,636790784.0,False,4614574830.732704,239.3327540445363,0.1379955483133622,5,Wide,Negative,Medium,-0.1,0.09105509549831851,0.16259109624789778,0.05907908613418465,INSUFFICIENT_LIQUIDITY,62.7,
TDS,Communication Services,4458365952.0,True,1066048905.324625,8.991413048966583,4.182140171742283,1,None,Negative,Very High,0.2776915364247713,0.03,0.010693219712621847,0.09953945767696074,HOLD,62.6,2.0
EPD,Utilities,81802625024.0,True,132363035685.80319,60.494988887478605,0.6180171420227851,5,Narrow,Stable,Medium,-0.024623921355132306,0.050728404916552484,0.10009196152966601,0.05854756629176988,HOLD,62.6,2.09524
IMAX,Information Technology,2143969408.0,True,484519449.8875942,8.723164516196064,4.424939821295903,1,None,Positive,High,0.3321719122433292,0.09424817909804513,0.06971632827719468,0.08464647612637674,HOLD,62.6,1.36364
RTO,Unknown,14946464768.0,True,56428999523.80736,22.259960364421048,0.26487204972851053,5,Narrow,Positive,Medium,-0.07443399592190753,0.10855510959356507,0.05209477606119238,0.06638644162198065,HOLD,62.6,1.5
MYFW,Financials,283891296.0,False,2428125313.352457,247.00838873212163,0.11691789317415327,5,Wide,Stable,Medium,-0.1,0.11938742119977269,1.7466267338137484,0.07070211636896624,INSUFFICIENT_LIQUIDITY,62.6,
OPHC,Financials,67476000.0,False,1973349154.781176,84.26597676648402,0.03419364476707741,5,Narrow,Positive,High,-0.1,0.28,0.15371253822629968,0.07018744254145527,INSUFFICIENT_LIQUIDITY,62.6,
BYD,Consumer Discretionary,6531391488.0,True,9904810960.494453,121.21017867363128,0.6594160670052758,5,Narrow,Negative,High,-0.03493457345418559,0.048328875483344545,0.1112024575737552,0.07889802079848406,HOLD,62.6,2.35294
HBB,Information Technology,263464464.0,True,582339694.5111682,42.910595719635126,0.4524240172587912,5,Narrow,Positive,Low,-0.09010190040780502,0.03,0.15359098743238975,0.06156260876831002,INSUFFICIENT_LIQUIDITY,62.6,
RNG,Information Technology,3546380544.0,True,10432563851.157148,114.37458998790919,0.3399337492294999,5,Narrow,Positive,High,-0.0515496681394763,0.09984056357542093,-0.11320354582856174,0.07784123807426363,HOLD,62.6,
TRT,Industrials,105676656.0,True,28522893.802151114,3.2679759168367455,3.7049766665691606,1,None,Positive,Medium,0.3856633063256506,0.03,0.0517227479685277,0.07474296786879672,INSUFFICIENT_LIQUIDITY,62.6,
PCRX,Health Care,895165248.0,True,2416109551.8011317,53.64125819903938,0.3704986172223371,5,None,Negative,Medium,-0.1,0.060674769685038085,0.03972313916502952,0.06573458508658425,INSUFFICIENT_LIQUIDITY,62.5,
MRVL,Information Technology,230483558400.0,True,14089779068.251858,16.200734814593375,16.358209542074565,1,None,Negative,High,0.4,0.18636812990372914,-0.015417857043662246,0.08911426794308656,HOLD,62.5,1.43182
ALB,Materials,18331762688.0,True,8796801989.631481,74.76205117649818,2.0839121659902182,1,None,Negative,High,0.15512653875993399,0.03,0.07074547127485457,0.08309374047842702,HOLD,62.5,2.08333
TNGX,Health Care,2924782080.0,True,1023412703.5750577,8.809901831202033,2.8578715798454954,1,Narrow,Stable,Very High,0.37648801521761965,0.2062563435560784,-36.596185465307464,0.11,HOLD,62.5,1.5
EYE,Health Care,1237001216.0,True,4329900375.846678,53.736849382529265,0.2856881472147299,5,None,Negative,Low,-0.1,0.03,0.03866585398437711,0.061426380458369935,HOLD,62.5,1.58333
MCK,Health Care,93237469184.0,True,227938050938.38846,1836.7288552650157,0.40904740915417426,5,Narrow,Positive,Low,-0.027545215688390093,0.12421102919363443,0.14272709813172424,0.06359031265501987,HOLD,62.5,1.47059
PAGS,Unknown,2384299776.0,True,28309290983.20482,95.03976418699334,0.08422322471497234,5,Narrow,Positive,High,-0.1,0.1355608045538824,0.2559185544716712,0.08272266777486581,HOLD,62.4,2.2
BUD,Consumer Staples,151920541696.0,True,151204417510.19952,74.92785803280452,1.0047361326976585,3,Narrow,Stable,Medium,0.03245251356207779,0.03,0.06751552246975395,0.06475760378340259,HOLD,62.4,1.54545
KNSA,Health Care,3725338624.0,True,8076907265.330454,102.26647839724613,0.46123330398886087,5,Narrow,Positive,Very High,0.17683718153983757,0.28,-0.0656653582297209,0.10877231512222324,HOLD,62.4,1.125
CATY,Financials,3902805504.0,False,22649029349.937195,326.11401650505974,0.17231667828673736,5,Wide,Positive,Medium,-0.1,0.11746358853475432,0.6758681250563907,0.07406544120637713,HOLD,62.4,
NTWK,Information Technology,51306112.0,True,101377401.31783456,8.75733309979569,0.5060902265500675,5,None,Positive,Medium,-0.08819109934700581,0.0776640474204302,0.04460546270927325,0.07057276559517543,INSUFFICIENT_LIQUIDITY,62.4,
NBIX,Health Care,16478132224.0,True,65804805129.17415,641.9980988212112,0.250409254942,5,Wide,Positive,High,0.09806724985046011,0.2487085055729625,0.15822774686478847,0.09,HOLD,62.4,1.41379
AUB,Financials,5432671232.0,False,75985878941.67145,588.3035818991139,0.07149580037325418,5,Narrow,Positive,Medium,-0.1,0.28,0.18396884222696305,0.06845547033317537,HOLD,62.4,
ETON,Health Care,797939392.0,True,795202371.2708585,29.552637552804317,1.0034419172125546,3,Narrow,Positive,Very High,0.2804310740273873,0.28,-1.0824148676827323,0.10754539372164976,INSUFFICIENT_LIQUIDITY,62.4,
HE,Utilities,2337486336.0,True,3784618498.608243,21.874258012844074,0.6176279952284723,5,Narrow,Negative,High,-0.016263262268414846,0.03,0.09219404779552917,0.05303925152617241,HOLD,62.3,
WWW,Materials,1303633664.0,True,1918818619.3188868,23.486152011247086,0.6793938993893776,5,None,Positive,Medium,-0.03661506208356419,0.03,0.09032338560945474,0.06481234506685486,HOLD,62.3,
ACA,Materials,6013813760.0,True,4589365313.131326,93.66051659451685,1.3103802704031797,1,None,Positive,Low,0.13779820353821493,0.10160234441608065,0.05093439300978771,0.060645744754206435,HOLD,62.3,1.33333
SHIP,Unknown,334773664.0,True,586252545.0534418,28.545056395216008,0.5710400182049233,5,None,Stable,Very High,-0.01947561170307227,0.0838654996095726,0.040170357085162825,0.07910048359948808,INSUFFICIENT_LIQUIDITY,62.3,1.25
PRG,Information Technology,1412311168.0,True,14842925832.967272,363.236322173293,0.09515045644593528,5,Narrow,Negative,Low,-0.1,0.03,0.15616255022597045,0.05861327605355676,HOLD,62.3,
PLAB,Information Technology,1718870272.0,True,3019513356.3506393,50.39241248916287,0.5692540714830331,5,Narrow,Positive,Medium,-0.1,0.03,0.08839857498843909,0.07499955948424965,HOLD,62.3,1.0
APOG,Materials,790200640.0,True,1303349364.7597418,60.57300575171919,0.6062845936520366,5,Narrow,Positive,Medium,-0.04880473552002812,0.03,0.10577715075702454,0.06783271552478053,INSUFFICIENT_LIQUIDITY,62.3,1.0
URGN,Health Care,1308177664.0,True,1000512193.8206501,20.79371011798692,1.3075079664991083,2,Narrow,Stable,Very High,0.23479463021403163,0.19854874634588593,-2.6030886380737397,0.10431407603358638,HOLD,62.3,1.42857
DDS,Consumer Discretionary,9468149760.0,True,11939931308.766197,762.69123658679,0.79298192888669,5,Wide,Negative,Medium,-0.005602239005017806,0.03,0.2919482847776388,0.07335244193537205,HOLD,62.2,
ARMK,Consumer Discretionary,14044350464.0,True,9041638410.233067,33.81960811610691,1.5532970714804308,1,None,Positive,Medium,0.14849470928092867,0.0963750012491576,0.06356675539167284,0.06623111611251609,HOLD,62.2,1.5
FIEE,Information Technology,37568476.0,True,3037690.035559785,0.42901390815761603,12.367448804919587,1,None,Stable,Very High,0.4,0.03,-0.25567126224599646,0.11,INSUFFICIENT_LIQUIDITY,62.2,
NBN,Materials,1020568896.0,True,6390464357.842266,91.29234796917522,0.15970183680745761,5,Wide,Negative,High,-0.1,0.03,0.29040717415443645,0.07816325575764071,HOLD,62.2,
CBAN,Financials,428271680.0,False,2779245784.836134,156.22791050838745,0.1540963675601117,5,Narrow,Stable,Medium,-0.1,0.12843831721476473,,0.0631359706684246,INSUFFICIENT_LIQUIDITY,62.2,
WB,Unknown,1891678848.0,True,10263448524.235353,38.21659414743578,0.18431220690912303,5,Narrow,Negative,Medium,-0.1,0.03,0.15995381175760903,0.05934316392426691,HOLD,62.2,2.35294
YUMC,Consumer Discretionary,15052371968.0,True,22813245679.746094,61.49122824729405,0.6598084366997239,5,Wide,Negative,Low,-0.01825828264115409,0.04227997217550157,0.24038510724039758,0.06488465558081233,HOLD,62.2,1.33333
BEAM,Health Care,3024648960.0,True,1616003346.3332102,16.33884959119353,1.871684837078509,1,Narrow,Stable,Very High,0.2745797911140714,0.03,,0.11,HOLD,62.1,1.29412
GABC,Financials,1663347840.0,False,11536323135.261408,313.51820611030865,0.14418353408599363,5,Narrow,Stable,Medium,-0.1,0.22010138509428057,,0.07187781562197519,HOLD,62.1,
STHO,Real Estate,108859384.0,False,-199592456.40476137,-15.225605035072192,,,None,Stable,Very High,0.4,0.03,-0.018536637162772002,0.06263688658677777,INSUFFICIENT_LIQUIDITY,62.1,
EVC,Communication Services,807183680.0,True,1197023166.0865607,13.151695122211555,0.674325863415771,5,None,Negative,High,-0.03639069949048018,0.03,0.03407741852138477,0.08201542846007566,INSUFFICIENT_LIQUIDITY,62.1,
UL,Unknown,122823729152.0,True,3094652680829.623,1409.671881214241,0.03968901903365552,5,Wide,Negative,High,-0.06520598613076406,0.28,0.16192480036761717,0.07977925448604191,HOLD,62.0,1.6
SPCB,Unknown,57497624.0,True,1773217.6216575727,0.3571748222971343,32.42558798070833,1,None,Positive,Very High,0.4,0.14666395011091016,-0.17982221575255397,0.09342369292553925,INSUFFICIENT_LIQUIDITY,62.0,1.5
JOUT,Consumer Discretionary,469685184.0,True,1123755301.0968122,109.48512286601834,0.4179603722817378,5,Narrow,Negative,Medium,-0.1,0.03,0.1953071418274301,0.075,INSUFFICIENT_LIQUIDITY,62.0,
AEIS,Information Technology,11795540992.0,True,3787098988.260586,98.11137275286492,3.114664028736595,1,Narrow,Negative,Medium,0.22445496905659057,0.04948710629022361,0.19468331118127666,0.07352087159776266,HOLD,62.0,1.7
BWB,Financials,536754848.0,False,8404722127.626427,298.35870759395146,0.06386348529425859,5,Wide,Positive,Medium,-0.1,0.18163160424746186,0.40218012202069586,0.059656430579001746,INSUFFICIENT_LIQUIDITY,62.0,
PFE,Health Care,148413530112.0,True,309620234661.0568,54.195735106083816,0.47934053881998123,5,Narrow,Negative,Medium,-0.06402908949182284,0.03,0.11413211192343939,0.06541181772171065,HOLD,62.0,2.44828
HP,Energy,3743413248.0,True,20526797278.14709,206.7732822764434,0.18236713683460265,5,None,Positive,Very High,-0.052966200872057,0.25,-0.001373860669307351,0.08634803156818492,HOLD,61.9,2.5
JD,Unknown,39002439680.0,True,99772022021.33072,33.50302955719635,0.39091559827926,5,Narrow,Stable,Medium,-0.1,0.07640155585190961,0.11431042250337083,0.06826949585682138,HOLD,61.9,1.35135
LSCC,Information Technology,18574155776.0,True,1173094566.0821693,8.48604990004318,15.833468428749823,1,Narrow,Negative,Medium,0.4,0.03,0.09867416604089027,0.075,HOLD,61.9,
MOG.A,Industrials,11667101696.0,True,6006132708.93906,187.20840959681107,1.9425314526659716,1,Narrow,Positive,Low,0.15468916186721982,0.07877278738218788,0.09076947295839682,0.06338421657517766,HOLD,61.9,
KPLT,Information Technology,29305108.0,True,19692222.87083733,3.917291201678403,1.4881564256211326,1,None,Negative,Very High,0.07201967327552328,0.05344520569712479,-0.12988616321949656,0.06150254913104167,INSUFFICIENT_LIQUIDITY,61.9,
RRX,Industrials,13606819840.0,True,5297016683.682192,79.53478504027315,2.5687704329715824,1,Narrow,Negative,Medium,0.13931351401353298,0.06003334070360826,0.07125276519776494,0.06668086149796844,HOLD,61.8,1.4
NWSA,Communication Services,14858425344.0,True,35919045381.53544,63.02692644592988,0.41366426045493204,5,None,Positive,Medium,-0.1,0.03,0.030579876342765093,0.07131988497710133,HOLD,61.8,1.5
FFIV,Information Technology,22192510976.0,True,23699861974.255806,403.85559904327937,0.9363983216487429,4,Wide,Positive,Low,0.036306439095760965,0.045251270547078226,0.2765463564376307,0.065,HOLD,61.8,2.53846
TSBK,Financials,325564576.0,False,1477979159.196619,185.84793993790467,0.22027683812332388,5,Narrow,Stable,Medium,-0.1,0.122398191171815,,0.07317400265008644,INSUFFICIENT_LIQUIDITY,61.8,
ALGM,Information Technology,8638857216.0,True,2111685223.198051,11.412314302415588,4.09097772769222,1,None,Negative,Medium,0.28496103477902157,0.03,0.07517662380466736,0.07398460424232145,HOLD,61.8,1.25
PSX,Energy,73403179008.0,True,57183418994.71303,140.13723461097706,1.2836444602024688,1,Narrow,Positive,Medium,0.07062058003915406,0.03,0.07835717689448447,0.06831996043536252,HOLD,61.8,2.05
ELSE,Health Care,27058360.0,True,26091786.35372699,7.506639095411796,1.0370451311063622,3,None,Stable,Medium,0.07588726565602222,0.060652053441267964,-0.003122012262780087,0.075,INSUFFICIENT_LIQUIDITY,61.8,
PKOH,Materials,460885376.0,True,1071249809.647183,76.66501299080792,0.4302314659470446,5,Narrow,Positive,Medium,-0.05341806326425674,0.03,0.07634136453107729,0.05679170907601938,INSUFFICIENT_LIQUIDITY,61.8,
ECVT,Materials,1406477312.0,True,1002309819.5782559,8.643764169328223,1.403236089806849,1,None,Positive,Medium,0.1190792161187787,0.07074646987825815,0.02840390810835017,0.06811532568600812,HOLD,61.7,1.5
RRBI,Financials,600787648.0,False,2304597803.157077,343.70424571298815,0.2606908880920475,5,Narrow,Stable,Medium,-0.1,0.12294738806545609,,0.075,INSUFFICIENT_LIQUIDITY,61.7,
LECO,Industrials,14361346048.0,True,13154055841.003723,235.41934391058118,1.091780833348215,2,Wide,Stable,Low,0.05473127168578007,0.043728503049795586,0.2256026355137828,0.06321876449970402,HOLD,61.7,2.4
ADM,Consumer Staples,38999920640.0,True,20472540153.961845,42.29863668173935,1.9049868920370752,1,None,Negative,Medium,0.1206515999815018,0.03,0.05445113081140148,0.06940337599350177,HOLD,61.7,
MLCO,Unknown,2213261824.0,True,25088352431.63347,20.87416664380894,0.08821869949536171,5,None,Positive,Very High,-0.038272837079418365,0.22716600834816086,0.07235293493469404,0.059559703005722,HOLD,61.7,1.83333
HL,Materials,9913128960.0,True,3803159915.526713,5.799550931925182,2.6065506526635485,1,None,Stable,High,0.4,0.25,0.028790895038365433,0.08876197483934853,HOLD,61.7,2.22222
MOG.B,Industrials,10146338816.0,True,6046524130.940137,188.4673917473255,1.6780448727693091,1,Narrow,Positive,Low,0.1374727691461407,0.07877278738218788,0.09076947295839682,0.06316268592632403,HOLD,61.7,
ASB,Financials,5244336128.0,False,69433380573.13414,416.7344719387691,0.07553047373915697,5,Wide,Negative,Medium,-0.1,0.16986961185921481,1.030131014086297,0.06102475939834011,HOLD,61.7,
NVGS,Unknown,1344919808.0,True,2980681007.1681705,43.80985275665809,0.45121225812679505,5,None,Positive,High,-0.06043213452866686,0.07066897375104428,0.025027766517700806,0.07128463478409999,HOLD,61.7,1.5
DSX,Industrials,291101792.0,True,121941175.55295444,1.1035636195755352,2.3872313078824265,1,None,Negative,Very High,0.07171720615639432,0.03,0.031189299928126614,0.06434365700307768,INSUFFICIENT_LIQUIDITY,61.7,1.0
UTHR,Health Care,23340183552.0,True,60653766090.348114,1266.2581647254303,0.384810128974236,5,Wide,Positive,Medium,0.031165502610825825,0.1710934652058495,0.2748190764918762,0.075,HOLD,61.7,1.6
ASTI,Information Technology,,True,2199167.5334800873,0.8604635324600055,,,None,Stable,Very High,,0.03,-6.91215522487974,0.04345,INSUFFICIENT_LIQUIDITY,61.6,
GAP,Consumer Discretionary,7761145856.0,True,17881952765.495445,46.567585326811056,0.43402115852669665,5,Wide,Positive,Medium,-0.09479623319869446,0.03,0.26489392303151793,0.06991280038891023,HOLD,61.6,1.94737
CNC,Health Care,30778368000.0,True,193634370408.83658,392.6750914771303,0.15895095449746363,5,Narrow,Positive,Medium,-0.1,0.11894557551829461,0.10723002099795045,0.06360504874202584,HOLD,61.6,2.45
ABX,Financials,840279936.0,False,5976097904.386345,60.22413273667485,0.14060678881837765,5,Narrow,Negative,High,0.07969204501506957,0.28,0.0797837364498068,0.07519961737078201,INSUFFICIENT_LIQUIDITY,61.6,1.5
D,Utilities,58839388160.0,True,89431058299.57803,104.5610409208208,0.657930133879201,5,Narrow,Positive,Medium,0.045640243705090136,0.08624852088222293,0.03673376400318652,0.055214559735725484,HOLD,61.6,2.8125
GLRE,Financials,515074944.0,False,1859258372.0171227,53.88760306722835,0.2770324725988414,5,Narrow,Stable,High,-0.1,0.0515191471511284,1.151333721778526,0.08957694758225596,INSUFFICIENT_LIQUIDITY,61.6,
KMDA,Unknown,414540800.0,True,735676450.139266,12.60894891318789,0.5634824927745424,5,Narrow,Positive,Medium,0.02928977456505013,0.13933266904646868,0.1079012377941998,0.07426243262676346,INSUFFICIENT_LIQUIDITY,61.6,1.0
BKE,Consumer Discretionary,2309040640.0,True,4043673054.2402287,79.75529189247212,0.5710255525180803,5,Wide,Negative,Medium,-0.04854555557756052,0.03,1.3475308390670433,0.075,HOLD,61.6,3.0
CRDO,Information Technology,38160846848.0,True,4429635023.645781,24.451777032456643,8.614896406655188,1,Narrow,Positive,Very High,0.4,0.28,-0.2178602503118329,0.11,HOLD,61.6,1.33333
MCHP,Information Technology,47887282176.0,True,8330630538.9840355,15.279953299677247,5.748338250256878,1,None,Negative,Medium,0.28857646598934095,0.03,0.06378818927568558,0.07175160249477955,HOLD,61.5,1.61538
OMCL,Information Technology,1955593088.0,True,1079625058.0614817,23.286852552984808,1.811363188912418,1,None,Negative,Medium,0.14872697147290836,0.03,0.020359266225672745,0.0725095700002015,HOLD,61.5,1.375
EME,Industrials,36402704384.0,True,66640237799.033295,1476.1126508058505,0.5462571201168204,5,Wide,Positive,Low,0.07593731591837777,0.15139108343198743,0.20156556616000018,0.065,HOLD,61.5,1.6
CLS,Information Technology,42736652288.0,True,44184904632.57425,380.24874898945137,0.9672229156854044,3,Narrow,Positive,Medium,0.22563991403983785,0.22968088231210557,0.1057204115668758,0.07443698459633878,HOLD,61.5,1.28571
RGCO,Utilities,238636096.0,True,161687642.64114982,15.684602542084395,1.4759080663302753,1,Narrow,Stable,Medium,0.06854968050487831,0.03237011991699137,0.052489799710949664,0.05671586886583581,INSUFFICIENT_LIQUIDITY,61.5,
AMGN,Health Care,188671213568.0,True,448124612172.98737,826.7981774409361,0.42102399297623977,5,Wide,Negative,Medium,0.014595452176198006,0.11107110755920098,0.25665656344616194,0.06791848859268,HOLD,61.5,2.45714
ON,Information Technology,45591064576.0,True,22821310015.379433,55.41843131466594,1.9977409073044394,1,Narrow,Stable,Medium,0.1470124550097115,0.03,0.1432102021082419,0.07304918708974222,HOLD,61.5,2.18182
SWKS,Information Technology,11065366528.0,True,21298675830.27587,137.32221682963166,0.5195330740829758,5,Wide,Negative,Medium,-0.054674495475877605,0.03,0.24378815097608386,0.07239515328579003,HOLD,61.5,
MPC,Energy,76490317824.0,True,69342419272.31677,226.60921330822475,1.1030811821493058,2,Narrow,Positive,Medium,0.053846401250525866,0.03,0.08667585763832455,0.06551593012695923,HOLD,61.5,2.31579
APP,Information Technology,187185512448.0,True,155369746099.09872,454.337357367894,1.2047745275235784,2,Narrow,Positive,High,0.3035833533795531,0.28,0.1819318074567773,0.08914247073090056,HOLD,61.5,1.46875
PDEX,Health Care,208199808.0,True,323489383.2399417,96.2420294971246,0.6436063091615344,5,Narrow,Positive,Low,0.11615670500034281,0.17103030163508542,0.1585370214598917,0.06351632429821133,INSUFFICIENT_LIQUIDITY,61.5,
KRT,Materials,567968192.0,True,797613912.827518,39.5248338002553,0.7120841084461145,5,Narrow,Positive,Low,0.0047055026915297695,0.0682357785390217,0.1897543457813576,0.06372210754633023,INSUFFICIENT_LIQUIDITY,61.4,2.0
ATEN,Information Technology,2200984320.0,True,1720241873.8706195,23.376027637866823,1.2794621229906984,1,Narrow,Negative,Medium,0.09158868416869537,0.052721788029745434,1.0461473371447636,0.07214736273095426,HOLD,61.4,1.83333
CCK,Materials,10434898944.0,True,13688897710.282227,118.27283316297068,0.762289204350031,5,Narrow,Positive,Medium,-0.01601244098597593,0.03,0.09127876887403202,0.06352580282111897,HOLD,61.4,
HAL,Energy,32730884096.0,True,26457733063.627945,31.017272055835807,1.2371008512817714,1,None,Positive,Medium,0.09407045140068615,0.05113822084240569,0.11646300377158718,0.06933840015537947,HOLD,61.4,1.85185
APEI,Consumer Discretionary,965784640.0,True,2024292624.6762576,108.4829916761124,0.47709734661235387,5,Narrow,Positive,Medium,-0.05080969545883768,0.08518161932190327,0.13996819527267726,0.07218357134809343,INSUFFICIENT_LIQUIDITY,61.4,1.42857
SSB,Financials,9309717504.0,False,211295152719.7714,2081.7461523736333,0.04406025118970402,5,Wide,Stable,Medium,-0.1,0.28,0.262765047904737,0.07280380231310198,HOLD,61.4,1.46154
IPGP,Information Technology,4557171200.0,True,3239903533.430608,75.96542582586743,1.4065761998705526,1,Narrow,Negative,Medium,0.10740741868901593,0.03,0.14511220405530534,0.075,HOLD,61.4,2.0
UI,Information Technology,34335995904.0,True,27173493731.733307,448.896384374621,1.263584147219991,1,Wide,Negative,Medium,0.13580085565221456,0.10809423354135336,1.3194200198874237,0.07477234646582476,HOLD,61.4,
STE,Health Care,20725889024.0,True,18351869506.747753,185.93586126390835,1.1293611812343887,1,Narrow,Stable,Low,0.09742344839339603,0.08320099381604415,0.0785506634013218,0.06316272883421509,HOLD,61.4,1.875
BHP,Materials,210137350144.0,True,310118354156.1061,61.010890056286854,0.6776037191214486,5,Wide,Positive,Medium,0.006695408736706265,0.07126592927633882,0.14740789671044813,0.07167642844741416,HOLD,61.3,3.125
STN,Unknown,8427269120.0,True,14727202413.710209,129.11011124392476,0.5722247093008431,5,Narrow,Positive,Low,0.06184540909845071,0.12662136656265632,0.09000131824050936,0.06203146810831341,HOLD,61.3,
TFC,Financials,61297262592.0,False,283498933312.8574,217.62411400388226,0.21621690732908308,5,Narrow,Negative,High,-0.1,0.046335397067019814,0.3373964869822633,0.06521509247453022,HOLD,61.3,
XNET,Unknown,296626624.0,True,1033045247.745275,3.2643918631662863,0.28713807516894096,5,None,Positive,Very High,-0.1,0.15708073962366947,-0.25597455877464065,0.09648042255758613,INSUFFICIENT_LIQUIDITY,61.3,
NVT,Industrials,26337792000.0,True,16943901945.39249,102.93986601088997,1.5544112616375216,1,Narrow,Positive,Medium,0.2104397779013043,0.15593165934465264,0.07886492338349499,0.07323598789458245,HOLD,61.3,1.35714
IHG,Unknown,24065425408.0,True,50928364257.55507,326.8829541563226,0.47253481942393166,5,Wide,Positive,Medium,0.036719365648998,0.1172566772117161,2.0799779295123804,0.07024558046825849,HOLD,61.3,2.77778
DXCM,Health Care,28114706432.0,True,37477837082.83306,92.42376592560558,0.7501688629965816,5,Wide,Positive,Medium,0.12300047054731233,0.15859446162085605,0.22785826143072918,0.07366634010471938,HOLD,61.3,1.33333
AU,Materials,42533101568.0,True,93507540838.64603,183.67457888651336,0.4548627970164879,5,None,Stable,Medium,0.10933272784487483,0.25,0.11535029742233972,0.0735438821263255,HOLD,61.3,2.0
DDD,Information Technology,427615936.0,True,248619307.4566205,1.416521231677362,1.719962702714113,1,None,Negative,High,0.12504542898071547,0.03,-0.15782656195704758,0.08188106584829583,INSUFFICIENT_LIQUIDITY,61.3,
LFMD,Health Care,236492672.0,True,1299431445.6522236,28.79331871245935,0.18199703631252145,5,Narrow,Stable,Very High,-0.1,0.17251789944586418,,0.11,INSUFFICIENT_LIQUIDITY,61.2,1.0
ASC,Industrials,670795008.0,True,990834595.5922384,24.27800975963082,0.6769999866618046,5,None,Positive,High,-0.08867466848494995,0.030056409952385225,0.028391023610447874,0.08258976310867064,INSUFFICIENT_LIQUIDITY,61.2,1.0
WSBF,Financials,339036896.0,False,880365279.0498781,49.27325678904562,0.3851093450276694,5,None,Negative,High,-0.1,0.03,0.055372867699715514,0.06445662149154278,INSUFFICIENT_LIQUIDITY,61.2,
ABBV,Health Care,401468325888.0,True,188259010419.67188,106.18105494623343,2.132531797511505,1,Wide,Negative,Medium,0.12267891012714427,0.03727515786357949,0.1971840467638002,0.0704591454350654,HOLD,61.1,1.75
SGC,Consumer Discretionary,200428496.0,True,550185816.2770602,35.90800423734903,0.3642923719048931,5,Narrow,Negative,Medium,-0.09373091602734196,0.03,0.06968289292935698,0.06495238837752262,INSUFFICIENT_LIQUIDITY,61.1,
NYT,Communication Services,12444004352.0,True,9776127833.37441,59.269734595432425,1.2728970574134486,1,Wide,Stable,Low,0.11357220499381027,0.0797411415058403,0.19952167628382664,0.065,HOLD,61.1,1.9
MDT,Health Care,104854880256.0,True,142698078965.36908,110.62724161979152,0.7348023254149545,5,Narrow,Stable,Low,-0.01758297096740981,0.030883756982432287,0.06469578242934666,0.06039239900928558,HOLD,61.1,1.9
GPOR,Energy,3019977728.0,True,5486620512.122651,297.53907332552336,0.5504258443476051,5,Narrow,Positive,High,-0.07599769324920985,0.04739459891525359,0.06805550673609982,0.08036541025123427,HOLD,61.1,1.84615
FUSB,Financials,89967032.0,False,552655715.3742806,92.06368368439509,0.16279037653500195,5,None,Stable,Medium,-0.1,0.08195059703289273,,0.07157806167256646,INSUFFICIENT_LIQUIDITY,61.1,
HRMY,Health Care,1864144256.0,True,36169618991.93779,617.8133854589382,0.05153895197003645,5,Wide,Positive,Medium,-0.1,0.26773482464991327,0.45377960985199095,0.07245362009396024,HOLD,61.1,
SABR,Information Technology,656220032.0,True,16066356782.657112,41.01626160027038,0.04084435823735466,5,Narrow,Positive,Very High,-0.1,0.08870514955711623,0.0829964180060299,0.052175425283074735,INSUFFICIENT_LIQUIDITY,61.1,2.71429
PAAS,Unknown,20047835136.0,True,16506423594.364117,43.25843432482596,1.2145474773133198,2,None,Stable,High,0.26911948350007686,0.2321032165177773,0.05638820527638638,0.08839914440210686,HOLD,61.0,1.77778
BRC,Consumer Discretionary,4175606528.0,True,5919513714.687084,123.08728509288622,0.705396883808171,5,Wide,Positive,Low,0.016795390231733945,0.06981983550249896,0.16900386104823092,0.06449712983233166,HOLD,61.0,
IPI,Materials,469618720.0,True,267455305.29033148,20.301752314299314,1.755877377306887,1,None,Negative,High,0.15983128460659002,0.03,-0.002431799622854504,0.0898280643284496,INSUFFICIENT_LIQUIDITY,61.0,
SR,Utilities,4870041088.0,True,4072975023.069706,69.38628659403247,1.1956962810760288,2,Narrow,Stable,Medium,0.04835552711173541,0.03,0.04854734571260965,0.05389902439459629,HOLD,61.0,1.9
OXY,Energy,56624553984.0,True,57846425485.5356,57.84064142139346,0.9788773205728827,3,Narrow,Stable,High,0.02629243919103763,0.03,0.0474836575720548,0.07680680218704754,HOLD,61.0,2.56
BBT,Financials,2416417792.0,False,14007556125.272825,159.71842470354977,0.17250816419291237,5,Narrow,Stable,Medium,-0.1,0.18548741040508077,0.1127199695337487,0.06723885098614663,HOLD,61.0,
FCAP,Financials,221273424.0,False,1333336753.013012,398.2500399532412,0.16595464236621144,5,Narrow,Stable,Low,-0.1,0.1341112390656563,,0.065,INSUFFICIENT_LIQUIDITY,61.0,
AWX,Utilities,9592603.0,True,27328626.905699223,7.00913744696056,0.35100932926855244,5,Narrow,Positive,High,-0.037203451841079704,0.03276291678743863,0.0019362657377158573,0.04824957512203858,INSUFFICIENT_LIQUIDITY,61.0,
BLFS,Health Care,1302050176.0,True,241411937.0590542,4.962720119037192,5.393478847243135,1,None,Negative,Very High,0.4,0.04450794647483912,-0.0524011523607524,0.10974557127232569,HOLD,61.0,1.1
NVEC,Information Technology,493923136.0,True,247634167.74218333,51.172870330047026,1.994567795322303,1,Wide,Negative,Low,0.12248388461143789,0.03,0.2928336479838172,0.065,INSUFFICIENT_LIQUIDITY,60.9,
KINS,Financials,223501104.0,False,668342310.4707873,47.25547163078521,0.3344111251052825,5,None,Positive,High,-0.1,0.13294971664147465,0.026634631950307276,0.08909324034557838,INSUFFICIENT_LIQUIDITY,60.9,
LC,Financials,1978268416.0,False,11332284920.031649,96.66396099138844,0.17456924441628627,5,Narrow,Stable,Medium,-0.1,0.09606308699145266,,0.075,HOLD,60.9,
VIRT,Financials,11227993088.0,False,9746542982.497883,114.2372438999923,1.1519974936921116,3,None,Positive,Very High,0.27154416138819604,0.25,-0.2447433448549464,0.09433176131621772,HOLD,60.9,2.57143
ROK,Industrials,49707184128.0,True,24586290139.44626,217.38541237353013,2.021743981953982,1,Wide,Negative,Low,0.11122383541390135,0.03,0.2778926334942018,0.06368740514415873,HOLD,60.9,2.21429
WGO,Industrials,782962368.0,True,3389282323.397713,119.76262626847043,0.2310112564523955,5,Narrow,Negative,Medium,-0.1,0.03,0.14005330684209438,0.06211502841915336,INSUFFICIENT_LIQUIDITY,60.9,2.14286
MUX,Materials,1092048896.0,True,-24736347.36063455,-0.3773085320414056,,,None,Positive,Very High,0.4,0.09410574838424884,-0.08738123783523938,0.10310756530502102,HOLD,60.9,
PKE,Industrials,678530432.0,True,335265181.45966893,16.665764351527013,2.023861914457778,1,Narrow,Negative,Medium,0.23295145326246514,0.1065269080812663,0.22581293682019485,0.075,INSUFFICIENT_LIQUIDITY,60.9,
WTS,Materials,10491751424.0,True,8296857335.215865,247.6673831407721,1.2645452368414176,1,Narrow,Positive,Low,0.11638653341806568,0.082077976662246,0.14538416526235548,0.06460143558064782,HOLD,60.8,2.66667
CAC,Financials,854191360.0,False,11937241637.692257,703.1388052072955,0.07155684587156726,5,Wide,Stable,Medium,-0.1,0.18456113898990556,8.147740377515914,0.061434639785443224,INSUFFICIENT_LIQUIDITY,60.8,
SEDG,Information Technology,3841885696.0,True,1787867562.2777357,30.326288942021538,2.1488648136249275,1,Narrow,Negative,High,0.15047526901278518,0.03,0.1589799757260531,0.08611211326515174,HOLD,60.8,3.19231
TDY,Information Technology,27902650368.0,True,17586335989.58999,371.01974661582256,1.586609648793053,1,Narrow,Positive,Low,0.11428386564502985,0.06045380926954537,0.08598988158000538,0.06324396663532453,HOLD,60.8,1.69231
GDEV,Unknown,224884560.0,True,1944151113.0242157,105.67003471100708,0.1156723664603323,5,None,Stable,Medium,-0.1,0.03,,0.075,INSUFFICIENT_LIQUIDITY,60.8,1.0
NBIS,Unknown,57840545792.0,True,2321476800.480854,9.372889642348573,24.915409785710253,1,None,Negative,High,0.4,0.25,0.0600769335753948,0.08689930814493371,HOLD,60.8,2.0625
VICR,Information Technology,12354384896.0,True,1205355871.757163,26.520481226780266,10.249574574179347,1,Narrow,Positive,Medium,0.4,0.03,0.11457986752174096,0.075,HOLD,60.7,1.5
AXSM,Health Care,11955133440.0,True,11707204217.947868,235.33403679597401,1.0211774918619803,3,Narrow,Stable,Very High,0.28267384657324934,0.28,-47.777063572149345,0.1089483563227493,HOLD,60.7,1.2381
RPRX,Health Care,32171743232.0,True,4466031121.460163,7.912111898132116,7.203654062643766,1,None,Stable,Medium,0.24054374013360447,0.03,0.07110721103591544,0.06806636860365264,HOLD,60.7,1.5
HLN,Unknown,40337567744.0,True,36165386977.49709,4.00680112757557,1.1153639187961386,1,Narrow,Positive,Low,0.04958664493327143,0.03093455957487947,0.06421101220034175,0.06019433279944908,HOLD,60.7,2.0
RNST,Financials,3767470848.0,False,54944152475.046745,627.8271006516321,0.06856909567785256,5,Wide,Positive,Medium,-0.1,0.22398982931008096,0.3022254650865823,0.06809517610518155,HOLD,60.7,
COLB,Financials,8586284032.0,False,48471707457.76788,202.70786529735105,0.17714011909898164,5,Narrow,Stable,High,-0.1,0.1827108732898104,,0.07615454402688412,HOLD,60.7,
PBFS,Financials,395521216.0,False,1960534091.966001,79.80467233133628,0.20174156502597507,5,Narrow,Stable,High,-0.1,0.21199742707117286,,0.09,INSUFFICIENT_LIQUIDITY,60.7,
FOCL,Health Care,170917840.0,True,74341091.12172563,1.9854917838389814,2.2991031934161446,1,None,Negative,High,0.20727646886024859,0.08588733335167431,-0.1442564921692561,0.08184009295389015,INSUFFICIENT_LIQUIDITY,60.7,2.33333
INDB,Financials,3839236864.0,False,27763961286.33613,601.0675672489363,0.13828130735398547,5,Wide,Negative,Medium,-0.1,0.18583387859285985,0.2625197831844982,0.06969582631102614,HOLD,60.7,
VLY,Financials,7635931136.0,False,55785814174.29254,98.94039316157348,0.1368794423640199,5,Wide,Negative,Medium,-0.1,0.15026200390163397,0.12595083217303676,0.06597837107645499,HOLD,60.7,1.64286
MATV,Materials,410073664.0,True,3799323422.596161,69.57563068897929,0.10793333927854652,5,None,Negative,Very High,-0.08096067469542562,0.1213989614097145,0.03819152060211834,0.06234428132026644,INSUFFICIENT_LIQUIDITY,60.7,
ALGN,Health Care,12013224960.0,True,15593304522.42105,214.8193161737622,0.7704091806022654,5,Wide,Negative,Medium,-0.010180181865711069,0.03,0.2370306692035789,0.075,HOLD,60.7,1.875
COCO,Consumer Staples,4231475712.0,True,2615139104.909708,43.60913454062635,1.618069074817379,1,Narrow,Positive,Low,0.1958871898837854,0.12010337770313534,0.4701306507795006,0.065,HOLD,60.6,1.63636
REG,Real Estate,14528586752.0,False,3469015016.6762943,19.036047151883263,4.188101429990354,1,None,Positive,High,0.23523549048922687,0.08131896917368664,0.02962874977307349,0.07855014808112008,HOLD,60.6,2.09524
BSRR,Financials,511199904.0,False,1843297753.2224972,135.60520975520757,0.277328989907522,5,None,Stable,Medium,-0.1,0.06487050491279893,,0.06138235344975087,INSUFFICIENT_LIQUIDITY,60.6,
CPRI,Materials,2173530368.0,True,8243217988.701677,68.78039816248865,0.2636749836021667,5,Narrow,Negative,Medium,-0.1,0.03,0.09456112578789926,0.07054901607092667,HOLD,60.6,2.0625
MCS,Communication Services,625321536.0,True,1004223346.560709,32.10535332205982,0.6226916931792295,5,None,Positive,High,-0.013772795701614104,0.08839075281281664,0.03159589798328604,0.08003677951587426,INSUFFICIENT_LIQUIDITY,60.6,
ABCL,Health Care,1716209664.0,True,748136564.320898,2.5045826142176906,2.293979128740814,1,None,Negative,Very High,0.3639461695532419,0.03,0.00031847424208200636,0.11,HOLD,60.6,1.33333
LEG,Consumer Discretionary,1365688832.0,True,4683347806.127896,33.52432216269074,0.29160525515808866,5,Narrow,Negative,High,-0.08952948266415811,0.03,0.1134421545406496,0.06565194980826132,HOLD,60.6,
WFRD,Industrials,6988983808.0,True,7028439958.924391,96.81046775377949,0.994386214984409,3,None,Positive,High,0.03716727762489136,0.038113992039690056,0.03493505695247097,0.0818424732019502,HOLD,60.6,1.83333
PEN,Health Care,12606901248.0,True,9739620654.202751,247.87904126534278,1.2943934569525546,1,Narrow,Positive,Medium,0.19803805653015416,0.16296514692056424,0.005494665372807443,0.07494227827601653,HOLD,60.6,2.64706
MITK,Information Technology,672415296.0,True,1191071078.3785558,25.381900830638788,0.5645467413375371,5,Wide,Negative,Medium,-0.017827164165368392,0.07219574135292488,0.06110077912166818,0.06917628845364607,INSUFFICIENT_LIQUIDITY,60.6,1.2
III,Industrials,202838496.0,True,191465041.7343052,3.8038908438491914,1.0594022499495113,3,None,Negative,Medium,0.0447432754098821,0.03,0.05994506938068983,0.06787452257802781,INSUFFICIENT_LIQUIDITY,60.5,1.5
CAMT,Health Care,7560963584.0,True,6458768666.801701,129.25292509108866,1.170650935814379,2,Narrow,Negative,Medium,0.21872992968088484,0.2004397884675381,0.16826467002868195,0.07297040663262414,HOLD,60.5,2.0
HLIT,Information Technology,1439747712.0,True,393852548.4903203,3.4493400754087364,3.6555500720224097,1,None,Positive,Medium,0.2854485833253301,0.03,0.03593392488807985,0.07272124118056429,HOLD,60.5,
SONO,Information Technology,1796460416.0,True,1952784984.081818,16.171716930980523,0.9199478850174995,3,None,Negative,Medium,0.009457727561516083,0.03,-0.23158939950448756,0.075,HOLD,60.5,1.5
POST,Consumer Staples,4098521344.0,True,11450015886.9598,182.0352287275008,0.35794896570123763,5,None,Stable,Medium,-0.0022036583892697803,0.11087569595512206,0.05068352650261465,0.05467329828433362,HOLD,60.5,1.85714
GNW,Financials,3316859904.0,False,16718244302.229275,40.38223261408037,0.19839762142713258,5,Narrow,Stable,Low,-0.1,0.03,0.07134592844933471,0.05824925553782688,HOLD,60.5,
BBIO,Health Care,13242179584.0,True,9747937112.294064,50.89576185361255,1.3584596855163344,2,Narrow,Stable,Very High,0.31489425787804026,0.28,-1630.7458685118593,0.10183274326350206,HOLD,60.4,1.41667
ITGR,Health Care,3123166208.0,True,2896348068.922411,81.37180617301823,1.0783117683649042,3,None,Stable,Medium,0.11163758189588757,0.10262777824769148,0.05676660503990093,0.06617023025001646,HOLD,60.4,2.0
RIGL,Health Care,553767232.0,True,15355965233.13397,815.0724646037139,0.03606202694475512,5,Wide,Stable,High,-0.1,0.28,0.4344104785349994,0.08598343274331066,INSUFFICIENT_LIQUIDITY,60.4,1.8
MTRN,Materials,4591927808.0,True,1880386785.6250525,89.91903144725767,2.4420123791040225,1,Narrow,Positive,Low,0.1414610146126284,0.0400177994950385,0.07143481578172528,0.06299067856298601,HOLD,60.4,
VMI,Materials,10363006976.0,True,6961150958.293771,349.15739370485886,1.4886916025938401,1,Narrow,Positive,Low,0.09750503082305811,0.03,0.11479939889512283,0.06344739969124387,HOLD,60.4,1.66667
MSA,Health Care,6226839552.0,True,5273647710.554157,134.0326262022609,1.180746210926873,2,Narrow,Positive,Medium,0.08887139500464969,0.055059433873293435,0.15585218926839928,0.07230771484098271,HOLD,60.3,2.14286
HIMX,Unknown,3502472448.0,True,606506597.901645,1.7369105891732652,5.774829919604574,1,None,Negative,Medium,0.30159660153475853,0.03,0.05638318182607093,0.07040647310033978,HOLD,60.3,
AMAT,Information Technology,359671562240.0,True,164904921204.8087,204.09024901585232,2.1810844674143772,1,Wide,Negative,Low,0.13927845206414086,0.04559791013514136,0.4103501920620465,0.06461428180103597,HOLD,60.3,1.5
KODK,Information Technology,884256064.0,True,422226714.7777401,4.853180629629197,2.094268394328085,1,None,Positive,Medium,0.18923151875503363,0.03,-0.01911170167651466,0.06896852190705068,INSUFFICIENT_LIQUIDITY,60.3,
STBA,Financials,1640546048.0,False,5383531090.094558,139.86284064386152,0.30473420150178515,5,Wide,Positive,Medium,-0.1,0.08759542086242975,0.16838796048537916,0.07060823661432294,HOLD,60.3,
LGND,Health Care,4749731328.0,True,2369581084.3355665,116.76264335939521,2.00446034929918,1,None,Negative,High,0.32593008174780935,0.18737895410127986,0.03563185200314771,0.08600258966715837,HOLD,60.3,1.22222
VIR,Health Care,1458839424.0,True,687022699.8841386,4.959721496973948,2.1234224491359934,1,None,Negative,Very High,0.3246073801306887,0.03,-2.390984961742599,0.11,HOLD,60.3,1.3
ARLP,Materials,3296238592.0,True,6365680531.926136,49.58161973293386,0.5178140146160649,5,Narrow,Positive,Medium,-0.06876193280781137,0.03,0.18237538681682686,0.07118950273465567,HOLD,60.2,
PCG,Utilities,37680066560.0,True,153105546614.1294,69.53022098734304,0.24610516988626643,5,Narrow,Positive,High,-0.07722271976411738,0.033151388708993944,0.029995967379561117,0.051624902498228015,HOLD,60.2,
NWBI,Financials,2076204928.0,False,12697590240.744318,93.14349639534713,0.16351172849615403,5,Wide,Positive,Medium,-0.1,0.11881601167108316,0.2738888276166317,0.06712012969397757,HOLD,60.2,
TRVG,Unknown,303307584.0,True,3775134762.6357713,10.557189294513453,0.08034351170770733,5,Narrow,Positive,Very High,-0.1,0.13158558038488274,-0.07091084012872284,0.11,INSUFFICIENT_LIQUIDITY,60.2,
IIIN,Materials,552681600.0,True,737942742.5997164,37.73099205438779,0.7489491637968341,5,Narrow,Negative,Medium,-0.02775572926409392,0.03,0.11816266939493553,0.075,INSUFFICIENT_LIQUIDITY,60.1,
AUDC,Information Technology,244609216.0,True,706228053.6948082,24.36585242783579,0.346360095326525,5,Narrow,Negative,Low,-0.1,0.03,0.11322400232243082,0.065,INSUFFICIENT_LIQUIDITY,60.1,2.0
RDN,Financials,4494561792.0,False,4899757874.185347,34.79669822801732,0.9173028356523196,3,Narrow,Positive,High,0.005625573955201468,0.03,0.12167644554391369,0.08078653084993985,HOLD,60.1,2.0
SIMO,Unknown,8771957760.0,True,3704401545.821006,27.497450569493356,2.3679824261750957,1,Wide,Negative,Medium,0.17538286766541133,0.06483127778538354,0.3480702920858685,0.075,HOLD,60.1,1.45455
ECO,Industrials,1863991936.0,True,1875522094.630816,57.574197689164265,0.9938522938952177,3,Narrow,Stable,Medium,0.028791748341268852,0.03,0.12786595257723538,0.06726804710331323,HOLD,60.1,1.0
HBCP,Financials,513535520.0,False,2915749436.2269554,371.6224109389441,0.17612470866650543,5,Wide,Negative,Medium,-0.1,0.1182951061835154,0.36912012915535336,0.07181321176108195,INSUFFICIENT_LIQUIDITY,60.1,
RUSHA,Consumer Discretionary,5208277504.0,True,4995768747.552916,61.88549844601387,1.0425377488802254,3,Narrow,Negative,Medium,0.057464584629766,0.04584895800897559,0.09552091138942281,0.0686378526104735,HOLD,60.1,
GLNG,Unknown,5157180416.0,True,940146327.6942186,8.586281693008006,5.48550822790361,1,Narrow,Negative,Very High,0.2560253864370391,0.1246577790703407,0.021067833244588004,0.08681089614957077,HOLD,60.1,1.44444
WU,Industrials,2337014528.0,True,16185371940.625866,49.40589725465771,0.1443905358846904,5,Wide,Negative,Medium,-0.1,0.03,0.40251808655623555,0.05758910465319621,HOLD,60.1,3.58824
ADTN,Information Technology,1243320832.0,True,56967923.1770601,0.7144029893539176,21.82492818170106,1,None,Negative,Very High,0.4,0.0952123747070106,-0.05795593614588526,0.10007059143705233,HOLD,60.1,1.55556
ETR,Utilities,50706386944.0,True,19071854963.277412,42.36760000604021,2.6587024199604303,1,Narrow,Positive,Medium,0.10229463083203094,0.03,0.045713094438216556,0.05678776312428309,HOLD,60.0,1.79167
AHCO,Health Care,1345575552.0,True,2884840240.6581993,21.346101554305708,0.4664298331102717,5,None,Negative,High,-0.03981411474309102,0.04545585817003758,0.04892737655138196,0.06344776222954043,HOLD,60.0,1.625
CRNC,Information Technology,479442624.0,True,621159325.1971039,14.385347966584156,0.7718512860575105,4,None,Negative,Very High,-0.014201922424556035,0.03,-0.008713710306215983,0.09043164181003116,INSUFFICIENT_LIQUIDITY,60.0,
NWS,Communication Services,17000524800.0,True,35677665164.236145,62.60337807376057,0.47650328915137624,5,None,Positive,Medium,-0.1,0.03,0.030579876342765093,0.07173560875184722,HOLD,60.0,1.5
LMAT,Health Care,2158938112.0,True,2846000378.0374784,124.12230703639402,0.7585867270645771,5,Wide,Positive,Low,0.09838346061210068,0.13084573652483034,0.1612357009595462,0.06343859506830792,HOLD,60.0,2.11111
ANGO,Health Care,493347840.0,True,365279205.4940839,8.941402196789506,1.3506047773310499,1,None,Negative,High,0.09617856458334048,0.03,-0.06753037711259574,0.09,INSUFFICIENT_LIQUIDITY,60.0,
IOSP,Materials,1987233024.0,True,2465403136.190254,98.64374569640516,0.8060479013873721,4,Narrow,Stable,Medium,-0.029060809130890382,0.03,0.09822234576052359,0.075,HOLD,60.0,
LPTH,Information Technology,937445888.0,True,-1100978.4134954684,-0.02693586587700222,,,None,Negative,Very High,0.4,0.03,-0.049047967030189765,0.10960443096932775,INSUFFICIENT_LIQUIDITY,60.0,
ZM,Information Technology,29798258688.0,True,29314650835.49638,95.38394246458084,1.0164971384178327,3,Narrow,Negative,Medium,0.044584606284557515,0.04115926533475367,0.44262819659542424,0.075,HOLD,60.0,2.0
ALKS,Health Care,7133724672.0,True,5617392639.850737,33.28963358391599,1.2699352047054975,2,None,Positive,High,0.10866734369328601,0.03,-0.058567158460687954,0.09,HOLD,60.0,1.52941
FLNG,Unknown,1610330112.0,True,1418479876.244937,26.225074086098424,1.1352505868909029,3,Narrow,Stable,High,0.05295015247479473,0.03,0.08657233799836256,0.06512415421205403,HOLD,60.0,4.33333
ORMP,Health Care,151835760.0,True,119803018.89283182,2.824301005303984,1.2673784133588708,2,None,Positive,Very High,0.4,0.03,-0.4380411662413394,0.10971544863666434,INSUFFICIENT_LIQUIDITY,60.0,
GVA,Industrials,6183596544.0,True,2586306784.7000594,48.67700791801663,2.390898319016368,1,None,Positive,Medium,0.21504819942136966,0.08526496839824382,0.04428725161599917,0.06938374832327925,HOLD,60.0,1.5
TALK,Health Care,874415552.0,True,1008772279.1811316,5.809279550479391,0.8668116383112794,3,Narrow,Stable,High,0.1896010540398852,0.20874105644108543,0.12017535855377603,0.09,INSUFFICIENT_LIQUIDITY,60.0,
CFFI,Financials,243751712.0,False,1574421109.528999,486.30152005148324,0.1548198957221301,5,None,Stable,Medium,-0.1,0.08035378531712198,,0.06498641189986369,INSUFFICIENT_LIQUIDITY,59.9,
DRS,Health Care,12311070720.0,True,7738440330.798971,28.79955463639364,1.5908981905568196,1,None,Negative,Low,0.20079097657690037,0.11834769512079789,0.11166023186326622,0.06440924251685647,HOLD,59.9,
ISTR,Financials,400427776.0,False,1323621665.5973425,122.81929181467196,0.3025243439327426,5,Narrow,Positive,Medium,-0.1,0.07493651807436193,0.1831609321895544,0.06675921548141364,INSUFFICIENT_LIQUIDITY,59.9,
SN,Information Technology,16956972032.0,True,50986399554.14861,358.83231417348253,0.3325783381505757,5,Narrow,Stable,Low,0.08588517269127294,0.22653090485466443,0.21026099753344482,0.0641033914035068,HOLD,59.9,1.25
NGVT,Materials,2294583552.0,True,3098093610.557106,85.53071643081846,0.7406437120495475,5,Narrow,Negative,Medium,-0.005870966096401087,0.03,0.12484269940735573,0.06411582483431444,HOLD,59.9,
KO,Consumer Staples,341961310208.0,True,229745504606.01624,53.26814389195832,1.4884352614185827,1,Wide,Stable,Low,0.09389139102647762,0.042627380086771714,0.15097760584501246,0.06246975293752502,HOLD,59.9,1.75
WSFS,Financials,3735201024.0,False,24569375106.693832,435.0795117262636,0.15202670022252046,5,Wide,Stable,Medium,-0.1,0.13830016377691665,11.196924689847982,0.07263499411864091,HOLD,59.9,2.0
NOMD,Unknown,1385330432.0,True,7637936033.357588,50.852506557934966,0.1813749717135321,5,Narrow,Stable,Medium,-0.1,0.0392999186142875,0.06310180155628115,0.05417834256242764,HOLD,59.9,1.8
EW,Health Care,49495769088.0,True,39422665879.17611,67.29714216315485,1.2555155260097395,1,Wide,Negative,Medium,0.096785386528084,0.06282688100583553,0.2535834363002128,0.07462318163919086,HOLD,59.8,1.68966
COR,Health Care,53512073216.0,True,202703286733.911,1038.3644960602776,0.2639921339126849,5,Wide,Positive,Low,-0.048428686947079275,0.10702615404131692,0.36387477536691903,0.062301259163795135,HOLD,59.8,1.57143
MSM,Industrials,6449421312.0,True,6617385786.2609005,118.39170190469282,0.9746176995438848,3,Narrow,Stable,Low,0.024971895941993227,0.03,0.1514654975202097,0.06349075243411581,HOLD,59.8,3.0
CFG,Financials,27055986688.0,False,153808560223.61432,352.0526971848582,0.17590689782587327,5,Wide,Positive,Medium,-0.1,0.08556861194906488,0.2123697399449483,0.06571555053485859,HOLD,59.8,1.41176
SAIC,Information Technology,4834354176.0,True,6764334104.402958,145.46955063232167,0.7146829386876797,5,Narrow,Positive,Medium,-0.021942094524772998,0.03,0.10040425497275154,0.06428274085452468,HOLD,59.8,2.81818
FENC,Health Care,302212160.0,True,861059783.6487074,30.131216840420876,0.35097697713785647,5,Narrow,Stable,Very High,0.1383170618170152,0.28,-1.6703791390728477,0.11,INSUFFICIENT_LIQUIDITY,59.8,1.28571
EFSC,Financials,2244356096.0,False,22356743962.152218,600.3583329883246,0.10038832576870207,5,Wide,Stable,Medium,-0.1,0.1708853495138213,3.555401863715784,0.06942785804952291,HOLD,59.7,
CMCSA,Communication Services,85090484224.0,True,587431547796.7155,158.38003445584133,0.14485174407664964,5,Narrow,Positive,Low,-0.1,0.03,0.08683226892404403,0.0534142721453237,HOLD,59.7,2.69231
VTMX,Unknown,3111902720.0,True,5242051962.124601,6.087475154620106,0.5936420971185389,5,Narrow,Stable,Low,0.09688777022273509,0.14917134109970487,0.04601040600046808,0.0586203777922356,HOLD,59.7,
SHBI,Financials,702240000.0,False,20594507662.213284,616.4699646591661,0.034098411650231725,5,Wide,Stable,Medium,-0.1,0.28,0.5835152004076087,0.07144904461134258,INSUFFICIENT_LIQUIDITY,59.7,
ABM,Information Technology,2489986304.0,True,3068840946.9711924,48.94483169013066,0.8113767859026726,4,None,Stable,Medium,0.04623405871029507,0.06887241362713739,0.0592208111198427,0.06281628451419517,HOLD,59.6,2.375
IRM,Real Estate,37089427456.0,False,11671558644.861088,39.190502339904796,3.1777613071695643,1,None,Positive,Low,0.22847817000840476,0.1169117359763881,0.054993379228506785,0.058383790295845325,HOLD,59.6,1.72727
PGNY,Health Care,2025675136.0,True,3130515096.5525637,34.83697854441471,0.6470740672136501,5,Narrow,Positive,Low,0.12447532615334475,0.19519805665880835,0.24425243950333828,0.065,HOLD,59.6,1.36364
NYAX,Unknown,2429579008.0,True,1662651365.363694,44.15486297606411,1.4612678632531877,1,None,Positive,Medium,0.3188677706890152,0.25,-0.033351319003134414,0.07110073073185477,HOLD,59.6,1.8
AMRN,Health Care,292099680.0,True,809255124.5294008,1.9500875323612497,0.36094881718526306,5,None,Negative,Very High,-0.1,0.03,-0.34519492058425727,0.11,INSUFFICIENT_LIQUIDITY,59.6,
ZUMZ,Consumer Discretionary,293407840.0,True,694247199.4908377,40.25088123207547,0.4226273295955474,5,Narrow,Negative,Medium,-0.1,0.03,0.12431468369445615,0.075,INSUFFICIENT_LIQUIDITY,59.6,3.0
PAYS,Industrials,379600192.0,True,252433002.67623982,4.232007032599676,1.5037661002149532,1,None,Positive,High,0.329129923443812,0.25,0.04760814765858314,0.08903877309506532,INSUFFICIENT_LIQUIDITY,59.6,
NU,Unknown,58195042304.0,True,139708736212.65698,28.469271454881774,0.41654547798226943,5,None,Stable,High,-0.008771706908282273,0.25,,0.07898821942403819,HOLD,59.6,1.47619
PVH,Consumer Discretionary,3584561152.0,True,19378791196.662403,399.56270508582276,0.1849734132342252,5,Narrow,Positive,Medium,-0.1,0.03,0.0823460116158849,0.0626538936982667,HOLD,59.6,2.23077
TRNS,Health Care,819366016.0,True,435062804.4880443,46.38196209893863,1.8833281253822205,1,Narrow,Negative,Low,0.19893587569934323,0.1292008133406913,0.08940620091746301,0.06265839611538705,INSUFFICIENT_LIQUIDITY,59.5,1.5
GLP,Industrials,1668335872.0,True,6464862256.9172325,188.93714401955847,0.2580620909927237,5,Narrow,Stable,High,-0.0850025600111553,0.07712842603043094,0.09657367173515788,0.06656915637368464,HOLD,59.5,
CVGI,Industrials,161572800.0,True,460965036.2490406,13.62350857811327,0.35050988099823865,5,Narrow,Negative,Medium,-0.0832550344906294,0.03,0.11203515894543908,0.06247468256876899,INSUFFICIENT_LIQUIDITY,59.5,
GEF.B,Materials,3010119680.0,True,7367178224.121017,283.59951113358176,0.40858515817419894,5,Narrow,Positive,Medium,-0.0668560065161227,0.03,0.09737767181004194,0.059852803740513036,HOLD,59.5,
SWBI,Materials,659397248.0,True,1082785431.9839635,24.09831371815106,0.6089823787080337,5,Narrow,Negative,Medium,-0.044344736607817264,0.03,0.09249639563047907,0.07039131605570816,INSUFFICIENT_LIQUIDITY,59.5,
AIR,Industrials,4638501888.0,True,3137612184.718228,87.64279845581642,1.478354116098819,1,None,Stable,Low,0.21150822942883696,0.15613563563689312,0.05693365339372562,0.06127924855520891,HOLD,59.4,1.42857
RENT,Consumer Discretionary,111842800.0,True,2111955946.3896112,176.03310511534463,0.052956975826695285,5,Narrow,Positive,Very High,-0.1,0.0978019852363583,-0.8166433100605177,0.07117709247556649,INSUFFICIENT_LIQUIDITY,59.4,
IH,Unknown,79736064.0,True,511361803.7821648,1.9108116409203175,0.155928861737915,5,None,Stable,High,-0.1,0.03,,0.09,INSUFFICIENT_LIQUIDITY,59.4,
NDSN,Industrials,15753136128.0,True,10171654292.234203,178.71344248074712,1.5487290145150838,1,Narrow,Negative,Low,0.10452575237271222,0.03780734613120318,0.13315499330237962,0.06256095147172802,HOLD,59.4,1.88889
BKD,Health Care,2947023104.0,True,-3022375479.3096533,-12.851492617516396,,,None,Positive,High,0.37373948386369726,0.03406315596319667,-0.014312348920641333,0.0623326341894197,HOLD,59.4,
DTM,Utilities,14537012224.0,True,12775996398.961262,124.64386730693914,1.1378378460706138,2,Narrow,Stable,Medium,0.13928251720340512,0.12619852847078317,0.047901389446205804,0.06094929614097888,HOLD,59.4,2.375
AMG,Financials,8895853568.0,False,10382490748.57262,314.6209317749279,0.8568130503003817,4,Narrow,Stable,Medium,-0.0018494166457168617,0.03,0.12710413215006516,0.06767201263004785,HOLD,59.4,1.42857
RDWR,Unknown,1175784704.0,True,1218229147.7520652,27.25433990149891,0.9651588998421309,3,None,Negative,Medium,0.026810458896113,0.03780699613486434,0.01582229033585739,0.075,HOLD,59.3,
INTG,Real Estate,69879368.0,False,177487692.1667863,82.08840547675688,0.39371388036492083,5,Narrow,Positive,Very High,0.11410695785796424,0.15740935684668117,0.09960123019182653,0.06086930063863389,INSUFFICIENT_LIQUIDITY,59.3,
IQV,Health Care,30617804800.0,True,16275945014.423153,93.8094813511421,1.8811690978844922,1,None,Positive,Medium,0.10707535219055239,0.04208532400068163,0.05474038139228933,0.06429493138773913,HOLD,59.3,1.34783
RUSHB,Consumer Discretionary,5206334976.0,True,4996016206.875521,61.88856386883434,1.0420972952079375,3,Narrow,Negative,Medium,0.05740299362591074,0.04584895800897559,0.09552091138942281,0.06863595765935436,HOLD,59.3,
HSIC,Health Care,8822852608.0,True,9018970795.227253,74.09733961531873,0.9782549260131725,3,Narrow,Negative,Medium,0.02486593888269384,0.03,0.10127263437338169,0.0667831465969441,HOLD,59.3,2.375
CTBI,Financials,1227504256.0,False,4842553124.342356,268.3747020806005,0.25348286833026773,5,Narrow,Stable,Medium,-0.1,0.13466341290647219,,0.07343476409973543,HOLD,59.3,
TDW,Industrials,3604477696.0,True,7719400546.841736,153.06552480254078,0.4669375133636137,5,None,Positive,Very High,0.1140284836636668,0.25,-0.05388503387937336,0.09976770695470832,HOLD,59.3,
AFL,Financials,60182372352.0,False,76974735902.31763,143.91082808101592,0.7818457789627568,5,Narrow,Positive,Low,-0.014776274817663138,0.03,0.12527093993215388,0.061318882208205736,HOLD,59.2,3.07143
HURC,Health Care,136213568.0,True,234577090.17440867,36.33474135291336,0.5806772003980647,5,None,Negative,Medium,-0.0901108154465658,0.03,0.04999438022605428,0.075,INSUFFICIENT_LIQUIDITY,59.2,
CTVA,Materials,51519201280.0,True,22452480925.337135,32.95051500636504,2.294588355350152,1,None,Positive,Low,0.18079194666340098,0.03,0.051933790661061574,0.06397227687868741,HOLD,59.2,1.72727
NAT,Unknown,1141336064.0,True,381368235.5024743,1.8010249890101846,2.9927402383059643,1,None,Positive,High,0.14763155942848216,0.03,0.038811869698997734,0.07706071183175438,HOLD,59.2,3.0
DK,Energy,2958962432.0,True,2712896612.7628307,44.690902492510254,1.0907022472141223,3,Narrow,Positive,High,0.045452815114648604,0.03,0.08938159769149286,0.06527339201958163,HOLD,59.2,2.38462
NEWT,Financials,381803488.0,False,6710601824.037751,251.19228238958453,0.05689556585407266,5,Narrow,Stable,Very High,-0.08865282368337918,0.21272421508050643,0.07563199550102254,0.0645943805503597,INSUFFICIENT_LIQUIDITY,59.2,2.42857
RES,Energy,1509354368.0,True,2063369355.2319112,9.725625973245936,0.7314998471664115,4,None,Positive,High,0.0014494246441226768,0.1037483907425495,0.06049120149469859,0.08844916052722153,HOLD,59.2,
IRMD,Health Care,1189717120.0,True,940933068.6624999,73.20157683697681,1.264401432602573,2,Wide,Negative,High,0.19704439910964633,0.1661813468617004,0.7601052817177538,0.09,HOLD,59.1,
CARS,Information Technology,514866880.0,True,2084782643.9197693,32.953696318913906,0.2469642969743632,5,None,Stable,High,-0.1,0.03239483088620827,0.04548860180095584,0.06825078420263406,INSUFFICIENT_LIQUIDITY,59.1,2.57143
YALA,Unknown,803175360.0,True,2549713290.9991326,14.158560114644661,0.31500614709713776,5,Narrow,Negative,High,-0.1,0.04887507073447326,0.8417758364564647,0.09,INSUFFICIENT_LIQUIDITY,59.1,1.66667
IEX,Industrials,15939142656.0,True,12012664487.24907,159.53073688245775,1.326861552898503,1,Narrow,Negative,Low,0.09495357952047492,0.04555457979224502,0.14922832884413337,0.06279063250597018,HOLD,59.1,2.0
GOOG,Communication Services,4460419481600.0,True,5574992821442.488,455.8456926772272,0.8000762735414427,5,Wide,Stable,Low,0.1017671701181865,0.12884236280105976,0.3448510925704773,0.06477743614156103,HOLD,59.1,1.43077
MCBS,Financials,968136192.0,False,2661434544.9285083,102.34089530964961,0.3637647951345751,5,Narrow,Negative,Medium,-0.04644610817020939,0.11972590760212909,0.13333503724103263,0.06411433189506802,INSUFFICIENT_LIQUIDITY,59.1,
LOB,Financials,1730676096.0,False,17468435272.381374,379.39567242518046,0.0990744774225028,5,Wide,Stable,Medium,-0.1,0.17051720121024663,0.7171026357195357,0.07323747679817695,HOLD,59.1,
NEM,Materials,106445684736.0,True,163947732094.52872,147.96726723332915,0.6492659787122015,5,None,Positive,Medium,0.17461735359432312,0.25,0.05427290932040879,0.07194505622771645,HOLD,59.1,1.63636
PLPC,Industrials,1774446080.0,True,902919167.6078166,182.7031905317314,1.965232485540424,1,Narrow,Stable,Low,0.14168705570792606,0.039783910012867005,0.09812109621304765,0.06453113977891353,HOLD,59.1,
FUNC,Financials,256063600.0,False,1930933560.5257437,296.88400377087083,0.13261129498949745,5,Wide,Stable,Medium,-0.1,0.11877193825112009,1.0425465746341367,0.06530507345255125,INSUFFICIENT_LIQUIDITY,59.1,1.5
GOOGL,Communication Services,4494199357440.0,True,5574721449556.028,455.82350364317483,0.8061746937684068,5,Wide,Stable,Low,0.10269739978074402,0.12884236280105976,0.3448510925704773,0.06477909185604336,HOLD,59.1,1.44444
NEXN,Unknown,475298240.0,True,1274422241.2239652,20.870422277456633,0.37295193431614926,5,None,Negative,Medium,-0.1,0.03,0.06556183746667343,0.075,INSUFFICIENT_LIQUIDITY,59.1,
AMTB,Financials,896503296.0,False,6251618737.764238,149.80645914085736,0.14340338616372753,5,Narrow,Stable,High,-0.1,0.11068049437321478,0.028896632084977513,0.06796289379661398,INSUFFICIENT_LIQUIDITY,59.0,2.0
TKR,Industrials,9161461760.0,True,7582623674.772303,107.96581923799918,1.2082179141344644,1,Narrow,Negative,Low,0.0669154440856673,0.03,0.10039636013890287,0.0612629816480731,HOLD,59.0,2.16667
ACT,Financials,5833915392.0,False,7258652514.009235,48.61203949965333,0.8037187867500909,4,Narrow,Stable,Medium,-0.015105060960058536,0.03,0.1416724268107271,0.07142946788999151,HOLD,59.0,
HLLY,Industrials,309350496.0,True,568855752.2854426,4.738759833528577,0.5438118446673857,5,None,Stable,Medium,-0.046665267953822476,0.03,0.06276300668529759,0.055179164911459494,INSUFFICIENT_LIQUIDITY,59.0,1.625
LASR,Information Technology,3714513408.0,True,128369721.86497486,2.5684731960418348,28.93605559032912,1,None,Negative,High,0.4,0.04134358661165871,-0.2132443967249509,0.08975070380039187,HOLD,59.0,1.33333
TWST,Health Care,4310420480.0,True,409889901.64993143,6.8534293347032404,10.516044583311878,1,None,Positive,High,0.4,0.25,-1.1250241988893983,0.08983857060759097,HOLD,59.0,1.33333
DOV,Industrials,28919883776.0,True,18810930918.246723,136.5317209566671,1.5373977982103761,1,Narrow,Stable,Low,0.10209927629437854,0.03,0.12478616353583227,0.06277604448809973,HOLD,59.0,1.75
MCB,Financials,1126067328.0,False,10104273559.23462,940.6613272642539,0.111444659667874,5,Narrow,Stable,Medium,-0.1,0.22471930986594718,0.09194353210110293,0.07413893522671491,HOLD,58.9,
ZION,Financials,9300616192.0,False,55634687941.34832,378.0634828200379,0.16717297312433882,5,Narrow,Stable,Medium,-0.1,0.09498165203843127,,0.07068892094805265,HOLD,58.9,2.42857
MDU,Materials,4464368640.0,True,7697461031.899746,37.49372153872258,0.5799793752120089,5,None,Positive,Medium,-0.0458000840921185,0.03,0.06060387930795501,0.06317362688700225,HOLD,58.9,
BLMN,Consumer Discretionary,622415872.0,True,14967532981.858496,175.45492142331221,0.04158439956366915,5,Narrow,Negative,Medium,-0.1,0.03,0.10917520260864541,0.057378678868376574,INSUFFICIENT_LIQUIDITY,58.9,
BJRI,Consumer Discretionary,904568448.0,True,7138177104.510428,315.5413802718782,0.12672261205573432,5,Narrow,Positive,Medium,-0.1,0.048844703322090545,0.09321729885440583,0.07228998028845803,INSUFFICIENT_LIQUIDITY,58.9,
EQT,Energy,33619443712.0,True,20514164303.199768,33.31752136647156,1.638840520876402,1,None,Negative,Very High,0.15187987226370414,0.08442474982042873,0.011537720862695347,0.0972883204111048,HOLD,58.9,1.625
VRTX,Health Care,113407877120.0,True,137219983000.08609,531.8603992251399,0.8264676517262711,4,Wide,Negative,Medium,0.08833308541380713,0.11426063556813819,0.3512099935811265,0.075,HOLD,58.9,1.60606
RLX,Unknown,2444509184.0,True,2103335927.5054317,1.7184738499292902,1.1622057855965984,2,None,Negative,High,0.09836926347597841,0.03,0.02567026330879596,0.08975066592983853,HOLD,58.9,1.5
VOYA,Financials,7859863040.0,False,154849986556.67114,1589.8355909309153,0.050757918775301225,5,Narrow,Stable,High,-0.1,0.13237280559492348,,0.07302567498152499,HOLD,58.9,2.25
RF,Financials,24355452928.0,False,111721758062.15004,124.68946212293531,0.21800098163914705,5,Narrow,Stable,Medium,-0.1,0.06875457161161438,1.1487179487179486,0.06973005871965403,HOLD,58.9,2.57143
FBP,Financials,3761923328.0,False,13862212441.106636,86.24050442709384,0.27137971979454684,5,Narrow,Stable,Medium,-0.1,0.06591641611706187,0.7603075720473164,0.07274193654238859,HOLD,58.9,
CAAP,Industrials,4137695488.0,True,13506543823.05508,83.14226334744065,0.30634746699130644,5,None,Positive,High,0.020183241300838595,0.24798493386030906,0.10210213374846369,0.08024878669635999,HOLD,58.8,1.57143
GEHC,Health Care,29417850880.0,True,47561787845.87512,103.84669835343914,0.6185186094208466,5,Narrow,Positive,Low,-0.03594738982100246,0.03476745377656876,0.1432659947039344,0.059531709864503055,HOLD,58.8,1.83333
NXT,Health Care,20022757376.0,True,56300007357.37314,368.6726160118971,0.35564395664999476,5,Narrow,Stable,Low,0.07567731982756803,0.216671334788485,0.5917898537985898,0.065,HOLD,58.8,1.74074
IDXX,Health Care,44344864768.0,True,35232314574.43402,434.8326389933233,1.2586418265060113,1,Wide,Negative,Low,0.10580594020534406,0.07905809287455567,0.43140250946923886,0.06459571154998002,HOLD,58.8,2.13333
QCRH,Financials,1544325632.0,False,11942847711.796597,703.610180248963,0.12930966460156618,5,Wide,Stable,Medium,-0.1,0.13487874140301495,0.8545777456690898,0.06577086604620379,HOLD,58.8,
PXLW,Information Technology,40661216.0,True,11741352.556251094,2.1301437874185583,3.4630776825070275,1,None,Negative,Very High,0.4,0.03,-0.3941195903534853,0.11,INSUFFICIENT_LIQUIDITY,58.8,
CHEF,Industrials,3292385536.0,True,2766569958.594538,60.141104628279294,1.190060466669921,2,None,Positive,Medium,0.21017849638251296,0.18471659642558413,0.06301298023077245,0.06915574978254135,HOLD,58.8,
DG,Consumer Staples,22874832896.0,True,76621499942.54071,346.99566124675385,0.29854326674828974,5,Wide,Negative,Low,-0.08060342205970311,0.05456192723157094,0.18362936900814952,0.061404856527685465,HOLD,58.8,2.41935
SPFI,Financials,787464896.0,False,2344019900.282321,138.02100058148042,0.33594633556871906,5,None,Stable,Medium,-0.1,0.041655593047048134,,0.07274923476860931,INSUFFICIENT_LIQUIDITY,58.8,
SUN,Energy,12482291712.0,True,9733099050.652401,70.94187659676747,1.2824580996289483,1,Narrow,Negative,Medium,0.08897241500099454,0.07445960971689466,0.08346369272066664,0.05867213532658419,HOLD,58.8,1.375
CUE,Health Care,123742104.0,True,569473729.2772901,180.34300677591813,0.2172920323419293,5,Narrow,Stable,Very High,0.03873549553013855,0.28,-38.98436151085553,0.1096314992913669,INSUFFICIENT_LIQUIDITY,58.8,
TOL,Industrials,12890586112.0,True,23991318770.950836,240.44457020967172,0.5373021064439433,5,Narrow,Positive,Medium,-0.06378595164547454,0.05311068946997342,0.09645927262267698,0.06938985488842625,HOLD,58.8,1.94737
DKS,Consumer Discretionary,19227830272.0,True,44380802654.38454,521.2440413227537,0.4332465643250464,5,Wide,Negative,Medium,-0.0004879142866743291,0.1132750958786238,0.2808931694229829,0.07215554744986845,HOLD,58.7,2.03846
MMSI,Health Care,3846545408.0,True,2776567158.79123,45.92403504451257,1.3853601184545385,1,None,Positive,Low,0.14318179246197965,0.09307439073702978,0.04225836535668026,0.0615466148105997,HOLD,58.7,1.81818
RVP,Health Care,20536892.0,True,35857465.34952064,1.197757788223012,0.5727368568808935,5,None,Negative,Very High,-0.1,0.03,-0.13348677247249868,0.1072189398413263,INSUFFICIENT_LIQUIDITY,58.7,
BNY,Financials,97733517312.0,False,771837823933.3396,1076.9058736258048,0.1266244206767986,5,Narrow,Stable,High,-0.1,0.19414181600612235,,0.07790764559474701,HOLD,58.7,2.13333
TRV,Financials,64484503552.0,False,141446542457.63733,621.4698702005155,0.455893105844654,5,Narrow,Positive,Low,-0.044657899899982534,0.08753420628264133,0.10710424623286097,0.06229220639062369,HOLD,58.7,2.57143
VET,Unknown,1737288064.0,True,4373219128.917263,28.422812040043826,0.39725612021415535,5,None,Negative,Very High,-0.08868942362222595,0.03,0.025869077546248544,0.08719132675690663,HOLD,58.7,2.4
CSV,Unknown,595688448.0,True,730213679.8999712,46.70677241268845,0.8157727859625976,4,Narrow,Negative,Medium,-0.004193796750627745,0.033795379301421846,0.07666561096891468,0.05996987076388326,INSUFFICIENT_LIQUIDITY,58.7,
BHB,Financials,601878656.0,False,2935140307.3966103,183.9601734543437,0.2050595859023346,5,Wide,Positive,Medium,-0.1,0.10649706554818428,0.22134631734061438,0.06523863997936043,INSUFFICIENT_LIQUIDITY,58.7,
SILC,Unknown,217118704.0,True,117925332.09349112,20.664473693676193,1.8411540603325878,1,None,Negative,High,0.1883774354839004,0.03,0.08118335272612749,0.09,INSUFFICIENT_LIQUIDITY,58.7,
NOC,Industrials,77323026432.0,True,77888583585.94037,541.6452266059831,0.9927388953823207,3,Narrow,Stable,Low,0.03690980493272766,0.03819144243923374,0.15053464867029104,0.0614670918892991,HOLD,58.7,1.95652
KRKR,Unknown,6548509.0,True,46503260.156034395,0.043870044607966494,0.14081827764392227,5,None,Positive,Very High,-0.1,0.03,-0.6081646085550256,0.08981213697930895,INSUFFICIENT_LIQUIDITY,58.7,
FNV,Unknown,42185220096.0,True,12642615563.5988,65.50578012227358,3.3367478338471055,1,None,Stable,High,0.37344647855763924,0.14203903062823775,0.06670118972387158,0.09,HOLD,58.6,1.66667
AAOI,Information Technology,14202970112.0,True,170563209.64738584,2.834029138099592,83.2710063404795,1,None,Positive,Very High,0.4,0.25,-0.13848019925567234,0.10924122450071136,HOLD,58.6,2.33333
OPBK,Financials,210157712.0,False,2156879901.819111,144.69824822982065,0.09743598232926791,5,Narrow,Stable,Medium,-0.1,0.16349204825236324,,0.06485632902856153,INSUFFICIENT_LIQUIDITY,58.6,
NBTB,Financials,2413794816.0,False,24518983098.241447,481.9456137246476,0.09844595945633335,5,Wide,Stable,Low,-0.1,0.1640624708641946,3.5373078644862264,0.06242598102462539,HOLD,58.6,
MNST,Consumer Staples,87580631040.0,True,83437569048.53621,84.75543124902734,1.0496546344615307,3,Wide,Negative,Low,0.10080771195986507,0.09477854472109222,0.3239347884548627,0.065,HOLD,58.6,2.03846
THO,Industrials,3940742912.0,True,10277559866.892078,192.46256504395458,0.38343176425511555,5,Narrow,Negative,Medium,-0.1,0.03,0.1307235046857017,0.06870073775754115,HOLD,58.6,2.55556
SONY,Unknown,128910016512.0,True,147209164021.85205,24.231705875337617,0.8756928780117542,5,Narrow,Stable,Low,-0.0004215846062912143,0.03,0.11751576239176097,0.06107131338178311,HOLD,58.6,
PNTG,Health Care,1102479232.0,True,4269967766.8146095,120.90745743613687,0.2581938066531233,5,Narrow,Positive,Low,0.1077127775519583,0.25451924883982013,0.08607250828971269,0.062064843918713086,HOLD,58.6,1.14286
FCX,Materials,91098161152.0,True,74238847108.0718,51.44757249346625,1.2270955800187142,1,Narrow,Negative,Medium,0.08703730647224217,0.045151332234846686,0.12604918140801677,0.07205497800089757,HOLD,58.6,1.69565
MUR,Energy,5543327744.0,True,9933603769.692398,68.9712311123484,0.5580379359314483,5,None,Negative,High,-0.0729446649353302,0.03,0.04226557129735486,0.08069404163520315,HOLD,58.6,2.8125
CMP,Materials,1243225856.0,True,1157046056.344983,27.661998095653225,1.074482600914999,3,None,Negative,High,0.04119379833464609,0.03,0.038685121107266435,0.07087852950601502,HOLD,58.5,2.0
LILAV,Communication Services,,True,30510450633.41474,139.0314451283424,,,None,Stable,Medium,,0.03,0.007651972047786408,0.04345,INSUFFICIENT_DATA,58.5,
HAS,Consumer Discretionary,11910685696.0,True,13641483464.600697,97.30016736519755,0.8731224669888672,4,Narrow,Negative,Medium,0.008131880552700733,0.03,0.11301042245410671,0.06821228207836809,HOLD,58.5,1.5625
FCF,Financials,1943190016.0,False,11609337052.719769,112.14136310751675,0.16738165212842715,5,Wide,Positive,Medium,-0.1,0.1285974949138175,0.4990244690796143,0.06954749907616156,HOLD,58.5,
REGN,Health Care,66619965440.0,True,91701770016.16931,844.3993555816695,0.7264850550676747,5,Wide,Negative,Medium,-0.018853445315275837,0.03,0.2351818073486885,0.07376855276947264,HOLD,58.5,1.72414
CPT,Real Estate,11157600256.0,False,4294310741.574568,39.602991142764886,2.598228429996874,1,None,Stable,Medium,0.16821103201433563,0.05495538416673211,0.03614522693027861,0.06682715267649789,HOLD,58.5,2.5
TSN,Consumer Staples,20680560640.0,True,40380945136.10776,113.11189113755674,0.5121366171666917,5,Narrow,Negative,Medium,-0.051740508992166534,0.03,0.09453764401930614,0.06555976931788986,HOLD,58.5,2.61538
SHO,Consumer Discretionary,2138623616.0,True,3199455845.5940495,16.46522080319711,0.668433545955974,5,Narrow,Positive,High,0.03768541415963533,0.09772851961911434,0.03979080310480697,0.07601865775005302,HOLD,58.5,2.41667
UNF,Unknown,4881207808.0,True,4450153863.157213,239.50023481821287,1.0968627058968632,2,Narrow,Negative,Low,0.08042901936846547,0.06203864097490311,0.08852280026606056,0.065,HOLD,58.5,
AN,Consumer Discretionary,6281392128.0,True,11405045035.343792,299.34501405101815,0.5507555742685987,5,Narrow,Negative,Medium,-0.029708034641622583,0.03,0.07028769143881598,0.055810015650466095,HOLD,58.5,1.85714
KYMR,Health Care,6097754624.0,True,945658803.0099318,11.192475504932672,6.448155089966374,1,None,Positive,Very High,0.4,0.03,-1.4875493641915483,0.1099642545124431,HOLD,58.4,1.29167
EXEL,Health Care,13246413824.0,True,22162135185.302776,78.62733024661902,0.5977047659552497,5,Wide,Positive,High,0.04908441119883855,0.12694483552812663,0.3300918695473455,0.09,HOLD,58.4,2.1
TAYD,Industrials,170709504.0,True,293537862.0787841,89.52903495231908,0.581558722241366,5,Narrow,Positive,Medium,0.047720191470364326,0.14776397224485316,0.11428467172771575,0.075,INSUFFICIENT_LIQUIDITY,58.4,
MPB,Financials,832834816.0,False,10826487492.103828,491.6108426552342,0.07692567110130763,5,Wide,Negative,Medium,-0.1,0.21618310248280898,0.6053505651764319,0.07341776252797742,INSUFFICIENT_LIQUIDITY,58.4,
PBA,Unknown,28385656832.0,True,5419246487.536428,9.311420081677712,5.237934258440425,1,None,Positive,High,0.2006317130172156,0.03,0.05537163561087191,0.07856458650494634,HOLD,58.4,2.27778
DRI,Consumer Discretionary,22691674112.0,True,52886191369.845314,446.6739135966665,0.4290661423000174,5,Wide,Positive,Low,0.009059236368181955,0.11214270701592403,0.26314902138470875,0.06315162232779219,HOLD,58.4,1.89655
RMR,Industrials,346824704.0,True,4099569743.056825,246.30916504787461,0.08460026923249554,5,Wide,Negative,High,-0.1,0.03,0.4178013501523706,0.07405148153970977,INSUFFICIENT_LIQUIDITY,58.3,1.66667
RDCM,Unknown,206216800.0,True,624487075.6289449,37.09340381457243,0.3302178828798197,5,Narrow,Positive,High,-0.1,0.16336997043693505,-0.21149648314334224,0.09,INSUFFICIENT_LIQUIDITY,58.3,
PENG,Information Technology,3146251008.0,True,991328346.1603827,18.233673229848122,3.1737728676740384,1,Narrow,Stable,Medium,0.19658746167405605,0.030093231981316304,0.08218811378362999,0.07096157720397346,HOLD,58.3,1.57143
WELL,Real Estate,146074861568.0,False,71065954166.33513,104.58242521766822,2.0554830126687804,1,None,Negative,Medium,0.3639229167613861,0.24583385018397097,0.018240520709917163,0.07133528801811323,HOLD,58.3,1.6
SLAB,Information Technology,7193665536.0,True,1604592756.3123198,49.038622178794036,4.483172136793454,1,None,Negative,Very High,0.3658550554770982,0.03,-0.04114844287803601,0.11,HOLD,58.3,3.0
CFBK,Financials,190459712.0,False,1990198405.7307334,314.3180012079874,0.09569885668261785,5,Wide,Positive,Medium,-0.1,0.1341908536728409,0.4174573285479586,0.06305761840938091,INSUFFICIENT_LIQUIDITY,58.3,
INMD,Unknown,823350528.0,True,2519172040.500464,38.49323473738931,0.3268337829902365,5,Narrow,Negative,Medium,-0.1,0.03,1.6119886121766431,0.075,INSUFFICIENT_LIQUIDITY,58.3,3.0
FHN,Financials,11466766336.0,False,52657977403.27434,103.02730622604335,0.21775933868829117,5,Wide,Stable,Medium,-0.1,0.06672645213225374,5.212236814675839,0.06600215980106394,HOLD,58.3,2.31579
MEOH,Unknown,4457729024.0,True,3542107688.7077065,48.78375331568568,1.2584961880778804,2,Narrow,Negative,High,0.06362703765866662,0.03,0.07459068236128363,0.07222797281992023,HOLD,58.3,2.0
KIM,Real Estate,16340463616.0,False,18889362814.10747,27.97267916536346,0.8650616633715229,4,Narrow,Stable,Medium,0.09686034991903933,0.10962671051414699,0.03217772655380353,0.06446986831398144,HOLD,58.3,2.32
CINT,Information Technology,508988736.0,True,1334568117.3405278,10.000387386320266,0.38138835282105477,5,Narrow,Stable,Medium,-0.03719139802181842,0.12205743440050298,0.09829494892070405,0.06887458694571387,INSUFFICIENT_LIQUIDITY,58.3,
COLM,Consumer Discretionary,3284261632.0,True,7044706541.371883,128.64224355158473,0.4662027598612254,5,Wide,Negative,Low,-0.08301545669027119,0.03,0.19215589381425752,0.065,HOLD,58.2,
SYF,Financials,23828465664.0,False,228122312694.09137,610.1158403158367,0.1044547785904381,5,Wide,Negative,Medium,-0.1,0.08014229816271796,0.2441739941827079,0.06272144623636144,HOLD,58.2,1.875
WPM,Unknown,52782960640.0,True,92407515021.2238,203.2341401656615,0.5711977064622613,5,Narrow,Stable,Medium,0.21034723090510632,0.28,0.07870803708282265,0.075,HOLD,58.2,1.3125
CODI,Consumer Discretionary,800510720.0,True,-847543185.2904141,-11.265128200468048,,,None,Negative,High,0.20678742464634625,0.033831754634863875,0.01656372561224638,0.057365672669188746,INSUFFICIENT_LIQUIDITY,58.2,
OR,Unknown,6350484992.0,True,2876776780.292319,15.208809741860085,2.2075000867306454,1,Narrow,Stable,High,0.2748322367137338,0.1625850214926957,0.035665650960516326,0.09,HOLD,58.2,2.18182
CNMD,Health Care,1058639232.0,True,1427164351.6250434,45.817340897783026,0.7417780795845821,5,None,Positive,Medium,0.038746852261081544,0.06833859721645594,0.04656993697783948,0.06108857140383825,HOLD,58.2,3.0
KEN,Unknown,3913340416.0,True,1346922405.3790135,25.830327076019053,2.905394104643182,1,None,Positive,Medium,0.31980306888818466,0.14284347343349457,0.011551019054722847,0.06517744896178876,HOLD,58.2,
RVTY,Health Care,10974135296.0,True,5345269922.154535,45.844761114580685,2.0530554033418427,1,None,Negative,Medium,0.14506228745828587,0.03,0.060395136994510296,0.06784263824387549,HOLD,58.2,2.1875
DGII,Information Technology,2486459904.0,True,436327210.48236644,11.561705675358818,5.6986129772910115,1,None,Positive,Medium,0.3132380045881823,0.04531784917426966,0.044997447161753044,0.07310204754808966,HOLD,58.2,
FXNC,Financials,262730496.0,False,4040013318.058382,448.1196029560691,0.06503208660863213,5,Narrow,Stable,Medium,-0.1,0.26945801787809265,,0.07059891436533508,INSUFFICIENT_LIQUIDITY,58.1,
MLI,Materials,14683778048.0,True,13775600167.920416,123.55684863416582,1.0659265563031135,3,Wide,Stable,Medium,0.06795107688689261,0.05777770483084215,0.25372281500180166,0.075,HOLD,58.1,2.0
TZOO,Information Technology,102591488.0,True,518395859.6390996,45.16823731280819,0.19790182751733945,5,Narrow,Stable,Medium,-0.1,0.07661745609358012,0.47701288498059835,0.07177890720744015,INSUFFICIENT_LIQUIDITY,58.1,
THRY,Information Technology,164981200.0,True,2227272309.4280796,50.077093093672566,0.07407320573314359,5,Narrow,Negative,High,-0.1,0.03,0.1296052182198451,0.06700643871146635,INSUFFICIENT_LIQUIDITY,58.1,
KMB,Consumer Staples,32875372544.0,True,40063958532.83187,120.23997158713047,0.8205722486723093,5,Wide,Negative,Low,0.007679042107329595,0.03,0.26282543548688064,0.061142422823395645,HOLD,58.1,2.5625
DJCO,Communication Services,715602560.0,True,1112358544.459083,807.5180558293398,0.6433200549989776,5,Narrow,Stable,High,-0.03381771046295817,0.145987160765082,,0.08855312515773968,INSUFFICIENT_LIQUIDITY,58.1,
PEG,Utilities,39606587392.0,True,52083796352.25076,103.95967335778596,0.7604397176452832,5,Narrow,Positive,Medium,0.013326535286881103,0.05086552029569695,0.06041717032154677,0.0567976287122883,HOLD,58.1,
GFF,Materials,3921596928.0,True,713608295.4277277,15.28560127295122,5.495447506883934,1,None,Positive,Medium,0.19834132045770575,0.03,0.059238093768162095,0.06664620644768146,HOLD,58.1,
ALRM,Information Technology,2244026624.0,True,5740423669.836155,97.42111351473348,0.39091655129769365,5,Wide,Negative,Low,-0.043634106497873526,0.07513069518545223,0.14252167351708456,0.05840539073194721,HOLD,58.1,
NRIM,Financials,551670208.0,False,5445325219.800066,242.17212441113622,0.10131079150131192,5,Narrow,Stable,Medium,-0.1,0.20960183039094676,,0.0709290287745355,INSUFFICIENT_LIQUIDITY,58.1,
FHB,Financials,3327099648.0,False,14669660603.1219,116.88120802863163,0.2268014058411105,5,Narrow,Stable,Medium,-0.1,0.08163006600754116,,0.075,HOLD,58.1,
CXW,Financials,2295201280.0,False,15860248383.85466,147.17029529966837,0.14471408167456307,5,Narrow,Stable,Low,-0.1,0.05818870122001156,0.06128901736561027,0.05751781620642778,HOLD,58.1,1.0
GTIM,Consumer Discretionary,13725264.0,True,428289755.91838884,40.01504182231428,0.03204667823672011,5,None,Positive,Medium,-0.1,0.03,-0.00019753787094233324,0.0704012020963868,INSUFFICIENT_LIQUIDITY,58.1,
HOPE,Financials,1610769920.0,False,9297640584.11671,73.33996009007163,0.17324501903759335,5,Wide,Positive,Medium,-0.1,0.04943483070647264,0.48753814863265865,0.06877563810305665,HOLD,58.0,
GOOS,Unknown,950053056.0,True,3669272584.507382,37.41673975941857,0.25892136223712836,5,Wide,Negative,Medium,-0.1,0.05103979096373865,0.20926325149536526,0.06766346716697783,INSUFFICIENT_LIQUIDITY,58.0,
ASRT,Health Care,151473504.0,True,493041022.6395462,77.00156530369298,0.3072229227277497,5,None,Negative,High,-0.1,0.03,-0.35906701191935175,0.08044466920196396,INSUFFICIENT_LIQUIDITY,58.0,
STT,Financials,44767068160.0,False,500818859378.4102,1732.823307043517,0.08938774433447357,5,Narrow,Stable,Medium,-0.1,0.14665452401731405,,0.06260611743726567,HOLD,58.0,2.0625
AXS,Financials,7284592128.0,False,15355737011.036821,193.72413154488459,0.47438896112666257,5,None,Positive,Medium,-0.1,0.06368622814050848,0.06872545096753023,0.06996561031477642,HOLD,58.0,1.83333
FVCB,Financials,292087936.0,False,1571013503.362789,86.03578879314287,0.18592324978415484,5,Wide,Negative,Medium,-0.1,0.14047962079603932,0.31270628775455134,0.07309687804644283,INSUFFICIENT_LIQUIDITY,57.9,
ENPH,Information Technology,7389926400.0,True,3471669761.022343,25.7378064515394,2.1286374882108032,1,Wide,Negative,High,0.1380059754046007,0.03,0.35717081910142956,0.0834766383334803,HOLD,57.9,2.64516
LIND,Industrials,1420896000.0,True,2860395498.0047874,52.03480527092791,0.4967480899026439,5,None,Positive,High,0.1483519382387145,0.25,0.07054293238793305,0.07519489400404114,HOLD,57.9,
ASLE,Industrials,301000512.0,True,155130162.21699902,3.181857915865739,1.9403094001729642,1,None,Negative,High,0.12852638576672304,0.03,0.028991297015019048,0.07734920034163846,INSUFFICIENT_LIQUIDITY,57.9,
ALL,Financials,56892596224.0,False,178773978889.0089,669.3147843092809,0.31823756778004886,5,Narrow,Positive,Low,-0.08860578534317715,0.08078263943314679,0.1521129938076375,0.062492963790425224,HOLD,57.9,2.16
CTSH,Information Technology,25168328704.0,True,52292242209.91169,106.93710063376624,0.481301386981442,5,Wide,Negative,Low,-0.06028943082469268,0.037796485722290635,0.21494533384943834,0.06451784332220435,HOLD,57.8,2.2
MDXG,Health Care,557057024.0,True,3549833272.859838,23.709099759198658,0.15692484158593184,5,Wide,Positive,High,-0.1,0.14454929911094405,0.33798353609674364,0.08854551494356347,INSUFFICIENT_LIQUIDITY,57.8,
AR,Energy,11017768960.0,True,2472126139.0644026,7.914323936292951,4.456798860664032,1,None,Positive,Very High,0.2563963911284496,0.04487458566366866,0.0024310039781543853,0.1025066676949524,HOLD,57.8,1.75
BCML,Financials,346588992.0,False,1491638553.6596355,135.72013782932146,0.23235454135297526,5,Wide,Stable,Medium,-0.1,0.07862892231528881,0.6119291369039945,0.0742251796118977,INSUFFICIENT_LIQUIDITY,57.8,3.0
PMTS,Communication Services,195659104.0,True,1285986226.2342207,107.86778306551786,0.15214712258073904,5,Narrow,Negative,High,-0.09106167617107447,0.10058510715886185,0.19847605509286972,0.06233330806141053,INSUFFICIENT_LIQUIDITY,57.8,
PLD,Real Estate,135440326656.0,False,58679280251.10826,61.326628134414676,2.3081456704377685,1,Narrow,Positive,Medium,0.1958374410166207,0.11813155285840976,0.02699694815696161,0.06851574076457885,HOLD,57.8,1.95652
MLAB,Health Care,573985088.0,True,365814996.97639203,65.73495004068141,1.5690583840034373,1,None,Positive,High,0.14185179237817425,0.07632400951600941,0.026333432118424684,0.08028007304998513,INSUFFICIENT_LIQUIDITY,57.8,2.33333
IFS,Unknown,5233742848.0,True,20349746923.15456,182.16095640753144,0.25718957920036284,5,None,Stable,High,-0.1,0.03,,0.07878658516644521,HOLD,57.8,
ACNT,Materials,122467816.0,True,58680946.998358816,6.085341387364805,2.08701158151768,1,None,Negative,High,0.3380461974860972,0.03,-0.02402569669167415,0.08941005555828944,INSUFFICIENT_LIQUIDITY,57.8,
HLT,Consumer Discretionary,78106157056.0,True,103149188510.6522,433.39995172542945,0.7572154292608321,5,Wide,Positive,Medium,0.12849478363964206,0.15437601837232298,0.14540635610256086,0.07068855660102416,HOLD,57.7,2.16
KRMD,Health Care,180516688.0,True,229825999.36228138,4.975980605187061,0.785449376923828,4,Narrow,Negative,High,0.13775861402361456,0.17054185068424524,-0.4316705320314654,0.08994755972262902,INSUFFICIENT_LIQUIDITY,57.7,
ORI,Financials,9294022656.0,False,14332239254.17844,57.02924325056501,0.6484696837090832,5,Narrow,Positive,Medium,-0.04160133515490566,0.0454464674642789,0.1018622755573754,0.07039124389382284,HOLD,57.7,
JRSH,Consumer Discretionary,43433796.0,True,150989696.24752855,12.246689842407484,0.28766066214740754,5,Narrow,Negative,Medium,-0.1,0.08759351371729149,0.11337420238066451,0.07203067179716088,INSUFFICIENT_LIQUIDITY,57.7,
ALNY,Health Care,40460984320.0,True,65016958664.63469,482.7370635311892,0.6223143184642431,4,Narrow,Stable,Very High,0.21815907540213392,0.28,-3.2874904160445504,0.10838268586415542,HOLD,57.7,1.76667
SNFCA,Financials,251005232.0,False,1513149424.7333915,59.375722002359396,0.16588264707844416,5,Narrow,Negative,Medium,-0.1,0.03,0.21287344822335977,0.06611562766595272,INSUFFICIENT_LIQUIDITY,57.7,
MNDO,Unknown,19194074.0,True,96264977.44687216,4.666714051137879,0.19938792392688243,5,Wide,Negative,Medium,-0.1,0.03,0.7549792266225102,0.075,INSUFFICIENT_LIQUIDITY,57.7,
DUK,Utilities,96841441280.0,True,148592721492.87808,191.2390238003579,0.6517239896211304,5,Narrow,Positive,Low,0.013907476762009652,0.06311844578501677,0.04262527623909719,0.054574409781525765,HOLD,57.6,2.17391
IBM,Information Technology,267716935680.0,True,211252334400.32407,222.6814068347572,1.2672850997834433,1,Narrow,Positive,Low,0.08356064200697358,0.042974270329403416,0.13570624525011826,0.06098709557777592,HOLD,57.6,2.0
VCYT,Health Care,3888295680.0,True,3718063472.0779686,46.1451976685775,1.0457851806996967,3,Narrow,Positive,Very High,0.22839095408071064,0.22206252001242624,-0.12425760879179196,0.11,HOLD,57.6,1.63636
VATE,Materials,258922608.0,True,-42609345.076762855,-3.2236841516275208,,,None,Positive,High,0.10526191266070872,0.03,0.015700312901412817,0.05654206106570001,INSUFFICIENT_LIQUIDITY,57.6,
BW,Materials,2435014912.0,True,-194160716.57204565,-1.8417650806959303,,,None,Negative,High,0.4,0.03,-0.19200583308860017,0.08415407771216721,HOLD,57.6,1.0
LBRT,Energy,4642796032.0,True,5197267694.06213,31.42906717904109,0.8933147771673157,4,None,Positive,Medium,0.0018232840745911825,0.04448016988552727,0.11649554140834914,0.07163606971878929,HOLD,57.6,2.0
BGSF,Information Technology,55733468.0,True,78043490.92873804,7.0787746874138815,0.7141334573422727,5,None,Negative,Medium,-0.04410843771601379,0.03,0.08664212351787169,0.07477964370827161,INSUFFICIENT_LIQUIDITY,57.6,
NWE,Utilities,4334470144.0,True,7070359867.61253,115.18808536212394,0.6130480237441767,5,None,Stable,Medium,-0.013950613604100583,0.06418390326159651,0.051929503410700205,0.05546797731914155,HOLD,57.6,
TR,Consumer Staples,2885821696.0,True,1529027370.8509116,20.362013484111344,1.8873577746316113,1,Narrow,Positive,Low,0.13703099331226098,0.03,0.09996850000214,0.06493675682986035,HOLD,57.6,
SWK,Industrials,12200153088.0,True,23478233057.61503,154.58613530343453,0.5196367655973562,5,Narrow,Negative,Medium,-0.04777654956516367,0.03,0.07941510856175248,0.06475856733894181,HOLD,57.6,2.44444
NRGV,Information Technology,975006656.0,True,-36284526.283243105,-0.22602534234857072,,,None,Negative,Very High,0.4,0.03,-0.8395154679583259,0.10411418334364468,INSUFFICIENT_LIQUIDITY,57.6,2.0
OBIO,Health Care,233534800.0,True,614782446.8110319,12.875812982964778,0.3798657577349187,5,Narrow,Stable,Very High,0.11688131789699285,0.28,,0.10616818131191416,INSUFFICIENT_LIQUIDITY,57.5,1.42857
BODI,Consumer Discretionary,73721160.0,True,825221327.4394639,118.37192142549043,0.08933501540580094,5,None,Negative,High,-0.1,0.03,-1.0747120932010805,0.07870238946878368,INSUFFICIENT_LIQUIDITY,57.5,
SPH,Consumer Discretionary,1277103872.0,True,4829186805.118544,73.62799867536543,0.2644552641132818,5,Narrow,Stable,Medium,-0.1,0.03,0.09382217988235331,0.059639262278999475,HOLD,57.5,
MSGE,Communication Services,3409761280.0,True,1194745558.133243,24.720578484031513,2.8539643916547868,1,Narrow,Stable,Low,0.17559993787991324,0.052212069455858545,0.19977536880528424,0.06177880198650926,HOLD,57.5,1.66667
VRCA,Health Care,103759880.0,True,533433914.06865543,50.07656176966635,0.19451309199408273,5,Narrow,Positive,Very High,0.002871173714997899,0.28,-7.042033280213368,0.10933455003574159,INSUFFICIENT_LIQUIDITY,57.5,1.33333
GPRE,Materials,1048351744.0,True,50247170.06803042,0.7444466348825177,20.863896266807075,1,None,Stable,High,0.2825846044631545,0.03,-0.055724142616423805,0.07715564278106088,HOLD,57.5,2.14286
AAP,Consumer Discretionary,3427302400.0,True,12081945514.543629,199.37203819378925,0.28367140009648184,5,Narrow,Negative,Low,-0.1,0.03,0.12893267589099083,0.054249108213141745,HOLD,57.5,3.0
ERO,Materials,2688286208.0,True,6371445897.200623,61.18608533537882,0.4219271812668351,5,None,Negative,High,0.07522548071208413,0.2175736036585324,0.14745022366156996,0.0814240593202026,HOLD,57.5,2.16667
JOB,Information Technology,25160388.0,True,24414641.5625476,0.22314205407536217,1.0305450495982862,3,None,Negative,High,0.03401717180955542,0.03,0.0055173562610290675,0.08928587496401512,INSUFFICIENT_LIQUIDITY,57.4,
MOD,Industrials,14604093440.0,True,6015397099.344503,111.81035500640341,2.427785431088399,1,Narrow,Positive,Medium,0.24210230647247544,0.12942377371698593,0.1263240719899037,0.07408478025824836,HOLD,57.4,1.125
MCHPP,Information Technology,,True,27640166949.514393,50.69729814657812,,,Narrow,Negative,Medium,,0.03,0.06378818927568558,0.04345,INSUFFICIENT_LIQUIDITY,57.4,
PFG,Financials,22728822784.0,False,222318050402.09656,985.0157306251509,0.10223561578959248,5,None,Stable,Medium,-0.1,0.039802000188212186,,0.07032475626698671,HOLD,57.4,
SLGN,Materials,3871049728.0,True,6081971039.015671,56.95529371181038,0.6364794740335536,5,Narrow,Stable,Medium,-0.02068669428590414,0.03645235551994848,0.09491979123227046,0.058311662065016145,HOLD,57.4,1.5
GTES,Industrials,6510018048.0,True,5094958928.290087,19.555766282144567,1.2777371004607527,1,Narrow,Positive,Medium,0.06833285232954867,0.03,0.07122438636072402,0.06694335377825004,HOLD,57.3,1.75
BDSX,Health Care,160100800.0,True,953429275.5609658,126.26529937239647,0.16792100274643032,5,Narrow,Positive,Very High,-0.02193953865561099,0.2143787475444278,-2.406438255231359,0.09478517627888555,INSUFFICIENT_LIQUIDITY,57.3,
CAKE,Consumer Discretionary,3285692928.0,True,20459681648.397675,421.4059782166727,0.16059355098799022,5,Narrow,Positive,Medium,-0.1,0.05615462050315423,0.173071831957388,0.0699233866403399,HOLD,57.3,
MAS,Industrials,14002387968.0,True,22349520700.331825,106.42628904919917,0.6265184902955035,5,Wide,Negative,Low,-0.020031910285130468,0.03,0.4093084735087454,0.06125308889501491,HOLD,57.3,2.33333
MNSB,Financials,169883968.0,False,1619805553.5180645,211.67000416047668,0.10487923543108497,5,Wide,Negative,Medium,-0.1,0.11920270441188552,0.3362730824002918,0.06579942834451549,INSUFFICIENT_LIQUIDITY,57.3,1.0
RRC,Energy,9212829696.0,True,2648635518.6781025,11.045692332334271,3.4783304954688505,1,None,Negative,High,0.203433406479612,0.03,0.029899919839361445,0.08451609311076964,HOLD,57.3,2.65217
AEP,Utilities,70265724928.0,True,116603876071.88803,216.95041446224516,0.6026019656900611,5,Narrow,Positive,Medium,0.0042917414255837505,0.07042496029993366,0.05500593223762023,0.056106551769152524,HOLD,57.2,1.95833
GNE,Utilities,368595648.0,True,1897751498.3987393,71.51880529107741,0.19422756262398366,5,Wide,Negative,Medium,-0.1,0.10260763218856433,0.36010632771448603,0.06450486774702449,INSUFFICIENT_LIQUIDITY,57.2,
VIST,Unknown,8293543424.0,True,104335622145.16965,973.1674985201072,0.07948908774857927,5,Wide,Positive,High,0.023317229054484856,0.28,0.21056017322814086,0.07633493763841621,HOLD,57.2,1.36364
CTRN,Consumer Discretionary,360027008.0,True,360218836.94290966,43.399389276852375,0.9994674655425084,3,Narrow,Negative,Medium,0.02990078946481567,0.03,0.11916585403972405,0.075,INSUFFICIENT_LIQUIDITY,57.2,1.0
EDUC,Industrials,11830796.0,True,42533851.977294356,4.966882312049415,0.27815011925831634,5,None,Negative,High,-0.1,0.03,0.07380532071141313,0.09,INSUFFICIENT_LIQUIDITY,57.2,
DOX,Information Technology,6379394560.0,True,10216753560.80019,93.16585107694726,0.6244052498708168,5,Narrow,Stable,Low,-0.044567980018359876,0.03,0.15732117743437118,0.06301592226928751,HOLD,57.1,
VEL,Financials,685397184.0,False,4513325442.059534,118.2179643265633,0.15186079373155895,5,None,Stable,Medium,-0.1,0.25,,0.04671270131610252,INSUFFICIENT_LIQUIDITY,57.1,
VCEL,Health Care,1853776640.0,True,2018769569.7973027,38.710083599495746,0.9182705484242716,3,Narrow,Positive,High,0.152828694645467,0.1650053555869878,-0.13767259366290957,0.09,HOLD,57.1,
TOUR,Unknown,57577916.0,True,225740627.841792,6.5821256254515825,0.2550622657094446,5,None,Positive,Very High,-0.1,0.03,-0.4194379280030899,0.10999421838906517,INSUFFICIENT_LIQUIDITY,57.1,
ONB,Financials,9257496576.0,False,175242124924.14618,479.50584715360793,0.05282689068057764,5,Narrow,Stable,Medium,-0.1,0.28,,0.06131680410107608,HOLD,57.1,
TRMB,Information Technology,12632312832.0,True,9762297576.18339,40.423592447964346,1.2939897327877454,1,Narrow,Negative,Low,0.07752907429257816,0.03,0.07118880671633199,0.06286075207321683,HOLD,57.1,1.30769
TNL,Consumer Discretionary,4475838464.0,True,17121536700.074001,255.92730493384158,0.2614156978082846,5,Narrow,Positive,High,-0.07957278814467217,0.052773458240723416,0.10813572405547307,0.06413231302732948,HOLD,57.1,1.33333
BIO.B,Health Care,8139539968.0,True,3662741929.6761813,134.25981194516996,2.222253198362683,1,None,Negative,Medium,0.1745224324066198,0.03,0.03256827854028531,0.0709374377706703,HOLD,57.1,
ASRV,Financials,63446364.0,False,1052075509.5571117,63.64684330123079,0.06030590335356136,5,Narrow,Stable,Medium,-0.1,0.07702485769749927,2.930909090909091,0.058296525796307966,INSUFFICIENT_LIQUIDITY,57.1,
BIO,Health Care,7876473856.0,True,3669675684.497324,134.5139725265688,2.146367835521391,1,None,Negative,Medium,0.1681433772689399,0.03,0.03256827854028531,0.07081973023966379,HOLD,57.1,
RNR,Financials,12298779648.0,False,99288074442.0866,2136.008313621896,0.12386965622113776,5,None,Positive,High,-0.1,0.22283467464272994,0.12611463536106754,0.08258788282818626,HOLD,57.1,2.76471
BLCO,Health Care,5512052224.0,True,29547592393.513084,83.5149587154129,0.18654826933412424,5,Narrow,Stable,Medium,-0.0714163803764773,0.10742536361456906,0.01752655195517907,0.059865366281962554,HOLD,57.0,2.46154
REYN,Materials,4733835264.0,True,7170980761.418062,34.08260818164478,0.6601377721537609,5,Narrow,Stable,Low,-0.031590492035934975,0.03,0.10773543985474418,0.05960723972414368,HOLD,57.0,
COST,Consumer Staples,431003762688.0,True,264925337645.11072,595.6015081847711,1.6268876601956623,1,Wide,Positive,Low,0.13968804372042765,0.07953770417387909,0.3399567655793283,0.06471808925024489,HOLD,57.0,1.97297
MLM,Materials,34576232448.0,True,15914141882.783264,262.6096020261265,2.1726733808629883,1,Narrow,Stable,Low,0.12363928898937526,0.03,0.08092411858104406,0.06210722193505961,HOLD,57.0,1.95652
THFF,Financials,845275968.0,False,4946603591.5518055,417.3644609814213,0.17088007000270408,5,Narrow,Stable,Medium,-0.1,0.14681483757754976,,0.06925442233855726,INSUFFICIENT_LIQUIDITY,57.0,
SCI,Unknown,9613818880.0,True,11371868361.693745,79.69688176168972,0.8454036376629409,5,Narrow,Negative,Low,0.004554716779474499,0.03,0.11777049320862198,0.05749249085100777,HOLD,57.0,1.33333
PSMT,Consumer Discretionary,5374956032.0,True,4735884908.281064,157.53201304863333,1.1349422834582552,1,Narrow,Positive,Low,0.11306472510375098,0.09625045727603099,0.13202010508925727,0.06423106343304964,HOLD,57.0,
BY,Financials,1533924736.0,False,11573195037.66111,256.81907820616306,0.13254116352557377,5,Wide,Positive,Medium,-0.1,0.14467302731142823,0.6418275656782215,0.06650778127873175,HOLD,57.0,
VYX,Information Technology,952247488.0,True,54411000.03070152,0.38562012778668686,17.50101059459838,1,None,Negative,High,0.1522197282657728,0.03,0.02264726551085567,0.06504930555432113,INSUFFICIENT_LIQUIDITY,57.0,1.5
TJX,Consumer Discretionary,177537056768.0,True,151846547393.6021,134.6157335049664,1.1691873132143427,1,Wide,Negative,Low,0.07436453662113196,0.05569142088626848,0.7756549847363515,0.06465729005385053,HOLD,57.0,1.38095
LUV,Industrials,20303661056.0,True,214547528233.3273,384.49377819592706,0.094634793619804,5,Wide,Negative,High,-0.1,0.10761127459350374,0.1691615698829052,0.08094843808876809,HOLD,57.0,2.56
LSTR,Industrials,7398385152.0,True,26001307477.00718,748.9502974625451,0.284538966301689,5,Wide,Negative,Medium,-0.1,0.03,0.3687496345932433,0.07444088616146598,HOLD,56.9,3.0
DAVE,Financials,3283454208.0,False,15287451838.573452,1055.7119939945908,0.21478100095891425,5,Narrow,Positive,High,0.0871831056802399,0.28,-0.05796913661669846,0.08896045925185352,HOLD,56.9,1.41667
OFG,Financials,1955295872.0,False,10829192944.16771,241.9390738196539,0.1805578570887931,5,Narrow,Stable,Medium,-0.1,0.1010527745941503,,0.06902732332104311,HOLD,56.9,
SSD,Materials,7627457024.0,True,8176757926.609322,195.33116568188342,0.9328216748570052,3,Wide,Negative,Medium,0.06192479919561389,0.07271084223160149,0.18518424024710983,0.07353843353236031,HOLD,56.9,2.0
FNLC,Financials,336130336.0,False,2549718063.9691515,227.56060666772322,0.13183039362271498,5,Narrow,Stable,Medium,-0.1,0.14375705668760336,,0.06369026158948471,INSUFFICIENT_LIQUIDITY,56.9,
SMBC,Financials,767789504.0,False,10538966961.660774,936.1339475762258,0.07285244434232561,5,Wide,Positive,Medium,-0.1,0.2345192023259936,0.3216702279202279,0.07051415538240441,INSUFFICIENT_LIQUIDITY,56.9,
STM,Unknown,62855520256.0,True,19571230955.550926,21.202746991573253,3.21162835381964,1,Narrow,Negative,Medium,0.2192020684434225,0.03,0.16472800869479487,0.07396449173277204,HOLD,56.8,2.13333
OUT,Financials,5493181440.0,False,10048153131.421753,59.38624782164157,0.5466856812544165,5,None,Positive,Medium,-0.05422914980171506,0.03579840735082063,0.06449067382054054,0.0649083206669182,HOLD,56.8,
BCE,Communication Services,22762954752.0,True,70165048298.61804,75.51937175612748,0.3244201394278572,5,Narrow,Negative,Medium,-0.0673839635135019,0.03,0.07749637468935919,0.0570018948790437,HOLD,56.8,2.5
DRVN,Consumer Discretionary,2144128256.0,True,2309641959.2166433,14.095903371436682,0.9283379388930134,3,None,Stable,Medium,0.04811244148873828,0.05430280715596121,0.032844162077877014,0.05916874965500994,HOLD,56.8,2.0
TCBX,Financials,650575104.0,False,3417270704.940141,195.52727761021205,0.19037856821220017,5,None,Stable,Medium,-0.1,0.25,,0.07012694515547227,INSUFFICIENT_LIQUIDITY,56.8,
CIA,Financials,261867456.0,False,240879383.46978587,4.681269112830105,1.0871310455377627,2,None,Negative,Low,0.04588270905946745,0.03,0.043151228464215007,0.065,INSUFFICIENT_LIQUIDITY,56.8,
UCL,Unknown,39235016.0,True,120485540.12936163,0.31828436125502607,0.32564086908582196,5,None,Stable,High,-0.1,0.03,-9.838920101694494,0.08274916439328162,INSUFFICIENT_LIQUIDITY,56.8,1.0
NUS,Industrials,260716416.0,True,8625289317.81796,171.47351579129563,0.030226976324309138,5,Wide,Negative,Medium,-0.1,0.03,0.1775582081374848,0.06041338415731021,INSUFFICIENT_LIQUIDITY,56.8,
FSS,Consumer Discretionary,6496130048.0,True,9801236434.578552,159.3696981232285,0.66278679137683,5,Narrow,Positive,Low,0.09529012465395048,0.14473723960356252,0.1297969198222118,0.06327538475347518,HOLD,56.8,1.66667
T,Communication Services,158074699776.0,True,279348052536.47485,38.91183347770927,0.5658700618840361,5,Narrow,Positive,Medium,-0.04773450105598437,0.03,0.06312806628012732,0.06040338444036948,HOLD,56.8,1.96
LKQ,Industrials,6425824768.0,True,13377020993.256847,51.889142720158446,0.4803629127321517,5,Narrow,Negative,Medium,-0.06802632331899489,0.03,0.08111544813403385,0.06354498391462199,HOLD,56.8,
TCBK,Financials,1629715456.0,False,5191452260.737141,158.01102604587248,0.31392284357991856,5,Narrow,Stable,Medium,-0.1,0.08824867385639901,,0.07400716862569941,HOLD,56.7,
RWAYL,Unknown,,True,2711071205.372313,73.8753047411798,,,Narrow,Stable,Low,,0.03,0.11337160657888536,0.04345,INSUFFICIENT_LIQUIDITY,56.7,
USB,Financials,86382493696.0,False,549565142400.2971,352.7375753532074,0.15718335649658063,5,Narrow,Stable,Medium,-0.1,0.10655539383124349,,0.060036894656530754,HOLD,56.7,2.04762
ROG,Materials,2457207808.0,True,1571965240.217416,86.37171649546242,1.5631438565779912,1,None,Negative,Medium,0.13484263110954064,0.03,0.06463749856316492,0.075,HOLD,56.7,
HMN,Financials,1896703744.0,False,6903441063.755034,165.9481024941114,0.2747475826161849,5,None,Stable,Medium,-0.1,0.06534848063906656,,0.06748153011893146,HOLD,56.7,
WOR,Materials,2839514880.0,True,395666275.62227404,7.892646777887416,7.176540066585724,1,None,Negative,Medium,0.3701637904404961,0.03,0.03921799134984694,0.07195915941344487,HOLD,56.7,
INTC,Information Technology,498428411904.0,True,135811676027.35278,29.980502434294213,3.6699967667258253,1,Narrow,Negative,Medium,0.2079094038746251,0.03,0.14206253711607433,0.07230326498780018,HOLD,56.7,2.66667
VZ,Communication Services,189445095424.0,True,432596104610.6626,102.244411394626,0.43792603170687583,5,Narrow,Negative,Low,-0.05851827739427899,0.03,0.10913082962537517,0.05519510762704312,HOLD,56.7,2.24
KR,Consumer Staples,39194763264.0,True,44553012338.18221,68.01986616516368,0.8797331809236576,4,Narrow,Negative,Medium,0.0019921624686422,0.03,0.10464665152244082,0.06523608443349631,HOLD,56.7,2.08333
HAE,Health Care,3239389696.0,True,1329740246.2133489,28.080843143416583,2.436107130866113,1,Narrow,Positive,Medium,0.12761820428284565,0.049724583920028924,0.07277290506405334,0.06634503555554602,HOLD,56.6,1.90909
TRC,Real Estate,519338464.0,False,-11300670.321582273,-0.4193310975374655,,,None,Negative,Very High,0.4,0.03,-0.007195441944151287,0.09980590371455236,INSUFFICIENT_LIQUIDITY,56.6,
API,Information Technology,406684448.0,True,320549054.4059837,0.8106539181083915,1.2687120501841307,2,None,Positive,High,0.08151351927855266,0.03,-0.16761914595525812,0.08231468524795733,INSUFFICIENT_LIQUIDITY,56.6,2.0
FCBC,Financials,813533312.0,False,2045611575.633717,111.1114320683245,0.3976968656661872,5,Narrow,Positive,Low,-0.1,0.05630230835913648,0.4667651403249631,0.065,INSUFFICIENT_LIQUIDITY,56.6,
RM,Financials,330848640.0,False,6853885942.389954,686.4869733964297,0.048271687445769325,5,Narrow,Negative,Medium,-0.1,0.09762205096614811,0.03554793924610729,0.04874050182744068,INSUFFICIENT_LIQUIDITY,56.5,1.75
ARCB,Industrials,3452889600.0,True,21756573954.26067,948.6971806419718,0.15870557594495746,5,Narrow,Negative,Low,-0.1,0.03,0.10832782403585822,0.06368794381640111,HOLD,56.5,2.08333
FRAF,Financials,263853296.0,False,2987011729.834139,667.339528559906,0.08833353192578561,5,Narrow,Stable,Medium,-0.1,0.1957042178448442,,0.06098655228793996,INSUFFICIENT_LIQUIDITY,56.5,
UVSP,Financials,1129704192.0,False,6588647796.272356,227.37508355842067,0.1714622221329163,5,Wide,Positive,Medium,-0.1,0.12199463710967114,0.13850870938962198,0.0679803538156509,HOLD,56.5,
LINC,Consumer Discretionary,1522277760.0,True,1751390763.881075,56.02657593989363,0.8691822472710994,4,None,Negative,Medium,0.11352311038181409,0.13729839288649803,0.07068456965084152,0.07436800266404915,HOLD,56.5,1.2
TATT,Unknown,571387840.0,True,559445286.7480736,45.545149935788785,1.0213471335532125,3,None,Positive,Medium,0.24196134892492743,0.23782722119115243,0.03398270231127848,0.07436629445825263,INSUFFICIENT_LIQUIDITY,56.5,1.0
AEHR,Health Care,3096572672.0,True,48532034.89668979,1.7473909014434286,63.80471535124539,1,None,Positive,Very High,0.4,0.25,-0.3867031698941982,0.11,HOLD,56.5,1.5
DTE,Utilities,30324289536.0,True,137797946069.38297,665.6905607216569,0.22006343636451117,5,Narrow,Positive,Medium,-0.09926595164012658,0.05390960897547119,0.05711609824756614,0.054946114118673964,HOLD,56.5,1.82353
TACT,Information Technology,49326140.0,True,60935282.98666541,6.040971843626987,0.8094840555806417,3,None,Positive,Very High,-0.031377451649381494,0.03,-0.043811639128581575,0.1061845073991699,INSUFFICIENT_LIQUIDITY,56.5,0.0
SNEX,Financials,9156717568.0,False,358254685026.7518,4764.864430663095,0.02555924025757331,5,Narrow,Positive,Medium,-0.1,0.28,0.06412448407833603,0.055170465313191586,HOLD,56.5,
XELLL,Utilities,,True,65892563081.829346,111.87192373825016,,,Narrow,Stable,Low,,0.03,0.056657565813275884,0.04345,INSUFFICIENT_LIQUIDITY,56.5,
ICCC,Health Care,86939736.0,True,49972491.892944075,5.536425011931367,1.7397518656113997,1,None,Stable,High,0.2481599189176119,0.16002379064134228,-0.03957377609695368,0.08558966541433657,INSUFFICIENT_LIQUIDITY,56.4,
EVR,Financials,13129995264.0,False,44297933852.695694,1051.433240433308,0.29640197910045396,5,Narrow,Positive,Medium,-0.06361274493036953,0.12791918382241657,1.5884375511353583,0.07364716645485453,HOLD,56.4,
LOGI,Information Technology,16209473536.0,True,13107982842.100863,88.44315315030809,1.2366108295425606,1,Wide,Positive,Medium,0.060682637090386016,0.03,0.6292001727829004,0.075,HOLD,56.4,2.7
LNT,Utilities,18820648960.0,True,23192505767.326027,89.96317209979064,0.8114970046278842,4,Narrow,Stable,Medium,0.01584104732437608,0.042826516344238286,0.05763101496883349,0.05650784002164004,HOLD,56.4,1.76923
CCBG,Financials,775377856.0,False,2949395553.792093,172.4591014964386,0.2628938173460939,5,None,Stable,Medium,-0.1,0.07172490353889342,,0.07160963428512744,INSUFFICIENT_LIQUIDITY,56.4,
OSW,Communication Services,2443462400.0,True,1909457650.6752703,18.419324085768434,1.2796630494192325,2,None,Positive,Very High,0.2955308541525269,0.25,0.027376976260032715,0.10778905640252504,HOLD,56.4,
VSAT,Communication Services,9174703104.0,True,-1110429578.117683,-8.241031720282038,,,None,Positive,Very High,0.4,0.12256531860355997,-0.013191199711164094,0.09079140457941395,HOLD,56.4,1.77778
VC,Industrials,3135479552.0,True,5058294594.957462,183.27154329556024,0.6198689090045709,5,Wide,Positive,Low,-0.031864520988330425,0.03827932117485253,0.24610153863885206,0.06311244330081206,HOLD,56.4,1.75
GREE,Financials,25768232.0,False,-16674187.890732933,-1.0873288484338397,,,None,Negative,Very High,0.2518078102014073,0.03,-3.1747720305346463,0.06835588871283904,INSUFFICIENT_LIQUIDITY,56.4,
ATAT,Consumer Discretionary,4618174464.0,True,8120632186.452948,19.367241871548973,0.5686964214072102,5,None,Stable,High,0.13266568576128057,0.25,,0.08963975143247796,HOLD,56.3,1.22222
TSEM,Unknown,28019535872.0,True,4223949312.962228,37.18363436501164,6.633492448883125,1,Narrow,Negative,Medium,0.34467420554851336,0.03,0.15693348576769314,0.07481917308972383,HOLD,56.3,
DIN,Consumer Discretionary,373451552.0,True,1986433497.0738993,138.91143336181113,0.18800103429090878,5,Narrow,Negative,High,-0.07977624702815994,0.03,0.12890133279985574,0.05426272148297699,INSUFFICIENT_LIQUIDITY,56.3,
MRBK,Financials,224607344.0,False,1408293745.0215182,122.05700684880553,0.15948898785783366,5,Narrow,Positive,Medium,-0.1,0.080887448595972,0.09677170665812022,0.0692692553427682,INSUFFICIENT_LIQUIDITY,56.3,
TFPM,Unknown,5840692224.0,True,6460381031.960957,31.65736361098735,0.9040785977026407,3,None,Negative,Medium,0.23146499465725323,0.25,0.03457122317899164,0.075,HOLD,56.3,2.0
ELVA,Information Technology,511907360.0,True,46212171.72127646,1.1169110616654685,11.077327486089853,1,None,Stable,Medium,0.4,0.2035981070429711,0.03677777877915031,0.07375371190833029,INSUFFICIENT_LIQUIDITY,56.3,1.0
FG,Financials,3684407552.0,False,34063683752.901398,258.058210249253,0.10816233437131349,5,None,Negative,High,-0.1,0.25,0.13031055470346684,0.0724142572377359,HOLD,56.2,
IIPR,Real Estate,1685032960.0,False,769903363.4313531,27.13102881516059,2.1886291709261285,1,None,Negative,High,0.1418813622983962,0.03,0.05711975274337898,0.08114079981088453,HOLD,56.2,2.83333
BCO,Industrials,4158871808.0,True,5233454661.481798,123.14010968192466,0.7946704570900894,5,Narrow,Positive,Medium,0.012006783195663728,0.050312493359896765,0.10028362896665353,0.05912057365490045,HOLD,56.2,
RMNI,Industrials,384124000.0,True,937746051.1756985,9.924288826073642,0.40962475876961013,5,None,Stable,Medium,-0.1,0.03,,0.07030312833057469,INSUFFICIENT_LIQUIDITY,56.2,
CPSH,Materials,129483968.0,True,20054379.95576115,1.3031864987238806,6.456642802501721,1,None,Negative,High,0.4,0.09372273041792209,-0.032464462283592954,0.09,INSUFFICIENT_LIQUIDITY,56.2,
MNSBP,Financials,,False,3961471965.0816097,517.6700286705645,,,Wide,Negative,Medium,,0.11920270441188552,0.3362730824002918,0.04345,INSUFFICIENT_LIQUIDITY,56.2,
AMPH,Health Care,870394240.0,True,2966823338.4454613,61.533202083282404,0.29337582346782537,5,None,Positive,High,-0.1,0.10222976286637793,0.06744335267863608,0.07081175249407029,INSUFFICIENT_LIQUIDITY,56.2,3.0
CAE,Information Technology,8204227072.0,True,4331553680.806696,13.548033788220186,1.894061040580725,1,None,Positive,Medium,0.15309191848149117,0.07029151078337009,0.05984992774281049,0.06783308565587627,HOLD,56.2,2.0
APWC,Materials,54839168.0,True,114730647.20522907,5.565065188951842,0.4779818586912024,5,None,Stable,Medium,-0.1,0.033026214343129516,0.02469247248762073,0.061254344230323735,INSUFFICIENT_LIQUIDITY,56.2,
PG,Consumer Staples,341232877568.0,True,316812911042.18604,129.0795758809428,1.0770800863054544,2,Wide,Stable,Low,0.039778823350225576,0.03,0.1985022000336792,0.06302085042007328,HOLD,56.1,2.04167
CAT,Industrials,416504119296.0,True,200968590908.48267,425.51046137726587,2.0724836523617176,1,Narrow,Positive,Low,0.14609237857973711,0.04543165975848069,0.1502965149293759,0.06296935142300972,HOLD,56.1,2.10714
IMMR,Information Technology,210849872.0,True,100686175972.28119,3050.8188944120593,0.0020941293078609595,5,Wide,Negative,High,-0.1,0.28,0.6241375175468555,0.07471334788980509,INSUFFICIENT_LIQUIDITY,56.1,
ARIS,Materials,3143471872.0,True,6828755647.427679,35.69899458345833,0.46032865053300204,5,None,Stable,Medium,0.11755190129549306,0.25,0.08651105239654659,0.07052571062631512,HOLD,56.0,2.0
LNTH,Health Care,6574412288.0,True,33217137452.85234,485.3255621882784,0.19792230132206826,5,Wide,Positive,High,0.08334813699370425,0.26411861231948713,0.23740413561192308,0.08628962039239876,HOLD,56.0,1.46154
TRN,Industrials,2604600064.0,True,-1388213858.165513,-16.745643644939843,,,None,Positive,High,0.14676557263505507,0.03,0.03645001137692285,0.05851681065413927,HOLD,56.0,
VINP,Unknown,629614720.0,True,13742411668.280054,202.82482548547696,0.04581544602198633,5,Wide,Negative,Medium,-0.09128529070921595,0.2743380082870504,0.5105822559974104,0.06813013258404464,INSUFFICIENT_LIQUIDITY,56.0,
CMCL,Materials,385294912.0,True,6307359207.300749,327.20356782023083,0.06108656560324364,5,Narrow,Negative,Medium,-0.1,0.2722527390809192,0.20062413797466752,0.07347859846477575,INSUFFICIENT_LIQUIDITY,56.0,
ZWS,Industrials,7936478720.0,True,5127875152.839576,29.942397743986124,1.5477129382928039,1,Narrow,Positive,Medium,0.1769270423835284,0.12192328434614841,0.08923063490108371,0.07314246240621368,HOLD,56.0,2.2
BE,Information Technology,74982244352.0,True,747885798.1993017,3.1109799344402362,100.25894933763432,1,None,Positive,High,0.4,0.21352384219395293,-0.18557986726605974,0.08828875887964485,HOLD,56.0,2.25926
RSVR,Communication Services,677628864.0,True,486766552.5511273,7.341055603089435,1.3921023547089866,1,Narrow,Positive,Medium,0.14216559099620352,0.11832786657199984,0.029749553362765427,0.06231397513562662,INSUFFICIENT_LIQUIDITY,56.0,2.0
EXC,Utilities,46811770880.0,True,79518013033.90417,78.5751116935812,0.5886939209615414,5,Narrow,Positive,Medium,0.017084956095425485,0.06968219480530977,0.049308695881085066,0.053861551500213434,HOLD,56.0,2.81818
ARTNA,Utilities,340293472.0,True,465390129.2534194,45.130927972596915,0.731200450138253,5,Narrow,Stable,Low,0.01167747827841803,0.06107387769465169,0.03994056852836612,0.05745988025144577,INSUFFICIENT_LIQUIDITY,56.0,
UFPT,Health Care,1732068480.0,True,7809028260.168236,1000.6443183198662,0.2218033310027597,5,Narrow,Positive,Medium,0.10105264773192538,0.27543242113291067,0.10245443102719629,0.07271161899929633,HOLD,56.0,
FCN,Industrials,4814003712.0,True,7352157124.973859,223.59895152136062,0.6547743240752784,5,Narrow,Stable,Low,-0.01374044309774819,0.06532713459757833,0.16211800874965526,0.06348122333224542,HOLD,56.0,
KARO,Unknown,1455692288.0,True,2390870982.1588926,77.38747605491903,0.6088543877367857,5,Wide,Stable,Low,0.0560527068964857,0.1180594315070643,0.3324694435418987,0.06475353099563966,HOLD,56.0,1.33333
UBS,Unknown,154089603072.0,True,1255457253916.585,381.5694997432094,0.12273584193431887,5,Narrow,Stable,High,-0.1,0.1307374645897957,,0.056824995491080964,HOLD,56.0,2.33333
OPXS,Health Care,84701656.0,True,583803590.1833974,84.32012015953381,0.1450858772098192,5,Narrow,Stable,Low,-0.0036108026107119495,0.2692571368366352,0.2024094864791607,0.065,INSUFFICIENT_LIQUIDITY,55.9,
MAMA,Consumer Staples,616711040.0,True,572836939.8928926,13.84320688655355,1.076590905808747,3,Narrow,Positive,Medium,0.28938882436762026,0.28,0.15745122963142674,0.07466738163993944,INSUFFICIENT_LIQUIDITY,55.9,
UNP,Industrials,161679982592.0,True,157850548906.0602,264.89435963426786,1.024259869303456,3,Wide,Stable,Low,0.03302771378901945,0.03,0.15773866806277298,0.06145678025323592,HOLD,55.9,1.82609
SRCE,Financials,1813590912.0,False,6148425997.876251,251.0855593530058,0.2949683240273915,5,Narrow,Stable,Medium,-0.1,0.11909847379374461,,0.07147320839658147,HOLD,55.9,
ED,Utilities,39159967744.0,True,86020238357.13892,239.8110910430413,0.45524133031828634,5,Narrow,Negative,Medium,-0.030037427305409647,0.06243233482391819,0.05437199194156471,0.05599698567624809,HOLD,55.9,3.27778
KLAC,Information Technology,252006612992.0,True,207998417576.05994,1555.1283557088593,1.2115794722325104,1,Wide,Positive,Low,0.14292979649384152,0.12125854438518595,0.6346119101344229,0.06450829690731613,HOLD,55.9,1.93333
RELL,Industrials,235822144.0,True,74531746.28698885,5.1949359648002265,3.164049626476656,1,None,Stable,Medium,0.3197594567775691,0.03,0.009136709902760318,0.075,INSUFFICIENT_LIQUIDITY,55.9,
SYY,Consumer Staples,36480548864.0,True,49448553344.67091,100.95133553453884,0.7377475456100784,5,Narrow,Positive,Medium,0.0395391010266109,0.08636088369316502,0.1653796010539737,0.0665665243092089,HOLD,55.9,2.11765
HIG,Financials,36223647744.0,False,75702966880.68655,264.23374129384484,0.4784970686960147,5,Narrow,Positive,Low,-0.06040834959651947,0.06675005323375069,0.11130046075923358,0.06267961898341827,HOLD,55.9,2.26087
MATX,Industrials,5668917760.0,True,17555837846.079697,545.2123554683136,0.3229078446555541,5,Narrow,Negative,Medium,-0.1,0.03,0.10629385354803417,0.0731564839206148,HOLD,55.9,
BGC,Financials,5202554880.0,False,19433710236.212982,40.406924287790794,0.26770775198168306,5,Narrow,Positive,High,-0.03096169709691022,0.15293675157411235,-0.02445584596723542,0.0780555925068047,HOLD,55.9,
CALY,Consumer Discretionary,2660412160.0,True,1452314958.319489,7.820759064725304,1.8318424283658357,1,None,Stable,Medium,0.10819463250854344,0.03,0.044269558321465806,0.06381731842988714,HOLD,55.9,
BSVN,Financials,429131680.0,False,1425896459.634409,148.93128918837093,0.30095570902113516,5,Narrow,Stable,High,-0.1,0.15224830768631786,,0.09,INSUFFICIENT_LIQUIDITY,55.9,
WMT,Consumer Staples,946056396800.0,True,458239645944.2113,57.12286785642125,2.0645450588428096,1,Narrow,Positive,Low,0.1522621656878536,0.05339598654180722,0.1296835306413611,0.06388698518277176,HOLD,55.9,1.47727
NTB,Unknown,2293848576.0,True,14927592953.147945,351.9330666057135,0.15366500032520453,5,Narrow,Stable,Medium,-0.1,0.07725770363882126,,0.075,HOLD,55.9,2.25
STX,Information Technology,191741870080.0,True,18001734727.010937,82.95730288945133,10.651299610159148,1,Wide,Negative,Medium,0.28913676801949306,0.03,0.2962004879002308,0.07419896941566713,HOLD,55.9,1.54167
RGEN,Health Care,6899230720.0,True,1869451377.6003563,33.05195059493921,3.6905109181581985,1,None,Negative,Medium,0.30642835884159014,0.0468032745447053,0.03850846393479038,0.07270114230602552,HOLD,55.9,1.54545
EVCM,Information Technology,1627946496.0,True,1790728413.337936,9.737166912288396,0.9090973728201984,3,None,Positive,High,0.027321286275470258,0.047897754687799624,-0.0023071641397161714,0.0786750214249043,HOLD,55.9,
BFST,Financials,929688192.0,False,20794622842.031063,703.8121091870169,0.044708105507009765,5,Wide,Stable,Medium,-0.1,0.21519184040735362,12.159345584939489,0.06356196967954443,INSUFFICIENT_LIQUIDITY,55.8,
BA,Industrials,169839738880.0,True,-5941920044.983833,-7.794726544646246,,,None,Stable,High,0.4,0.08579940110600992,-0.12627455094508472,0.07875463370937472,HOLD,55.8,1.62963
FA,Information Technology,2724008192.0,True,5958312315.230543,34.40153914066702,0.45717781275696706,5,None,Negative,High,0.1549693267122475,0.25,0.039268657564371694,0.06984494914803493,HOLD,55.8,
GCT,Consumer Discretionary,1148067072.0,True,13959980937.48492,365.1300660586821,0.08223987390392812,5,Narrow,Positive,Medium,-0.1,0.28,0.9995876963355781,0.07498104951818742,HOLD,55.8,1.75
MRK,Health Care,298330095616.0,True,307262793532.0624,122.56194396970976,0.9709281497659421,3,Narrow,Positive,Medium,0.05460684048518549,0.06089140361095664,0.13658005217049457,0.07052262346688612,HOLD,55.8,1.82759
EGHT,Information Technology,266848672.0,True,1185196509.0233543,8.30964606793397,0.22515141579339715,5,None,Positive,Very High,-0.1,0.03,-0.228747750989864,0.07363518415295618,INSUFFICIENT_LIQUIDITY,55.8,2.5
FORM,Information Technology,9097321472.0,True,1049996487.8275292,13.407690777106344,8.664144668543226,1,Narrow,Negative,Medium,0.3728466956299611,0.038177313993874716,0.07637893463130939,0.07495771873825274,HOLD,55.8,2.4
SFST,Financials,557571072.0,False,3595691014.017204,440.6233535271038,0.15506645866577573,5,Wide,Negative,Medium,-0.09809012962126823,0.15466006972905413,0.19485067088715785,0.06483835486792099,INSUFFICIENT_LIQUIDITY,55.8,
ADT,Industrials,5164143616.0,True,16245468377.230988,19.312805378697192,0.31788210078558654,5,None,Positive,High,-0.07901531224710176,0.050574656247109086,0.03159111615935409,0.062151963928920674,HOLD,55.8,
HSTM,Information Technology,737391360.0,True,941078066.3195548,31.21941568204468,0.7835602447774078,5,None,Positive,Low,-0.017601553820193683,0.04347101933840571,0.048664340462736606,0.065,INSUFFICIENT_LIQUIDITY,55.8,
CBRE,Real Estate,38338473984.0,False,48069377386.37183,159.8308598072049,0.7975654370524332,5,Narrow,Negative,Low,0.08517866321214396,0.11034056015193365,0.09840855737861148,0.06144027931475153,HOLD,55.8,1.53846
FDBC,Financials,276036320.0,False,2037609606.7058117,351.48192448656414,0.13547066086239448,5,Narrow,Stable,Medium,-0.1,0.1447225490176665,,0.07432716765870835,INSUFFICIENT_LIQUIDITY,55.8,
RLAY,Health Care,2946553344.0,True,691336455.1131103,4.029082832427411,4.262111917008501,1,Narrow,Stable,Very High,0.4,0.210418875451031,-19.068969861266147,0.11,HOLD,55.8,1.15385
BURL,Consumer Discretionary,19955826688.0,True,19239370549.64965,300.0244916203981,1.0372390633311752,3,Wide,Positive,Medium,0.07451758155460975,0.0697002689251763,0.25814539833508887,0.07201892503286934,HOLD,55.7,1.66667
WES,Utilities,17472077824.0,True,39161126781.80374,100.96196447819878,0.44615871043114164,5,Narrow,Stable,Medium,-0.02258223561224665,0.08996618755060273,0.10252475092844547,0.05786730078042916,HOLD,55.7,2.76923
HTGC,Unknown,2859172096.0,True,10950476617.041368,57.98167232536822,0.26110024211644767,5,Wide,Stable,High,-0.1,0.1282059736694589,5.324070402118864,0.06931560259951426,HOLD,55.7,1.66667
GAINZ,Unknown,,True,693545397.814915,17.915231752642956,,,None,Stable,High,,0.07472031594014257,0.026492283636965847,0.04345,INSUFFICIENT_LIQUIDITY,55.7,
CPRX,Health Care,3826853632.0,True,22415529730.827354,176.14249977954108,0.17072331896475557,5,Wide,Negative,High,0.05190022664432091,0.28,1.1018847622322487,0.09,HOLD,55.7,2.66667
GDS,Unknown,6812838912.0,True,-3312502022.77549,-2.0142214875775957,,,None,Negative,Very High,0.4,0.07908504491221438,0.009508677100833115,0.07724066240073395,HOLD,55.7,1.27778
CVLG,Industrials,1095441408.0,True,5426920161.540835,201.67676842472167,0.20185323818896525,5,None,Negative,Medium,-0.1,0.03,0.05395435145270032,0.06819514033327682,HOLD,55.7,
UAL,Industrials,34316759040.0,True,1018259278118.0079,3099.723829887391,0.033701395879668056,5,Wide,Positive,High,-0.1,0.16609372192970673,0.12665602092691364,0.07038620476957931,HOLD,55.6,1.34615
OVBC,Financials,226834752.0,False,1196381009.2121081,253.83124053864424,0.18960076284509472,5,Narrow,Stable,Medium,-0.1,0.13755802567110637,,0.06899274442132683,INSUFFICIENT_LIQUIDITY,55.6,
MGNI,Information Technology,2102396416.0,True,2113518859.3845575,13.74467620071898,0.994737476159642,3,Narrow,Positive,Very High,0.09507919138860554,0.09600998879216709,-0.17160950179232337,0.09607894059042166,HOLD,55.6,1.42857
WMG,Communication Services,15611953152.0,True,8919455992.486824,61.45923593301654,1.7503257110243613,1,Narrow,Stable,Medium,0.12555479298409433,0.057959392599624196,0.1421089445331942,0.06806806653602464,HOLD,55.6,
WATT,Information Technology,140223056.0,True,80699842.02008384,54.33963213282049,1.73758773858693,1,Narrow,Stable,Very High,0.3588742828856387,0.28,-3.6209839816933638,0.10995826130764777,INSUFFICIENT_LIQUIDITY,55.6,
SCCO,Materials,144313319424.0,True,109545061323.86209,132.52487457520215,1.3173877277529478,1,Wide,Positive,Medium,0.13340734888217598,0.09734159734887834,0.20233118121114246,0.07356717661071419,HOLD,55.6,3.58824
HGBL,Industrials,44469184.0,True,194915463.72767332,5.500657521314579,0.2281460031418043,5,Narrow,Negative,Medium,-0.1,0.07845841093457531,0.11957300567543748,0.07233668574707783,INSUFFICIENT_LIQUIDITY,55.5,
XMAX,Consumer Discretionary,518994976.0,True,3605171.920753702,0.17429178644544005,143.95845396784802,1,None,Negative,Very High,0.4,0.13580365246216708,-0.793434323719615,0.10933741689972838,INSUFFICIENT_LIQUIDITY,55.5,
TRU,Information Technology,13623248896.0,True,34130340825.385063,173.60295435089046,0.3991536142489225,5,Narrow,Stable,Medium,-0.02466602022991711,0.10620565453042233,0.06367497017728506,0.06640148077285182,HOLD,55.5,1.72727
STRW,Financials,175082992.0,False,8886860989.211443,699.9274849930225,0.019701331236366693,5,Narrow,Stable,Medium,-0.045068890179981225,0.24620158315274665,0.06862279360608049,0.04917077168395626,INSUFFICIENT_LIQUIDITY,55.5,
RMD,Health Care,28436852736.0,True,50770518495.46039,344.58068749464087,0.560105619928673,5,Wide,Stable,Low,0.037413189611444575,0.1174120139128787,0.17678037617508396,0.06450518395525494,HOLD,55.5,2.05263
CECO,Industrials,2798813952.0,True,1126672808.3048937,30.78004612350819,2.4841408538215126,1,None,Positive,Medium,0.3779993583898851,0.22281586076819815,0.04983160876347152,0.07277420853291655,HOLD,55.4,
CYTK,Health Care,9704882176.0,True,483588675.95713496,4.026449597071971,20.068464499901225,1,None,Stable,Very High,0.4,0.25,-12.43298932038835,0.10291025428987355,HOLD,55.4,1.59091
ARM,Information Technology,366276247552.0,True,111096988545.24004,104.0233975142697,3.29690527482523,1,Narrow,Stable,Medium,0.38606364817023453,0.2336151635704331,0.15009560846741427,0.075,HOLD,55.4,1.875
SMBK,Financials,722752448.0,False,8210151030.81299,485.9078388165628,0.08803156547151011,5,Wide,Stable,Medium,-0.1,0.18806712232956754,3.627237638776859,0.07110913535055105,INSUFFICIENT_LIQUIDITY,55.4,
GAINI,Unknown,,True,693545397.814915,17.915231752642956,,,None,Stable,High,,0.07472031594014257,0.026492283636965847,0.04345,INSUFFICIENT_LIQUIDITY,55.4,
DE,Industrials,157492297728.0,True,103623129200.05414,381.38803533328723,1.5198566086915442,1,Narrow,Positive,Medium,0.08491837890325205,0.03,0.08896390086150752,0.06589013996540821,HOLD,55.4,2.125
CRCT,Industrials,868980352.0,True,1680379030.0686162,7.732669882173174,0.517133537404663,5,Narrow,Positive,Low,-0.09535743957491977,0.03,0.32493799831130626,0.065,INSUFFICIENT_LIQUIDITY,55.4,
OBK,Financials,1485250688.0,False,5605815817.07701,178.90827506289395,0.264948178189422,5,Narrow,Stable,Medium,-0.1,0.11608768343233278,0.12311789320410176,0.07465244037405996,HOLD,55.4,
FIGS,Consumer Discretionary,1982850816.0,True,4630711653.554386,25.799721398890313,0.4281956995698549,5,Wide,Positive,Low,-0.028225387163462817,0.0946427693274805,0.16546524830364143,0.065,HOLD,55.4,
MHO,Industrials,3538679552.0,True,8928076768.800104,326.5811971907273,0.3963540685902484,5,Narrow,Stable,Medium,-0.1,0.043885229132191575,0.12093953238526381,0.06797463842557741,HOLD,55.4,
PETZ,Unknown,12181456.0,True,34004868.480327554,3.2940022946539367,0.35822682293411007,5,None,Stable,Very High,-0.1,0.25,-1.3957394620505243,0.11,INSUFFICIENT_LIQUIDITY,55.3,
QFIN,Unknown,1769054848.0,True,18438980964.81498,67.74756121135697,0.09594103119774824,5,Wide,Negative,Medium,-0.1,0.03,0.32863420626535833,0.06758104636686182,HOLD,55.3,1.61538
SPHR,Communication Services,4993012224.0,True,18378982086.384624,405.73495709268894,0.27166968227793664,5,Narrow,Negative,Very High,0.12494451727829425,0.28,-0.055789996152341544,0.10050971204847711,HOLD,55.3,1.41667
FTV,Industrials,18681882624.0,True,7419374406.207184,22.17386254096588,2.5179862345766506,1,None,Stable,Medium,0.16515447955694562,0.03,0.06171382970244413,0.07037875354425147,HOLD,55.3,2.76471
CNOBP,Financials,,False,38086524360.71461,838.6331467734142,,,Wide,Negative,Medium,,0.1904335193452653,0.08351935716129902,0.04345,INSUFFICIENT_LIQUIDITY,55.3,
HSY,Consumer Staples,37440831488.0,True,49953404695.68393,245.61731887600948,0.7495151074504229,5,Wide,Positive,Low,0.01577264687865554,0.0504249663799897,0.254931185576798,0.06228231795053356,HOLD,55.3,2.5
TAL,Unknown,5817467904.0,True,6154957018.048796,29.991591712293207,0.945167917004271,3,None,Positive,High,0.06768704894164912,0.09885566897123156,0.10147502551523245,0.09,HOLD,55.3,1.42105
EWBC,Financials,17253308416.0,False,91174942263.95297,655.3219454032413,0.18923300621404712,5,Narrow,Stable,Medium,-0.1,0.1839454116058511,,0.07027947066631483,HOLD,55.3,1.625
USPH,Health Care,965632192.0,True,2726443029.895638,179.66675650053628,0.3541728843815094,5,Narrow,Negative,Low,-0.029348465410920233,0.12698877185966234,0.14688734315290053,0.06189653507196252,INSUFFICIENT_LIQUIDITY,55.2,
DRH,Financials,2383231232.0,False,2689303296.7404685,12.91292039379182,0.8861890865521048,3,None,Positive,High,0.10521147139867029,0.11974869997320337,0.05136866500380212,0.07531008782049,HOLD,55.2,2.0
DXPE,Industrials,2440536064.0,True,3722500585.520271,225.51042500274252,0.6556173754527164,5,Narrow,Positive,Medium,0.08840370257078656,0.13435346175159874,0.09664380569323522,0.06701442031657474,HOLD,55.2,
PFXNZ,Unknown,,True,-12169504.927683517,-6.038986008377272,,,Narrow,Stable,High,,0.28,-0.03821450490814916,0.04345,INSUFFICIENT_LIQUIDITY,55.2,
FIBK,Financials,3455372288.0,False,20430520628.939915,198.6814696726875,0.16912796060152532,5,Narrow,Stable,Medium,-0.1,0.12446463219115303,,0.07250978968180506,HOLD,55.2,3.375
ABEO,Health Care,311193504.0,True,231799554.63070562,3.5049017480361457,1.3425112248200037,2,None,Negative,Very High,0.4,0.25,-0.9363070277319314,0.10597459387130523,INSUFFICIENT_LIQUIDITY,55.2,1.0
GROW,Financials,33119204.0,False,62499820.763202235,4.683519499136412,0.5299087836664559,5,None,Negative,Very High,-0.1,0.03,-0.11813141628278423,0.1098336360441614,INSUFFICIENT_LIQUIDITY,55.2,
TWLO,Information Technology,34299373568.0,True,6236154033.303155,39.02744380927353,5.5000844085681395,1,None,Positive,Very High,0.4,0.1351247107302039,-0.13301910722829877,0.10812882990521909,HOLD,55.1,1.72414
WEYS,Industrials,334389664.0,True,484053505.96866465,50.606743959086735,0.6908113666707887,5,Narrow,Positive,Medium,-0.062498879157882825,0.03,0.10849762200833904,0.075,INSUFFICIENT_LIQUIDITY,55.1,
GD,Industrials,93687832576.0,True,134595212543.21115,494.063366222671,0.6960710623041066,5,Narrow,Stable,Low,0.027523739246560874,0.09464407873568956,0.139163229698388,0.06330207732202234,HOLD,55.1,2.16667
XIFR,Utilities,1095449856.0,True,15343464454.81276,163.40217736754803,0.07139520929097548,5,Narrow,Negative,Very High,-0.0534093944159541,0.0994619708321216,0.011729132925131586,0.046639933700808794,HOLD,55.1,3.15385
CNX,Energy,4752232448.0,True,5057073791.913733,31.53722660782946,0.9397198149646987,3,None,Negative,Very High,0.05347787494142178,0.06755279851936358,0.02919301405850953,0.0873527249203399,HOLD,55.1,3.25
MTW,Industrials,425528576.0,True,229842798.76746118,6.368043107543401,1.8513896379695582,1,None,Positive,High,0.08769566461207134,0.04218038195044094,0.03140998989093636,0.0657987719443675,INSUFFICIENT_LIQUIDITY,55.1,
KW,Real Estate,1533729152.0,False,-3742907615.840082,-27.13762025443682,,,None,Positive,Very High,0.4,0.03,0.0010509820486919845,0.06034551455465135,HOLD,55.0,
VTR,Real Estate,39875641344.0,False,18676666205.479507,40.37194255586072,2.135051347242099,1,None,Positive,Medium,0.21140075520921864,0.12200921914088131,0.029556274464580364,0.06723816411519586,HOLD,55.0,1.52381
CNK,Communication Services,3647281664.0,True,20727509863.18082,154.33737798347596,0.17596333028304695,5,Narrow,Positive,High,-0.1,0.12214873597409105,0.09577229656983485,0.07358997871613317,HOLD,55.0,
NMTC,Health Care,29652374.0,True,9806724.39361377,8.792448753793925,3.02367771437626,1,None,Stable,Very High,0.4,0.25,-8.419373534106464,0.11,INSUFFICIENT_LIQUIDITY,55.0,
CCO,Information Technology,1221560448.0,True,2328740141.680414,4.700670039685458,0.524558505320617,5,Narrow,Positive,High,-0.006973411771624194,0.03,0.08809978451903278,0.05244093340295541,CORP_ACTION_REVIEW,55.0,
ENVA,Financials,4201068288.0,False,163196246073.33813,6095.097892561648,0.0257424321274651,5,Wide,Negative,High,-0.07210529572644114,0.250543470742413,0.10126933439639388,0.06592955270871624,HOLD,55.0,1.28571
NI,Utilities,22346661888.0,True,36827403905.63139,77.61307461671527,0.6067943845637976,5,Narrow,Positive,High,0.0314231501954384,0.08678544925053916,0.04759270456915192,0.055872382195102724,HOLD,55.0,1.6
HYPR,Health Care,136993056.0,True,57646653.8399135,0.7047689936936141,2.3764268500377117,1,None,Positive,Very High,0.4,0.25,-4.5366420473207585,0.11,INSUFFICIENT_LIQUIDITY,55.0,1.0
LTC,Financials,1845091456.0,False,3884667560.0954714,83.43358161717077,0.4749676587395433,5,Narrow,Stable,Medium,0.07616028419935372,0.14763382133653935,0.04320998565757435,0.06511234960910862,HOLD,55.0,2.875
MRTN,Industrials,1448207104.0,True,3825886922.1747637,46.93245650921581,0.3785284650223771,5,Narrow,Negative,Low,-0.1,0.03,0.094165247391963,0.065,HOLD,55.0,
DBVT,Health Care,981907136.0,True,212506476.44219235,1.5225334382193807,4.620598639811837,1,None,Negative,Very High,0.4,0.03,-12.16285799602129,0.11,INSUFFICIENT_LIQUIDITY,55.0,1.83333
CTRM,Industrials,20580816.0,True,753132052.547878,14.037114716571347,0.027326968664225904,5,None,Negative,High,-0.1,0.03,0.04351273377694636,0.05259098177586638,INSUFFICIENT_LIQUIDITY,55.0,
DLR,Real Estate,66814607360.0,False,29518761178.164566,84.87036364154154,2.2634624453489494,1,None,Negative,Medium,0.17749328399055175,0.07294349906256863,0.01876396256724347,0.06818693318740938,HOLD,55.0,1.71875
FBNC,Financials,2452320768.0,False,7678711252.521753,185.23787177689007,0.3193661914549316,5,Wide,Negative,Medium,-0.1,0.08287351313716641,1.866804998061518,0.07406895347007475,HOLD,54.9,
AEE,Utilities,30240647168.0,True,66242219099.68724,243.35863005028375,0.45651621547417,5,Narrow,Stable,Medium,-0.012313565791822547,0.08311236500584193,0.05437504417114402,0.056406073912283715,HOLD,54.9,1.88235
VRSN,Information Technology,26837721088.0,True,9075732293.843578,96.7562078234923,2.9570860200675013,1,None,Stable,Low,0.22640870913120514,0.055477339939577555,,0.06365381764025912,HOLD,54.9,2.25
ADSK,Information Technology,48554962944.0,True,82659253762.52629,384.461645407099,0.5874110971712216,5,Wide,Negative,Medium,0.07183236630221435,0.13727142700208317,0.3687490695854312,0.07346509058196632,HOLD,54.9,1.36364
GIL,Unknown,10668275712.0,True,8408392253.925011,54.931321111935056,1.2687652276236379,1,Narrow,Negative,Medium,0.09193139108383541,0.05861058159759444,0.1485439453768687,0.0659159654042368,HOLD,54.9,1.64286
WLFC,Industrials,1465538688.0,True,24592134270.07132,3503.1530299246892,0.0595937982407474,5,Narrow,Positive,High,0.05197974719957499,0.2799836822777851,0.036144386537822704,0.059826103047628185,HOLD,54.9,
CBNK,Financials,531967872.0,False,6419571330.193786,382.8565048171148,0.08286657233605996,5,Wide,Positive,Medium,-0.1,0.18150486848975633,6.701699012785414,0.07218754779721266,INSUFFICIENT_LIQUIDITY,54.9,
EDU,Consumer Discretionary,7625413120.0,True,18781289707.98484,11.514230760292358,0.40601115464174253,5,Narrow,Positive,High,-0.07801516149323312,0.13218556015521352,0.3204008290538813,0.08991224138912914,HOLD,54.9,1.71429
STGW,Information Technology,1596182144.0,True,2150312267.071098,8.129018146138892,0.7423024871518458,5,None,Negative,Medium,0.11071643345351678,0.14086785853555506,0.05375603094198902,0.06068346462559175,HOLD,54.9,
USEA,Unknown,23559204.0,True,21293491.490456924,2.4015605091710612,1.1064039925325773,3,None,Negative,Extreme,0.12460691915026512,0.11961654555785617,0.0006356924916870715,0.06784919623480133,INSUFFICIENT_LIQUIDITY,54.9,2.0
PEB,Financials,1914806272.0,False,615147170.6587782,5.256428416863618,3.112761243702675,1,None,Positive,Very High,0.19293579379769799,0.12242740251525967,0.009397261796662417,0.0750007717253048,HOLD,54.9,2.875
ATMU,Industrials,3749581312.0,True,4148513456.134327,50.10281951853052,0.9038373267068873,4,Narrow,Stable,Low,0.025932092288361963,0.04098789382902113,0.2990193870026654,0.06215632161712621,HOLD,54.9,
ODC,Consumer Discretionary,1216754944.0,True,1407155978.3595154,101.35820632136537,0.8646908819720981,5,Narrow,Positive,Low,0.08859978367629215,0.10769045739983012,0.12511324848216143,0.0643171450675012,HOLD,54.8,
LOW,Consumer Discretionary,118163415040.0,True,175860919388.2988,314.03735605053356,0.6719140071086322,5,Wide,Positive,Low,-0.008828878835663356,0.03,0.3361007995273083,0.05955798631520812,HOLD,54.8,1.8
ONL,Financials,160260784.0,False,313462631.5062641,5.574452829461234,0.5112596140404615,4,Narrow,Negative,Extreme,0.009250845232130617,0.04794766966279664,-0.046363696511346864,0.06695441648935782,INSUFFICIENT_LIQUIDITY,54.8,
RCUS,Health Care,2916679680.0,True,2358141056.2607417,21.956620635574875,1.2368554765866815,2,Narrow,Stable,High,0.1612282001645029,0.11886889397717773,0.15170951497482107,0.08847183703542413,HOLD,54.8,1.46154
RLGT,Industrials,401347360.0,True,293192240.11017275,6.01658495653421,1.3688880710116538,1,Narrow,Negative,Medium,0.08989725896969392,0.03,0.08255952606372566,0.07339588674713908,INSUFFICIENT_LIQUIDITY,54.8,
MDLZ,Consumer Staples,79637635072.0,True,66018813052.41557,50.86195150417225,1.2062869868437618,1,None,Positive,Low,0.08368036653467595,0.059527743168198866,0.059824146810506025,0.06046850645390482,HOLD,54.8,1.92
CCLD,Information Technology,99858424.0,True,427333937.44812953,11.259310587804991,0.2336777289356312,5,None,Positive,Very High,-0.1,0.03,-0.04606457406908947,0.1092299422580546,INSUFFICIENT_LIQUIDITY,54.8,
CDRO,Communication Services,437420576.0,True,3498234413.117865,76.23475272258086,0.12504038447501892,5,Narrow,Stable,High,-0.07303783397917668,0.23962571439187408,,0.08977534550589684,INSUFFICIENT_LIQUIDITY,54.8,
GNK,Industrials,1075917440.0,True,-82992971.91318235,-1.913457455608693,,,None,Negative,Very High,0.4,0.03,-0.0030334706756132606,0.10005272769563867,HOLD,54.8,1.83333
ATHM,Information Technology,1903775232.0,True,7355305922.404078,15.580077910460506,0.2588301903529462,5,Narrow,Negative,Medium,-0.1,0.03,1.0125607222928332,0.075,HOLD,54.8,2.75
OSUR,Health Care,278148160.0,True,292124610.62994003,3.9752957832202496,0.952155860474059,3,None,Negative,Very High,0.0013002637175225493,0.03,0.008040220710647642,0.10996102330211982,INSUFFICIENT_LIQUIDITY,54.8,
UBCP,Financials,91918376.0,False,754707223.2102505,137.41707589935683,0.12179342289717673,5,Narrow,Stable,Medium,-0.1,0.10185927437350001,0.11493145847378729,0.05864711072692212,INSUFFICIENT_LIQUIDITY,54.8,
EGO,Materials,7709258240.0,True,17812867045.94335,86.71765025195383,0.4327915444558198,5,None,Positive,High,0.10179526780037296,0.24466008442729764,0.02754066537055096,0.08339363078361373,HOLD,54.7,2.8
BC,Industrials,5223945216.0,True,9122082811.903101,138.42310791962217,0.5726702249604058,5,Narrow,Negative,Medium,-0.042785446734284804,0.03,0.1202194621055182,0.06594688843252107,HOLD,54.7,2.1
AREN,Communication Services,62835688.0,True,301196586.5527222,6.318841676747604,0.20862018630148413,5,None,Positive,Extreme,0.08330732430447965,0.25,-0.6993517974319742,0.07931107462600075,INSUFFICIENT_LIQUIDITY,54.7,
COO,Health Care,13139003392.0,True,13344040462.21833,66.72020231109165,0.9846345587156408,3,None,Stable,Low,0.07730895936089965,0.07957275421252334,0.050287039468001615,0.06154895372154389,HOLD,54.7,2.125
PDD,Unknown,121088335872.0,True,1073710410788.4258,181.07709738241417,0.11277560006434585,5,Narrow,Positive,High,-0.1,0.28,-0.1709972788879558,0.09,HOLD,54.7,1.85714
OPLN,Consumer Discretionary,3864913920.0,True,2386375918.841401,22.323441710396644,1.6195746401415403,1,None,Positive,High,0.11938108042499629,0.0720104892541344,0.0495807597740554,0.07260857718490876,HOLD,54.7,1.88889
DV,Information Technology,1573008000.0,True,9666235601.634722,57.99173042022715,0.1627322222245419,5,Narrow,Positive,Low,-0.09035346378062853,0.19204404572791467,0.06902331741732998,0.06482906350022231,HOLD,54.7,2.3
QGEN,Unknown,7565250048.0,True,7922699243.578922,36.19654259676043,0.9548829023304624,3,Narrow,Negative,Medium,0.019744476720801152,0.03,0.07112181512133606,0.06933850041961899,HOLD,54.7,2.06667
NEGG,Health Care,363679168.0,True,235234143.9900066,11.695045440489539,1.546030528695061,1,None,Negative,Very High,0.1108973296143011,0.03,-1.2264309764309764,0.10887103131371853,INSUFFICIENT_LIQUIDITY,54.7,
ICL,Unknown,7228022784.0,True,8002633616.193851,6.196890661798947,0.903205510917509,3,Narrow,Negative,High,0.009833864780051438,0.03,0.08095720075440074,0.07715028974036445,HOLD,54.7,3.0
DY,Industrials,14003066880.0,True,12941214069.296474,439.8281945260011,1.0820520242550358,2,Narrow,Positive,Low,0.16189888531703966,0.15320073643451176,0.08195406980842836,0.061393507954970235,HOLD,54.6,1.09091
GS,Financials,306418319360.0,False,2253620516844.5996,7095.782483767631,0.13596713247402928,5,Narrow,Stable,Medium,-0.1,0.1363968948324678,,0.05695169012348554,HOLD,54.6,2.6
WSR,Financials,991654336.0,False,470176080.97574306,8.987232987532362,2.1091126837886947,1,None,Positive,High,0.13563738443788165,0.058969063140031655,0.0324888798369639,0.07166055775279444,INSUFFICIENT_LIQUIDITY,54.6,
FSBW,Financials,303180608.0,False,3071135775.014903,401.79742102398774,0.09871937622117302,5,Wide,Negative,Medium,-0.1,0.11155039244889128,0.25934250538579395,0.06328908633533309,INSUFFICIENT_LIQUIDITY,54.6,2.33333
XTNT,Health Care,63945884.0,True,901699215.1158252,6.009623130625855,0.0709170895660434,5,Narrow,Stable,Very High,-0.09353993334206495,0.2334666099083364,-0.12799063696213897,0.09106461805737218,INSUFFICIENT_LIQUIDITY,54.6,
PRGS,Information Technology,1319585152.0,True,18795831297.89691,426.99360044292035,0.07020626707517054,5,Wide,Negative,High,-0.07320543340514135,0.173494434340821,0.10551479776818615,0.06603388820936426,HOLD,54.6,
MTB,Financials,32575238144.0,False,254104963078.77545,1600.2478923791364,0.12819599329864842,5,Wide,Positive,Medium,-0.1,0.13532035916364532,0.4368988349212609,0.06597094664654063,HOLD,54.6,2.55
EVI,Unknown,226882448.0,True,192282576.14110485,14.612248357861908,1.1799428349321903,2,None,Positive,Medium,0.11642095251537155,0.09560165601536323,0.04417969528399857,0.066981156327267,INSUFFICIENT_LIQUIDITY,54.6,
EQR,Real Estate,26346981376.0,False,9922580554.037437,25.415729971843614,2.6552549745015246,1,None,Stable,Medium,0.1741715905327067,0.050167800740838105,0.044197808066316,0.0675287749860424,HOLD,54.6,2.28571
PPG,Materials,25366020096.0,True,25193107043.37592,110.93398081627441,1.0068635064474727,3,Narrow,Positive,Medium,0.03137495001928625,0.03,0.1333428513880956,0.06794340276089178,HOLD,54.6,2.21739
PEP,Consumer Staples,193996259328.0,True,246027636563.2716,179.18982998053286,0.7885140955622254,5,Wide,Positive,Low,0.0022074534625595513,0.03092082141344585,0.1958596189143641,0.06064158365583809,HOLD,54.6,2.56522
FINV,Unknown,1163943424.0,True,15484847465.70156,11.605761220852635,0.07516660571426986,5,Wide,Stable,Medium,-0.1,0.08169720188896426,0.25878261037943107,0.07071662476621128,HOLD,54.6,1.125
IDT,Communication Services,1394350720.0,True,5483686710.695691,216.78935405003722,0.25427249833225885,5,Narrow,Negative,Low,-0.1,0.03,1.1074856874424577,0.065,HOLD,54.6,1.0
FMAO,Financials,386748416.0,False,4007859858.670864,295.56765455479297,0.0964974898419373,5,Wide,Stable,Medium,-0.1,0.1578384964640663,0.28662240356241897,0.06224940576072894,INSUFFICIENT_LIQUIDITY,54.6,
AA,Materials,18971041792.0,True,10079884512.61991,38.62024717478892,1.8820693598471743,1,None,Negative,Medium,0.16165962325682337,0.04931770687654753,0.044631137183722275,0.07140587109789047,HOLD,54.5,1.78571
VRT,Industrials,115428540416.0,True,74380374146.96808,190.40019571692147,1.5518682413175942,1,Narrow,Positive,Medium,0.2589794654974399,0.20600985941396352,0.1469116616805008,0.07422339062279457,HOLD,54.5,1.5
CRMD,Health Care,655857728.0,True,254084876.93962306,3.1638800236542193,2.581254484326701,1,None,Stable,Very High,0.4,0.25,-0.02221338427718661,0.11,INSUFFICIENT_LIQUIDITY,54.5,
FWONK,Communication Services,21973108736.0,True,5588446877.42243,5588446.87742243,3.931881114370492,1,None,Positive,Medium,0.21970076626828583,0.03,0.03337153065723817,0.06905664855229428,HOLD,54.5,1.4375
MS,Financials,334273970176.0,False,2354123223375.6787,1478.7206176982907,0.14199510325405573,5,Narrow,Stable,Medium,-0.1,0.16650883034641278,,0.05850504377190972,HOLD,54.5,2.32
RY,Unknown,269657522176.0,True,1308324525926.489,926.8452261433669,0.20610904774183778,5,Narrow,Stable,High,-0.1,0.1594907233916952,,0.08328728759677015,HOLD,54.5,2.0
BG,Consumer Staples,24535529472.0,True,36442584419.33507,218.91784890942952,0.6732653532382947,5,Narrow,Stable,Low,0.047743425857806776,0.0868329733643245,0.09086620984660654,0.057079258230937416,HOLD,54.5,
WABC,Financials,1328948608.0,False,6101383228.570518,237.64833016166227,0.21781103697552154,5,None,Stable,Medium,-0.1,0.03,,0.075,HOLD,54.4,
IDR,Materials,513346144.0,True,641695544.2863733,43.648761432209895,0.7999839621309666,5,None,Positive,Medium,0.20633417147870636,0.25,0.11926764204461333,0.0748573620892784,INSUFFICIENT_LIQUIDITY,54.4,
MLKN,Consumer Discretionary,1010578560.0,True,5593807914.623866,81.09639824703211,0.1806602184815909,5,Narrow,Positive,Medium,-0.1,0.04179496170815615,0.1205926617078015,0.05709198444812022,HOLD,54.4,2.0
STEL,Financials,1914108928.0,False,6320108453.925779,121.9909754077706,0.30286013949824514,5,Narrow,Stable,High,-0.1,0.13086056903947774,,0.08904186315601682,HOLD,54.4,
NC,Materials,401235840.0,True,15017309.72331696,2.0073933596199653,26.718223662725173,1,None,Negative,High,0.4,0.11223122430313612,-0.11230670379760588,0.08064653696634129,INSUFFICIENT_LIQUIDITY,54.4,
BLX,Financials,2092710016.0,False,12838501302.242613,345.56689551686617,0.163002671942281,5,None,Positive,High,-0.052815628715812496,0.25,0.02860295438007967,0.05935953387986172,HOLD,54.4,
BILI,Information Technology,7277181440.0,True,2220140999.283799,5.000015774461845,3.2778014740269037,1,None,Positive,Very High,0.4,0.12221974410293363,-0.4613403785722306,0.09940848096525753,HOLD,54.4,1.25806
NPK,Materials,950288960.0,True,1823843633.8400278,255.1900984804852,0.5210364213072398,5,Narrow,Stable,Medium,0.03201182183415219,0.14055402705337777,0.14465132444076179,0.074234698345117,INSUFFICIENT_LIQUIDITY,54.4,
MTD,Health Care,23326238720.0,True,20086849532.114964,971.7072983091172,1.1612691518750058,1,Wide,Stable,Low,0.046691333447691635,0.03,0.42563398042998424,0.06317966249505534,HOLD,54.4,2.07692
AORT,Health Care,976692288.0,True,1916643853.6917639,40.63957961264925,0.5095846503348724,5,Narrow,Positive,Medium,0.0014445861681464443,0.10804944217013301,0.015218710435098768,0.06912789898809218,INSUFFICIENT_LIQUIDITY,54.4,1.14286
HUYA,Unknown,569882176.0,True,226490041.79097927,0.9782176287723102,2.516146721037417,1,None,Negative,High,0.23076050234889467,0.03,-0.0030052125767684457,0.0882599182225655,INSUFFICIENT_LIQUIDITY,54.4,1.72727
UNM,Financials,13874968576.0,False,18791766516.515503,108.67217580982077,0.7383536062884625,5,None,Positive,Medium,-0.05094647398608382,0.03,0.057829793224479134,0.0682624447801948,HOLD,54.4,1.76923
NECB,Financials,345850560.0,False,3916680923.453883,286.747267256306,0.0883019492164849,5,Narrow,Positive,Medium,-0.1,0.22829382598241615,0.1750665933787155,0.06968919796573075,INSUFFICIENT_LIQUIDITY,54.4,
HBIO,Health Care,27940578.0,True,149929625.10141897,33.77477982055348,0.1863579528135268,5,None,Negative,Extreme,-0.1,0.03,-0.0018428506950707163,0.08353676924850924,INSUFFICIENT_LIQUIDITY,54.4,
COHR,Information Technology,73754066944.0,True,9415317530.612183,60.840150758374094,7.8334125964633845,1,Narrow,Negative,Medium,0.3712001575430969,0.12614586817026568,0.08398273405008587,0.07349792260354275,HOLD,54.3,
JACK,Consumer Discretionary,215913328.0,True,6375568042.724688,334.60522949116654,0.033865739735361125,5,Wide,Negative,High,-0.1,0.03,0.19821627762409588,0.04868584720043703,INSUFFICIENT_LIQUIDITY,54.2,2.61111
IONQ,Information Technology,21194266624.0,True,2700282865.6495996,9.63199779763399,7.848906088178045,1,None,Negative,Very High,0.4,0.25,-0.5756755802104536,0.11,HOLD,54.2,1.38462
TBRG,Information Technology,390727488.0,True,496344763.669081,34.25902565358096,0.787209852102928,5,None,Negative,Medium,-0.0053452394147307375,0.03844616775614349,0.05766640099665207,0.06564752771936802,INSUFFICIENT_LIQUIDITY,54.2,
ATLCZ,Financials,,False,38753242917.38536,2021.0296175950643,,,Narrow,Negative,High,,0.22505871776587905,0.05048916660107552,0.04345,INSUFFICIENT_LIQUIDITY,54.2,
CLFD,Information Technology,544121984.0,True,328322094.9729358,23.469198551350647,1.6572810430100753,1,Narrow,Negative,Medium,0.13796499026377695,0.03,0.10561072294643419,0.075,INSUFFICIENT_LIQUIDITY,54.2,
KNX,Industrials,12767153152.0,True,30417298890.145706,187.05560441880135,0.41973329709878265,5,None,Negative,Medium,-0.09816163428077768,0.04291329345482282,0.05619190329177405,0.0700950472810031,HOLD,54.2,1.66667
ALLY,Financials,13109991424.0,False,86810053470.89325,277.3103167005595,0.15101927599198728,5,None,Stable,Medium,-0.1,0.044738301524868525,0.030513973149553335,0.055310081179620246,HOLD,54.2,1.66667
CW,Industrials,27083044864.0,True,12137152184.275288,322.53068438987236,2.231416765053699,1,Narrow,Positive,Low,0.19576131374000616,0.09605921425741366,0.12487066507785421,0.06426384748878625,HOLD,54.2,1.71429
VMC,Materials,36510429184.0,True,20508961945.488506,154.55133342493224,1.7802182909618907,1,Narrow,Positive,Low,0.12361939073833719,0.06022386499681822,0.08237473694106547,0.06270008715201313,HOLD,54.1,1.82609
DAKT,Consumer Discretionary,932058304.0,True,647304043.5433651,13.602539423442645,1.4399080513971148,1,None,Positive,Medium,0.14524983812234316,0.07215850230882719,0.06617332190279349,0.07459939438457289,INSUFFICIENT_LIQUIDITY,54.1,
APH,Information Technology,170768842752.0,True,790833805831.0947,619.0479889088804,0.21593518321151864,5,Wide,Positive,Low,0.12078687216327219,0.26680078406969143,0.17796498347185555,0.06320654647252133,HOLD,54.1,1.55556
PRIM,Industrials,6610421248.0,True,15548386652.431263,283.7296834385267,0.42515158619150656,5,Narrow,Positive,Low,0.07755355340950756,0.18836611298428282,0.11938065770845999,0.06356979017684256,HOLD,54.0,1.85714
ALC,Health Care,32583235584.0,True,23752828961.179535,47.86946586291724,1.3717623124913858,1,None,Positive,Medium,0.11447795152073093,0.05452568456763984,0.0349281766085368,0.07099540711195099,HOLD,54.0,1.53846
GEF,Materials,3612938496.0,True,7031641943.426397,270.6830426733759,0.5138115002254335,5,Narrow,Positive,Medium,-0.049092779242889295,0.03,0.09737767181004194,0.06128116777526598,HOLD,54.0,
AG,Materials,8389145088.0,True,2238435689.608708,4.619487161827074,3.7477713239402797,1,None,Negative,Very High,0.4,0.25,-0.008999589754291038,0.10775991637683623,HOLD,54.0,2.0
DCI,Industrials,9695960064.0,True,9950856902.59584,82.64831314448372,0.9743844333115326,3,Wide,Stable,Low,0.051334799774525736,0.05473044691914599,0.20400057740580113,0.06361042998621537,HOLD,54.0,2.5
CRH,Materials,70201114624.0,True,71107088196.92783,105.03262658334981,0.9872590258453732,3,Narrow,Positive,Low,0.0495483007269667,0.05251399617797277,0.09384358347667837,0.06066984253807418,HOLD,54.0,1.3913
CMI,Industrials,89861242880.0,True,57532734067.89331,414.79981303455884,1.5619150442938523,1,Narrow,Positive,Low,0.12166530562853359,0.05052542023125639,0.16600607114888632,0.06332932776706263,HOLD,54.0,2.04545
RAMP,Information Technology,2248487680.0,True,4388453766.645964,67.46796474203957,0.5123644453291094,5,Narrow,Positive,High,-0.030296889504642432,0.11219443564896418,-0.12331573108022748,0.09,HOLD,54.0,
FINW,Financials,200930528.0,False,3716575025.1556997,273.9758915780412,0.054063358506151064,5,Wide,Negative,High,-0.1,0.23084823452006442,1.095270989209222,0.09,INSUFFICIENT_LIQUIDITY,54.0,
HQI,Information Technology,182338928.0,True,154192690.3247726,11.030309058213936,1.1825393772943686,2,Narrow,Negative,High,0.07311402028040426,0.03,0.10581296518658144,0.09,INSUFFICIENT_LIQUIDITY,54.0,
SYK,Health Care,117178056704.0,True,137232873719.65985,355.0656499861833,0.8538628794101627,5,Wide,Positive,Low,0.08819350165800699,0.1032199746942768,0.10497139700210942,0.06243108079457591,HOLD,54.0,1.75
KVHI,Communication Services,146623088.0,True,79216920.6460135,4.083767432003995,1.8509061801984932,1,None,Positive,Medium,0.24876615735002872,0.03,-0.15043288108008385,0.075,INSUFFICIENT_LIQUIDITY,54.0,
KRYS,Health Care,8873406464.0,True,16239871234.38477,542.2146584215809,0.5463963559767818,5,Narrow,Positive,Medium,0.20091167233118956,0.28,-0.589395822660587,0.075,HOLD,54.0,1.18182
TRGP,Energy,56685305856.0,True,15662305087.557533,72.20979754521684,3.619218597716629,1,Narrow,Positive,Medium,0.133953590465005,0.03,0.04138503300962847,0.06747861874765156,HOLD,54.0,1.54545
WNEB,Financials,268470240.0,False,981126500.5942385,48.27961465898189,0.2736346840467521,5,None,Positive,Medium,-0.1,0.08765273403475143,0.06712222691526379,0.06606562663671697,INSUFFICIENT_LIQUIDITY,53.9,
ADBE,Information Technology,101632049152.0,True,316862638162.26697,742.0670682957071,0.3207448178221432,5,Wide,Positive,Low,-0.03194266852735422,0.1073031916696876,0.37685139980940174,0.0637590601156755,HOLD,53.9,2.44737
SLGL,Unknown,254915936.0,True,173793091.71430022,62.38366463473782,1.4667783022069614,1,None,Negative,Very High,0.3302380067587388,0.25,-1.92282414910859,0.11,INSUFFICIENT_LIQUIDITY,53.9,1.0
FSLY,Information Technology,2827954944.0,True,1310720383.627335,8.922413470390703,2.1575577669539365,1,None,Stable,High,0.26686327634322315,0.13540186723370023,-0.1663661313174347,0.08471953181123727,HOLD,53.9,2.45455
ACU,Materials,166626992.0,True,193912172.66159815,47.44520842323415,0.8592910373439303,5,Narrow,Stable,Low,-0.008787202796369076,0.03,0.08625048023066927,0.06251295101081727,INSUFFICIENT_LIQUIDITY,53.9,
CNR,Materials,4710087168.0,True,88712425479.4812,1726.3646441991093,0.05309388332629258,5,Narrow,Positive,High,-0.1,0.28,0.1057796686068829,0.08591999811827243,HOLD,53.9,1.0
NPO,Materials,6594477056.0,True,1269469005.9386683,59.88061348767303,5.194673540787965,1,None,Positive,Medium,0.30498769679071913,0.06354922245400338,0.036048284565756164,0.07214822747785198,HOLD,53.9,
ACIW,Information Technology,4351115264.0,True,5586431318.459741,53.30309926491809,0.7788720590947255,5,Narrow,Positive,Low,0.050831569876815696,0.07895800042390388,0.06257146856888095,0.06159114030679125,HOLD,53.9,
ATI,Materials,24219408384.0,True,9145102239.925613,64.49296361019474,2.648347470437575,1,Narrow,Positive,Medium,0.2149018110781057,0.09818601985831882,0.11395001008394917,0.07287462061470613,HOLD,53.9,1.11111
AEM,Materials,81835933696.0,True,134264262672.67586,266.6968513701416,0.6095138949633129,5,None,Positive,Medium,0.1593364999143293,0.25,0.06088007125278791,0.07492451318268296,HOLD,53.9,1.90909
BFC,Financials,1575015296.0,False,3654913959.0137634,370.4129993410206,0.43093088200221263,5,Wide,Stable,Medium,-0.01477526684083828,0.1163771489504404,0.4850410594066731,0.07273242798310725,HOLD,53.8,
DOCN,Information Technology,17728344064.0,True,3176975410.6171703,30.15839126109158,5.580258507747162,1,None,Positive,High,0.4,0.17881306648208528,0.011461695896957787,0.08653383112908712,HOLD,53.8,1.73333
NRDS,Information Technology,524416288.0,True,12365314741.13755,162.9158727422602,0.04241026605294126,5,Narrow,Positive,Medium,-0.1,0.2036174174357365,0.00878048780487805,0.075,INSUFFICIENT_LIQUIDITY,53.8,2.0
GTEC,Industrials,17251090.0,True,179862503.5199571,11.14043858625783,0.09591265362369351,5,Narrow,Positive,Medium,-0.1,0.03,0.09344162551760674,0.061585861361289476,INSUFFICIENT_LIQUIDITY,53.8,
CRK,Energy,3818045952.0,True,9975425126.770782,33.91490569430214,0.3827451866440872,5,None,Negative,Very High,-0.047017162183029704,0.10434326506460936,0.03882622421688721,0.08179112958193166,HOLD,53.8,3.30769
HOFT,Consumer Discretionary,138490448.0,True,128228009.52751295,12.090138556242971,1.0800327362976425,3,None,Stable,Medium,0.04830286538737727,0.03,0.06139931208012875,0.07428245588943683,INSUFFICIENT_LIQUIDITY,53.8,
FMBH,Financials,1198509312.0,False,8458725945.928577,352.6451597676735,0.14168910538789548,5,Wide,Stable,Medium,-0.1,0.13813075886063123,13.28920330133064,0.06779878770870688,HOLD,53.8,
BRSL,Communication Services,2078578816.0,True,4866738922.169261,24.704258488168836,0.42709889501808557,5,None,Stable,High,-0.08141897679977322,0.03,0.056574857328557174,0.05891497642407387,HOLD,53.8,
JBTM,Industrials,6456408576.0,True,31157732703.61197,599.1871673771533,0.20721689339261642,5,Narrow,Negative,Medium,0.11454191831448923,0.28,0.09567135655104284,0.06787908484469063,HOLD,53.8,1.66667
BBSI,Information Technology,810468352.0,True,1796970459.7287183,68.7414582352901,0.45101929617827624,5,Wide,Negative,Low,-0.030690422912347193,0.07128716829082746,0.7702234590932279,0.06339961188750992,INSUFFICIENT_LIQUIDITY,53.8,
TASK,Information Technology,525658880.0,True,2371396719.424787,25.491984965757897,0.2216663604592931,5,None,Positive,Medium,-0.1,0.12272366612367325,0.10700938994756819,0.06507215685025973,INSUFFICIENT_LIQUIDITY,53.8,2.75
ATLCL,Financials,,False,38753242917.38536,2021.0296175950643,,,Narrow,Negative,High,,0.22505871776587905,0.05048916660107552,0.04345,INSUFFICIENT_LIQUIDITY,53.8,
HLMN,Materials,1432330112.0,True,1108476080.9825332,5.556828158123788,1.2921614968276163,1,None,Positive,Medium,0.07811523035725021,0.03,0.02830965679031457,0.06481141655654503,HOLD,53.8,1.75
PEBO,Financials,1262350848.0,False,18531927038.932518,524.1209884536676,0.06811762453780491,5,Wide,Stable,Medium,-0.1,0.18308686327086343,1.2661155667478718,0.06339575865178299,HOLD,53.8,
DBI,Consumer Discretionary,428325920.0,True,1061148009.047823,21.596141506183308,0.4036438991996418,5,Narrow,Negative,High,-0.05882451766601546,0.03,0.09125937901281056,0.06654624598184565,INSUFFICIENT_LIQUIDITY,53.8,3.0
LFVN,Health Care,125779752.0,True,1374956126.1384172,105.87172758438571,0.09147910221197685,5,Wide,Negative,Low,-0.1,0.03,0.6516322285673186,0.065,INSUFFICIENT_LIQUIDITY,53.8,
TTC,Industrials,8304967680.0,True,10678940504.744621,107.00341187118859,0.7776958469157242,5,Wide,Negative,Low,-0.0020544338529717154,0.03,0.22687042481297925,0.06284767847363229,HOLD,53.7,2.2
IBOC,Financials,4537987584.0,False,14317899514.217983,229.980900178963,0.3169450644274798,5,Narrow,Stable,Medium,-0.1,0.10266318847689364,,0.0741924826019634,HOLD,53.7,
SNA,Industrials,19672813568.0,True,23634572171.846024,445.93532399709477,0.8323744311917205,5,Wide,Positive,Low,0.0014159741814309,0.03,0.18248592068369604,0.0637585381283307,HOLD,53.7,2.54545
MBIN,Financials,2182391040.0,False,43535552453.867714,947.604821347528,0.05012893869470389,5,Narrow,Negative,High,-0.1,0.21162483846569477,0.1395825504995446,0.0603115085283294,HOLD,53.7,
NSSC,Information Technology,1249027584.0,True,999875017.3834321,27.394586629316752,1.249183710248681,1,Narrow,Positive,Medium,0.13230624989576423,0.08748563092266956,0.2210115240672236,0.075,HOLD,53.7,1.16667
UGI,Utilities,7471620608.0,True,21029260636.982513,95.95391785445571,0.35529640042885036,5,Narrow,Negative,High,-0.06903408740213673,0.03,0.09166333858454459,0.054474072747323556,HOLD,53.7,
MBWM,Financials,911050624.0,False,7746739507.793262,477.07549647469943,0.11760439641522452,5,Wide,Negative,Medium,-0.1,0.14357996430203115,0.294117871194517,0.06386533957555675,INSUFFICIENT_LIQUIDITY,53.7,
WTTR,Energy,2531756800.0,True,262047019.65518904,2.5249319234304077,9.661460005656151,1,None,Positive,Very High,0.37733638141095616,0.07573437990322138,0.023497339969949245,0.1025957250216397,HOLD,53.7,1.16667
AFYA,Consumer Discretionary,1320575872.0,True,12217990766.905132,133.869952692255,0.1080845367453578,5,Wide,Positive,Low,-0.1,0.1538075721338425,0.1484094444001299,0.06025917008049719,HOLD,53.7,
ARI,Financials,1437800704.0,False,2855642347.0904045,20.563628537791462,0.5034946709853094,5,Narrow,Positive,High,0.04406719015409831,0.062135142500952416,0.055301955197787626,0.05094398730834356,HOLD,53.6,
FCCO,Financials,294720032.0,False,1916552679.9870143,246.94661512524343,0.15377611848477699,5,Narrow,Stable,Medium,-0.1,0.16876238071006694,,0.07347549711571826,INSUFFICIENT_LIQUIDITY,53.6,
LWAY,Consumer Staples,360652576.0,True,299163797.7305528,19.252448531472606,1.2055354917135668,1,None,Positive,Medium,0.18756507370203002,0.15429012430026584,0.08005384785370964,0.075,INSUFFICIENT_LIQUIDITY,53.6,
VSEC,Industrials,5065999360.0,True,2942727810.4300413,138.55486995166288,1.7215317509299883,1,None,Stable,Medium,0.34654794940574274,0.25,0.056522487765036405,0.07327611397929705,HOLD,53.6,1.11111
CVSA,Consumer Discretionary,4310011904.0,True,7628592333.808863,199.0032956072641,0.5649812855903474,5,Narrow,Positive,Medium,0.08737681174501433,0.15660015469621386,0.07864559142142509,0.0714141782497682,HOLD,53.6,1.25
ITRI,Health Care,3550251520.0,True,3361127217.3749466,72.5584961547168,1.0562681179240696,3,None,Positive,Medium,0.05369906737797081,0.04470408932772636,0.06375022592474199,0.06679242004984426,HOLD,53.6,1.76923
OXSQH,Unknown,,True,382947499.4227228,5.010271410283878,,,Narrow,Negative,Medium,,0.03,0.10070352924664558,0.04345,INSUFFICIENT_LIQUIDITY,53.6,
ESLT,Industrials,38560051200.0,True,19519405078.915848,416.03233468851715,1.975472666513344,1,Narrow,Stable,Low,0.21399720046164805,0.1255223169310543,0.10684312018457673,0.06478443781263077,HOLD,53.6,2.66667
AMZN,Consumer Discretionary,2646571745280.0,True,2712686461348.3213,250.54830159308406,0.9756275865234129,3,Wide,Negative,Low,0.11044743150831582,0.11359102426241567,0.24457453977037152,0.06447839241180145,HOLD,53.5,1.34848
GILT,Unknown,1095838080.0,True,2649335994.115209,43.86160651882609,0.41362744568228077,5,Narrow,Positive,Medium,0.12455249325843265,0.24350360237858215,0.07660184827508296,0.07494252340017209,HOLD,53.5,
FBIZ,Financials,486092704.0,False,4733747747.87751,580.2435716124803,0.1026866512306135,5,Wide,Positive,Medium,-0.1,0.17926812608194184,0.1072076069657817,0.075,INSUFFICIENT_LIQUIDITY,53.5,
TU,Unknown,19220205568.0,True,21919723039.382065,14.27994986278962,0.8768452746172031,4,Narrow,Negative,Medium,0.017013789265539633,0.03,0.06002218862649078,0.05783999120795418,HOLD,53.5,
MKC.V,Consumer Staples,12874900480.0,True,14229870455.619572,52.8206030275411,0.9047798797715354,4,Narrow,Stable,Low,0.006122532588890615,0.03,0.08829595385689612,0.059895427559995426,HOLD,53.4,
RNGR,Energy,366641856.0,True,219645191.53456843,9.686561392757735,1.669245993679296,1,None,Positive,High,0.1602935951637211,0.07200181718400622,0.03186481325220944,0.08831146339481637,INSUFFICIENT_LIQUIDITY,53.4,
ARHS,Consumer Discretionary,895948608.0,True,3766836659.966691,26.637229142219002,0.23785172782297456,5,Narrow,Negative,Medium,-0.1,0.10215618980790722,0.5160624048241507,0.07323048563383361,INSUFFICIENT_LIQUIDITY,53.4,
GBLI,Financials,389698464.0,False,605858418.1459702,42.48515586726823,0.6432170492778553,5,None,Positive,Medium,-0.07947485996144649,0.03,0.04143013434321082,0.075,INSUFFICIENT_LIQUIDITY,53.4,
CLBK,Financials,2109042304.0,False,4538152141.270679,44.57438975866399,0.46473591857356056,5,Narrow,Negative,Medium,-0.04359360499684645,0.11811312719764278,0.06378605929620337,0.06365956586592858,HOLD,53.4,
SVM,Unknown,2353594880.0,True,2903221032.188822,14.072677212868214,0.810684014033047,4,Narrow,Negative,Medium,0.11898989759533285,0.14946054210989496,0.1385999272251216,0.0735832991159964,HOLD,53.4,1.66667
ALSN,Industrials,9599840256.0,True,16673959896.28543,196.16423407394623,0.5757384757857442,5,Wide,Positive,Low,-0.03063735321356404,0.03316771845831163,0.20721211397703204,0.060013587145753805,HOLD,53.4,2.4
SUPN,Health Care,2597277440.0,True,4021983764.6560183,71.24717144143952,0.6457702447295018,5,Narrow,Negative,Medium,-0.01722603115225302,0.06829719866408843,0.14850827569044198,0.075,HOLD,53.4,1.5
AAMI,Financials,2636545024.0,False,4012485733.7777,110.77422927510881,0.6570852082551155,5,Narrow,Positive,Medium,0.0011703063599853845,0.07091839838124647,0.4405600686303962,0.07490693725751879,HOLD,53.4,
ES,Utilities,26551248896.0,True,81448916183.49194,219.3855455779063,0.32598652186094285,5,Narrow,Positive,Medium,-0.03816337386829444,0.07614327463870363,0.04970018185408077,0.05360545513304164,HOLD,53.4,2.5625
BCSF,Unknown,829668224.0,True,4725357323.602695,72.89845854640937,0.1755778806093433,5,Narrow,Stable,Low,-0.1,0.03380135273884512,4.882315431499263,0.051222061847635156,INSUFFICIENT_LIQUIDITY,53.4,
PPC,Consumer Staples,7109107200.0,True,24741843250.852486,103.76157270884963,0.2873313490802693,5,Narrow,Positive,Low,-0.1,0.04751472842686768,0.13162742854010273,0.0584651029091601,HOLD,53.3,
ACGLN,Financials,,False,812235856154.1576,2160.7764196705443,,,Narrow,Positive,Medium,,0.21794154894299086,0.10666331659834533,0.04345,INSUFFICIENT_LIQUIDITY,53.3,
NVDA,Information Technology,4967727366144.0,True,15064340686512.016,614.5198942038026,0.3297673273276338,5,Wide,Positive,Medium,0.15908475565829183,0.28,0.9718809030991213,0.07494631131208841,HOLD,53.3,1.29032
KFRC,Information Technology,847911616.0,True,1242519197.7488182,69.89869474284531,0.6824132919122992,5,Wide,Negative,Low,-0.016869775164918936,0.03,0.27359263755842433,0.06343497558714162,INSUFFICIENT_LIQUIDITY,53.3,
BIDU,Information Technology,41395142656.0,True,44621143854.92813,16.261349801358648,0.9277024092117299,3,Narrow,Stable,Medium,-0.002330316811072708,0.03,0.08518372308326667,0.0675510602981911,HOLD,53.3,1.48485
PRU,Financials,36337156096.0,False,247325511444.12408,699.2522234778742,0.14692037179597348,5,None,Stable,Medium,-0.1,0.03,,0.06031057273271327,HOLD,53.3,3.27778
RELX,Unknown,61934120960.0,True,78102171279.95609,42.36624425275622,0.7929884655574818,5,Wide,Positive,Low,0.036023142310319875,0.06393531934857574,0.19602439976062458,0.06206311414440099,HOLD,53.3,
UPS,Industrials,92259680256.0,True,555220575739.8821,653.2006773410377,0.16616761749698408,5,Wide,Negative,Low,-0.1,0.03,0.2692559122767231,0.06053267737462427,HOLD,53.3,2.21429
CAPL,Industrials,843210752.0,True,165570280.01580238,4.328941588926797,5.092766358307313,1,None,Positive,High,0.12963872264887566,0.03,0.049214594257877387,0.06903994307308142,INSUFFICIENT_LIQUIDITY,53.2,
ABG,Consumer Discretionary,3555818240.0,True,28767481184.9086,1467.7286318830918,0.12360547721033636,5,Narrow,Negative,Medium,-0.06226447250292663,0.13889072614418296,0.09842214300006995,0.055704319259100875,HOLD,53.2,2.54545
VABK,Financials,229101168.0,False,633334874.5118057,116.88597951383899,0.36173780604865374,5,None,Stable,Medium,-0.1,0.06544626665206588,,0.07205872353262134,INSUFFICIENT_LIQUIDITY,53.2,
ALGT,Industrials,2260719104.0,True,16777773269.889168,929.5165246475993,0.13474488346181673,5,Narrow,Negative,High,-0.1,0.07452224579790037,0.08642289973631699,0.06936817463231724,HOLD,53.2,2.18182
MAN,Information Technology,1502187136.0,True,7280220454.973303,156.22790675908377,0.20633813842461568,5,Narrow,Negative,Medium,-0.1,0.03,0.13986831284047457,0.05835711663131769,HOLD,53.2,2.41667
WSM,Consumer Discretionary,24135698432.0,True,21155218093.09575,171.77996551521886,1.1408862969782838,2,Wide,Positive,Medium,0.047674940294129955,0.03,0.8841309200223435,0.075,HOLD,53.2,2.27273
CHE,Health Care,5861711360.0,True,7470349333.338087,516.6216689722052,0.7846636212634416,5,Wide,Negative,Low,0.016130328017069394,0.04850265028833296,0.30193381119974183,0.065,HOLD,53.2,2.5
MKC,Consumer Staples,12700152832.0,True,14253781479.681553,52.90935961277488,0.8910023526110445,5,Narrow,Stable,Low,0.0024511260384111333,0.03,0.08829595385689612,0.05984200231830416,HOLD,53.2,2.13333
PATH,Information Technology,5823671808.0,True,12880862567.335558,23.640683051307782,0.4521181541652488,5,Narrow,Positive,High,-0.02103940299429513,0.13931157049742088,-1.2085904425090432,0.09,HOLD,53.2,2.8
TLS,Information Technology,306758624.0,True,44270552.36138713,0.6074611317734726,6.929179954564007,1,None,Negative,Very High,0.4,0.03,-0.6450853470634397,0.10838260445883995,INSUFFICIENT_LIQUIDITY,53.2,1.83333
DOO,Industrials,4452128256.0,True,15356235754.88276,207.8073347972649,0.2899231508987725,5,Wide,Negative,Medium,-0.08999990014777587,0.03,0.38947335188027665,0.06575099648325008,HOLD,53.2,2.2381
GHC,Consumer Discretionary,4877901824.0,True,6496518902.164867,1485.597736602988,0.75084855404246,5,None,Stable,Low,0.01325986462176909,0.09046904969314652,0.04451648541613848,0.061682278914778566,HOLD,53.2,5.0
WT,Financials,2780472320.0,False,7789881987.71207,55.49297591975886,0.3569338180457647,5,Wide,Positive,Medium,0.04656923659349432,0.152920275007354,0.12580927552098875,0.06685415386792254,HOLD,53.2,1.71429
TUYA,Unknown,1195565824.0,True,1227513142.0047548,1.9998348569610662,0.9739739503297057,3,None,Positive,Very High,0.05995521512943447,0.08270193415913055,-0.6454101098123348,0.11,HOLD,53.1,
HTH,Financials,2187273472.0,False,11938133291.952309,190.3735236082908,0.1832173773327256,5,Narrow,Positive,Medium,-0.1,0.03,0.20395963627857217,0.0663555349678756,HOLD,53.1,
TISI,Consumer Discretionary,81004888.0,True,29665677.97339177,6.590908236701127,2.7305928444533185,1,None,Positive,Very High,0.05447471720926533,0.03,-0.037040500255790546,0.05770381113157075,INSUFFICIENT_LIQUIDITY,53.1,
SGI,Consumer Discretionary,14305266688.0,True,26272148235.353928,125.58388257817364,0.5445031201806968,5,Narrow,Negative,Medium,0.09464854404821377,0.15862422879585888,0.13911451126422442,0.06721557083276791,HOLD,53.1,1.33333
CIVB,Financials,548888192.0,False,4678761071.760017,268.5640116041201,0.11731485826728139,5,Wide,Positive,Medium,-0.1,0.1321242784012449,0.2927009850451253,0.06423754585932608,INSUFFICIENT_LIQUIDITY,53.1,
AVA,Utilities,3505522176.0,True,18281116577.760468,225.5507837998355,0.19175645869818334,5,Narrow,Stable,Medium,-0.09901589888952142,0.0720343095749687,0.053096732783595696,0.054814234806999464,HOLD,53.1,2.85714
BIP,Industrials,30603511808.0,True,143264838374.36856,287.16782798812017,0.21361495364291186,5,None,Stable,Medium,0.03878451673980074,0.1677334160339934,0.03583056773002729,0.05328284041973634,HOLD,53.1,1.66667
NKSH,Financials,221620656.0,False,2415561448.893765,379.6557250475662,0.09174705785335903,5,Narrow,Stable,Medium,-0.1,0.12193188881421943,,0.075,INSUFFICIENT_LIQUIDITY,53.1,
FUTU,Unknown,12944157696.0,True,5665196601.623924,5.009694591330752,2.284855867542102,1,None,Positive,Very High,0.28107185428297954,0.11645195017637597,-0.0007179717361064815,0.10280914495925228,HOLD,53.0,1.36842
NVMI,Unknown,15132098560.0,True,26315955421.87014,802.3157140814067,0.5750161192104892,5,Wide,Negative,Medium,0.18736833752585336,0.24523814287245876,0.3145792218959435,0.07354482941042767,HOLD,53.0,
NTLA,Health Care,1891839616.0,True,1375135142.8367147,12.688557824949386,1.3757481407226602,2,Narrow,Positive,Very High,0.32050258139157994,0.2640434797381791,-1.5727601462687915,0.11,HOLD,53.0,2.17391
CCL,Consumer Discretionary,37966675968.0,True,138714087829.96344,98.94014823820503,0.2737045426455875,5,None,Positive,Very High,0.08031841563554615,0.25,0.08561271374827155,0.08255868726510365,HOLD,53.0,1.53571
WHLRL,Financials,,False,1516546643.0051622,42558.97858801039,,,Narrow,Positive,Medium,,0.07144838981672832,0.03430994614227591,0.04345,INSUFFICIENT_LIQUIDITY,53.0,
ESP,Information Technology,165614560.0,True,198526875.21963203,73.63232114761561,0.8342173311133777,4,Narrow,Positive,Medium,0.08528040950621152,0.11768366078544945,0.12288225439729668,0.075,INSUFFICIENT_LIQUIDITY,53.0,
ANL,Health Care,640759424.0,True,5856876.1386984885,0.061057835969439665,109.40293235267038,1,None,Stable,Medium,0.4,0.04,-4.288722247625904,0.0738343396758053,INSUFFICIENT_LIQUIDITY,53.0,1.0
HFWA,Financials,1145058688.0,False,3345504957.3647842,97.09244212320365,0.34226781983367605,5,None,Stable,Medium,-0.1,0.06878309717938813,,0.07387474084238804,HOLD,53.0,
EFC,Real Estate,1699083648.0,False,-648323757.2676506,-7.393217982767861,,,None,Stable,Very High,0.2929134963011205,0.25,0.009249860136420143,0.052100043024475615,HOLD,53.0,
VIAV,Information Technology,11732369408.0,True,2516382552.9163055,11.149235945575125,4.662394990142906,1,None,Negative,Medium,0.3071811807809216,0.03,0.05356504426876259,0.07336193220860211,HOLD,53.0,
AMT,Real Estate,90439155712.0,False,35069345168.31891,74.81348581102556,2.5788663939382963,1,Narrow,Positive,Medium,0.11708632897457594,0.03209507311533453,0.0735266383410644,0.06572710530080517,HOLD,53.0,1.68
ABCB,Financials,5751490560.0,False,17444597332.704285,253.9024127195846,0.32970039091801706,5,Wide,Positive,Medium,-0.1,0.08866277349887701,0.34062926457279014,0.07161019094825626,HOLD,53.0,2.0
EBS,Health Care,416382080.0,True,874967636.5124152,15.43152798081861,0.47588283568942247,5,None,Negative,Very High,-0.048845800608816436,0.03,0.0597754836935436,0.07148311054865052,INSUFFICIENT_LIQUIDITY,53.0,1.0
CP,Industrials,79834136576.0,True,139513086615.40857,152.12418124022307,0.572234035621879,5,Wide,Stable,Low,0.07023626590410503,0.11946938271672519,0.08329302590963711,0.061236190093574415,HOLD,53.0,1.71429
BFAM,Unknown,3270556928.0,True,6758228597.335772,117.69303808860174,0.4839370081813034,5,Narrow,Positive,Medium,0.022680128220583184,0.12276747996713766,0.07728567843470587,0.06791487662652837,HOLD,53.0,2.33333
CZFS,Financials,314098688.0,False,3889334537.0787134,810.2623297254269,0.08075897946179762,5,Wide,Stable,Medium,-0.1,0.18574287550460167,0.23457874987973446,0.059342656952738077,INSUFFICIENT_LIQUIDITY,52.9,
RDNW,Information Technology,281686400.0,True,-157444249.9316203,-4.147705597028514,,,None,Positive,Extreme,0.21614780122292954,0.03,-0.2624766785501438,0.0798904203895963,INSUFFICIENT_LIQUIDITY,52.9,
MWA,Materials,3963412224.0,True,3271654863.413789,20.77241183119866,1.211439589280026,1,Narrow,Positive,Low,0.08967332826746874,0.06250459788160137,0.10820161431510268,0.06279570712237285,HOLD,52.9,
DORM,Industrials,3796010496.0,True,4756092664.278206,154.63950657686973,0.798136361915499,5,Narrow,Stable,Medium,0.054541346530576296,0.0933414856027321,0.12290437147544264,0.0717234405524306,HOLD,52.9,1.25
CMBT,Industrials,4288708864.0,True,18830139930.432472,82.06878291980827,0.22775767359374588,5,None,Positive,Very High,0.09008378203955092,0.25,0.049099104231363044,0.07247476830322387,HOLD,52.9,1.75
INSE,Information Technology,199264896.0,True,1382796254.3788896,47.58408937556689,0.14410286068463773,5,Narrow,Positive,Very High,-0.1,0.04970248938284815,-0.047502958201239766,0.06702253167250592,INSUFFICIENT_LIQUIDITY,52.9,1.66667
SBAC,Real Estate,22063228928.0,False,8227741262.094055,76.51364011135237,2.681565720794756,1,Narrow,Positive,Medium,0.11462584468244053,0.038056162748710064,0.09255538250001052,0.06332222456930184,HOLD,52.9,2.2381
FAST,Industrials,53716561920.0,True,39248036144.761635,34.11881174035023,1.3686433054095486,1,Wide,Positive,Low,0.11009504990172136,0.07105433584565374,0.2955601870687117,0.0649499689477062,HOLD,52.9,2.8125
LW,Consumer Staples,5815626240.0,True,24540575421.13587,171.973198466264,0.2369800275747088,5,Narrow,Stable,Medium,-0.04485635628239752,0.13004824675710025,0.15180128376443472,0.06189601627109008,HOLD,52.9,2.5
MDRR,Financials,19216300.0,False,1612251.4359878674,1.2809859161099915,11.918922552068118,1,None,Positive,Very High,0.09333400411318127,0.03,-0.0017360277221453563,0.06144986252853972,INSUFFICIENT_LIQUIDITY,52.9,
OCC,Materials,109019640.0,True,11367059.096944958,1.4127435714032655,9.59083955403209,1,None,Positive,Medium,0.354347394661371,0.03490982102562041,-0.03206661550408424,0.07279404585874316,INSUFFICIENT_LIQUIDITY,52.9,
OXSQG,Unknown,,True,382947499.4227228,5.010271410283878,,,Narrow,Negative,Medium,,0.03,0.10070352924664558,0.04345,INSUFFICIENT_LIQUIDITY,52.9,
ACHC,Health Care,2251352832.0,True,28849832065.58001,318.06220236569106,0.07803694755942898,5,None,Negative,Medium,-0.1,0.08169828135689197,0.05707214517085392,0.05839956861695855,HOLD,52.8,2.0
TRIN,Unknown,1517303424.0,True,20928531668.40088,302.0599751690273,0.07249927744768227,5,Narrow,Stable,Medium,-0.1,0.28,,0.06047683010302477,HOLD,52.8,1.77778
ULTA,Consumer Discretionary,20079017984.0,True,35781345170.83737,795.3000638091479,0.561158835368908,5,Wide,Negative,Medium,0.00033899459573682544,0.07741954036552498,0.49505239405969576,0.07490243160254209,HOLD,52.8,1.81481
NSIT,Consumer Discretionary,3354748928.0,True,3797461475.5733128,117.3976404480574,0.8834188179601018,4,Narrow,Stable,Medium,0.00618109495055974,0.03,0.1274972947630586,0.06589284247148369,HOLD,52.8,2.2
IRIX,Health Care,18973106.0,True,49384700.60205274,2.9163045117546202,0.3841899569846002,5,None,Negative,High,-0.1,0.03,-1.467309155294905,0.08234351601141901,INSUFFICIENT_LIQUIDITY,52.8,
GENC,Industrials,215175072.0,True,335138818.13762647,22.86388444109882,0.6420475944736347,5,Narrow,Positive,Medium,-0.1,0.06644412183888221,0.13727148705144704,0.075,INSUFFICIENT_LIQUIDITY,52.8,
NNI,Financials,4636567040.0,False,8886654263.966785,244.53388984316575,0.521744956231745,5,Narrow,Negative,High,0.016683017441271653,0.08556970531264319,0.013220908076718534,0.06083130052784789,HOLD,52.8,
IRTC,Health Care,3552590848.0,True,12076072907.322998,377.3301120898325,0.29418428285951215,5,Narrow,Positive,High,0.0881573378714435,0.23262844050497433,-1.3717275635585255,0.0828049193810106,HOLD,52.8,1.26667
RVSB,Financials,116396312.0,False,819884188.3395883,38.924465205067534,0.1419667724483421,5,Narrow,Stable,Medium,-0.1,0.04760763769226201,1.6165153075554723,0.060150843764919006,INSUFFICIENT_LIQUIDITY,52.8,
DERM,Health Care,164381248.0,True,135641192.0696001,5.536833274720325,1.2118829500971418,2,None,Positive,High,0.0708816498052246,0.03,-0.4244453516481935,0.08371148666472673,INSUFFICIENT_LIQUIDITY,52.8,1.0
ENTA,Health Care,328004128.0,True,481053661.42220366,22.54657205765859,0.681845195877477,5,Narrow,Negative,High,-0.07408756931283861,0.03,0.20328635559984598,0.09,INSUFFICIENT_LIQUIDITY,52.8,
RLYB,Health Care,92510000.0,True,82970882.92132767,14.738928676091225,1.1149694536542085,2,Narrow,Stable,Medium,0.3159326866734068,0.28,-134.55940298507463,0.075,INSUFFICIENT_LIQUIDITY,52.8,
BBCP,Industrials,525603392.0,True,79564536.79439598,1.510164688805299,6.606000778440027,1,None,Stable,High,0.1512104858012414,0.03,0.05546777321460153,0.06938214978812507,INSUFFICIENT_LIQUIDITY,52.8,3.0
AKAM,Information Technology,21708957696.0,True,12061145498.219934,82.03577330227199,1.7999084497574427,1,Narrow,Negative,Low,0.1229012389203602,0.050315205997446544,0.10226907344036779,0.06157281596872774,HOLD,52.8,2.16
GE,Industrials,342704128000.0,True,74114994820.47957,69.39606256599211,4.623951318219663,1,None,Positive,Medium,0.2927138163507673,0.03,0.05862920611485058,0.07321974385286478,HOLD,52.8,1.45455
MRNA,Health Care,18823540736.0,True,10224989784.670008,26.285320783213386,1.8409349185093091,1,None,Negative,Very High,0.22770819355256122,0.03,-0.888182606183184,0.10791106003010567,HOLD,52.7,2.95833
LTH,Communication Services,7210102272.0,True,12588645610.511433,55.82671726872628,0.5727464649556593,5,None,Positive,Medium,0.11699745683304419,0.20165554889023063,0.059872631853925176,0.0695433259857077,HOLD,52.7,1.28571
ROAD,Industrials,6251046400.0,True,16544397556.97195,298.791413026598,0.3778346342605721,5,Narrow,Positive,Medium,0.1779617411747062,0.28,0.07363025590963188,0.06853158347119563,HOLD,52.7,1.33333
SEI,Industrials,6481522688.0,True,6082560357.3336525,122.82949327957495,1.0655911831906977,3,None,Positive,High,0.2604186974266026,0.25,0.08600383117028873,0.0834117294395276,HOLD,52.7,1.5
RBC,Industrials,18667710464.0,True,9982557184.632122,315.55531932441556,1.8700329102785844,1,Narrow,Positive,Medium,0.22787791276600078,0.15011783182905444,0.07992287227290273,0.07358661784096929,HOLD,52.7,1.88889
BNED,Consumer Discretionary,355650752.0,True,236954244.8494507,9.010015172048119,1.500925852693474,1,None,Stable,High,0.08388459142079996,0.03,-0.0871388786281681,0.0795383168766991,INSUFFICIENT_LIQUIDITY,52.6,
STRA,Consumer Discretionary,1854345472.0,True,5523573329.276473,236.02996877516765,0.33571482832887434,5,None,Positive,Medium,-0.1,0.04054242168492843,0.06037610181085756,0.075,HOLD,52.6,2.0
WFCF,Information Technology,51148648.0,True,39371688.98971223,7.622785864416695,1.2991225246487412,1,Narrow,Negative,Low,0.07927860110406748,0.03,0.2248890460397971,0.06498947212049452,INSUFFICIENT_LIQUIDITY,52.6,
TORO,Unknown,144837456.0,True,152703277.5039009,8.53740923558455,0.9484895044004543,3,None,Stable,High,0.00045913077962492883,0.03,-0.027162375951215494,0.09,INSUFFICIENT_LIQUIDITY,52.6,
CBT,Materials,4175140096.0,True,5739827982.929734,105.90088529390654,0.727398122106948,5,Narrow,Positive,Medium,-0.02476463259188707,0.03,0.12220390564471223,0.06827981931582151,HOLD,52.6,
PM,Consumer Staples,277875458048.0,True,288742723774.63885,185.32909099784266,0.9623634992959315,3,Wide,Negative,Medium,0.0658974778569722,0.06997279463319979,0.5135207624902605,0.07028406816480409,HOLD,52.6,1.8
DD,Materials,18976976896.0,True,2516973395.978797,6.004230429338733,7.539601700327174,1,None,Negative,High,0.28815117790940625,0.03,0.005343396951910256,0.08329390397647185,HOLD,52.6,1.5
ORA,Utilities,8603497472.0,True,5477654851.0590105,89.26786693815407,1.5706534467641131,1,Narrow,Stable,Medium,0.14061590066530877,0.10006619763354982,0.04171813208475703,0.05967672107122211,HOLD,52.6,1.81818
PAA,Energy,15945017344.0,True,18519853021.21163,26.30660940513016,0.8609688924494944,3,None,Stable,High,-0.024442957565828094,0.03,0.05722909233330681,0.07073422600152861,HOLD,52.6,2.33333
PFIS,Financials,601854144.0,False,17273691204.62098,1714.6811657083226,0.034842242857681435,5,Wide,Stable,Medium,-0.1,0.2669855419891983,0.22449181921761455,0.06552312615189215,INSUFFICIENT_LIQUIDITY,52.6,
BEN,Financials,16280231936.0,False,40218569957.43889,77.7320640847292,0.4047939037421887,5,Narrow,Negative,Medium,-0.06709880476695379,0.03,0.09666884596266186,0.06142234883800862,HOLD,52.6,2.81818
POWL,Information Technology,10378283008.0,True,4924851896.593235,134.92375268056313,2.107328956466523,1,None,Positive,High,0.39958380163132123,0.24528616411457146,0.054772096444352825,0.09,HOLD,52.6,
BOH,Financials,3053195520.0,False,15000026209.174213,375.6163749816346,0.20354601234847347,5,Narrow,Stable,Medium,-0.1,0.08300895249942845,,0.07012361087678953,HOLD,52.6,
LE,Consumer Discretionary,328273344.0,True,1314653547.339792,42.363082761569686,0.24970331131290274,5,None,Positive,Medium,-0.1,0.03,0.059863636345068874,0.06209503314102405,INSUFFICIENT_LIQUIDITY,52.6,1.0
USAC,Utilities,4037479936.0,True,8453856847.384068,69.70873268288395,0.47759028912931545,5,Narrow,Positive,Very High,0.03922154993625568,0.10686782422306701,0.05715721885179033,0.05671043686524594,HOLD,52.6,3.0
NGG,Unknown,81462337536.0,True,77226191284.00702,15.535343247637703,1.0548537508008666,3,None,Positive,Medium,0.03892987607456633,0.03,0.045339483484438066,0.061375235552597954,HOLD,52.6,2.25
NEE,Utilities,179028361216.0,True,149103026015.2204,72.00957500976548,1.2007024002163769,1,Narrow,Positive,Medium,0.08619967744239554,0.07041079925726944,0.05102991211959165,0.057497326605008156,HOLD,52.6,2.0
CATO,Consumer Discretionary,63469168.0,True,278074204.2782169,14.801672945313092,0.22824543601497915,5,None,Negative,Medium,-0.1,0.03,0.014129021667130797,0.075,INSUFFICIENT_LIQUIDITY,52.6,
RYTM,Health Care,5926484992.0,True,3696531915.8009024,56.88340792950018,1.6032554640383645,1,Narrow,Stable,Very High,0.34441583566865364,0.28,-3292.089285714286,0.10880697441805087,HOLD,52.5,1.375
WBD,Communication Services,65787269120.0,True,160890533886.16315,63.593096397692946,0.4088945914403347,5,Narrow,Negative,High,0.08249457196219434,0.17353771091604975,0.0534520279832794,0.07458639504350983,HOLD,52.5,2.95
CRM,Information Technology,152055545856.0,True,304017011797.79,318.0094265667259,0.5001547280424435,5,Narrow,Positive,Low,-0.010885144233115984,0.10793751980714852,0.033462325374023445,0.06313110724798685,HOLD,52.5,1.64706
GKOS,Health Care,7341739008.0,True,5210729504.272883,91.11259843106983,1.4089656739962522,1,Narrow,Negative,High,0.2426625649231503,0.19563480960500323,-0.18701634287184288,0.08957212699281052,HOLD,52.5,1.23077
IMO,Energy,60523806720.0,True,45743637458.56611,90.76118543366292,1.3231087443542622,1,Narrow,Positive,Medium,0.08564930526415782,0.03,0.08962349213754292,0.07355166659960748,HOLD,52.5,3.82353
ROKU,Communication Services,18057037824.0,True,10102806450.923458,66.94501730096651,1.7873288884347058,1,None,Negative,High,0.27565489652300224,0.15286210518840004,-0.24767193068662519,0.09,HOLD,52.5,1.48276
KVUE,Consumer Staples,34003351552.0,True,37525044307.565765,19.50366128251859,0.9061508701575144,4,Narrow,Stable,Low,0.012051641862914741,0.03,0.0973927464088658,0.06068061040021758,HOLD,52.5,2.78571
GCBC,Financials,470243872.0,False,3322465188.3054557,195.1311887513902,0.14153462725664756,5,Narrow,Stable,Medium,-0.1,0.1783130320949477,,0.06824725444701416,INSUFFICIENT_LIQUIDITY,52.5,
CCEC,Industrials,1335119488.0,True,12540761537.125454,211.8662517391187,0.10646239337599518,5,Narrow,Positive,Very High,0.08908893494626258,0.2599549161912757,0.039663079885196344,0.06753273473759423,HOLD,52.5,1.83333
AMCR,Materials,17629241344.0,True,8508256195.574841,26.70513557933095,2.072015808970233,1,Narrow,Stable,Medium,0.09006918212803541,0.03,0.09188684773746433,0.060980757192931445,HOLD,52.5,1.75
NSA,Financials,6386808832.0,False,917451653.66677,11.971236901625433,6.961466368798731,1,None,Positive,Medium,0.1673850273294371,0.03,0.04162628569924526,0.06402860024532545,HOLD,52.5,2.83333
ICUI,Health Care,3414373632.0,True,445937400.1140642,17.90625602770897,7.6566209318318075,1,None,Negative,Very High,0.2885313739065102,0.08214544186057395,0.023508402200191424,0.09180594816146292,HOLD,52.4,1.57143
BOKF,Financials,7851406336.0,False,47140378425.27606,752.7719947508238,0.1665537400902615,5,Narrow,Stable,Medium,-0.1,0.10515636584081056,,0.06598168541216945,HOLD,52.4,
REPX,Energy,753283328.0,True,4107881098.768155,193.82283187544377,0.1833751537321491,5,Narrow,Negative,High,-0.08086569878923305,0.17047781410065282,0.09113203811595316,0.0784754684469537,INSUFFICIENT_LIQUIDITY,52.4,1.0
FTNT,Information Technology,105999564800.0,True,68339479705.010864,89.37938752944136,1.551073629145991,1,Narrow,Stable,Medium,0.22948923351617256,0.16944218673055855,,0.0747062198145811,HOLD,52.4,2.72093
SHOO,Materials,3217951744.0,True,5494668448.451335,77.19290890056806,0.5856498484284298,5,Wide,Negative,Medium,0.026040219582722776,0.10003796425205941,0.24531847980906407,0.072859882585743,HOLD,52.4,2.0
LNG,Utilities,50045177856.0,True,132743912095.8482,602.5597462362606,0.37700544654631474,5,Narrow,Positive,High,-0.09530067969406039,0.03146682742103874,0.07718318197717647,0.058252368306936544,HOLD,52.4,1.3913
SBR,Financials,1133689856.0,False,383805655.2454001,26.325301667900725,2.9538122758382346,1,None,Stable,Medium,0.23705123066342615,0.03,,0.075,HOLD,52.4,
FDP,Materials,1404461440.0,True,1585443042.17726,32.925195943670744,0.885847931863436,5,None,Stable,Low,-0.029381672178280083,0.03,0.04323169651703425,0.06257961804454039,HOLD,52.4,
CL,Consumer Staples,70880772096.0,True,79854969248.39441,98.45268061693307,0.8876188014739628,5,Wide,Positive,Low,0.019622817971514987,0.033412246422369216,0.37029997931937014,0.06281736934118275,HOLD,52.4,2.0
NCLH,Consumer Discretionary,8608315392.0,True,74954164578.36075,156.89245614747475,0.11484772647956668,5,None,Positive,Very High,-0.02795026865576039,0.25,0.0858529309490241,0.06812783504983541,HOLD,52.4,2.08
PWR,Industrials,104308301824.0,True,65514662493.034225,433.0374079954143,1.592136750076221,1,Narrow,Positive,Low,0.25460677753369565,0.1973702061700216,0.07672199303359611,0.06382877182949986,HOLD,52.3,1.6
WTI,Energy,550477504.0,True,2868422159.779999,19.35416113800292,0.19190951447754132,5,Narrow,Negative,High,-0.1,0.03,0.12453292481248018,0.07188115255012162,INSUFFICIENT_LIQUIDITY,52.3,
WPC,Financials,16591835136.0,False,2811785692.5152473,12.716547861442757,5.900817825542736,1,None,Positive,Medium,0.16894111780081406,0.03646139953428813,0.03982110109348588,0.0641287366434287,HOLD,52.3,2.69231
FTK,Materials,850894464.0,True,362412074.8847945,10.023566624759223,2.347864552444857,1,None,Positive,Very High,0.4,0.25,-0.1612664828375203,0.10677791373062685,INSUFFICIENT_LIQUIDITY,52.3,
CMTL,Information Technology,140345040.0,True,96579004.94901693,3.284441589832237,1.4531630355281329,1,None,Negative,Very High,0.049408893455640146,0.03,-0.002137607685183793,0.0698034004431678,INSUFFICIENT_LIQUIDITY,52.3,
FTRE,Health Care,1520922368.0,True,-534330233.2036107,-5.858884136004503,,,None,Stable,Very High,0.3012707886995679,0.03,-0.06748836959358831,0.0827772346888971,HOLD,52.3,2.33333
NGVC,Consumer Discretionary,693527680.0,True,865537798.2752966,37.218989476335416,0.8012679300452846,5,Narrow,Positive,Low,0.015020534415866593,0.0678711599893703,0.11371832263790616,0.06355837275082682,INSUFFICIENT_LIQUIDITY,52.3,
LXRX,Health Care,848415104.0,True,441387740.64433366,1.2157666804690601,1.92215375706061,1,None,Negative,Very High,0.3822550059664066,0.25,-2.9951879616762964,0.10601747833507559,INSUFFICIENT_LIQUIDITY,52.3,2.0
GTM,Information Technology,878259776.0,True,6237211968.352837,19.249800518423417,0.14080967272817194,5,Narrow,Positive,High,-0.1,0.08391145684785388,0.037619398357623055,0.062014109928510086,INSUFFICIENT_LIQUIDITY,52.3,3.36364
ARRY,Information Technology,1244455424.0,True,-194250161.39119375,-1.2734625788575478,,,None,Negative,Very High,0.375415229815366,0.03,-0.025956166259646644,0.08673264790703902,HOLD,52.3,2.0
ALOT,Information Technology,111975416.0,True,73925571.61437662,9.709163595268796,1.514704770686192,1,None,Negative,Medium,0.10510960415010684,0.04161181656253703,0.038619849791040446,0.067068859638942,INSUFFICIENT_LIQUIDITY,52.3,
MGRC,Information Technology,2674285568.0,True,5720127485.820004,232.21400096699568,0.4675220219530876,5,Narrow,Positive,Low,-0.0010877420564053277,0.11786375688507342,0.1016929803745292,0.06152057603509611,HOLD,52.3,
HBT,Financials,1053232320.0,False,3549598402.4656844,112.28889521500551,0.29671872718569664,5,Narrow,Stable,Medium,-0.1,0.11388508671091152,,0.07316049923790438,HOLD,52.3,
MMS,Industrials,3180793600.0,True,8346784752.849686,144.1063647528476,0.3810801037985365,5,Narrow,Positive,Medium,-0.07356315547591744,0.05869507823739979,0.15783121927928723,0.06567648013209816,HOLD,52.3,
LIEN,Unknown,223413568.0,True,2096387737.6229901,91.86427765079837,0.10657072830111078,5,Narrow,Stable,Medium,-0.0225354688073168,0.28,0.0784584714135188,0.07182485137043722,INSUFFICIENT_LIQUIDITY,52.2,
MAR,Consumer Discretionary,103500423168.0,True,76266598708.22206,278.75218826104555,1.357087177362768,1,Narrow,Positive,Medium,0.1578876950720699,0.12381974430735569,0.1656871521602009,0.07072917870142106,HOLD,52.2,2.23077
GECCG,Unknown,,True,2427963912.7740417,196.43221950300304,,,Narrow,Positive,Medium,,0.1841784115954304,0.10358792993003307,0.04345,INSUFFICIENT_LIQUIDITY,52.2,
APG,Information Technology,18186911744.0,True,8494416011.774788,20.433518936985582,2.1410432122455116,1,None,Positive,Medium,0.2589093715523073,0.14166162588719952,0.04543683473086241,0.07084422721417535,HOLD,52.2,1.4
VAL,Energy,6131552256.0,True,6215098630.718538,87.66006531337854,0.9865575142596121,3,None,Positive,Very High,0.16515611719374057,0.1674025872495324,-0.0006413387243213694,0.09998645282548266,HOLD,52.2,3.3
ABVX,Health Care,8091386368.0,True,626665319.407512,9.013224793845584,12.911814516319646,1,None,Stable,High,0.4,0.03,,0.08998747565333072,HOLD,52.2,1.54545
TROW,Financials,22710116352.0,False,48702842797.04418,221.07509213365492,0.4662996048636877,5,Wide,Negative,Medium,-0.08630670136797366,0.03,0.3243839644894635,0.075,HOLD,52.2,
STC,Financials,2003015040.0,False,10946140590.930817,383.2682279737681,0.18298824351475568,5,Wide,Negative,Low,-0.1,0.036819429210224214,0.3329589328529069,0.05974099915058042,HOLD,52.2,
TDOC,Health Care,1272617344.0,True,6894605574.035568,39.12464937760765,0.18458160228810716,5,None,Negative,Very High,-0.1,0.03,-0.10375404352944928,0.0807999901632708,HOLD,52.2,2.5
SII,Unknown,3165842944.0,True,1962027860.1696215,75.99457201059809,1.6135565698472325,1,Narrow,Stable,Medium,0.20169935123850335,0.1359661061056305,0.10539889918026857,0.075,HOLD,52.2,1.6
CTKB,Health Care,528193184.0,True,731745765.0839545,5.728133284017384,0.7218260893377353,4,None,Negative,High,-0.02969192434080621,0.08082487568677375,-0.16275601818900437,0.0899537773605305,INSUFFICIENT_LIQUIDITY,52.2,
EDIT,Health Care,415881600.0,True,207866765.06887752,2.3422687282536736,2.0007123306229158,1,Narrow,Stable,Very High,0.19243645724053854,0.03,-5.143269067959671,0.10178024679727521,INSUFFICIENT_LIQUIDITY,52.2,2.07692
BGS,Consumer Staples,316551296.0,True,2531848636.0777397,31.745454991886177,0.1250277332891398,5,None,Negative,High,-0.09120870748994653,0.03,0.04749067607521695,0.049951052402750204,INSUFFICIENT_LIQUIDITY,52.2,3.66667
CWCO,Utilities,478725696.0,True,440370325.90605044,27.5092824101236,1.087097989663664,3,Narrow,Positive,Medium,0.06935486530641005,0.053741998495759315,0.07086367031934504,0.06499669174540537,INSUFFICIENT_LIQUIDITY,52.2,
BKU,Financials,3426215936.0,False,22821994915.15138,307.141602567471,0.1501278020934689,5,Wide,Stable,Medium,-0.1,0.08394979579550221,0.28357954609098457,0.06384200364724556,HOLD,52.1,2.36364
NPCE,Health Care,536635520.0,True,1220792059.5074296,37.307490948792676,0.439579792332958,5,Narrow,Positive,High,0.1287338972551818,0.22630515008557783,-1.924642280796127,0.08539721183278762,INSUFFICIENT_LIQUIDITY,52.1,1.125
LBTYB,Communication Services,4733364224.0,True,15057838819.49168,43.99437658166504,0.3143455233345225,5,None,Negative,Very High,-0.08345091232683283,0.03,0.01832465863048163,0.06708438958090092,HOLD,52.1,
IRD,Health Care,328024032.0,True,613297123.5583714,9.856611799089382,0.5348533678044878,5,Wide,Stable,High,0.2036593078353437,0.28,5.0367272184148435,0.08984033277870579,INSUFFICIENT_LIQUIDITY,52.1,1.125
MAAS,Unknown,4713591808.0,True,1633959649.2926714,214.71787415285812,2.8847663466111158,1,Narrow,Positive,Very High,0.4,0.28,-0.6201746300715201,0.10983869067665064,HOLD,52.1,
CSX,Industrials,87313948672.0,True,60431025624.96344,32.26429558193456,1.444853000077687,1,Narrow,Negative,Medium,0.09151490197851786,0.03,0.13808798495094243,0.06935103528728659,HOLD,52.1,2.0
KORE,Communication Services,161632352.0,True,173382599.71033633,8.794050350145671,0.9322293717479896,3,None,Negative,Very High,0.025168977894305056,0.03,-0.13753491104782822,0.06689926800820908,INSUFFICIENT_LIQUIDITY,52.1,
FUL,Materials,3262699264.0,True,2445291479.30622,44.174717357171346,1.3342782615533815,1,Narrow,Positive,Medium,0.0615593088689486,0.03,0.06490831250356113,0.06294720712411563,HOLD,52.1,1.57143
MSFT,Information Technology,3095206035456.0,True,6557647383033.971,878.4524290735393,0.47199946179844265,5,Wide,Negative,Low,0.05646229875252595,0.14389107901907422,0.7562727018057339,0.06470369717674111,HOLD,52.1,1.33929
CRS,Materials,24027961344.0,True,5930400554.353352,116.9704251351746,4.05165909516208,1,None,Positive,Medium,0.3824350715029482,0.13385867708975993,0.04934926033458335,0.07411258547352323,HOLD,52.0,1.33333
RMAX,Real Estate,501279840.0,False,1076104181.5263877,52.7500808589464,0.465828354359673,5,Narrow,Positive,High,-0.053408179160747415,0.03,0.12990146921887263,0.06832612939463696,INSUFFICIENT_LIQUIDITY,52.0,
ASML,Industrials,632755585024.0,True,789872472887.4446,2031.042614778721,0.8010857533886568,5,Wide,Negative,Low,0.14165712968771615,0.1674235363235207,0.49988433782781416,0.06482596344293773,HOLD,52.0,1.47727
XRAY,Health Care,2003266816.0,True,3033265436.3084526,15.211963070754527,0.6604324145261806,4,None,Negative,Very High,-0.009632631576140971,0.03,-0.0694487934027243,0.07423023411356611,HOLD,52.0,2.82353
FULT,Financials,4195382272.0,False,37693280787.72426,205.64944316202423,0.11130318678352692,5,Wide,Positive,Medium,-0.1,0.15363802160707496,0.3942039142315551,0.0675479719523277,HOLD,52.0,
WYNN,Consumer Discretionary,10843637760.0,True,9760189189.527489,93.62920473823172,1.1110069230661053,3,None,Positive,Very High,0.13205501737214098,0.12225603433488756,0.07282116239183162,0.07697862786876754,HOLD,52.0,1.26316
GRWG,Consumer Discretionary,96746360.0,True,44332161.30793683,0.7429431601269768,2.1823064147039317,1,None,Negative,Very High,0.23857721822964484,0.03,-0.4597052367513327,0.11,INSUFFICIENT_LIQUIDITY,52.0,
ASYS,Industrials,323280992.0,True,32186752.079371054,2.250507067499025,10.043914688962834,1,None,Negative,Very High,0.4,0.03,0.015003932714281305,0.10993953271889442,INSUFFICIENT_LIQUIDITY,52.0,
AX,Financials,4995039744.0,False,94046536577.72937,1614.7706385414149,0.05311242631323913,5,Wide,Positive,Medium,-0.1,0.2622637006477286,0.28550822797808917,0.07206623221811177,HOLD,52.0,
OMC,Communication Services,21463816192.0,True,53435183697.72632,260.7866456697234,0.4016794685953946,5,Wide,Negative,Low,-0.039880692381451796,0.06281618454795002,0.30309190490807547,0.058575587192542,HOLD,52.0,2.07692
BCPC,Materials,5137882112.0,True,3213820285.5435343,98.57134969769152,1.5986837021072138,1,Narrow,Positive,Low,0.123834969729267,0.06457683009297192,0.10107724822940688,0.0642424502818919,HOLD,52.0,
AXR,Real Estate,135441728.0,False,109445745.27515595,20.384754195409936,1.2375239225562211,2,None,Negative,High,0.09348121556259736,0.0373380903283063,0.037867712777626725,0.08999106576881542,INSUFFICIENT_LIQUIDITY,52.0,
MRVI,Health Care,1851749120.0,True,610696634.2144663,4.230372916420521,3.03219146177527,1,None,Negative,High,0.21776216118514247,0.03,0.08222718204422845,0.08310609944571304,HOLD,52.0,1.75
LARK,Financials,174146080.0,False,1136089746.5980668,185.67013478457295,0.1532854957290716,5,Narrow,Stable,Medium,-0.1,0.11293991062938118,,0.06988209154707467,INSUFFICIENT_LIQUIDITY,52.0,
RAIL,Industrials,145060032.0,True,591824085.2024949,17.51556693189906,0.24510667211248618,5,None,Positive,Very High,-0.04156287595762659,0.22510917403597963,-0.23818295518546695,0.08171265311093492,INSUFFICIENT_LIQUIDITY,52.0,
WERN,Industrials,2605432064.0,True,15723054427.76117,259.4263769492166,0.165707755828903,5,Narrow,Negative,Medium,-0.1,0.03,0.11688992014370238,0.06793340876368065,HOLD,52.0,3.06667
AGO,Financials,3346425856.0,False,4343269229.173979,89.1841730836546,0.7704854752088296,4,None,Positive,High,-0.03664965395420777,0.03,0.07273621271316019,0.07429415612432663,HOLD,52.0,
FTAI,Information Technology,24009545728.0,True,62315546696.49606,600.0712423336533,0.3852898193277029,5,Narrow,Positive,High,0.17186524120515634,0.28,0.02110022556127293,0.0841531312346603,HOLD,51.9,
CDW,Information Technology,16996318208.0,True,27804327776.421005,210.47939270568511,0.6112831910438576,5,Wide,Stable,Low,-0.02340617271293812,0.03,0.1742678336628234,0.059637958270848966,HOLD,51.9,1.81818
L,Financials,22134558720.0,False,28233228049.63237,135.0226114281797,0.783989655064902,5,None,Positive,Medium,0.03630447643102552,0.06648526310965575,0.05075023349755836,0.06553307211086709,HOLD,51.9,
IDN,Information Technology,83435024.0,True,89431721.29798652,4.437913617224318,0.9329466411810914,3,None,Positive,Very High,0.06806847823139905,0.08859769403924256,-0.33274005760810405,0.11,INSUFFICIENT_LIQUIDITY,51.9,
TKLF,Unknown,8592545.0,True,2522231685.704109,56.2017260924702,0.0034067231209179323,5,Narrow,Stable,Medium,-0.1,0.03,0.049082585574136806,0.047115359907869664,INSUFFICIENT_LIQUIDITY,51.9,
MNRO,Consumer Discretionary,436267104.0,True,819587591.9163933,27.317765212865584,0.5323007672430745,5,None,Negative,Medium,-0.052371617702559214,0.03,0.05473566578637853,0.062403401008581896,INSUFFICIENT_LIQUIDITY,51.9,2.2
CAR,Consumer Discretionary,6245103616.0,True,61751594263.94081,1754.3066552255912,0.10113267018349294,5,Narrow,Negative,High,-0.1,0.03,0.10506801108359468,0.06044052091379223,HOLD,51.9,3.5
AME,Industrials,51925942272.0,True,34318355866.51658,148.3979255575635,1.513066140871353,1,Narrow,Positive,Low,0.12406785823254207,0.0685466124815735,0.12639510463406595,0.06409230790325607,HOLD,51.8,1.7
AGI,Materials,14917171200.0,True,18435391664.73112,43.617338830391944,0.8091594402378848,4,None,Positive,Medium,0.21051283051350278,0.25,0.032950709028880455,0.07458259386518028,HOLD,51.8,1.38462
PII,Industrials,3757900032.0,True,6450825822.672684,113.37127983607529,0.5825455740553602,5,Narrow,Negative,Medium,-0.037163731115237464,0.03,0.14398253504371866,0.06583112003877453,HOLD,51.8,2.77778
CNA,Financials,11811401728.0,False,30971182695.566357,113.69744014525094,0.38136747453596104,5,Narrow,Positive,Low,-0.09037739730248723,0.06018360154346847,0.07352001107467439,0.06066883303687199,HOLD,51.8,
FCEL,Information Technology,918106368.0,True,298084536.1929322,11.57913290026187,3.080020116862973,1,None,Negative,Very High,0.4,0.18957231523113252,-0.3783578808674057,0.10887080245531058,INSUFFICIENT_LIQUIDITY,51.8,
CNXN,Industrials,1820059392.0,True,1815974980.7038136,70.84519879467146,1.0022491561500497,3,Narrow,Positive,Low,0.03064798225319587,0.03,0.13858301307363324,0.065,HOLD,51.8,
HAYW,Industrials,3052669184.0,True,3538129813.222533,15.921329473954469,0.8627917417251644,5,Narrow,Negative,Low,-0.004780372080947559,0.03,0.08902974331807006,0.05985738128594873,HOLD,51.8,2.3
FBK,Financials,2740017920.0,False,10054861879.822723,200.81560976900224,0.272506768640795,5,Narrow,Stable,Medium,-0.1,0.08933967830802661,0.6616668377134467,0.07272665087301809,HOLD,51.7,
NOV,Industrials,7228013568.0,True,6176289407.449694,16.470105086532516,1.1702841449239314,2,None,Positive,High,0.10286097268964553,0.07673464601726798,-0.0012437253057131894,0.08106049869116407,HOLD,51.7,2.52381
INN,Financials,622015552.0,False,1065951250.2201362,9.976146469070063,0.5835309559152388,5,None,Positive,Very High,0.07900751908167547,0.11309299161321701,0.02530474905552612,0.06398300009641922,INSUFFICIENT_LIQUIDITY,51.7,2.66667
DHR,Health Care,130442125312.0,True,64148939396.50021,89.58097946725347,2.033426063457513,1,Narrow,Negative,Low,0.11723460454956189,0.03,0.06576652488426496,0.06233368557114869,HOLD,51.7,1.4
WEX,Industrials,5138165760.0,True,12224865104.999304,340.5254903899528,0.4203044954580947,5,Narrow,Positive,Medium,-0.09178311073971221,0.06578333569786814,0.07375050455938209,0.059666482101949386,HOLD,51.7,2.35714
MCD,Consumer Discretionary,198827950080.0,True,198957915660.3004,277.71903358500896,0.9993467684868477,3,Wide,Stable,Low,0.03305972435022875,0.033130822373289306,0.26239401405736396,0.06135277694740666,HOLD,51.7,2.08824
PIPR,Financials,5181161472.0,False,11794354280.478367,165.79075457518087,0.43929166012722637,5,Narrow,Positive,Medium,-0.09338931704384196,0.06326900595755489,0.127883826728616,0.07490892315364907,HOLD,51.7,
MTSI,Information Technology,26352560128.0,True,3770135713.356124,50.95742050328608,6.98981737836204,1,None,Stable,Medium,0.4,0.16269409158488884,0.03617123077763784,0.07433349692456348,HOLD,51.7,1.6
FNB,Financials,6297001984.0,False,58208548311.40382,160.81754171154319,0.10818002109092859,5,Wide,Positive,Medium,-0.1,0.15521561220243849,0.2627487307132695,0.06289888634445517,HOLD,51.7,
QLYS,Information Technology,3870349312.0,True,9148463905.05407,250.9660084232867,0.42306001883680444,5,Wide,Positive,Low,0.007106413983385277,0.1170955852233794,1.4460894469391814,0.065,HOLD,51.7,2.72727
OSS,Information Technology,418348672.0,True,30829933.144322336,1.3285497313838273,13.569561440227885,1,None,Negative,Very High,0.4,0.03,-0.05498817514414515,0.11,INSUFFICIENT_LIQUIDITY,51.6,1.0
IMPPP,Unknown,,True,1329123580.105984,36.685494689805616,,,None,Positive,High,,0.25,0.07833712066485757,0.09,INSUFFICIENT_LIQUIDITY,51.6,
GRMN,Consumer Discretionary,45623996416.0,True,75625434568.4964,390.5949640964404,0.6032890478755116,5,Wide,Stable,Low,0.062362162647185415,0.12975773211603644,0.24618525453419526,0.065,HOLD,51.6,
HWM,Industrials,100787077120.0,True,38148879212.146996,93.96275668016501,2.64194071232133,1,Narrow,Positive,Medium,0.2501670748188968,0.12693607767704718,0.08587408780874281,0.07405942900289587,HOLD,51.6,1.45455
GNSS,Information Technology,85618976.0,True,24161056.982484594,0.5362398611040738,3.5436767547905266,1,None,Negative,Very High,0.21237661308432354,0.03,-0.0767703092365382,0.09843406983004445,INSUFFICIENT_LIQUIDITY,51.6,1.0
CVI,Energy,3332589568.0,True,6273730467.343901,62.4251787795413,0.5311974407167851,5,None,Positive,High,-0.06668955384562986,0.03,0.07355141783128302,0.07396624099768394,HOLD,51.6,4.14286
OPCH,Health Care,3220634112.0,True,8539136549.9051895,52.27029382000544,0.3771615658301844,5,Narrow,Positive,Medium,-0.006905923847383144,0.13766134629236185,0.06789615690886144,0.06664109714332991,HOLD,51.6,1.66667
TMO,Health Care,175702622208.0,True,117997059166.43231,312.1615321863289,1.4890423833374968,1,Narrow,Negative,Low,0.08710453917979868,0.03,0.08871460253296218,0.06105394889167903,HOLD,51.6,1.48148
SIGA,Health Care,308413632.0,True,615791996.6548169,8.568419778975267,0.5008405982464915,5,Narrow,Negative,High,-0.1,0.03,0.9376133408724834,0.09,INSUFFICIENT_LIQUIDITY,51.6,
FLYW,Industrials,1777217408.0,True,9042223486.483305,70.78201283979423,0.19654650326401013,5,Narrow,Positive,Medium,0.05620602301274513,0.28,-0.10797361133735137,0.075,HOLD,51.5,1.86667
INTR,Unknown,2503239168.0,True,13287417390.004766,30.183055674877743,0.1883917013010383,5,Narrow,Stable,Very High,-0.1,0.24243129960695278,-0.12317956446669694,0.07490623768565242,HOLD,51.5,2.0
GIB,Unknown,14089780224.0,True,25693055308.562996,113.94354541455846,0.5483886620251096,5,Narrow,Stable,Low,-0.04249117121710072,0.04741250788748501,0.14629874278042154,0.06089862381483874,HOLD,51.5,2.13333
PAYC,Information Technology,6416820736.0,True,24710044299.451782,440.3386609781842,0.2596847119429229,5,Wide,Positive,Medium,-0.0299478140722384,0.14870498318727354,0.3776354929604566,0.075,HOLD,51.5,2.4
CHRW,Industrials,21699248128.0,True,14571303081.146,119.92644632307287,1.4891769121237304,1,Wide,Negative,Low,0.08026114713989504,0.03,0.23739616270299713,0.0639697787416031,HOLD,51.5,1.875
WAL,Financials,8751206400.0,False,275462804300.3001,2515.642048404567,0.03176910371702937,5,Wide,Stable,Medium,-0.1,0.20838430497457128,0.38517304189435336,0.06177460209213036,HOLD,51.5,1.8
MANU,Unknown,,True,11018553737.019596,64.46199774774381,,,None,Positive,High,,0.06743146246754513,-0.04738433169867823,0.04345,INSUFFICIENT_LIQUIDITY,51.5,1.66667
THRM,Industrials,1111689216.0,True,2132472809.4317799,68.9386776882816,0.5213146029731659,5,Narrow,Negative,Low,-0.04875922965240048,0.06040838633704406,0.10127298319255029,0.061867588018869706,HOLD,51.5,1.75
SHIM,Industrials,157796720.0,True,9662940.089577824,0.2779102700482549,16.330094002155214,1,None,Stable,High,0.19426924318510752,0.03,-0.8872147506589919,0.07649948604247396,INSUFFICIENT_LIQUIDITY,51.5,1.0
BTG,Materials,5569505792.0,True,23234959292.43174,15.690200743374273,0.23970370345405081,5,Narrow,Negative,High,-0.04209809158491534,0.19203380882412927,0.11036464833376433,0.08531809964578112,HOLD,51.5,2.30769
PERF,Unknown,170087280.0,True,497463403.3441562,4.884322902965725,0.3419091311171886,5,Narrow,Stable,High,-0.1,0.135732270944449,-0.16593632859933477,0.08988560861218718,INSUFFICIENT_LIQUIDITY,51.5,
DAIO,Health Care,33819920.0,True,37494970.6060873,4.0191843290907165,0.9019855050775623,3,None,Negative,Very High,0.002585971816668642,0.03,-0.07338663225969327,0.10996066775571574,INSUFFICIENT_LIQUIDITY,51.5,
SGML,Unknown,1488218496.0,True,-123615903.6156093,-1.110523482340895,,,None,Positive,Medium,0.4,0.03,-0.09674192542964229,0.07227778230080593,HOLD,51.4,
EG,Financials,13233138688.0,False,49750400855.84529,1181.7197352932374,0.2659905942535779,5,Narrow,Positive,Medium,-0.1,0.09923789948068147,0.1036344828350675,0.06823786960911593,HOLD,51.4,2.4375
INVH,Real Estate,17845022720.0,False,3034683558.486603,4.9491086089417315,5.8803570046358695,1,None,Stable,Medium,0.21542056585296537,0.07248910278076873,0.024865287920676122,0.0649184289679586,HOLD,51.4,2.28
COP,Energy,142710964224.0,True,113565015656.59451,90.6022402693012,1.2566454853978883,2,Narrow,Negative,High,0.09161630740273241,0.04883094440998912,0.1121275898655402,0.08343192540110476,HOLD,51.4,1.85185
XYF,Unknown,181411168.0,True,15639054870.231829,62.684295280833574,0.01159988052381012,5,Narrow,Positive,High,-0.1,0.21249931825608148,0.20629838167000292,0.07864417028554577,INSUFFICIENT_LIQUIDITY,51.4,
MP,Materials,10535353344.0,True,1326345767.063394,7.7962210156529235,7.943142433609811,1,None,Negative,High,0.4,0.03,0.027058426896422627,0.08596922028176536,HOLD,51.4,1.27778
OUST,Industrials,2526542592.0,True,263284420.98068288,4.673557059150815,9.596247976196707,1,None,Negative,Very High,0.4,0.25,-1.647647318747805,0.11,HOLD,51.4,1.28571
SFL,Unknown,1457600896.0,True,2813765584.8811207,21.14595671918115,0.5180249924982939,5,None,Stable,High,-0.023102617567637485,0.05258028096129834,0.04354408652605471,0.06012429469672585,HOLD,51.4,2.0
PLTR,Information Technology,324907696128.0,True,111136393728.83827,43.324701272003,2.923504040636251,1,Narrow,Stable,High,0.4,0.28,-6.956472852394773,0.09,HOLD,51.4,1.90323
XENE,Health Care,5000508928.0,True,573246995.9752382,7.23305823058442,8.723131500223335,1,None,Positive,Very High,0.4,0.03,-2.1446265221174947,0.11,HOLD,51.4,1.15
TH,Consumer Discretionary,1604321920.0,True,861934155.0445564,8.660857457275588,1.8613044982734985,1,None,Positive,High,0.16102977226051152,0.03,0.07570591958211931,0.0898911284064879,HOLD,51.4,1.5
SMID,Materials,158719024.0,True,473427933.4383198,89.24183476688404,0.33525487785920555,5,Narrow,Positive,Medium,0.04255536107698166,0.20024536604509457,0.15722766480493505,0.07414012214944944,INSUFFICIENT_LIQUIDITY,51.3,
FN,Information Technology,22259226624.0,True,18461546366.09877,509.04531298697907,1.205707592559796,1,Wide,Positive,Low,0.17301994468086634,0.151618778428587,0.24372079842676936,0.065,HOLD,51.3,
SPRU,Utilities,47576484.0,True,404525471.4562416,22.388983313384223,0.11761060145046133,5,None,Positive,Extreme,0.1770321642285032,0.25,-0.053665917108546374,0.044865449765749854,INSUFFICIENT_LIQUIDITY,51.3,
WLDN,Industrials,1468902016.0,True,1900986500.0129385,126.13539247647392,0.7727051275692922,5,None,Positive,Medium,0.12466332402793168,0.16925152309541563,0.056203037310997586,0.07394437580030544,HOLD,51.3,1.0
BCIC,Unknown,91593360.0,True,360715949.4342809,32.5079821667564,0.2539210149804797,5,Narrow,Positive,High,-0.05685306628610873,0.03,0.08973538051733887,0.05404298804350895,INSUFFICIENT_LIQUIDITY,51.3,
NJR,Utilities,5592064512.0,True,3906507121.205799,38.75964520782037,1.4314742910986757,1,Narrow,Positive,High,0.06512226758431428,0.03,0.0585672964044477,0.05655415389461471,HOLD,51.3,1.875
ANAB,Health Care,1465812352.0,True,4918228940.063411,171.02124417773874,0.29803662453767377,5,Narrow,Negative,Very High,0.10405788630297652,0.28,-2.1653181691516257,0.11,HOLD,51.3,1.27273
MEDP,Industrials,12973238272.0,True,58872972670.527374,1993.8690916966632,0.22035983038605053,5,Wide,Positive,Low,0.008561840205802862,0.1952899627533397,0.2729073955519436,0.065,HOLD,51.3,2.61538
GECCI,Unknown,,True,2427963912.7740417,196.43221950300304,,,Narrow,Positive,Medium,,0.1841784115954304,0.10358792993003307,0.04345,INSUFFICIENT_LIQUIDITY,51.3,
STTK,Health Care,351196768.0,True,80631024.90939176,1.1587425150559778,4.355603421817515,1,None,Negative,Very High,0.4,0.03,-9.408397687861271,0.11,INSUFFICIENT_LIQUIDITY,51.3,
PFS,Financials,2932057856.0,False,99759811850.44527,764.40159027741,0.029391172673777582,5,Wide,Negative,Medium,-0.1,0.28,0.1092593889463278,0.060421803592220616,SELL,51.2,
DCO,Industrials,2261174528.0,True,515874469.8885406,34.52512848939504,4.383187500029895,1,None,Negative,Low,0.25769810740347776,0.055438449763343514,0.04875136479419566,0.06244765495641974,SELL,51.2,1.2
JFIN,Unknown,200945440.0,True,45626101568.71781,218.41098843465414,0.004404177282105826,5,Wide,Negative,Medium,-0.1,0.2301383945290909,0.47509184814340033,0.0648064145214354,INSUFFICIENT_LIQUIDITY,51.2,
GBTG,Industrials,4870398464.0,True,10795702027.915289,21.90722723122905,0.4511423575239693,5,None,Positive,Very High,0.1252900717931168,0.25,-0.003576476775911377,0.09499333327233635,SELL,51.2,
PODD,Health Care,10612732928.0,True,47922023891.00606,666.6391771834024,0.22145836227905608,5,Narrow,Positive,Medium,0.07778347952316811,0.2570623766805654,0.05926729754180607,0.07240983967071149,SELL,51.2,1.41667
VTEX,Unknown,620569472.0,True,1533099653.8615603,8.282145405472237,0.4047809093407034,5,Narrow,Positive,High,-0.051534894075833504,0.1433102929303002,-0.43142374443249887,0.09,INSUFFICIENT_LIQUIDITY,51.2,1.7
HASI,Financials,4942066688.0,False,-4011885710.417723,-29.032952329513737,,,Narrow,Stable,Extreme,0.4,0.28,-0.00942386540555226,0.08828456055320265,SELL,51.2,1.5
BNL,Financials,4117287424.0,False,547692637.0700426,2.772102651020345,7.51751465206105,1,None,Stable,Medium,0.16111695121858138,0.031206060089865328,0.03340641113072196,0.06305770079279388,SELL,51.2,1.72727
EPAM,Information Technology,5122045952.0,True,21026146550.780384,373.91116516601255,0.24360364556718528,5,Wide,Negative,Low,-0.1,0.09008640358486758,0.33003847879275705,0.06489518664854033,SELL,51.2,2.0
YOU,Information Technology,7287213568.0,True,19398023989.297935,199.42472432041478,0.37566782946656946,5,Narrow,Stable,High,0.1517049153170763,0.28,,0.09,SELL,51.2,
NBHC,Financials,1889724800.0,False,8462200326.978187,222.15739195019032,0.22331364503099776,5,Wide,Stable,Medium,-0.1,0.11307610546857573,1.2702932312672706,0.0741149677759943,SELL,51.2,
INGN,Health Care,173547648.0,True,425477453.65813416,15.994399658266868,0.4078891760488991,5,None,Negative,High,-0.1,0.03,-0.026700441510483407,0.09,INSUFFICIENT_LIQUIDITY,51.1,
MKTW,Information Technology,43553060.0,True,1381318667.047462,567.0437877863144,0.031530059673408814,5,None,Stable,High,-0.1,0.03,,0.09,INSUFFICIENT_LIQUIDITY,51.1,
LIN,Materials,234826186752.0,True,76796508858.37724,162.63727667251294,3.057771638878143,1,None,Positive,Medium,0.2076995426162201,0.03,0.06996092721790224,0.07174769458348276,HOLD,51.1,1.62963
JRVR,Financials,183097952.0,False,1433090503.1860788,23.879420295380253,0.12776440259211302,5,None,Positive,Medium,-0.1,0.03,0.09779508397634958,0.0547117353366942,INSUFFICIENT_LIQUIDITY,51.1,
RLJ,Financials,1618636544.0,False,1480652228.0821824,9.876804109687429,1.093191576861058,3,None,Positive,Very High,0.09748060607412368,0.09057988102165235,0.03306561601802242,0.07167965623062807,SELL,51.1,2.91667
JG,Unknown,33018998.0,True,140735740.93029115,2.2212911905460087,0.23461700476181727,5,None,Negative,Very High,-0.1,0.03,-0.8795867644515745,0.11,INSUFFICIENT_LIQUIDITY,51.1,
IMXI,Industrials,449912640.0,True,3723437309.333862,123.36945017264267,0.12083260778210637,5,Wide,Positive,Medium,-0.1,0.03,0.36059105517961904,0.06546631006373384,INSUFFICIENT_LIQUIDITY,51.0,
GDOT,Financials,717572160.0,False,37474157185.11252,680.1240890962181,0.01914845359844603,5,Narrow,Stable,Low,-0.1,0.12946612064825777,8.460736730750769,0.06324697800508187,INSUFFICIENT_LIQUIDITY,51.0,
LCUT,Materials,203638112.0,True,195572590.98801035,9.010900801143123,1.0412405489503593,3,None,Stable,Medium,0.03345450133478611,0.03,0.03375942489105431,0.059979232869022056,INSUFFICIENT_LIQUIDITY,51.0,
HUIZ,Unknown,14148506.0,True,951102216.3089314,0.9424697195757212,0.014875904773840173,5,None,Positive,High,-0.1,0.03,-0.04240366957190135,0.06754749865602384,INSUFFICIENT_LIQUIDITY,51.0,
TSHA,Health Care,1580485632.0,True,407293791.0425451,1.2739397542565127,3.8804559921094053,1,Narrow,Stable,Very High,0.4,0.26305010865083656,-693.2975510204082,0.10795500342663356,SELL,51.0,1.23077
OLPX,Materials,1371118592.0,True,2858079230.7320013,4.288454049833737,0.4797342835204865,5,None,Negative,Medium,-0.1,0.03,0.08399090697574611,0.06855071713603247,SELL,51.0,
ORRF,Financials,740526016.0,False,11683536651.57409,603.6443632949671,0.06338200821240468,5,Narrow,Stable,Medium,-0.1,0.28,,0.07349392131671045,INSUFFICIENT_LIQUIDITY,51.0,1.75
HNRG,Utilities,785192320.0,True,854678316.1804717,19.678539237899972,0.9186992405622244,3,Narrow,Positive,High,0.01407727392688296,0.04798823795899794,0.054744465436564235,0.0639945575220358,INSUFFICIENT_LIQUIDITY,51.0,1.0
MRCY,Information Technology,6681015808.0,True,569014171.0680109,9.686007065468473,11.741387381372366,1,None,Negative,Medium,0.4,0.03,0.03677023324763425,0.0724339244502609,SELL,51.0,2.0
IIIV,Information Technology,549692224.0,True,489130341.6909333,19.509931885441297,1.1238154273965157,3,None,Positive,High,0.06599397185261913,0.03,0.0062903502943038,0.09,INSUFFICIENT_LIQUIDITY,51.0,
PGEN,Health Care,1276309248.0,True,20699720.863237046,0.06613740077326925,61.65828304799707,1,None,Negative,Very High,0.4,0.04351002031180653,-0.6654483586343024,0.10547221208506526,SELL,51.0,2.0
NTAP,Information Technology,33084000256.0,True,34076461421.235413,163.04526995806418,0.970875462890142,3,Narrow,Stable,Low,0.025708056084574715,0.03,2.672616368928733,0.06308050195466262,SELL,51.0,2.4
HRL,Consumer Staples,12998439936.0,True,18535727214.42991,33.670957126718285,0.701264093155235,5,Narrow,Negative,Low,-0.025251873791679813,0.03,0.12337523489694172,0.06111642182043508,SELL,51.0,2.6
EAT,Consumer Discretionary,6024019456.0,True,69978569947.9191,1517.9733177422797,0.08608377479681738,5,Wide,Positive,Low,-0.1,0.1327249212094933,0.2424395046225702,0.06357670196770333,SELL,50.9,1.61905
KD,Information Technology,2555449344.0,True,4070929976.39979,17.412018718561974,0.6277310980082158,5,None,Positive,High,-0.06579411203644672,0.03,-0.0007125044531528322,0.061353088849735685,SELL,50.9,
BCAL,Financials,619494528.0,False,10181375719.862017,310.9186318577082,0.060845856694147785,5,Wide,Stable,Medium,-0.1,0.28,0.24789988327369447,0.07336620808393073,INSUFFICIENT_LIQUIDITY,50.9,
LXFR,Materials,457488576.0,True,382560185.91209924,14.041427178542527,1.1958603975195605,1,Narrow,Negative,Low,0.06407427198159932,0.03,0.09134223210975158,0.06329122656263284,INSUFFICIENT_LIQUIDITY,50.9,
BKH,Utilities,5540604416.0,True,8511769682.99234,116.28100659825601,0.6509344851131101,5,Narrow,Positive,Medium,-0.016897199832638023,0.03,0.056424064012913305,0.055108218233506964,SELL,50.9,
SMTC,Information Technology,14067689472.0,True,3496334809.2689347,39.56293490471106,4.023553303506846,1,None,Negative,Medium,0.32906304703443234,0.09439877531407985,0.06599901142383632,0.07393546849601848,SELL,50.9,1.35714
DLO,Industrials,3307584768.0,True,13365332931.894897,44.293792808896434,0.24747492523039308,5,None,Stable,Medium,-0.0717613816735092,0.25,,0.075,SELL,50.9,1.7
WAFU,Unknown,7145105.0,True,14670662.884604242,3.591857767048616,0.4870335482589714,5,None,Negative,Very High,-0.1,0.03,-0.18648224316455844,0.10901798134696651,INSUFFICIENT_LIQUIDITY,50.9,
LILA,Communication Services,1522583936.0,True,18060762817.63118,82.30012676067977,0.08430341239593886,5,None,Stable,High,-0.1,0.03,0.007651972047786408,0.0505718959823689,SELL,50.9,1.66667
SBUX,Consumer Discretionary,108602007552.0,True,298084401210.51685,261.52342622435236,0.36433307852060914,5,Wide,Negative,Low,-0.05822146902280713,0.044803608928103866,0.9595749138728655,0.06222152061155786,SELL,50.9,2.37838
GDDY,Information Technology,11172742144.0,True,17432247157.96393,123.96617260554204,0.6409238030391124,5,Narrow,Positive,Medium,-0.013155098177952618,0.07189918291544632,0.1255751430072888,0.06702379931445206,SELL,50.9,2.125
GECCH,Unknown,,True,2427963912.7740417,196.43221950300304,,,Narrow,Positive,Medium,,0.1841784115954304,0.10358792993003307,0.04345,INSUFFICIENT_LIQUIDITY,50.9,
HUBB,Industrials,25196015616.0,True,20354695350.69079,380.46159534001475,1.2378478371647508,1,Narrow,Positive,Low,0.10298013588385496,0.06908806215817886,0.1517613659886106,0.06317914998635221,SELL,50.9,2.07143
CCEL,Health Care,28193024.0,True,170427117.1379513,21.121802862807005,0.1654256932432842,5,Narrow,Stable,Medium,-0.1,0.03,0.3892999780550386,0.06581651270351871,INSUFFICIENT_LIQUIDITY,50.9,
BTE,Energy,3443384064.0,True,4486456415.455353,5.832778303459987,0.7675064115496403,4,None,Negative,Very High,-0.038688176943874886,0.03,0.028023564574172207,0.10868904493588981,SELL,50.8,2.27273
GEL,Energy,1914117376.0,True,-15222858.769238949,-0.12430476523091642,,,None,Positive,High,0.11093992358573357,0.03,0.03846681668885658,0.06141076968995959,SELL,50.8,1.33333
IBCP,Financials,712560896.0,False,2912029198.0868254,138.91280818999311,0.2446956563719023,5,Narrow,Stable,Medium,-0.1,0.0774102651192489,,0.07055458181744106,INSUFFICIENT_LIQUIDITY,50.8,
GSBC,Financials,798580672.0,False,2948578498.587016,257.36043454543216,0.2708358188132643,5,Narrow,Positive,Medium,-0.1,0.06759463035041192,0.22756979008872538,0.06525870605285075,INSUFFICIENT_LIQUIDITY,50.8,
NUTX,Industrials,912396736.0,True,25198895772.47577,3729.794694293781,0.0362078062562008,5,Narrow,Positive,High,-0.1,0.28,0.1286675894801512,0.07793525712865439,INSUFFICIENT_LIQUIDITY,50.8,1.25
MITQ,Information Technology,5964643.0,True,7511435.26852398,0.7579465519238456,0.7940750052116299,5,None,Stable,Medium,-0.060682138855712,0.03,-1.620197300103842,0.075,INSUFFICIENT_LIQUIDITY,50.8,
TBI,Information Technology,201579136.0,True,589491031.434292,19.749104875684008,0.34195454256451935,5,None,Negative,Medium,-0.1,0.03,0.032975428142607406,0.06723578162807736,INSUFFICIENT_LIQUIDITY,50.8,
IESC,Industrials,14359543808.0,True,19514988467.37222,966.9119927912974,0.7358212807559797,5,Narrow,Positive,Low,0.16990580372453667,0.20661181641848073,0.16456556402650532,0.065,SELL,50.8,
POR,Utilities,5847837184.0,True,38015656907.17218,343.29059235835774,0.15382707178464472,5,Wide,Stable,Medium,-0.05980011816644251,0.10560595544426979,0.05368969115244837,0.05511877696099904,SELL,50.8,2.84615
GAING,Unknown,,True,693545397.814915,17.915231752642956,,,None,Stable,High,,0.07472031594014257,0.026492283636965847,0.04345,INSUFFICIENT_DATA,50.8,
DXC,Information Technology,1460343168.0,True,5002417552.579326,28.001217758630425,0.2919274835918133,5,None,Positive,Very High,-0.1,0.03,0.03041800301968666,0.06283930248249116,SELL,50.8,
PTGX,Health Care,6262641152.0,True,724610352.683774,11.39807474204751,8.642770737134457,1,Narrow,Stable,Very High,0.4,0.03359880691913446,-2.5920188830855766,0.11,SELL,50.8,1.38462
RHP,Financials,7511896576.0,False,27095612509.845516,410.80723061760716,0.27723664018558214,5,Narrow,Positive,High,0.08792696714410664,0.20928989150600333,0.09710676161348349,0.07388646805177058,SELL,50.8,1.26667
PTEN,Energy,4369399296.0,True,1894765089.7392254,4.941168267610409,2.306037471168184,1,None,Positive,Very High,0.37498150651063844,0.25,-0.08299121007962046,0.09534217447122771,SELL,50.8,2.2
KMI,Energy,70482485248.0,True,41945451231.473694,18.868848957028202,1.6803367988353788,1,Narrow,Stable,Low,0.07178422926785488,0.03,0.04705619462483364,0.05819378903600557,SELL,50.8,2.13043
BDC,Materials,4136635904.0,True,4521345462.955837,112.44330920059282,0.9149125935835186,3,Narrow,Stable,Medium,0.01980544852723376,0.041187480917915534,0.10840463872944163,0.06751927262292845,SELL,50.8,
LILAK,Communication Services,1532654080.0,True,18037329701.217793,82.1933456423686,0.08497122941077706,5,None,Stable,High,-0.1,0.03,0.007651972047786408,0.05061175228786038,SELL,50.8,2.0
PHAR,Unknown,885725120.0,True,4527063482.638321,6.061412903887365,0.19565113751924007,5,Narrow,Negative,Medium,-0.04928607559255854,0.19892951721914862,0.03967663029394164,0.07185535905116684,INSUFFICIENT_LIQUIDITY,50.7,1.0
YMM,Unknown,8984230912.0,True,15976622679.05233,0.7634026591947405,0.5623360513971223,5,None,Positive,Medium,0.11159196162150453,0.23917408788572264,0.05492087706841099,0.075,SELL,50.7,1.53333
APLE,Financials,3692096512.0,False,2511345985.3868694,10.561237001656382,1.4701664101576342,1,None,Positive,High,0.11784682643676883,0.075458243332538,0.04585812520012167,0.0756241571546141,SELL,50.7,2.54545
MGM,Consumer Discretionary,12155491328.0,True,36293987886.09942,130.8952768410402,0.33491749008533583,5,None,Positive,High,-0.09266391071377794,0.11275069513572014,0.05026141684398848,0.07410630862024808,SELL,50.7,2.40909
BORR,Energy,1484783104.0,True,22738706668.47751,85.95332183568873,0.0652976057806464,5,Narrow,Positive,Extreme,-0.01013630795301318,0.28,-0.03133424360186255,0.0805262129697227,SELL,50.7,2.4
NATH,Consumer Discretionary,416974176.0,True,1744944991.3037791,426.1159929923759,0.23896121544120846,5,Wide,Negative,Low,-0.02612331234377191,0.13515039141780827,5.4523063116840165,0.06267312071642508,INSUFFICIENT_LIQUIDITY,50.7,
H,Consumer Discretionary,18178840576.0,True,4085620555.1211624,42.779547930649386,4.449468650047188,1,None,Positive,High,0.3493148711646782,0.15530675098864458,0.03904538654873412,0.08113228330913008,SELL,50.7,1.95652
TGB,Unknown,2431554816.0,True,272485048.57153034,0.8423135017790957,8.923626557666667,1,None,Positive,High,0.32672017596771896,0.10108695728738466,0.045299053609807516,0.07928664430430535,SELL,50.7,1.28571
CMS,Utilities,22254569472.0,True,17580051871.217316,58.405487944243575,1.265898965203622,1,Narrow,Stable,Medium,0.06651884185490997,0.05125783542160574,0.051817749767846734,0.055103852439223944,SELL,50.7,2.25
TRIP,Information Technology,1380043392.0,True,20967417261.558758,160.1128431476607,0.06581847324277482,5,Narrow,Positive,High,-0.1,0.13333550565190322,0.09025743161070829,0.0682741528433263,SELL,50.7,2.70588
HOUR,Consumer Discretionary,66864588.0,True,209465710.6216601,5.956672534688726,0.31921495791152066,5,None,Positive,Medium,-0.1,0.09982809484311864,-0.1823805896196745,0.07470210736770572,INSUFFICIENT_LIQUIDITY,50.6,
BAX,Health Care,10009168896.0,True,14924779845.569496,29.093138100525334,0.6706409742433338,5,Narrow,Negative,High,-0.012946996188032911,0.03,0.0713103772256732,0.06736186930919791,SELL,50.6,2.85714
CB,Financials,126547107840.0,False,249149013174.33197,620.524873259209,0.5079173552714566,5,Narrow,Positive,Low,-0.03398023908161932,0.08674018542140463,0.0839193555772628,0.06204006495882229,HOLD,50.6,2.36
PRTH,Industrials,479307104.0,True,7232819519.849828,88.78111061827745,0.0662683622458136,5,Narrow,Positive,Medium,-0.1,0.14905322632573376,0.09621034537668206,0.05340752064847604,INSUFFICIENT_LIQUIDITY,50.6,
MDV,Financials,188406976.0,False,19700489.931916922,1.6871425236795203,9.563568045826127,1,None,Positive,High,0.13166188684844154,0.03,0.01486429027605112,0.06294442130446579,INSUFFICIENT_LIQUIDITY,50.6,
CTRE,Financials,8970042368.0,False,13677435995.008137,67.01636032460097,0.655827771467825,5,Narrow,Negative,Medium,0.20574159427677496,0.2538685257667076,0.04446046964606048,0.07213991376673812,SELL,50.6,1.36364
BH,Consumer Discretionary,921427968.0,True,471297227.19227946,1808.6053248918954,1.9550888798759611,1,None,Negative,Medium,0.1612534986116253,0.03,0.03343307801578098,0.06833069610925394,INSUFFICIENT_LIQUIDITY,50.6,
OPTX,Health Care,457176640.0,True,-4279861.253544595,-0.11592185956674791,,,None,Stable,Medium,0.4,0.03,-0.023040161034522548,0.07424805614033053,INSUFFICIENT_LIQUIDITY,50.6,
CCJ,Materials,45051535360.0,True,7111388137.921313,16.326250374033044,6.335125363185244,1,None,Positive,High,0.4,0.1844252676280629,0.007584055489431282,0.08916386424542473,SELL,50.6,1.79167
ITT,Industrials,17199833088.0,True,15361655876.736752,192.26102474013456,1.1196600956311573,1,Narrow,Positive,Low,0.11243028296557112,0.09359797619069546,0.16887375318286413,0.06406190934789983,SELL,50.6,1.6
LHX,Industrials,57347170304.0,True,21164775411.443184,112.33957224757529,2.7095572331466387,1,None,Positive,Low,0.18492276967894117,0.05598109550361938,0.04456706412494142,0.061501041378359836,SELL,50.6,1.61905
FE,Utilities,26850772992.0,True,95678416044.10634,165.53359177181028,0.28063563447394646,5,Narrow,Positive,Medium,-0.04986589291197724,0.0805383586515512,0.049223887520013526,0.0542093268953306,SELL,50.6,2.17647
SIGI,Financials,5303840768.0,False,16560045139.126434,271.21827015504005,0.32027936659838024,5,Narrow,Positive,Low,-0.05032450350678269,0.1218103089448265,0.08946418624456774,0.0618681502440188,SELL,50.5,2.625
GME,Consumer Discretionary,9781468160.0,True,5914526511.496504,10.771310346924976,1.6538040942055183,1,None,Positive,Medium,0.29486688615057943,0.03,-0.1459448406004677,0.06557895818339776,SELL,50.5,
FOA,Financials,175168000.0,False,-29719231114.887238,-1103.5428509269698,,,None,Positive,Very High,0.4,0.03,-0.012948406500028065,0.04383420726189842,INSUFFICIENT_LIQUIDITY,50.5,
EMBC,Health Care,200527552.0,True,5578079702.959669,94.68012735228157,0.03594920880990679,5,Narrow,Negative,Medium,-0.1,0.03,0.3032643053618945,0.04732940727260904,INSUFFICIENT_LIQUIDITY,50.5,
WTFC,Financials,10312762368.0,False,111119711082.10208,1636.6646696630348,0.09280767802195145,5,Wide,Stable,Medium,-0.1,0.18766639146546224,5.932862109455944,0.06544286118177671,SELL,50.5,
ATS,Industrials,2611432192.0,True,879983686.6994303,8.966598746473059,2.967591594560966,1,None,Stable,Medium,0.15767728840069783,0.03,0.054042720439949364,0.06676928259358059,SELL,50.5,2.28571
OKE,Energy,55600398336.0,True,579790957679.405,926.3316147617911,0.09589731885184763,5,Narrow,Negative,Medium,0.02815456587619536,0.26817878266743256,0.07751336797673704,0.06317878264428314,SELL,50.5,2.13043
EE,Utilities,3669682432.0,True,4122310337.633127,134.6135374526501,0.8902004292347847,4,Narrow,Positive,Medium,-0.0010371079173988054,0.03,0.08812697561027974,0.060008200138664196,SELL,50.5,1.75
APLD,Information Technology,11322188800.0,True,-737777013.988878,-3.666984901034264,,,None,Positive,Very High,0.4,0.25,-0.22595406173920707,0.10542802795298382,SELL,50.5,1.18182
BPRN,Financials,239888704.0,False,2078962429.0967355,303.09993134520124,0.11538866727102254,5,Wide,Stable,Medium,-0.1,0.1418027408712718,0.2914471151201804,0.075,INSUFFICIENT_LIQUIDITY,50.5,
ASUR,Information Technology,254119248.0,True,895668296.2928774,32.652872631894915,0.283720266812821,5,Narrow,Positive,High,-0.04585492169631861,0.13408010672862405,-0.046053559863897545,0.08021589185988537,INSUFFICIENT_LIQUIDITY,50.5,1.22222
TECH,Health Care,8140009472.0,True,5222541669.97639,32.69872130065297,1.5586298753336323,1,Narrow,Negative,Low,0.11973032410265397,0.05623528226583141,0.09957062139296238,0.06412134201303894,SELL,50.5,1.73333
FET,Industrials,569849024.0,True,35492805.04571015,2.9868555958689007,16.055339195256845,1,None,Positive,Very High,0.3674992815626995,0.07384931155984868,-0.0831659972133474,0.09718290891827049,INSUFFICIENT_LIQUIDITY,50.5,0.0
SLM,Financials,4222596864.0,False,29200326755.33629,138.44660266903236,0.144607863445512,5,Wide,Negative,Medium,-0.1,0.05814619094095966,0.3749861304599756,0.056661965446941506,SELL,50.4,2.0
FOX,Communication Services,25160757248.0,True,116450374773.14772,252.60384983329223,0.21606420157096665,5,Narrow,Positive,Low,-0.1,0.054213921626716434,0.13367176747766452,0.06052075725387604,SELL,50.4,
SKYW,Industrials,3349310464.0,True,38686420014.22278,934.3868805212853,0.08657586984705876,5,Narrow,Positive,Medium,-0.1,0.1338349299036759,0.06361944425173316,0.0618550661911113,SELL,50.4,
CNTA,Health Care,6130361344.0,True,818375490.4460696,6.030076440773633,7.490890692069164,1,Narrow,Positive,Medium,0.4,0.28,-4.877299460890252,0.07444339050567356,SELL,50.4,
LBTYA,Communication Services,3976025856.0,True,16099650635.473839,47.038230477897315,0.24696348672556018,5,None,Negative,Very High,-0.1,0.03,0.01832465863048163,0.06449892859506498,SELL,50.4,2.5
CM,Financials,99349225472.0,False,591380181245.5336,628.6764092226683,0.16799552745030435,5,Narrow,Stable,High,-0.1,0.16332278504191258,,0.08130598256534165,SELL,50.4,2.28571
GIII,Consumer Discretionary,1422200832.0,True,3044701622.306282,68.41411159235759,0.4671068000820126,5,Narrow,Positive,Medium,-0.1,0.03,0.09165253427145453,0.07474164932399481,SELL,50.4,1.66667
ESI,Materials,9705311232.0,True,2936725058.670246,12.11520238725349,3.3048075792272433,1,None,Stable,Low,0.19972842437336946,0.03,0.05078783423047936,0.06190781997770457,SELL,50.4,1.3
PRE,Unknown,337627808.0,True,94608983.69136526,6.723914272076421,3.568665414496092,1,None,Positive,Very High,0.4,0.25,-0.48466837913652827,0.11,INSUFFICIENT_LIQUIDITY,50.4,
PAGP,Energy,5699190272.0,True,22385075268.863323,105.82035608580571,0.2545977712180101,5,None,Stable,High,-0.1,0.03,0.0478154619658126,0.05909419922800592,SELL,50.4,2.26667
KGS,Utilities,6570830336.0,True,28456098545.784,321.45429488137546,0.23091114635507617,5,Narrow,Stable,Low,0.09895475958570046,0.2402627454605628,0.054008432839312004,0.0589586382081453,SELL,50.4,1.28571
KGEI,Unknown,190981440.0,True,335346683.3076346,9.234384780604008,0.5695044844824086,5,Narrow,Stable,Medium,-0.04076103109361601,0.06528155851355533,0.09650772510496722,0.06858349311858374,INSUFFICIENT_LIQUIDITY,50.4,
SCVL,Consumer Discretionary,443380864.0,True,1149234445.1224215,41.73722335654336,0.3858054080103465,5,Narrow,Negative,Medium,-0.1,0.03,0.14112516199510927,0.075,INSUFFICIENT_LIQUIDITY,50.3,2.33333
STRR,Information Technology,41721840.0,True,895045113.1071066,279.87652067139044,0.0466142313823318,5,None,Negative,High,-0.1,0.03,-0.05570996978851964,0.07797662488240176,INSUFFICIENT_LIQUIDITY,50.3,
CASH,Financials,1686480640.0,False,10846588823.186092,461.1129488623951,0.15548488722969872,5,Wide,Stable,Medium,-0.1,0.09673395129883774,0.694146580012332,0.07422525396882096,SELL,50.3,
HTB,Financials,793548672.0,False,3744893650.30286,218.91279326468685,0.2119015240755431,5,Narrow,Positive,Medium,-0.1,0.16236411831418543,0.09715482170727754,0.06929359024524691,INSUFFICIENT_LIQUIDITY,50.3,
HRI,Information Technology,4564162048.0,True,83563287150.47034,2661.251183135998,0.054619225782506935,5,Narrow,Positive,Medium,-0.08967671463923532,0.1851007574557898,0.06918888370648642,0.05477768069433597,SELL,50.3,1.8
FLO,Consumer Staples,1585709440.0,True,7049835658.876007,33.237166424851644,0.2249285680870493,5,Narrow,Negative,Medium,-0.1,0.03622827166360451,0.08048380530499227,0.058423974294313716,SELL,50.3,2.83333
BMRN,Health Care,10972756992.0,True,19454629800.280067,98.55735128869199,0.5640177738998682,5,Narrow,Positive,High,0.048388166326754106,0.15114434608945182,-0.015121623437565452,0.08759734625782005,SELL,50.3,1.69231
SWVL,Unknown,15046159.0,True,4182989.0435891366,0.3880136620115854,3.596987427700724,1,None,Stable,Very High,0.3068380281108135,0.03,-36.55248540283511,0.11,INSUFFICIENT_LIQUIDITY,50.3,
YELP,Unknown,1278533888.0,True,7531870860.784752,115.71471594384317,0.16974984192264664,5,Narrow,Positive,Medium,-0.1,0.07363789137150749,0.10058783850572676,0.075,SELL,50.3,
OOMA,Information Technology,470643712.0,True,947321150.3419163,33.692919787919536,0.49681537441672313,5,None,Positive,Medium,-0.049027930791832264,0.08532052316161276,-0.10295666622160903,0.07154450572401173,INSUFFICIENT_LIQUIDITY,50.3,1.28571
FLS,Industrials,9393816576.0,True,6659424481.621878,50.84345186344282,1.4106048656192842,1,Narrow,Positive,Low,0.10303534963506464,0.06337447063241722,0.08616633115418307,0.06190552856855172,SELL,50.3,1.63636
JBI,Materials,695601536.0,True,1978303627.0356617,14.156759913353758,0.35161515476888966,5,Narrow,Stable,Medium,-0.09233246973305514,0.03,0.10701789587037121,0.06113001394046451,INSUFFICIENT_LIQUIDITY,50.2,
USNA,Materials,332888128.0,True,3807522289.7423735,204.99204747186246,0.087429068740271,5,Wide,Negative,Medium,-0.1,0.03,0.7057122189819254,0.07372667882136341,INSUFFICIENT_LIQUIDITY,50.2,
VBNK,Unknown,619123200.0,True,3007519473.901515,95.45650221841744,0.20585841766698199,5,Narrow,Stable,Medium,-0.1,0.22768515618758878,0.14359500809784606,0.07164530173091145,INSUFFICIENT_LIQUIDITY,50.2,2.33333
PAG,Consumer Discretionary,11244438528.0,True,12746910512.067875,192.55430482011923,0.8821304987867107,4,Narrow,Negative,Medium,0.0025972268486488103,0.039481361566844474,0.07715719517382147,0.06371720756752247,SELL,50.2,2.0
INVX,Industrials,1842071936.0,True,2241382331.1552215,32.30522796444704,0.8218463714981573,4,None,Positive,High,0.21057975560587333,0.25,0.025691773758282032,0.08936118157389886,SELL,50.2,
XPEV,Unknown,15244223488.0,True,3360815045.919975,1.765143863081865,4.535870995491545,1,None,Positive,Very High,0.4,0.25,-0.30864101062421406,0.09439598664170266,SELL,50.2,1.74074
MOS,Materials,7068909568.0,True,6986409936.467297,21.90783924887832,1.0118085872834452,3,None,Negative,High,0.03141753087682864,0.03,0.046075255089882534,0.06955966448778694,SELL,50.2,2.55
ACAD,Health Care,3691845376.0,True,13152653031.41362,77.40542865373278,0.2806920677662861,5,Narrow,Positive,Very High,-0.021382767406563474,0.21762347913780755,-26.47745600867941,0.11,SELL,50.2,
LUNR,Health Care,4710879744.0,True,361491465.40485966,3.1317859381558573,13.031786901867669,1,None,Stable,High,0.4,0.25,,0.08690603748500543,SELL,50.2,1.55556
ESNT,Financials,5293260288.0,False,12754508153.479809,127.51575291162841,0.41501092980648113,5,Narrow,Stable,Medium,-0.1,0.03257862191870444,6.710741573737243,0.07230040924289857,SELL,50.2,2.125
HDSN,Industrials,225488704.0,True,436642233.0231465,9.679252764425064,0.5164152410058942,5,Narrow,Negative,High,-0.09970255675732326,0.03,0.09691186199062475,0.09,INSUFFICIENT_LIQUIDITY,50.2,
WTBA,Financials,410206944.0,False,2798264205.401692,164.58441391610938,0.14659335712766072,5,Narrow,Stable,Medium,-0.1,0.11649568265363741,,0.0685016934070471,INSUFFICIENT_LIQUIDITY,50.2,
NEOG,Health Care,1937289984.0,True,2772053215.06718,12.780631142142092,0.6988646442536097,5,Narrow,Negative,High,0.08640534324786422,0.1225304729434843,0.12788342126742025,0.0751760040537754,SELL,50.2,
GHM,Industrials,1185894784.0,True,217107070.47120553,19.61929066249824,5.462257776433323,1,None,Positive,Medium,0.4,0.1891242711094417,0.04888747521647513,0.07499827080983042,SELL,50.1,1.6
HCI,Financials,2003819520.0,False,14038495021.176575,1090.1145380630978,0.14273748838300038,5,Narrow,Negative,Medium,-0.1,0.2430871355727816,0.1548738453418597,0.07396629678655829,SELL,50.1,1.75
BRX,Financials,9505798144.0,False,4274225151.5488224,13.883394566300996,2.223981612329301,1,None,Stable,Low,0.13052969604663456,0.04655188041315981,0.043336968864450195,0.05710616156611266,SELL,50.1,1.5
MDGL,Health Care,11227645952.0,True,32949632227.86815,1468.7160972576446,0.34075178364218217,5,Narrow,Stable,Medium,0.14784158375419143,0.28,,0.07407298719990049,SELL,50.1,1.38462
CHD,Consumer Staples,22921922560.0,True,17748029092.258526,72.64850221964194,1.2915193253767125,1,Narrow,Negative,Low,0.08515088584559927,0.03862149474275793,0.15160478925635457,0.06310881273789887,SELL,50.1,2.2381
NCSM,Energy,136475200.0,True,239430436.31051782,87.19243856901596,0.5699993789553348,5,None,Positive,Very High,-0.04386836946898992,0.12354228067119788,-0.05315780184183477,0.10647022603511537,INSUFFICIENT_LIQUIDITY,50.1,
ITRG,Unknown,487426528.0,True,639374271.7143391,3.775928941376487,0.7623492992501477,5,None,Positive,Medium,0.19746537600372915,0.25,-0.7962005590764676,0.075,INSUFFICIENT_LIQUIDITY,50.1,1.57143
BSX,Health Care,72162541568.0,True,225158766522.12418,150.658257960605,0.3204962555206985,5,Narrow,Positive,Low,-0.004995041700905487,0.15888451577332038,0.06460771276686159,0.06205203230370307,HOLD,50.1,1.48387
UCB,Financials,3990352640.0,False,21488931902.27868,176.9553917033415,0.1856933912837643,5,Narrow,Stable,Medium,-0.1,0.15396496121610923,,0.0734554928385864,SELL,50.1,
STVN,Unknown,5039647744.0,True,5735085501.097717,21.010760335063537,0.8787397752021991,5,Narrow,Negative,Low,0.09438242517236295,0.11076283367358238,0.1451237489002762,0.06338764914842805,SELL,50.1,1.6
DIS,Communication Services,173147553792.0,True,216000091418.7592,119.27117140737668,0.8016087060644757,4,None,Positive,Medium,0.00909387952528895,0.06497016442926076,0.052587844884508274,0.06883790304787309,SELL,50.1,1.46667
PBH,Health Care,2235019008.0,True,3366637669.7246094,69.10175840978262,0.6638727499840589,5,Narrow,Stable,Medium,-0.03701615827911922,0.03,0.0786777181253984,0.06514957420208647,SELL,50.1,1.57143
BKR,Energy,62093578240.0,True,47026118376.82218,47.309978246299984,1.3204061994324443,1,Narrow,Positive,Medium,0.09840392864291758,0.0641673762903264,0.04120305980528512,0.07218329097585548,SELL,50.1,1.77273
TIGR,Unknown,800578944.0,True,18670033844.496986,6.649506186625228,0.042880422749526595,5,Narrow,Positive,High,-0.1,0.28,0.0545079679793723,0.08215857134655698,INSUFFICIENT_LIQUIDITY,50.0,1.55556
OESX,Information Technology,38618148.0,True,1833380.346807438,0.5148974299527921,21.063904206919105,1,None,Negative,High,0.22002318414816935,0.03,-0.36292333674116445,0.08376551519855911,INSUFFICIENT_LIQUIDITY,50.0,1.0
WAT,Health Care,35873181696.0,True,18366479907.30298,307.6153134911563,1.9531876482077501,1,Wide,Negative,Low,0.11033425569519661,0.0333500402180396,0.47139248561519775,0.06418667644253319,SELL,50.0,1.81818
CFR,Financials,8801634304.0,False,56814877364.858154,886.3580775306276,0.15491777351690802,5,Narrow,Stable,Medium,-0.1,0.14178908056202869,,0.07422023816213401,SELL,50.0,2.8
LYV,Communication Services,37250338816.0,True,62567976267.54518,269.87066866662315,0.595357897732138,5,Narrow,Positive,High,0.20821203748589034,0.27082466787460135,0.084153046307916,0.0816018982371711,SELL,50.0,1.54167
IZM,Unknown,4638991.0,True,47385618.29945502,4.1013480911955345,0.09789871202447417,5,None,Stable,Medium,-0.1,0.03,0.026698904328639854,0.05120915876574805,INSUFFICIENT_LIQUIDITY,50.0,
ASTE,Industrials,1154919808.0,True,374668948.643793,16.21907973114498,3.0825074033503927,1,None,Positive,Medium,0.18321919660117914,0.049770811195580356,0.04515698997206859,0.06769623347950973,SELL,50.0,
AQN,Utilities,4625690112.0,True,2256095620.1816463,2.920863291183109,2.0503076512455483,1,Narrow,Stable,Medium,0.06681874094429163,0.03,0.030090520006732603,0.05238335277244388,SELL,49.9,2.58333
KDP,Consumer Staples,41537880064.0,True,34694702386.12265,25.458396232846088,1.1972398437582366,2,None,Stable,Medium,0.08662111729450761,0.0652537792153744,0.06031300653550002,0.06617097021587551,SELL,49.9,2.05882
OSK,Consumer Discretionary,8138716160.0,True,16683931418.607365,258.4488549565302,0.4878176465603904,5,Narrow,Positive,Low,-0.055502571103161535,0.06191835519021449,0.14374767169977357,0.06243231811915442,SELL,49.9,1.94444
LCTX,Health Care,296664992.0,True,301618223.4954829,1.3107225203613957,0.9835778109224322,3,Narrow,Negative,Very High,0.27743356186744983,0.28,-0.5785270551331446,0.10998452502873349,INSUFFICIENT_LIQUIDITY,49.9,
XMTR,Industrials,4456131072.0,True,265956148.51124114,5.234113430982329,16.755134622547196,1,None,Positive,High,0.4,0.25,-0.15616954252552354,0.0868129373165167,SELL,49.9,1.88889
MSBI,Financials,591421184.0,False,4869198900.194212,223.0191473603156,0.12146170163153752,5,Narrow,Positive,Medium,-0.1,0.04757622947677417,0.1324204390295137,0.06168130052687082,INSUFFICIENT_LIQUIDITY,49.9,
FSV,Unknown,6469160448.0,True,8628033100.26551,188.57368704414154,0.7497839163135482,5,Narrow,Stable,Low,0.10246928221697382,0.13478475551668403,0.11292087633679393,0.06191046436709059,SELL,49.9,1.7
EOG,Energy,73385558016.0,True,141347054554.35004,258.8773892936814,0.5191870339808331,5,Wide,Positive,Medium,-0.04701705999163591,0.04907749208148435,0.13066495234981093,0.0719211017827433,SELL,49.9,2.19355
BWBBP,Financials,,False,18331655855.692673,650.7543100304937,,,Wide,Positive,Medium,,0.18163160424746186,0.40218012202069586,0.04345,INSUFFICIENT_LIQUIDITY,49.9,
APD,Materials,62873894912.0,True,20812025305.99022,93.45318951948909,3.021036827871977,1,Narrow,Negative,Medium,0.15034322575263503,0.03,0.11140038290104265,0.06806977019073542,SELL,49.9,1.91304
FLNC,Information Technology,4222557952.0,True,1114425151.4159172,8.552293936199126,3.7890009451375795,1,None,Positive,High,0.4,0.14557928505749151,-0.3088180850372127,0.08605668785816527,SELL,49.8,2.75
CFFN,Financials,976482816.0,False,12417731528.726463,95.52980711529096,0.07863616746271741,5,Narrow,Negative,Very High,-0.0112361213735871,0.2579523327572225,0.04687438718631953,0.0656499722912898,INSUFFICIENT_LIQUIDITY,49.8,
WHR,Information Technology,2558568704.0,True,10883805853.965889,193.66202587127916,0.23508033295795125,5,Narrow,Negative,Medium,-0.07390608877213739,0.03,0.10929043581955367,0.0523415824997429,SELL,49.8,
DDOG,Information Technology,83333840896.0,True,100731033284.74918,277.1356068273462,0.8272906390270978,4,Narrow,Positive,Medium,0.2559362262886856,0.28,-0.15629083727939827,0.07463201122820395,HOLD,49.8,1.4375
XP,Unknown,7925832192.0,True,13737784748.775244,25.054365704590293,0.5769366995436879,5,None,Stable,Very High,-0.1,0.03,,0.05634779530899115,SELL,49.8,1.69231
ACLS,Industrials,4522800128.0,True,2816058247.785371,88.9244110074956,1.6060747790131331,1,Narrow,Positive,Medium,0.1294545463924136,0.03,0.17970533216456921,0.07470746064074969,SELL,49.8,
PINE,Financials,348936768.0,False,464931831.8334782,29.894721832775154,0.7505116752792623,4,Narrow,Stable,High,0.15623890181784483,0.17499073853976208,0.010840168829915663,0.06549905774829287,INSUFFICIENT_LIQUIDITY,49.8,1.45455
UDR,Real Estate,14524213248.0,False,4653189196.378595,14.055722788733512,3.121345948989922,1,None,Positive,Medium,0.1751006862787553,0.0542155461088563,0.02592690072794048,0.06591568769967904,SELL,49.8,2.45455
VICI,Real Estate,29999095808.0,False,69425635407.88623,65.32990370448681,0.4321040150623141,5,Narrow,Positive,High,0.20494933750702293,0.28,0.0314266409627305,0.07330649221664606,SELL,49.8,1.79167
EVRG,Utilities,19194818560.0,True,23635531824.666283,101.17950267408511,0.812117057589036,4,Narrow,Positive,Medium,0.004631455732329592,0.03,0.05545053881144399,0.055420612837782504,SELL,49.8,
TSAT,Unknown,2289427968.0,True,-871509594.4706836,-59.526798544726404,,,None,Negative,High,0.20343682889712855,0.03,0.07045978303762751,0.06297025280761104,SELL,49.7,
KRNY,Financials,522972160.0,False,2215275334.2285957,35.32233137044128,0.23607546742360566,5,None,Negative,Medium,-0.1,0.07440191414671435,0.04088676052981088,0.0527223311271024,INSUFFICIENT_LIQUIDITY,49.7,
EL,Consumer Staples,30206257152.0,True,81678809809.25327,226.82257653222234,0.3698175478137046,5,Wide,Negative,Medium,-0.07593373240073448,0.03,0.252455967946416,0.06884777955003046,SELL,49.7,2.4
IRDM,Communication Services,5007265792.0,True,1731757772.6065717,16.05903143268611,2.891435436991437,1,None,Positive,High,0.1978906703800049,0.07477088699525317,0.02677366260751881,0.07789080872776354,SELL,49.7,2.1
DGICB,Financials,709499904.0,False,808161928.6922877,25.864492373176972,0.8779179998593403,5,None,Positive,Low,-0.024157185326017017,0.038485391703455774,0.05839623384686808,0.06398690383175658,INSUFFICIENT_LIQUIDITY,49.7,
HERE,Unknown,96804616.0,True,1559352077.471972,9.439391953431798,0.06208002502997273,5,None,Stable,Medium,-0.1,0.03,,0.07450298553995402,INSUFFICIENT_LIQUIDITY,49.7,1.0
ONTO,Health Care,12597061632.0,True,3774833788.1724534,76.61059379726125,3.3371169007414063,1,Narrow,Negative,Medium,0.265954796220348,0.08148598831893353,0.1578925794497389,0.075,SELL,49.7,1.125
MIR,Health Care,4178719488.0,True,500187517.07195425,1.9152971697617278,8.354305826066572,1,None,Positive,High,0.32400219597523283,0.08298763539348934,0.0023619864490120176,0.07962000823467887,SELL,49.7,
HIHO,Unknown,3562073.0,True,7912901.522546073,1.7976410971690318,0.4501601580470395,5,None,Negative,High,-0.1,0.03,-0.04408024754049737,0.09,INSUFFICIENT_LIQUIDITY,49.6,
LVLU,Consumer Discretionary,24633884.0,True,323767981.2195835,115.64249050251364,0.07608499119402727,5,None,Negative,High,-0.1,0.03,-0.27996295295734447,0.07283475576136911,INSUFFICIENT_LIQUIDITY,49.6,
PNC,Financials,91705311232.0,False,429232383583.374,1083.9201605640758,0.21364956312572156,5,Narrow,Stable,Medium,-0.1,0.10075434638351988,,0.06289341302069323,SELL,49.6,1.7619
ATRC,Health Care,1372370304.0,True,4631504052.040142,96.99484925738517,0.29631201626510106,5,Narrow,Positive,High,-0.02976519844272313,0.17171948020396594,-0.10240893953346254,0.08799208976242018,SELL,49.6,
HWBK,Financials,251104656.0,False,1095606621.6076677,157.82290717482968,0.2291923497427707,5,Narrow,Stable,Medium,-0.1,0.07411537023735035,3.833564166278074,0.06312422689831813,INSUFFICIENT_LIQUIDITY,49.6,
FDMT,Health Care,451666880.0,True,1724433390.9641895,29.767444032871804,0.26192190569185025,5,Narrow,Positive,Very High,-0.1,0.28,-1.7309707333574402,0.11,INSUFFICIENT_LIQUIDITY,49.6,1.54545
INSG,Information Technology,185880000.0,True,19059189.199810162,1.259776019996666,9.75277584220904,1,None,Positive,High,0.34011605544398105,0.03,-0.2998868949650313,0.0814854123899407,INSUFFICIENT_LIQUIDITY,49.6,1.5
LMT,Industrials,120760000512.0,True,166030649820.6666,711.0520334932188,0.7273355891965464,5,Wide,Negative,Low,0.0030099770454832973,0.03870783543849874,0.36189468191157936,0.06171742946567932,HOLD,49.6,2.61905
ADV,Industrials,515192096.0,True,-554479787.3119661,-42.70958183334685,,,None,Negative,Very High,0.1464041134259263,0.03,-0.004206227407207454,0.05911249537366178,INSUFFICIENT_LIQUIDITY,49.6,
JCI,Industrials,87643103232.0,True,17239707377.956085,26.356378807454647,5.083792973427536,1,None,Positive,Low,0.2503863102428542,0.03,0.044613796601628314,0.06281678399329138,HOLD,49.6,2.13636
HON,Industrials,135582760960.0,True,124297774133.71426,193.36928147746463,1.0907899349359693,2,Wide,Negative,Low,0.049316093001519845,0.03889516322900501,0.17558329080577673,0.060620669318035024,HOLD,49.6,2.03846
BMO,Financials,115127476224.0,False,911475199139.5281,25204.39060926402,0.1263089509541075,5,Narrow,Stable,Medium,-0.1,0.15537341019570505,,0.06645819476284813,HOLD,49.6,2.64286
PACB,Health Care,450372480.0,True,-355987761.77801937,-1.1867880669625495,,,None,Negative,Extreme,0.4,0.03,-1.7079798002143256,0.08107850282300466,INSUFFICIENT_LIQUIDITY,49.6,2.0
AFG,Financials,11005582336.0,False,25029332660.96421,299.7524869576552,0.43970738193768644,5,Wide,Negative,Low,-0.06178492410721853,0.04288326770134159,0.19327187434919937,0.06194197121249529,SELL,49.5,2.42857
EA,Communication Services,50902552576.0,True,40376081437.24615,159.5892546926725,1.2607105683377038,1,Wide,Positive,Low,0.06140067514057973,0.03,0.22763322109531528,0.06438913447133125,CORP_ACTION_REVIEW,49.5,2.89474
NICE,Unknown,5457741824.0,True,27704057998.358482,437.5038769224213,0.1970015304011918,5,Wide,Positive,Low,-0.1,0.11286340708765889,0.10428653395583326,0.065,SELL,49.5,
RTX,Industrials,243736231936.0,True,155067145857.8445,114.32257878048107,1.5718109118964603,1,None,Stable,Low,0.16950836973521566,0.10338429992734591,0.05207865484408372,0.0620997353808968,HOLD,49.5,1.82609
VRA,Materials,87589816.0,True,397271569.3633547,14.238103697346236,0.22047844032827862,5,None,Negative,Medium,-0.1,0.03,0.05308250990818898,0.075,INSUFFICIENT_LIQUIDITY,49.5,3.0
ORGO,Health Care,311392416.0,True,2046101976.157662,15.709227811220162,0.152188121427241,5,None,Negative,High,-0.1,0.08542364614085991,0.013648705304426773,0.08350864359020889,INSUFFICIENT_LIQUIDITY,49.5,3.0
ONIT,Financials,310555616.0,False,-2018498325.271244,-233.69527769253642,,,None,Positive,High,0.06747680820603899,0.03,0.025789097337234473,0.04441344572015641,INSUFFICIENT_LIQUIDITY,49.5,
BLKB,Information Technology,1300337792.0,True,892865771.9216428,18.42101279845558,1.456364251931607,1,None,Positive,Medium,0.06611091030937699,0.03392346448810115,0.05700633202002418,0.06047284858035361,SELL,49.4,
AIP,Information Technology,1582775552.0,True,934593269.6724768,22.09930456852563,1.693544778633678,1,Narrow,Stable,Medium,0.23095543305523647,0.15979389973926306,,0.075,SELL,49.4,
PRI,Financials,8289956352.0,False,31356042366.921898,959.4872205300459,0.26438146290889175,5,Wide,Negative,Medium,-0.1,0.0676515110942705,0.6215524340721339,0.06923031111564057,SELL,49.4,
CZR,Consumer Discretionary,5947852288.0,True,29479820999.15725,141.72990864979448,0.20176012222631995,5,Narrow,Positive,High,-0.07200580135471285,0.03,0.05530386325381148,0.05236645758966198,SELL,49.4,2.375
CCI,Real Estate,41240346624.0,False,1463786552.4034271,3.349625978039879,28.173743334563678,1,None,Positive,High,0.19869695873765336,0.03,0.060769480843162166,0.07261987820408644,SELL,49.4,2.19048
DAO,Consumer Discretionary,1406599808.0,True,771505156.3442749,6.437195513669958,1.8231891212044236,1,None,Stable,Very High,0.1872197931491031,0.06645416014060176,,0.10427320242369933,SELL,49.4,1.375
IVZ,Financials,12124163072.0,False,23033331180.094902,50.622705890318464,0.5263747122464657,5,None,Negative,Medium,-0.07597797490762187,0.03,0.06123741213568801,0.0708720468097284,SELL,49.4,2.41667
LWLG,Materials,1562367488.0,True,74159477.5547811,0.5765389993697216,21.067671179936372,1,Narrow,Positive,High,0.4,0.28,-3.35243393931736,0.09,SELL,49.4,
LBTYK,Communication Services,3830643968.0,True,16325136746.221386,47.69703158402427,0.23464697585988922,5,None,Negative,Very High,-0.1,0.03,0.01832465863048163,0.06396655498760696,SELL,49.4,
BCRX,Health Care,2137507840.0,True,20524311217.243073,93.8979655928149,0.10414516800954651,5,Narrow,Positive,Very High,-0.03291709994828956,0.28,-2.6179347840491856,0.09803708343330331,SELL,49.4,
LRN,Consumer Discretionary,4252909312.0,True,7000563785.361576,144.598767026328,0.6075095438588792,5,Narrow,Positive,Medium,0.04652309527581233,0.12877526458858632,0.09959278007813663,0.07166195622970131,SELL,49.4,2.0
CORZ,Financials,8217334784.0,False,-651291646.1441356,-2.047649075493717,,,None,Stable,High,0.4,0.03,0.05871518508456461,0.08467989451013049,SELL,49.3,1.3125
IFF,Materials,18639706112.0,True,9230203257.522259,36.05548147469632,2.019425314042717,1,None,Negative,High,0.12906902097388173,0.03,0.036819011777060824,0.0786732147111198,SELL,49.3,1.68421
PPL,Utilities,26889003008.0,True,55933792623.3237,75.2457699803103,0.48072912182228134,5,Narrow,Stable,High,0.00013902979417623756,0.0881282492429647,0.04477803434439053,0.05592917425345747,SELL,49.3,1.6875
ROP,Information Technology,33522726912.0,True,66004581719.803375,610.0238606266486,0.5078848473626819,5,Wide,Positive,Medium,0.0720995612573162,0.13085652612336485,0.060599167379764785,0.06814757095749714,SELL,49.3,
CDNA,Health Care,1149423488.0,True,1035549625.5698683,19.433239158167808,1.1099646599432318,3,None,Positive,Very High,0.12774110026384322,0.10396775167018402,-0.4505754353138943,0.11,SELL,49.3,2.14286
ALG,Industrials,1817585280.0,True,2470608566.43886,204.57138084283017,0.7356832258619871,5,Narrow,Positive,Low,-0.03183325987806557,0.03,0.10818348631781359,0.06280863121077118,SELL,49.3,
CGNT,Information Technology,662616064.0,True,915185005.6948931,12.55225628439025,0.7240241698419005,4,None,Positive,High,-0.04478524487794641,0.03,-0.049107142857142856,0.09,INSUFFICIENT_LIQUIDITY,49.3,2.0
SF,Financials,10848573440.0,False,47278029216.14926,429.5971832965258,0.22946331773690637,5,None,Stable,Medium,-0.1,0.08766257707868044,,0.07315853255999694,SELL,49.3,2.375
USFD,Industrials,18632955904.0,True,11557473446.44844,50.24988454977583,1.6121997589123447,1,Narrow,Positive,Medium,0.11107476948552464,0.06613730130552913,0.07315142288322249,0.06794359771846527,SELL,49.3,1.46667
RPM,Materials,13442823168.0,True,13147215859.170097,102.54918613436475,1.0224844036940124,3,Narrow,Positive,Low,0.03657520875059228,0.03213589511025594,0.11724156839733865,0.06145515793378547,SELL,49.3,1.28571
FITBI,Financials,,False,238481726189.46667,354.6181611895886,,,Narrow,Stable,Medium,,0.07450977600293197,,0.04345,INSUFFICIENT_LIQUIDITY,49.3,
SCL,Materials,1164739200.0,True,2003657411.732553,87.53418137756894,0.5813065612812799,5,Narrow,Negative,Medium,-0.03666802912383765,0.03,0.11857455357792539,0.0639627344721804,SELL,49.3,
NLOP,Financials,176731920.0,False,638693434.1149035,43.1139598061238,0.27670852800438406,5,None,Stable,High,-0.1,0.03,-0.07085507894693242,0.08486766779478343,INSUFFICIENT_LIQUIDITY,49.3,
AP,Industrials,198385552.0,True,-76428400.90524437,-3.7950444860839347,,,None,Negative,Very High,0.28031884309923016,0.04109090873036392,-0.07525002542927456,0.08321535878366063,INSUFFICIENT_LIQUIDITY,49.3,
PRKS,Communication Services,1921715456.0,True,5298945487.295105,96.36023144323808,0.3626599784065635,5,Narrow,Negative,Very High,-0.07065002548119109,0.03,0.12300002793300593,0.07423096024754759,SELL,49.2,
SIBN,Health Care,670561152.0,True,2581289993.1117463,60.08609510031287,0.2597775351817942,5,Narrow,Positive,High,0.007526432454039373,0.2142182532252308,-1.3325262594705356,0.08765519579455658,INSUFFICIENT_LIQUIDITY,49.2,1.375
WRBY,Health Care,2788090112.0,True,2566221389.4583297,20.513360427324777,1.08645735845437,3,None,Positive,Medium,0.14804942960001843,0.1324852800624317,-0.8480793469426219,0.075,SELL,49.2,1.76923
DBX,Information Technology,6420433920.0,True,12151408330.657936,44.54328566956721,0.5283695309457489,5,Narrow,Stable,Medium,-0.04061606380703403,0.03,1.647090118430792,0.06454997442395653,SELL,49.2,3.5
LIVE,Consumer Discretionary,27675622.0,True,1485542667.8733668,321.80054698529244,0.018629974485767628,5,Narrow,Negative,High,-0.1,0.125652070245084,0.06206644686731799,0.052114941346837695,INSUFFICIENT_LIQUIDITY,49.2,
CVCO,Materials,4225496576.0,True,6505118304.185933,818.6607336785783,0.6495649084938185,5,Wide,Negative,Low,0.035478477134263886,0.09755516945972445,0.2038807391597065,0.065,SELL,49.2,1.33333
PH,Industrials,111251070976.0,True,64490191884.98073,495.31637392458316,1.7250851288273112,1,Narrow,Positive,Low,0.13073751257256128,0.05887507283186566,0.1272323444667026,0.06333998446788729,HOLD,49.2,1.65385
ZTS,Health Care,33303484416.0,True,73767751767.5517,166.20535056395212,0.4514640017895901,5,Wide,Stable,Low,-0.03646825472279762,0.05130535333863677,0.25110248328682605,0.06039844442241461,SELL,49.2,2.05
ALLT,Information Technology,361786336.0,True,304899383.9568648,6.601698745816845,1.1865761462187252,2,None,Positive,High,0.0844646544573967,0.03,-0.29614484100645944,0.09,INSUFFICIENT_LIQUIDITY,49.2,1.16667
MIRM,Health Care,5700525568.0,True,8878426147.159616,176.8670540574362,0.6420648742822184,4,Narrow,Positive,Very High,0.22401250813630302,0.28,-0.3759221895437549,0.10656973646310293,SELL,49.2,1.28571
ATRO,Industrials,3036395008.0,True,516251659.84404707,14.565687437407869,5.881617908826202,1,None,Positive,High,0.4,0.1552823157977184,0.0174326739393574,0.08538136894623753,SELL,49.1,1.6
AAL,Industrials,8928699392.0,True,615494669138.7651,931.0835897006062,0.014506542200428055,5,Wide,Positive,Very High,-0.1,0.10462034971062732,0.09983926823409461,0.058744968914481735,SELL,49.1,2.19231
YETI,Consumer Discretionary,3588671488.0,True,6697959777.781914,82.08787030800801,0.5357857626891303,5,Wide,Negative,Medium,-0.016049455148498037,0.06818193108272194,0.35401513781895333,0.0743670175609958,SELL,49.1,2.0
CDXS,Materials,232695216.0,True,239659432.71017262,2.750217262745549,0.9709411950474127,3,None,Negative,Very High,0.021875385119256463,0.03,-2.6154911951372126,0.10021632831111835,INSUFFICIENT_LIQUIDITY,49.1,
RXT,Information Technology,1172591872.0,True,-2625381012.2260113,-10.998663645689197,,,None,Negative,Very High,0.3291970505376828,0.03,-0.10018879113376965,0.0615013846410489,SELL,49.1,
FITB,Financials,47137263616.0,False,137408611459.9912,204.32420507072345,0.34304446508234165,5,Narrow,Stable,Medium,-0.1,0.07450977600293197,,0.06757207727436705,SELL,49.1,1.7
CLOV,Financials,2017200896.0,False,303106599.2119171,0.5920430667867839,6.655087356213162,1,None,Positive,Very High,0.4,0.13578668306536767,-0.5865316439959803,0.10530107429806604,SELL,49.1,2.33333
BFRI,Health Care,11971127.0,True,89244631.79913977,8.773626122257513,0.134138342650604,5,None,Negative,High,-0.1,0.13071653733548386,-2.9346925395066945,0.07710046426576318,INSUFFICIENT_LIQUIDITY,49.1,
SMRT,Information Technology,212121872.0,True,102918972.24199669,0.5425955020956283,2.061057037192628,1,None,Positive,Very High,0.3663937416733871,0.03,-0.5014225364255539,0.11,INSUFFICIENT_LIQUIDITY,49.1,
FOXA,Communication Services,28106262528.0,True,115286169530.13586,250.0784588506201,0.243795614361643,5,Narrow,Positive,Low,-0.1,0.054213921626716434,0.13367176747766452,0.060900886715800746,SELL,49.0,
SLB,Energy,82033811456.0,True,72257257464.19441,50.28340811704552,1.1353020351851875,2,Narrow,Positive,Medium,0.10035139801542259,0.08550478976513931,0.07176659020847842,0.07108074582094737,HOLD,49.0,1.62069
ISRG,Health Care,149477965824.0,True,188308616092.48294,519.1855971670332,0.7937924930136374,5,Wide,Positive,Low,0.14121626301376555,0.1667778198252674,0.21399160819678592,0.065,HOLD,49.0,1.93939
WM,Industrials,88507293696.0,True,83936244663.41006,207.6601797709304,1.0544585840231493,2,Narrow,Stable,Low,0.10291240417020064,0.0976346360457053,0.11558907287620854,0.06056927721189043,HOLD,49.0,1.75
ATKR,Information Technology,2721979136.0,True,8199045969.509669,240.90042513617362,0.3319873002447361,5,Narrow,Negative,Medium,-0.1,0.03,0.1887937076143472,0.06810991877327913,SELL,49.0,2.5
RCL,Consumer Discretionary,75094589440.0,True,156837682906.65424,571.4837136164267,0.47880450697996074,5,None,Positive,High,0.13991384189358624,0.25,0.07026776735544046,0.07969707610982546,SELL,49.0,1.71429
FIVN,Information Technology,1800784896.0,True,5620905735.409483,63.87247716426312,0.32037272652621934,5,None,Positive,Medium,-0.05008101518378577,0.1524051288427492,-0.07750038160845263,0.06572291967374876,SELL,49.0,
DOC,Real Estate,13643616256.0,False,10285546959.343437,14.777150524023535,1.326484270591568,1,Narrow,Positive,High,0.13573591651616412,0.11547681147204737,0.024235956935732127,0.07048573886036491,SELL,49.0,2.26316
ISSC,Information Technology,309544512.0,True,1052738029.0932403,59.046277444953986,0.2940375510768063,5,Narrow,Negative,High,0.1346928466096705,0.28,0.1228314092781434,0.08663255127880695,INSUFFICIENT_LIQUIDITY,49.0,1.0
PLUG,Information Technology,4485147136.0,True,-356349844.7160604,-0.3107635675013985,,,None,Negative,Very High,0.4,0.03,-0.8287485033378152,0.10068317812575565,SELL,49.0,2.8
BN,Real Estate,99618365440.0,False,-68507050349.82953,-30.48280250504117,,,None,Stable,Medium,0.13923403151099945,0.03,0.03525456046956354,0.052199147432963736,SELL,49.0,
HGV,Consumer Discretionary,3905358848.0,True,19938412279.11165,217.90614512690325,0.19587110514769646,5,Narrow,Negative,Very High,0.05167068066054664,0.17805944474868435,0.07472230297236684,0.06672541456192327,SELL,48.9,2.3
BKNG,Consumer Discretionary,128505839616.0,True,537619615224.98615,658.8677535769921,0.23902743868863888,5,Wide,Negative,High,0.022685990128635584,0.2001219656100448,0.3334801277111087,0.08407667818960592,SELL,48.9,1.54054
AGM.A,Financials,1525369216.0,False,22325275117.42695,2032.7119291110762,0.06832476679354817,5,None,Stable,Very High,0.10998198844082549,0.25,0.016472095706916046,0.04637432883917147,SELL,48.9,
BBW,Consumer Discretionary,427358880.0,True,1217497710.2199266,93.05641959955524,0.35101411395903376,5,Wide,Negative,Medium,-0.09232508113614488,0.0567270879660259,0.2595062216320187,0.075,INSUFFICIENT_LIQUIDITY,48.9,1.25
SKWD,Financials,1863359232.0,False,17915461961.63449,428.5170840472786,0.10400843896687323,5,Narrow,Stable,Low,-0.04709956078663752,0.26446062907643575,0.1669497825315702,0.06369635564189757,SELL,48.9,1.92308
OPK,Health Care,1087332864.0,True,40294547.58879864,0.05364503148724271,26.984615265968745,1,None,Negative,Very High,0.4,0.03,-0.11309860467168738,0.09408690372314987,SELL,48.9,
FNF,Financials,12758067200.0,False,37870543470.68283,139.22993923045158,0.3368862981825585,5,Wide,Negative,Medium,-0.09323003084351889,0.03152281549046012,0.16279449812056984,0.06690934512717144,SELL,48.9,1.6
HSAI,Unknown,2905559296.0,True,1744814633.1376734,11.91511042016544,1.665253856092998,1,None,Stable,High,0.3747177007849013,0.25,-0.15118378402375088,0.08807447937256457,SELL,48.9,1.22727
MTA,Unknown,655968192.0,True,22281314.361863922,0.24085214821404585,29.44028262186978,1,None,Positive,Very High,0.4,0.25,-0.03815121421765427,0.10878721867270232,INSUFFICIENT_LIQUIDITY,48.8,1.75
OLLI,Consumer Discretionary,4636767232.0,True,7914612745.701886,128.124143973935,0.5858489077078401,5,Narrow,Stable,Low,0.009798213899934884,0.11423535439504251,0.14760578758108173,0.06499283108538739,SELL,48.8,1.53333
EEFT,Financials,2541131776.0,False,38469584247.28046,840.262793167252,0.06605560797501057,5,Wide,Positive,Low,-0.1,0.08371426213341623,0.21475655106176375,0.05545399139261482,SELL,48.8,2.0
SNDL,Unknown,369625984.0,True,193097432.13628477,0.730887038926724,1.9141941967365184,1,None,Stable,High,0.18864306001154874,0.03,-0.14119551933241478,0.09,INSUFFICIENT_LIQUIDITY,48.8,
BNR,Health Care,97131816.0,True,295948916.59090436,2.7839744698485087,0.3282046682883016,5,None,Negative,High,-0.1,0.03,-3.0667189403182764,0.08987021465108241,INSUFFICIENT_LIQUIDITY,48.8,
PL,Information Technology,11482988544.0,True,1104511692.356174,3.5884137728476517,10.396439099258588,1,None,Negative,High,0.4,0.2148390726220416,-0.7416617688056607,0.08825627221721975,SELL,48.8,2.0
GOLF,Consumer Discretionary,5269864448.0,True,4245923469.4320917,70.1017009665771,1.2411586044684089,1,Narrow,Stable,Low,0.07900499105464098,0.04140744575381365,0.12341134256285058,0.0617293661358427,SELL,48.8,
RACE,Unknown,61098319872.0,True,99078214359.56429,555.6171979719959,0.6166675516604324,5,Wide,Positive,Low,0.08072572547796211,0.13858497977889545,0.27957330879991704,0.06386907845017008,SELL,48.8,1.42857
CRTO,Information Technology,890835456.0,True,2550801051.908119,46.55380188449229,0.3492375288671036,5,Narrow,Positive,Low,-0.1,0.03,0.162017848693252,0.06472865303369474,INSUFFICIENT_LIQUIDITY,48.8,1.66667
SXT,Materials,4775811584.0,True,2481942954.598741,58.268410719538466,1.924222946039512,1,Narrow,Stable,Low,0.11978289754026752,0.044581288857740466,0.08617214575352419,0.06221231860750337,SELL,48.8,
NTRS,Financials,31545008128.0,False,285838142312.51965,1486.831256442839,0.11035968773373299,5,Narrow,Stable,Medium,-0.1,0.16560883257794648,,0.06530468407006551,SELL,48.8,
FEIM,Health Care,672400448.0,True,103070861.88968971,10.719798428464868,6.523671536962872,1,None,Positive,Very High,0.4,0.1624110347813847,-0.06067365982033596,0.11,INSUFFICIENT_LIQUIDITY,48.7,
JHX,Unknown,13149927424.0,True,10114984984.377562,18.542593921865375,1.3000441863541923,1,Narrow,Stable,Medium,0.11404593244056521,0.08863648496415419,0.13646830000818402,0.06677304033056047,SELL,48.7,1.14286
GOOD,Real Estate,622527552.0,False,254785478.40035367,5.474756290706395,2.4433400047305676,1,None,Positive,Medium,0.10247408543370184,0.04247330638017632,0.03256612914633744,0.05682053221099475,INSUFFICIENT_LIQUIDITY,48.7,
BOOT,Consumer Discretionary,5086236672.0,True,5826348771.540993,189.56722861691858,0.8729715421163772,4,Narrow,Negative,Medium,0.11471132157874775,0.1307089479504676,0.12001814225813137,0.07126135168437905,SELL,48.7,1.26667
DNTH,Health Care,4401178624.0,True,409519426.71552163,10.604481863325502,10.747179100388173,1,None,Stable,Very High,0.4,0.03,-1.577526429196687,0.11,SELL,48.7,1.0
CRAI,Unknown,941729280.0,True,1794448528.876269,267.2696647119853,0.5248015002078302,5,Wide,Stable,Low,-0.006856658213986412,0.08310138701709166,0.19886828653701868,0.06424907449738518,INSUFFICIENT_LIQUIDITY,48.7,
JWEL,Unknown,5370056.0,True,28209503.35436485,12.902880605940576,0.19036336558435343,5,None,Negative,Medium,-0.1,0.03,-0.4432066685276257,0.075,INSUFFICIENT_LIQUIDITY,48.7,
SWKHL,Financials,,False,371324475.7171099,30.531530646037652,,,None,Positive,High,,0.03,0.04563315574449879,0.04345,INSUFFICIENT_LIQUIDITY,48.7,
CRL,Health Care,8734735360.0,True,8022063347.424929,161.85262181068776,1.0888389908817957,3,Narrow,Negative,Medium,0.044483753626020195,0.03,0.09029844457230721,0.0687998742750427,SELL,48.7,1.70588
BLDP,Information Technology,1483261184.0,True,530189997.60833484,1.7663813383092928,2.7976031058506003,1,None,Negative,Very High,0.4,0.03,-0.36137835781379524,0.11,SELL,48.6,2.91667
TRX,Unknown,312655552.0,True,357305042.76340795,1.2100647490087928,0.8750381734943133,3,None,Positive,High,0.2248364198830881,0.25,-0.0949818494885896,0.09,INSUFFICIENT_LIQUIDITY,48.6,1.0
SPXC,Industrials,11404770304.0,True,9338726593.454391,192.50740230987594,1.2212339862261006,1,Narrow,Positive,Medium,0.18243853317240954,0.15667609988651207,0.0981373816209469,0.07367083925697461,SELL,48.6,1.25
SITM,Information Technology,16515966976.0,True,1673469341.79455,67.02724964130853,9.869297610369756,1,None,Negative,Very High,0.4,0.25,-0.19259003666163468,0.11,SELL,48.6,1.33333
WHD,Industrials,3930471424.0,True,9615819843.266327,139.329418869323,0.4087505265349155,5,Wide,Positive,Medium,0.01985501712357396,0.14816654850609134,0.24734499824872813,0.07486295046662532,SELL,48.6,2.0
EML,Materials,129664648.0,True,204788932.27460492,33.61397909494803,0.633162381188308,5,Narrow,Stable,Medium,-0.05023767819486996,0.03,0.07884558053061458,0.06786527035841598,INSUFFICIENT_LIQUIDITY,48.6,
GFL,Unknown,12818089984.0,True,-3044468347.229094,-8.039490417151521,,,None,Positive,High,0.4,0.03,-0.005595000614368453,0.07618803560195961,SELL,48.6,1.85
TEX,Industrials,6900965376.0,True,7332675567.754944,110.59842485301574,0.9411251475991428,3,Narrow,Negative,Medium,0.051900563931967736,0.062347905370525813,0.14275625004013281,0.06640479730097014,SELL,48.5,2.07692
BRK.B,Financials,1052825026560.0,False,736176152537.7898,341.2432955961738,1.4301265029173242,1,None,Stable,Medium,0.1270462982587388,0.03983772818774591,0.058531484562516375,0.07155428988558994,HOLD,48.5,1.75
FBYD,Communication Services,719498496.0,True,32400446.787957028,0.8253653379093868,22.206437482443345,1,None,Stable,High,0.4,0.03,-0.5695225640247557,0.08901089279625471,INSUFFICIENT_LIQUIDITY,48.5,
BJ,Consumer Discretionary,11391580160.0,True,16225238723.059067,122.85704665136421,0.7020901420581539,5,Wide,Negative,Low,0.00726224742367132,0.05375557234006161,0.25268109230631286,0.06406079382210476,SELL,48.4,2.17391
OHI,Financials,13865585664.0,False,2098658400.7232237,6.881930273365066,6.606880690645865,1,None,Positive,Medium,0.2108749548194887,0.032051077937145456,0.042059035016266684,0.06759021434260523,SELL,48.4,2.33333
ONC,Health Care,28023203840.0,True,67605040532.951614,45.83921180757043,0.4145135276761074,5,Narrow,Positive,Very High,0.16056956021251934,0.28,-7.2891244120604775,0.10766451339011886,SELL,48.4,1.35714
OPRT,Financials,217258080.0,False,5072901898.066376,105.99763913151581,0.04282717946562532,5,Narrow,Positive,Very High,-0.1,0.03,0.11201161653564856,0.04824274400011552,INSUFFICIENT_LIQUIDITY,48.4,
ASMB,Health Care,453815008.0,True,806727942.088872,71.95903054008453,0.5625378573412624,5,None,Stable,Very High,0.05536252177434753,0.25,-2.117651148355059,0.11,INSUFFICIENT_LIQUIDITY,48.4,1.0
INSM,Health Care,20422416384.0,True,10333003374.43385,51.920987339754234,1.9764259861299962,1,Narrow,Negative,Very High,0.3735921922589426,0.28,-4.244707903458548,0.1082083281455332,SELL,48.4,1.22727
MQ,Information Technology,1645237632.0,True,1237111811.2451024,2.6767578266887853,1.3299021293347248,2,None,Stable,Very High,0.15270896741533735,0.03,,0.11,SELL,48.4,2.85714
SSNC,Information Technology,16836708352.0,True,7835857523.986595,30.95953190038165,2.1486746409643884,1,None,Positive,High,0.12688597718339278,0.060425768804274554,0.06421114809918671,0.0713402161063056,SELL,48.4,1.77778
NMFCZ,Unknown,,True,3654710908.9568233,30.180946393241697,,,Narrow,Positive,Medium,,0.03,0.08848900357519764,0.04345,INSUFFICIENT_LIQUIDITY,48.4,
ABT,Health Care,158626922496.0,True,122864759928.64023,70.57137273327986,1.2910693236053234,1,Narrow,Negative,Low,0.0808980884848357,0.03,0.10871111076689724,0.0633759234543098,HOLD,48.4,1.66667
MNY,Unknown,59026784.0,True,95291224.97964309,2.2258808848236513,0.6194356721997203,5,None,Stable,High,-0.08794395563231422,0.03,-2.9380497586354855,0.09,INSUFFICIENT_LIQUIDITY,48.4,
ITW,Industrials,72707547136.0,True,69695296030.34698,238.43755056567562,1.0432202928636878,3,Wide,Positive,Low,0.034928843882501656,0.03,0.2914171855111692,0.06263356854840882,HOLD,48.3,3.38889
DHI,Consumer Discretionary,41289195520.0,True,69664924608.32512,224.7980787619397,0.5926826986771165,5,Narrow,Negative,Medium,-0.055500399108476525,0.03,0.14832700035632085,0.07101708310827351,SELL,48.3,2.6
OTIS,Industrials,26990585856.0,True,32641069504.52495,82.65654470631793,0.8268903643692914,5,Narrow,Positive,Low,0.00764713361799133,0.03,1.4987727325178577,0.06009388983786628,SELL,48.3,2.4
SVV,Consumer Discretionary,1384335488.0,True,4566145369.7721405,28.051194378710647,0.3031737660312556,5,Narrow,Stable,Low,-0.08496796238333648,0.057883213432553315,0.08354957219557564,0.057655577407241844,SELL,48.3,
ECBK,Financials,158884560.0,False,320554131.7856153,38.565380535196525,0.4956559415252243,5,None,Stable,High,0.16119213476483774,0.25,0.024744790164433022,0.0601191088627629,INSUFFICIENT_LIQUIDITY,48.3,
RBA,Industrials,19466485760.0,True,51691891068.70507,276.5751261032909,0.3765868370752112,5,Narrow,Negative,Medium,0.14208717373064428,0.25175338904971484,0.07916942650656372,0.07144562514293473,SELL,48.2,1.75
ICLR,Unknown,11442987008.0,True,21003842080.168884,265.98796523525954,0.5448044678837155,5,Narrow,Stable,Medium,-0.025465375552844838,0.069463608832993,0.16157328462361498,0.06776912182070613,SELL,48.2,2.11765
ACN,Information Technology,109701316608.0,True,259570142040.64716,410.42968481225927,0.42262686973766583,5,Wide,Negative,Low,-0.04001156103945808,0.06715155292215685,0.5207314679396394,0.06403392684796783,HOLD,48.2,1.92857
IVT,Financials,2606954496.0,False,1120395813.566297,14.301991268250626,2.3268156346477986,1,None,Positive,Medium,0.18152817569029261,0.084139136700535,0.012468136927578697,0.067409614273576,SELL,48.2,1.75
ATR,Materials,7234671104.0,True,7264166854.418297,108.86724397779388,0.9959395549401021,3,Narrow,Positive,Low,0.03940560715667518,0.04035807249677843,0.09941232083064597,0.061334111967437537,SELL,48.2,1.71429
AMPG,Information Technology,131254976.0,True,13477490.504038265,0.6420954553539443,9.738829046896528,1,None,Negative,Very High,0.4,0.25,-0.2621694982418296,0.10998021555104022,INSUFFICIENT_LIQUIDITY,48.2,
WKC,Industrials,1531933184.0,True,9066215379.862328,162.18632164333323,0.16897162926469797,5,None,Stable,Medium,-0.1,0.03,0.06197385874568997,0.06513316393947413,SELL,48.2,
FROG,Information Technology,10174057472.0,True,14518593927.08567,124.94390256087233,0.7007605228919194,5,Narrow,Negative,Medium,0.20795962583664573,0.25308353980095255,-0.4947872205669345,0.075,SELL,48.2,1.33333
FOSL,Information Technology,234042336.0,True,1349918410.8381784,24.958278529742422,0.17337517150735107,5,None,Negative,High,-0.1,0.03,-0.08442549990612264,0.06990144353155328,INSUFFICIENT_LIQUIDITY,48.2,
LZB,Consumer Discretionary,1498575232.0,True,2869793355.435595,67.7717169780516,0.5221892472367708,5,Narrow,Stable,Low,-0.08968178518181408,0.03,0.16994440432828006,0.065,SELL,48.2,
PRCH,Information Technology,1013074304.0,True,2221200785.3744946,21.42196575664006,0.4560930784243333,5,Narrow,Positive,Very High,0.0825684342503813,0.17851065470892996,-0.3821424978250706,0.0914048990849393,SELL,48.2,
SMG,Materials,3355352064.0,True,2798222036.8791695,47.669881377839346,1.1991014364757817,2,Narrow,Negative,High,0.05322290688908826,0.03,0.13728618213212093,0.07204735058438566,SELL,48.1,1.875
GLUE,Health Care,1382928128.0,True,5386446104.908614,64.84132981741641,0.2567422194644724,5,Narrow,Stable,Medium,0.09042053478634804,0.28,-25.10619599636376,0.075,SELL,48.1,1.25
CACI,Information Technology,11739539456.0,True,17393273968.223473,776.7281725639027,0.6749470788218178,5,Narrow,Stable,Low,0.06815799740115161,0.10966006130701364,0.09325114817168874,0.060709930401829114,SELL,48.1,1.5625
VSTS,Industrials,1697550336.0,True,962490690.8118734,7.305376739545609,1.7637057191359369,1,None,Stable,Medium,0.0768786678825365,0.03,0.04773270024493103,0.0611902261081604,SELL,48.1,
GSIT,Information Technology,289851488.0,True,35613948.36064534,1.3967349737487387,8.13870692080567,1,None,Negative,High,0.4,0.03,-0.6141037562470724,0.09,INSUFFICIENT_LIQUIDITY,48.1,
WFG,Unknown,5168052224.0,True,12078248947.732433,152.5879143429738,0.4278809160470441,5,None,Negative,High,-0.1,0.03,0.002096130221130221,0.08744607413610539,SELL,48.1,
MASS,Health Care,299862016.0,True,166495034.3688044,4.637933049448203,1.8010267821908335,1,None,Positive,Very High,0.29257661229706333,0.0676157483155679,-1.6272795016591954,0.11,INSUFFICIENT_LIQUIDITY,48.1,
XPRO,Energy,1744019456.0,True,784871867.2960004,6.780809054903285,2.2220435317785117,1,None,Positive,Very High,0.2828155555024531,0.12095906989949502,-0.09263436044865134,0.10659011005568467,SELL,48.1,2.4
NBBK,Financials,873859776.0,False,4126782383.8539686,109.67846075329153,0.2117532970526809,5,Narrow,Stable,Medium,-0.1,0.2172839650298688,0.1458570136166462,0.06921433092763737,INSUFFICIENT_LIQUIDITY,48.1,
BOX,Information Technology,3696050944.0,True,4880412437.296348,32.72040787969795,0.7573234826947411,4,None,Stable,High,-0.0045431576119679615,0.07236302611494087,-28.864238410596027,0.0849374853007983,SELL,48.0,2.4
CZNC,Financials,382519104.0,False,2861012060.5097656,179.37616983583706,0.1337006261804587,5,Wide,Stable,Medium,-0.1,0.11264995675738469,9.536885620557284,0.06454906543441627,INSUFFICIENT_LIQUIDITY,48.0,
CDZIP,Utilities,,True,2051240169.0285697,25.303959452143612,,,Narrow,Negative,Very High,,0.28,-0.27536964284055077,0.04345,INSUFFICIENT_LIQUIDITY,48.0,
VREX,Information Technology,425258016.0,True,1143172202.1836045,27.612855125207837,0.37199821268195904,5,None,Negative,Medium,-0.1,0.03,0.05807883059253459,0.06037432007499247,INSUFFICIENT_LIQUIDITY,48.0,1.6
G,Industrials,5529302016.0,True,13857730419.616991,78.44887457707371,0.39900487659744954,5,Narrow,Positive,Low,-0.08058842847832054,0.062147703349929855,0.146535516305936,0.06029999259364534,SELL,48.0,2.25
HR,Financials,6892276736.0,False,-509015648.9325619,-1.4551713066552368,,,Narrow,Negative,Very High,0.2581470916359382,0.1056026842859342,0.012743330646846695,0.0856204695130662,SELL,48.0,2.54545
GOGO,Communication Services,512554016.0,True,36576702224.711914,267.77874579745605,0.014013128161502455,5,Wide,Negative,Very High,-0.09103696588891658,0.28,0.1633827371389761,0.06874262546602226,INSUFFICIENT_LIQUIDITY,48.0,
ATEX,Communication Services,1248359680.0,True,49416274.78777599,2.662163962000266,25.262116283779534,1,None,Positive,Very High,0.4,0.25,-0.40614551598829773,0.11,SELL,48.0,2.0
CHCT,Financials,499720640.0,False,411194980.49979615,15.310532840592625,1.215288764937265,2,None,Negative,High,0.08726294532657841,0.06818472022309038,0.029718585597936553,0.065992448937206,INSUFFICIENT_LIQUIDITY,47.9,
AIG,Financials,40025264128.0,False,38258979221.90725,67.07982822278458,1.0461665455277325,3,None,Negative,Medium,0.050000909967826135,0.03,0.0718006801552787,0.06910812553253046,SELL,47.9,2.36364
IPSC,Health Care,384155776.0,True,2245516413.7762194,25.94277754570201,0.17107680604924924,5,Narrow,Stable,Very High,-0.022022963740339907,0.28,-0.5176349283419076,0.11,INSUFFICIENT_LIQUIDITY,47.9,1.6
WIMI,Unknown,28864536.0,True,460458986.3340157,23.715286269465686,0.06268644299855566,5,None,Negative,High,-0.1,0.03,-0.4929603381618405,0.06601067967748073,INSUFFICIENT_LIQUIDITY,47.9,
FCNCA,Financials,24044130304.0,False,651950332079.0719,50140.55669326076,0.03688030992686695,5,Narrow,Stable,High,-0.1,0.28,,0.06173842945417792,SELL,47.9,
BCBP,Financials,195161872.0,False,1118668350.9641793,65.09183934389499,0.17445909847345745,5,Narrow,Negative,Medium,-0.1,0.05212555935164223,0.09223145882545919,0.056457441772121184,INSUFFICIENT_LIQUIDITY,47.9,2.33333
QCOM,Information Technology,227600760832.0,True,231333253599.8385,209.35136072383574,0.9838652994770264,3,Wide,Negative,Medium,0.0857247345544031,0.08779488750314882,0.3336662878683959,0.07307234167023831,HOLD,47.9,2.61538
BNS,Financials,98772680704.0,False,638805334950.282,511.8632491588798,0.15462093896208215,5,Narrow,Stable,Medium,-0.1,0.08661843958329139,,0.06234508712695233,SELL,47.9,2.92857
FIZZ,Consumer Staples,3418508032.0,True,4395316100.383469,46.915900094822746,0.7777615884558913,5,Wide,Negative,Low,-0.0023618395961411565,0.03,0.7542664414261848,0.065,SELL,47.9,
GIGM,Unknown,15141562.0,True,35551910.673486635,3.216785258187354,0.4259000912514118,5,None,Negative,Very High,-0.1,0.03,-0.5087369597990876,0.11,INSUFFICIENT_LIQUIDITY,47.8,
DECK,Consumer Discretionary,15017197568.0,True,47380363776.888016,324.9570575555572,0.31694981572356223,5,Wide,Positive,Medium,-0.014702914054462723,0.1407042689001229,0.6480781918731059,0.075,SELL,47.8,2.46154
CIFR,Financials,9183154176.0,False,830086324.1713529,2.175262073402232,11.062890579684266,1,Narrow,Positive,Very High,0.4,0.28,-0.1410069611253411,0.09463447982042196,SELL,47.8,1.3125
RDNT,Health Care,4272984576.0,True,1719856192.7608213,22.873508718844757,2.4845010844428432,1,None,Positive,Low,0.2593238001627619,0.11782872313339751,0.04320352662223577,0.06062032877952307,SELL,47.8,1.25
VOXR,Unknown,347264800.0,True,259796111.20246375,4.532581148591814,1.3366820557578336,1,Narrow,Positive,Medium,0.2500632447383738,0.2148650359865945,0.016582205971480378,0.07440280784982009,INSUFFICIENT_LIQUIDITY,47.8,1.33333
TMHC,Industrials,6586114560.0,True,14315680663.169456,142.151793451989,0.46006296975765665,5,Narrow,Positive,Medium,-0.08766363246536985,0.030577290760818478,0.08861350821819229,0.06685731421014572,SELL,47.8,2.625
AGRO,Materials,1648002688.0,True,4316347852.815895,42.137432057557426,0.38180488324750694,5,Narrow,Stable,High,-0.05961816415366278,0.05629699546939042,0.09138736020442305,0.06711993164833041,SELL,47.8,2.85714
ESQ,Financials,933836096.0,False,3935555421.880055,454.3357102700884,0.23728190709963295,5,Narrow,Stable,Medium,-0.09711465603215524,0.22032075772930854,,0.075,INSUFFICIENT_LIQUIDITY,47.8,
BANR,Financials,2203160832.0,False,12196134584.217411,351.91171372988805,0.18064418827019446,5,Narrow,Stable,Low,-0.1,0.08919602786920056,0.4232910463669398,0.06214197416793273,SELL,47.8,
AFRI,Consumer Staples,263706112.0,True,-92488813.15176576,-3.4378854392129066,,,None,Negative,Medium,0.3930688932374714,0.03,-0.008816441538445196,0.06321619053111815,INSUFFICIENT_LIQUIDITY,47.8,
PYPL,Financials,36422135808.0,False,171111138618.44196,176.76770518434085,0.2128566036207447,5,Wide,Positive,Low,-0.1,0.06382324388947391,0.2052595299733692,0.0603625542416823,SELL,47.8,2.88636
EXP,Materials,6583289856.0,True,6780993923.375076,210.630488449623,0.970844382164455,3,Narrow,Stable,Medium,0.03192445061437266,0.037521488091240764,0.14218545862335633,0.06834435008242908,SELL,47.8,2.8
LZ,Information Technology,985258112.0,True,2312044372.3016186,12.518514117178075,0.4261415238407318,5,None,Stable,Medium,-0.1,0.07035459413091885,,0.075,INSUFFICIENT_LIQUIDITY,47.8,2.44444
SWIM,Materials,619933248.0,True,78668111.3192876,0.656540981987291,7.880362673051828,1,None,Positive,Medium,0.20871751379651482,0.03,0.029419571823933517,0.06518755696817853,INSUFFICIENT_LIQUIDITY,47.8,
DCBO,Information Technology,436835424.0,True,7370369006.382933,250.9229982558808,0.05926913884795851,5,Wide,Stable,Medium,-0.1,0.20452322210401852,453.31481481481484,0.075,INSUFFICIENT_LIQUIDITY,47.7,1.66667
ORLY,Consumer Discretionary,74857832448.0,True,87921780407.92958,102.72208048650583,0.8514139738831841,5,Wide,Negative,Low,0.05135198780729362,0.06903304364482991,0.5020171117147785,0.06333769153401331,SELL,47.7,1.57692
KRG,Financials,5757198336.0,False,7600174872.666367,34.79463997363747,0.7575086668999504,4,Narrow,Positive,High,0.11670833688647198,0.14137175716630898,0.014779442502773325,0.07396434121991763,SELL,47.7,2.23077
DEC,Energy,999510336.0,True,119347463548.96683,1602.4398467275917,0.008374793282388552,5,Narrow,Stable,High,-0.1,0.28,0.00013858780731614316,0.0552244956590342,INSUFFICIENT_LIQUIDITY,47.7,1.0
NIC,Financials,2917461248.0,False,10720174587.626886,695.9374525771719,0.27214680359471977,5,Narrow,Stable,Medium,-0.06488967279496807,0.20231785130028015,,0.07360603368574395,SELL,47.7,
SAFE,Financials,1108522752.0,False,-4208833713.1325717,-58.63028603254913,,,None,Negative,Extreme,0.4,0.03,-0.001098824230331474,0.06127190997231209,SELL,47.7,2.45455
PAX,Unknown,1778738944.0,True,5551424252.200712,34.53322883253054,0.32041127883441206,5,Wide,Negative,Medium,-0.03689556706855854,0.10876778654546296,0.3386675140662546,0.07217594912479999,SELL,47.7,
RSI,Communication Services,6053350912.0,True,834687814.152986,3.535041132047005,7.252233481020378,1,None,Stable,Very High,0.4,0.25,-7.363265042944108,0.11,SELL,47.7,1.36364
GBX,Industrials,1450710656.0,True,2554412211.453057,79.4801397508652,0.5679234735472765,5,Narrow,Positive,High,-0.01874154484412672,0.06266599259224157,0.06518786337303759,0.06454268999034715,SELL,47.7,
ODD,Unknown,563475328.0,True,60251250858.41519,977.481767519252,0.009352093441580398,5,Wide,Stable,Low,-0.1,0.261758440872393,0.22547149597927585,0.05402887694443261,INSUFFICIENT_LIQUIDITY,47.6,3.36364
APAM,Financials,2640239104.0,False,8143080679.324818,124.12486858373263,0.3242309892254334,5,Wide,Negative,Medium,-0.1,0.03934845401383143,1.1897124656726001,0.07289092702651132,SELL,47.6,
CVNA,Consumer Discretionary,72950546432.0,True,27068688714.70578,120.69311037112936,2.695015898290178,1,None,Positive,High,0.4,0.2227538434629337,-0.12537284894837475,0.08694995730021049,SELL,47.6,2.0
APTV,Consumer Discretionary,14517168128.0,True,22232852792.423393,100.71507493736532,0.6529602054913629,5,Narrow,Stable,Medium,-0.020858664276386107,0.044865286547884374,0.12642595850078808,0.06420462955428867,SELL,47.6,1.42857
ORCL,Information Technology,614553485312.0,True,526590549197.9883,183.73710718701614,1.167042375234386,1,Wide,Negative,Low,0.10043877238615367,0.08351412390808624,0.22054618224878483,0.06217892831509734,HOLD,47.6,1.51163
HRTG,Financials,670861312.0,False,1840204676.7616186,59.4575341509715,0.3645579866586242,5,None,Negative,Medium,-0.1,0.07507853268582058,0.10221603166950435,0.07169766622802168,INSUFFICIENT_LIQUIDITY,47.6,
NEPH,Health Care,37129388.0,True,58359525.947967395,5.320859840791158,0.6362181220098341,4,None,Positive,Very High,0.042218742804603804,0.15821088966464636,-0.3164281315432935,0.11,INSUFFICIENT_LIQUIDITY,47.6,
NSC,Industrials,70398992384.0,True,53828901514.8922,238.92100095380468,1.3078288875080157,1,Narrow,Negative,Medium,0.0787708185547803,0.03,0.11291925883731682,0.06883792953237856,SELL,47.6,2.55
TNET,Industrials,2142858112.0,True,34347966266.19915,700.9789033918194,0.06238675371323878,5,Wide,Negative,Low,-0.1,0.03,0.4119106169180655,0.058651036589295456,SELL,47.5,2.57143
RBCAA,Financials,1657698176.0,False,7232966886.399744,370.13896196858457,0.2291864738268047,5,Wide,Stable,Medium,-0.1,0.12226425464673074,0.28202308724832215,0.0676217528040288,SELL,47.5,
P,Information Technology,23971452928.0,True,19734895053.132385,57.53747916316528,1.2146734433328124,2,Narrow,Stable,High,0.1658813672970456,0.1380629421906427,-0.9118021285450978,0.09,SELL,47.5,1.9
ANGI,Information Technology,239452256.0,True,4306790292.1375065,92.71086003654166,0.055598773043847756,5,None,Positive,Very High,-0.1,0.03,-0.0036551357518407254,0.06506868314670645,INSUFFICIENT_LIQUIDITY,47.5,2.5
BSY,Information Technology,10004024320.0,True,11510306964.577875,34.55622852781448,0.8691361881821789,5,Narrow,Positive,Low,0.0963637678222787,0.11241370989762772,0.10025184329946096,0.0626082639379941,SELL,47.5,1.6875
WH,Consumer Discretionary,6135564800.0,True,3334501956.5779076,43.193030525620564,1.8400243514317003,1,Narrow,Positive,High,0.10613989009777774,0.03,0.10411728190057759,0.076295542297609,SELL,47.5,1.58824
GTE,Energy,269442336.0,True,2960985567.8024607,83.55919922417574,0.09099751749211349,5,None,Negative,Very High,-0.1,0.03,0.06647017934299052,0.061800225184971316,INSUFFICIENT_LIQUIDITY,47.5,2.5
ETSY,Industrials,6344762368.0,True,9097352176.224247,73.2983561582436,0.6974295646794804,5,Wide,Positive,High,0.0028076058886618016,0.04261283260365238,0.31581253507080403,0.07480175850799915,SELL,47.5,2.56667
OIS,Industrials,488770528.0,True,102767577.00035314,1.7508148116658968,4.756077181797528,1,None,Positive,Very High,0.31648378812423783,0.03,-0.053116028947060474,0.10326435989852702,INSUFFICIENT_LIQUIDITY,47.5,2.5
HLX,Energy,1361813760.0,True,1798156705.758667,12.1125514015026,0.757338754536097,5,None,Positive,Medium,0.055617681958682996,0.10600375826960638,0.016703252782564286,0.06918062566039,SELL,47.5,
OGS,Utilities,4920582656.0,True,6084340046.86257,100.5459991549348,0.8087290680831245,4,Narrow,Positive,Medium,0.014457669661554706,0.05045385428823832,0.05821174877180699,0.056234570033990024,SELL,47.5,2.4
VAC,Real Estate,3073360640.0,False,24808350395.693073,710.8409855499448,0.12388411929773291,5,None,Stable,High,-0.1,0.05258358196905459,0.0444602304468941,0.05979400131284891,SELL,47.5,2.27273
LAMR,Financials,15365359616.0,False,11969624401.807281,117.77168740999734,1.2836960542955718,1,Narrow,Positive,Low,0.08706447832630093,0.05112539890878307,0.12258229216055944,0.06106524807695978,SELL,47.5,2.33333
ANET,Information Technology,194252062720.0,True,579240786544.8339,454.0572129378646,0.3353563271652741,5,Wide,Positive,Medium,0.15753224250823916,0.28,1.4038821385206939,0.075,SELL,47.5,1.3
GBCI,Financials,6136226304.0,False,22188618213.11992,185.0052766317124,0.27654837471455107,5,Narrow,Stable,Medium,-0.1,0.13908895970102994,,0.07185682399884691,SELL,47.5,1.83333
CHMG,Financials,342351808.0,False,1522435575.6846738,316.90998661213024,0.22487112983157703,5,Wide,Stable,Medium,-0.1,0.0703074396315702,0.6293071122036582,0.06626189449045121,INSUFFICIENT_LIQUIDITY,47.4,
GRAB,Unknown,13660599296.0,True,5876367923.932008,1.4360095519280711,2.3246671196958326,1,None,Positive,Very High,0.4,0.25,-0.24165915238954014,0.1013051651994983,SELL,47.4,
UNFI,Industrials,3382934528.0,True,5712449992.068167,94.891195881531,0.5922037886891371,5,None,Negative,Medium,-0.06875589257426334,0.03513210520201704,0.05890168736775206,0.06373757130322531,SELL,47.4,
MSI,Information Technology,68114628608.0,True,85304511010.5888,504.76042018099884,0.7984880025810706,5,Wide,Positive,Low,0.0645828026346277,0.08889703440486821,0.37482591671865584,0.06244500887840804,HOLD,47.4,1.64286
PRA,Financials,1275226880.0,False,329558543.17980313,6.378264397991119,3.8695002948360884,1,None,Positive,High,0.17547964402543892,0.03,0.03329829920515681,0.07845841890456384,CORP_ACTION_REVIEW,47.4,3.25
AMBP,Materials,2354962944.0,True,1649262704.1259995,2.759348676804416,1.427888315250526,1,None,Positive,Medium,0.0943542167611856,0.07494185606360243,0.041354330708661416,0.054389264759804906,SELL,47.4,
VRRM,Industrials,654717696.0,True,9440486351.940744,58.53040666580329,0.06935211509154984,5,Narrow,Positive,High,-0.1,0.1306646626455866,0.060020860338169155,0.06156135273039117,INSUFFICIENT_LIQUIDITY,47.4,3.125
LSPD,Unknown,1273142784.0,True,2493287589.6678877,17.9156821249952,0.510628131819156,5,None,Stable,Very High,0.03688997131361427,0.19850298755987786,-0.1257107656458899,0.11,SELL,47.4,2.63158
PK,Consumer Discretionary,2829133824.0,True,2502698995.7436104,12.576376863033218,1.1304331159326646,3,None,Positive,Very High,0.09844510587195987,0.08941353410737393,0.03422157057634816,0.07168984953015997,SELL,47.3,2.72222
SKY,Materials,4104413440.0,True,5014283082.2659445,88.7452317133189,0.8185444205406177,4,Narrow,Negative,Medium,0.04354431198550157,0.08764583092595432,0.20698378694219025,0.07418315985358725,SELL,47.3,2.0
RRR,Consumer Discretionary,5814925312.0,True,6458089585.749214,62.94741055362556,0.900409515041653,3,Narrow,Stable,High,0.04675362071937472,0.06562159338518705,0.12061255871710383,0.07263321472534397,SELL,47.3,1.5625
TUSK,Energy,159926544.0,True,121147744.24945523,2.5095857863333313,1.3200951036339181,2,None,Negative,Very High,0.4,0.03,-0.11895216319000666,0.11,INSUFFICIENT_LIQUIDITY,47.3,
UG,Materials,32206178.0,True,68431130.52573016,14.894727711708779,0.47063635735040865,5,Wide,Negative,Medium,-0.08377749831023901,0.03,1.1952006657346725,0.075,INSUFFICIENT_LIQUIDITY,47.3,
PSTL,Financials,798366528.0,False,1887740576.8687754,77.52766509609579,0.42292173923827125,5,Narrow,Positive,Very High,0.16682936044786562,0.2482051918037417,0.015599852650178596,0.08927229192599086,INSUFFICIENT_LIQUIDITY,47.3,1.57143
AMSC,Information Technology,2019382784.0,True,328354420.03661287,7.479258804533116,6.15000944337777,1,None,Positive,Very High,0.4,0.25,-0.3954863144837626,0.11,SELL,47.3,1.0
AFBI,Financials,137141008.0,False,434757144.72137356,67.4484316494293,0.31544279298248384,5,Wide,Negative,Medium,-0.08015445762515355,0.09778236065905599,0.2642711613261715,0.06608668507178742,INSUFFICIENT_LIQUIDITY,47.3,
SPIR,Communication Services,664290176.0,True,118273496.57839301,3.701732397679342,5.616559882117808,1,None,Negative,Very High,0.4,0.03,-0.879928735620467,0.11,INSUFFICIENT_LIQUIDITY,47.3,1.5
CLDT,Financials,561478208.0,False,611539423.2247198,12.232728819939814,0.9181390220752391,3,None,Positive,Very High,0.03155095531660124,0.047577565605173476,0.020286605265363217,0.08495015505526794,INSUFFICIENT_LIQUIDITY,47.3,2.0
CC,Materials,3082743040.0,True,6331152401.785282,42.14107141075148,0.48691657448187736,5,None,Negative,High,-0.04449285626724192,0.03,0.07802774530024567,0.06331528143614587,SELL,47.2,2.0
OCGN,Health Care,433307968.0,True,63802762.573971674,0.21255685120364942,6.791366870637164,1,Narrow,Stable,Very High,0.4,0.28,-13.267424397744746,0.10585347818072127,INSUFFICIENT_LIQUIDITY,47.2,1.14286
SNDX,Health Care,1536497792.0,True,3068841621.6034007,35.42649363858333,0.5006767964771067,5,Narrow,Stable,Very High,0.17373545330837803,0.28,-4.434800026442784,0.10995442287151448,SELL,47.2,1.15385
BRID,Consumer Staples,66079340.0,True,75603733.25191645,8.329308425221097,0.8740221832673187,4,None,Negative,Medium,0.005985878638188891,0.03,0.04444968854868565,0.07328689025027284,INSUFFICIENT_LIQUIDITY,47.2,
CCRN,Information Technology,408687744.0,True,4720212883.241064,145.64512583668315,0.0865824813645652,5,None,Negative,High,-0.1,0.03,-0.003328278141322319,0.09,INSUFFICIENT_LIQUIDITY,47.2,
TRINZ,Unknown,,True,41488409870.50046,598.7992016758311,,,Narrow,Stable,Medium,,0.28,,0.04345,INSUFFICIENT_LIQUIDITY,47.2,
CRNT,Information Technology,259955968.0,True,223276215.58703595,2.4867241848365476,1.1642797120890191,2,None,Positive,Medium,0.07106224346393597,0.03,0.06763009130248215,0.07285109454980364,INSUFFICIENT_LIQUIDITY,47.2,1.16667
KBR,Industrials,4508651008.0,True,5999468549.130468,46.50750813279433,0.7515083996320742,5,Narrow,Positive,Medium,-0.014657672531848964,0.032126523602455805,0.10280143178073467,0.06347180531348064,SELL,47.2,2.0
ACGL,Financials,31860838400.0,False,285610426647.89264,759.8042741364529,0.11155348484276031,5,Narrow,Positive,Medium,-0.09238253589535517,0.21794154894299086,0.10666331659834533,0.07251083110003774,SELL,47.2,2.25
SANG,Unknown,116475768.0,True,793007846.9064717,23.673838482266774,0.14687845581146852,5,None,Positive,Medium,-0.1,0.03,-0.0075344048749963095,0.06580615702431274,INSUFFICIENT_LIQUIDITY,47.2,1.66667
HXL,Materials,6725088256.0,True,4084646132.6184044,51.058076657730055,1.6464310585673618,1,Narrow,Positive,Medium,0.12889989741105012,0.06764671376191585,0.08148339998408094,0.07094081475090092,SELL,47.2,2.4375
TMUSL,Communication Services,,True,441587446703.1618,390.4135077655006,,,Narrow,Positive,Medium,,0.03887935182737747,0.0870078362694334,0.04345,INSUFFICIENT_LIQUIDITY,47.1,
HTO,Utilities,2402885376.0,True,5780947416.134628,164.68768768818654,0.41565598214810695,5,Narrow,Positive,Medium,-0.010002454792596906,0.08926101135314016,0.04217943934659141,0.05522327048442548,SELL,47.1,
RAVE,Industrials,40787196.0,True,54966605.62367307,3.774919691207545,0.7420359241254245,4,None,Positive,High,-0.04041575154557159,0.055289135426599856,0.0999060079488476,0.09,INSUFFICIENT_LIQUIDITY,47.1,
EDRY,Industrials,64777156.0,True,130621635.07065088,47.396451758748796,0.49591444759486597,5,None,Negative,Very High,-0.041335804976659396,0.03,0.014793943859440009,0.06916293301227376,INSUFFICIENT_LIQUIDITY,47.1,1.33333
CTO,Financials,693239296.0,False,1157819204.4183116,35.85377465481518,0.5987457224362447,5,Narrow,Positive,Very High,0.1528996133978579,0.19295332564700812,0.01464186327285235,0.07867879381626305,INSUFFICIENT_LIQUIDITY,47.1,
RHI,Information Technology,3197697792.0,True,7040514554.727909,70.18616471337337,0.4541852398916857,5,Wide,Negative,Medium,-0.07489158828417958,0.03,0.4591817657398655,0.075,SELL,47.1,
LUMN,Communication Services,9180070912.0,True,5459962468.684422,5.4898933673230665,1.6813432261947285,1,None,Negative,Very High,0.06364263728187114,0.03,0.014410314694570608,0.06627152039125686,SELL,47.1,
XPEL,Materials,1228117504.0,True,2421716615.364074,87.48028087144003,0.5071268439124815,5,Narrow,Negative,Low,0.024706803989032022,0.13697192428526406,0.300899881701525,0.06499896476606103,SELL,47.1,
NRP,Materials,1398050944.0,True,936349550.2691549,70.34404254144354,1.4930865760528516,1,Narrow,Positive,High,0.12060126893670076,0.03,0.1613013732631851,0.08892176009369646,SELL,47.1,
GPK,Materials,3118653184.0,True,14666636970.942883,48.92140417259134,0.21263587488928687,5,Narrow,Positive,Medium,-0.1,0.03,0.08488510837103291,0.05467617243256342,SELL,47.1,3.1
TRINI,Unknown,,True,41488409870.50046,598.7992016758311,,,Narrow,Stable,Medium,,0.28,,0.04345,INSUFFICIENT_LIQUIDITY,47.1,
PCAR,Industrials,61407080448.0,True,72506166469.91037,137.63509200818217,0.846922178315462,5,Narrow,Positive,Low,-0.0022808451213674474,0.03,0.13463941658482773,0.060626330736779775,HOLD,47.1,2.42105
GRBK,Industrials,2968776448.0,True,7451283906.309488,169.64037670315747,0.39842481984697203,5,Narrow,Positive,Medium,-0.06727693609105947,0.09813902788515677,0.13758970880663124,0.07190644855727953,SELL,47.0,
LOVE,Consumer Discretionary,232487824.0,True,975635419.4127429,66.38972301892582,0.23829375130716318,5,Narrow,Negative,Medium,-0.1,0.05165553737568986,0.12257801948542396,0.075,INSUFFICIENT_LIQUIDITY,47.0,
KPTI,Health Care,205779536.0,True,466930268.88467824,42.700527561470345,0.4407072098614004,5,None,Stable,Extreme,-0.06520222273561255,0.03,-3.38723195986663,0.08699107984945063,INSUFFICIENT_LIQUIDITY,47.0,1.57143
AXTA,Materials,6887123968.0,True,6875803075.035004,31.685728456382506,1.001646483013177,3,Narrow,Positive,Medium,0.03053435208799271,0.03,0.07898722829043035,0.06499333635792964,SELL,47.0,2.26667
DEA,Financials,1150392320.0,False,63929891.554807186,1.418838841779164,17.994592076130257,1,None,Positive,High,0.1504743858213874,0.06246912085371954,0.018300168218487838,0.0624617631314171,SELL,47.0,2.71429
GWW,Industrials,61377527808.0,True,60096666005.245255,1252.0138751092761,1.0213133587584202,3,Wide,Positive,Low,0.0700803000207334,0.06744524271313054,0.2548567832448622,0.06416047981062355,HOLD,47.0,2.76471
PCTY,Information Technology,6075108352.0,True,31129012775.221634,550.4688377581191,0.1951590432972459,5,Wide,Positive,Medium,0.03185732275644047,0.22133950268677205,0.21932861380522545,0.07417807039001476,SELL,47.0,1.52381
RITM,Financials,5097339392.0,False,362564525191.0395,663.926340487586,0.01405912337759507,5,Narrow,Positive,Very High,-0.020047548632368857,0.28,-0.035654135795344065,0.05108734404916426,SELL,47.0,1.4
SBCF,Financials,2932962560.0,False,36730470719.12869,412.2109702952516,0.07985093854167667,5,Wide,Stable,Medium,-0.1,0.2059203687738934,2.8029352485309564,0.06729477207338108,SELL,47.0,
SYPR,Health Care,66272056.0,True,15698024.110684969,0.7048955595278388,4.221681374211387,1,None,Stable,High,0.21087064177015657,0.03,-0.10862681360834658,0.07983785290257417,INSUFFICIENT_LIQUIDITY,47.0,
SRI,Industrials,200187888.0,True,675574214.6654774,24.304029203703543,0.2963225707173069,5,None,Positive,High,-0.1,0.03,0.018353238431215314,0.06790031596787288,INSUFFICIENT_LIQUIDITY,47.0,
FVRR,Unknown,368135456.0,True,2017602452.084245,54.273444919722685,0.18246184010120767,5,None,Positive,High,-0.1,0.09492877620642441,-0.05502492661790057,0.09,INSUFFICIENT_LIQUIDITY,47.0,
SXC,Materials,770467072.0,True,1261733471.774282,14.75711662893897,0.6106416998802049,5,Narrow,Negative,Medium,-0.034694461107066144,0.03,0.07655486190650018,0.06009985230680599,INSUFFICIENT_LIQUIDITY,47.0,
BOLT,Health Care,8762345.0,True,146871319.5022761,78.5440047308212,0.05966001415180455,5,Narrow,Negative,Very High,-0.1,0.28,-5.7742152994692955,0.11,INSUFFICIENT_LIQUIDITY,47.0,2.0
PLSE,Health Care,1753081984.0,True,80744305.6773284,1.1980695827841803,21.711524661636112,1,None,Negative,High,0.4,0.03,-5.770671288727657,0.09,SELL,47.0,1.0
AGMH,Information Technology,2436866.0,True,278919328.69824827,574.9765937420831,0.008736812939329668,5,Narrow,Positive,High,-0.1,0.28,0.26554694826628256,0.09,INSUFFICIENT_LIQUIDITY,47.0,
INVE,Information Technology,96264912.0,True,128382334.7091395,5.398298490839269,0.7498298906784636,4,None,Negative,Very High,-0.1,0.03,-0.1444959729516478,0.11,INSUFFICIENT_LIQUIDITY,46.9,
XOMA,Health Care,527851968.0,True,581491733.397901,32.33743373361701,0.9077548960421822,3,None,Negative,Very High,0.23344884012152634,0.25,-0.1567732543290596,0.09861166857284043,INSUFFICIENT_LIQUIDITY,46.9,3.0
CNI,Industrials,73022504960.0,True,64670959288.55046,103.68920841518432,1.1291390411295186,1,Narrow,Stable,Low,0.05139089087657023,0.03,0.12651483715038078,0.06125235972340192,SELL,46.9,2.21429
RDGT,Unknown,1267458.0,True,60678457.04106884,1641.9943714278363,0.02088810529809863,5,None,Positive,Medium,-0.1,0.03,-0.050828906751859665,0.04631178356739672,INSUFFICIENT_LIQUIDITY,46.9,
WAB,Industrials,44183977984.0,True,18864777562.136436,110.25585950985644,2.342141477071101,1,None,Positive,Medium,0.21105699245990384,0.08554472403160526,0.06479056035499109,0.07148429105275317,SELL,46.9,1.45455
MTRX,Industrials,381495008.0,True,364051717.3457604,13.110004585896517,1.0479143204746173,3,None,Negative,Medium,0.043389583326784664,0.03,-0.15229290869100598,0.075,INSUFFICIENT_LIQUIDITY,46.9,1.0
PD,Information Technology,713383744.0,True,4283965258.690462,46.066619266524675,0.16652416649570817,5,Narrow,Positive,High,-0.1,0.1178904154050881,-2.677881903388417,0.07339106186485221,INSUFFICIENT_LIQUIDITY,46.9,2.44444
GEVO,Materials,395543424.0,True,36466271.29087412,0.1558330563173045,10.84682941244357,1,None,Positive,Very High,0.4,0.25,-0.2554188936280183,0.09644517507543746,INSUFFICIENT_LIQUIDITY,46.9,2.0
PATK,Industrials,2799871232.0,True,3001403864.5454073,86.65311269871546,0.9328538771719309,3,Narrow,Negative,Medium,0.017592536899881384,0.03,0.11770873116424316,0.06505361588830585,SELL,46.9,
OLP,Financials,524757696.0,False,122257160.69632936,5.846268204682926,4.292245075962699,1,None,Stable,Medium,0.13689318951201812,0.03896235779924484,0.03587146787636955,0.059337256634225136,INSUFFICIENT_LIQUIDITY,46.9,
ITIC,Financials,458726400.0,False,1339411369.9299483,706.8133878258302,0.3424835792038943,5,Narrow,Negative,Medium,-0.1,0.03,0.14778701440368136,0.075,INSUFFICIENT_LIQUIDITY,46.9,
SKLZ,Information Technology,131571712.0,True,542851139.4518683,34.78650986348595,0.24237162352252142,5,None,Positive,Very High,-0.1,0.03,-1.737325811633728,0.07723636123518599,INSUFFICIENT_LIQUIDITY,46.8,
WOLF,Information Technology,2661549824.0,True,-5454360237.016523,-38.59581260272094,,,None,Positive,Extreme,0.4,0.05718941700143566,-0.09040209038213963,0.06991101038115403,SELL,46.8,3.5
NFLX,Communication Services,346043416576.0,True,289555705972.7679,66.65857232900022,1.1950840872344772,2,Narrow,Positive,Medium,0.15283928949391956,0.12936940239380243,0.17851844432587882,0.07373427306034365,HOLD,46.8,1.68
SJ,Information Technology,49256808.0,True,206276146.01414913,4.937622123673639,0.23879061613174274,5,None,Negative,Medium,-0.1,0.03,0.03090052947235896,0.075,INSUFFICIENT_LIQUIDITY,46.8,1.0
NTGR,Information Technology,646573312.0,True,644102706.0231156,22.515562835079372,1.0038357329565322,3,None,Negative,Medium,0.031290486506970416,0.03,0.0644943886232259,0.075,INSUFFICIENT_LIQUIDITY,46.8,
LMB,Industrials,956665600.0,True,777342922.4238502,64.35180108649861,1.2306867051892616,1,Narrow,Positive,Medium,0.1169877396913711,0.09069665668724217,0.08745220717340928,0.07386907681727047,INSUFFICIENT_LIQUIDITY,46.8,
SCM,Unknown,252709520.0,True,743465163.5598989,26.210829184850102,0.3399076814708614,5,Narrow,Positive,Medium,-0.015189219136059029,0.06815743785501449,0.06668612643804894,0.052168131967757395,INSUFFICIENT_LIQUIDITY,46.8,
ZYME,Health Care,1768717696.0,True,572985391.8021488,7.597925861900568,3.0868460545513106,1,None,Negative,Very High,0.3232637226126299,0.03,-1.3659911348809513,0.11,SELL,46.8,1.14286
BH.A,Consumer Discretionary,994786880.0,True,468574929.9542506,1798.1584964435947,2.1230049164113973,1,None,Negative,Medium,0.17732525095673168,0.03,0.03343307801578098,0.06872469030024138,INSUFFICIENT_LIQUIDITY,46.8,
APLM,Health Care,30744728.0,True,50502589.42247229,34.92571882605276,0.6087752796754502,5,None,Stable,Medium,-0.05846922492228984,0.04,-13.176140075787274,0.075,INSUFFICIENT_LIQUIDITY,46.8,
BVFL,Financials,174824512.0,False,365280279.8013269,38.621302579966894,0.47860375078305817,5,Narrow,Stable,Low,-0.1,0.054185276208375655,0.11115320939963264,0.061405329421187926,INSUFFICIENT_LIQUIDITY,46.8,
ABNB,Consumer Discretionary,79256641536.0,True,145477950654.53766,233.51195931707488,0.5448017461024626,5,Wide,Stable,High,0.07861220604654717,0.16172364464188865,17.858823529411765,0.08885480628494241,SELL,46.8,2.11628
EVTC,Information Technology,1376598528.0,True,12315353188.145052,191.1664269558361,0.11177905391500545,5,Wide,Negative,Medium,-0.08578173771401226,0.13540176758734646,0.14890175469105418,0.06108010448558038,SELL,46.8,
ALLE,Industrials,11185412096.0,True,22686211411.766117,261.9654897432577,0.49304892266845085,5,Wide,Positive,Low,-0.0079735086308273,0.07699639019316304,0.23294305640895013,0.06175886857352366,SELL,46.8,2.46154
CDRE,Health Care,1284351488.0,True,1459674300.9859023,33.60759336812685,0.8798890869918826,5,Narrow,Positive,Low,0.09157582573300471,0.10578515201645758,0.10857383655259636,0.060839857075095156,SELL,46.7,1.2
PFSI,Financials,4218376704.0,False,6268025897.931353,116.32875353422948,0.6729992461250357,4,None,Negative,Very High,-0.01550431854387574,0.03,0.04664718557970639,0.06880348258815291,SELL,46.7,
EQIX,Real Estate,106607878144.0,False,14216296568.920788,144.88240849669077,7.498990867780765,1,None,Stable,Low,0.3124496557668245,0.07576352321567276,0.042354952161169385,0.061415997757715134,SELL,46.7,1.58065
DFIN,Industrials,917852544.0,True,1979567682.1613908,70.19743553763797,0.46366312820274114,5,Narrow,Negative,Low,-0.07584656063836823,0.03,0.16816331464662754,0.0616106538332614,INSUFFICIENT_LIQUIDITY,46.7,
TTWO,Communication Services,39805075456.0,True,24154203613.158,131.3442284565416,1.6479564424271138,1,Narrow,Negative,Medium,0.22025544926902818,0.15055017484352415,0.3382623041296698,0.07312294122900896,SELL,46.7,1.2069
WMB,Energy,88006950912.0,True,21742349095.779022,17.748856404717568,4.047720442915956,1,Narrow,Positive,Medium,0.14355252662797213,0.036549423706002185,0.04885531207449126,0.06710738925914664,SELL,46.7,1.52
XPO,Industrials,25705742336.0,True,7617855721.38134,64.01559429732218,3.374406562183984,1,Narrow,Positive,Medium,0.18227232740946675,0.03,0.07146054127774812,0.07139801240213196,SELL,46.7,1.82609
HWC,Financials,5630739456.0,False,17441026998.51465,204.13187030096734,0.32284448940303445,5,Narrow,Stable,High,-0.1,0.07568198450784616,,0.08172868236583096,SELL,46.7,1.75
OMF,Financials,6395793408.0,False,21297722076.415512,178.56946365993994,0.30030410693932935,5,None,Negative,Medium,-0.031958602314353046,0.0676747099989273,0.03334469591282578,0.0503867038532115,SELL,46.7,1.9375
APPS,Financials,1087164416.0,False,249901328.2245748,2.2130241688989383,4.350374700781964,1,None,Negative,High,0.18289562005677373,0.03,0.041193622462134795,0.07839685827065372,SELL,46.7,1.0
VEEV,Health Care,28169728000.0,True,55751615644.9996,333.85200541932153,0.5052719580248893,5,Wide,Positive,Low,0.059004732000473736,0.1528413450916478,0.7520328815604447,0.065,SELL,46.7,1.9
SKT,Financials,4260745216.0,False,1897394098.0372224,15.89200453994139,2.2455773528586227,1,None,Positive,Medium,0.18436819640140178,0.09597600779465085,0.051884296039299345,0.0663992090413955,SELL,46.6,2.58333
BZ,Information Technology,6322262016.0,True,6101714659.40339,6.5822694955493555,1.0361451442598555,3,Narrow,Stable,High,0.04170363586940773,0.03,0.17380843184589378,0.09,SELL,46.6,1.27273
JILL,Consumer Discretionary,194973680.0,True,2182676217.1272383,142.28521244561907,0.0893278070609197,5,Narrow,Negative,Medium,-0.1,0.03,0.22055100423698334,0.06637878793074554,INSUFFICIENT_LIQUIDITY,46.6,1.8
POET,Unknown,2046981504.0,True,324330255.27144945,3.4815751498735654,6.311410886680218,1,Narrow,Stable,Very High,0.4,0.28,-7.618029406825461,0.10981196732372742,SELL,46.6,0.0
ETD,Consumer Discretionary,525975840.0,True,1482701172.8226044,57.84119422729985,0.3547416361711677,5,Narrow,Negative,Medium,-0.1,0.03,0.13860674078724372,0.075,INSUFFICIENT_LIQUIDITY,46.6,
NRXS,Health Care,84709336.0,True,43348045.937495045,4.772227437933206,1.9541673486769193,1,Narrow,Stable,High,0.29372203589855284,0.20453258248202855,,0.08991865151982975,INSUFFICIENT_LIQUIDITY,46.6,1.0
RDVT,Information Technology,747208448.0,True,760919716.0463314,52.848814568137705,0.9819806639817747,3,Narrow,Positive,Very High,0.20528323627977263,0.2077077651065368,-0.010379672882062742,0.11,INSUFFICIENT_LIQUIDITY,46.6,
IBKR,Financials,143161163776.0,False,42145301227.79685,94.95188648662487,3.396847563200671,1,Narrow,Positive,Medium,0.34803301223628236,0.1708728875688208,0.05785813711803855,0.07492524799299366,HOLD,46.6,1.7
EXPD,Industrials,20984129536.0,True,17092405811.839642,125.44977072741555,1.2276872996699284,1,Wide,Negative,Medium,0.058073881170180086,0.03,0.6605244130220629,0.075,SELL,46.6,3.33333
CPB,Consumer Staples,6463816192.0,True,21233116716.898438,70.77705572299479,0.3044214506133126,5,Narrow,Negative,Medium,-0.07576147546800577,0.047953583981096864,0.11702012107641391,0.05875937728726225,SELL,46.6,3.3
SENS,Health Care,348193760.0,True,69112323.71426095,1.6562584324830882,5.038084979454281,1,None,Stable,Very High,0.4,0.25,-20.747974634896234,0.10382914747770962,INSUFFICIENT_LIQUIDITY,46.6,2.0
FEBO,Unknown,9292500.0,True,2843687.1000510505,0.2570564610215639,3.2677645862771536,1,None,Stable,Medium,0.27234089126075933,0.03,-0.4385393373155665,0.07374356286636267,INSUFFICIENT_LIQUIDITY,46.6,
DCH,Industrials,1500157824.0,True,-414743938.28562546,-3.502904884169134,,,None,Negative,High,0.11568356486731923,0.03,0.05546173529759632,0.05603318060713647,SELL,46.6,2.09091
ASTL,Materials,522727552.0,True,2761155015.638689,18.372704511612387,0.18931481537232225,5,Narrow,Stable,Medium,-0.1,0.03,0.17029447205988807,0.07017239244578469,INSUFFICIENT_LIQUIDITY,46.6,2.75
BR,Industrials,17503725568.0,True,25649333271.432045,216.81600398505532,0.6824241933608256,5,Wide,Positive,Low,0.029862537676167533,0.07671330882001093,0.1819894288323246,0.061623290679114665,SELL,46.6,2.22222
ACI,Consumer Discretionary,8090590208.0,True,32443067959.971878,59.289232382989546,0.24937808649854373,5,Narrow,Negative,Medium,-0.1,0.03208809394720884,0.15798407857231334,0.058432407189569366,SELL,46.6,2.10526
INTU,Information Technology,81174839296.0,True,403937062510.8722,1427.3394435013151,0.20095912663081056,5,Wide,Negative,Low,-0.01490528093077631,0.16739150607165895,0.5104224631115907,0.06352299091934105,HOLD,46.6,1.58824
ROIV,Health Care,20556748800.0,True,4318662576.900729,6.224071688605742,4.759980302687243,1,None,Positive,Very High,0.4,0.03,-3.1607785376837296,0.11,SELL,46.6,1.30769
BCC,Industrials,2395717376.0,True,6076698427.007178,161.53269430360132,0.3942465476569502,5,Narrow,Negative,Medium,-0.1,0.03,0.1519873320317473,0.06981440361787272,SELL,46.6,
LTRX,Information Technology,292632384.0,True,154722984.85085627,4.007017969358928,1.8913310409702873,1,None,Negative,High,0.19225184381958382,0.07429017231352211,-0.05122876380995105,0.08820245343168831,INSUFFICIENT_LIQUIDITY,46.6,
ENTG,Materials,19099942912.0,True,5816395667.947819,38.215477450379886,3.2838108000893578,1,Narrow,Negative,Medium,0.17043145494853584,0.03251520735426756,0.11319771877970808,0.06986311733476118,SELL,46.6,2.18182
PUMP,Energy,1807374208.0,True,1107424975.8642366,10.507077704171204,1.6320511523496404,1,None,Positive,Medium,0.1288180557712072,0.03,0.0731316844617624,0.07282213421390496,SELL,46.5,1.83333
VELO,Industrials,472345888.0,True,9658938.163419057,0.5858572797535888,48.90246526154379,1,None,Stable,Very High,0.4,0.0542769292861425,-1.2807896145610278,0.10589946636855108,INSUFFICIENT_LIQUIDITY,46.5,
AVO,Materials,903218496.0,True,1277406745.0684743,17.907801985622893,0.7070719639511405,5,None,Negative,Medium,0.09792816436828089,0.15363226875627958,0.06492351324321936,0.07115370517311795,INSUFFICIENT_LIQUIDITY,46.5,1.0
AMP,Financials,40872611840.0,False,250373194912.94833,2549.6252027795144,0.16324675592453458,5,Narrow,Stable,Low,-0.1,0.08766706038980701,0.261220571092194,0.06229694770050753,SELL,46.5,
EPAC,Industrials,1765367424.0,True,1287219082.155251,23.625201104069948,1.3714584008839916,1,None,Positive,Medium,0.08778673230119727,0.03,0.054743928541059916,0.07193917290370284,SELL,46.5,
ASTH,Industrials,1883674112.0,True,27270799824.3999,552.379457644907,0.0690729323719588,5,Narrow,Negative,Medium,-0.03449774080698442,0.28,0.14045118607841345,0.06378569720812413,SELL,46.5,1.36364
GXO,Industrials,5600565248.0,True,4818596958.872791,41.431407262691344,1.1622813229247821,2,None,Stable,Medium,0.16346602066827753,0.1453831232056939,0.04595972257040194,0.06384080296754809,SELL,46.5,1.33333
ARMP,Health Care,275331072.0,True,-232058681.401745,-6.403517241421753,,,None,Positive,Extreme,0.4,0.030155020921514543,-1.374945355191257,0.09080831191202954,INSUFFICIENT_LIQUIDITY,46.5,1.0
GYRE,Health Care,610308160.0,True,2318538315.0145993,22.470803291285883,0.26322970642654964,5,Narrow,Positive,High,0.10803839075161104,0.28,0.08752174759444221,0.09,INSUFFICIENT_LIQUIDITY,46.5,
RBBN,Information Technology,498473568.0,True,491648901.77625763,2.7340864954024404,1.0138811786197137,3,None,Positive,Very High,0.032337131163901245,0.03,-0.0541409155140689,0.08333394717669054,INSUFFICIENT_LIQUIDITY,46.5,
MGLD,Financials,48544488.0,False,86185109.25285493,2.06673962861454,0.5632584146012664,5,None,Negative,High,-0.0884254372410091,0.03,-0.1496404743408648,0.08881504814615965,INSUFFICIENT_LIQUIDITY,46.4,
CPK,Utilities,2971309056.0,True,12127829286.219633,516.3415057143917,0.2449992480827694,5,Wide,Stable,Medium,0.029824845419731072,0.1491773066724363,0.06099165994043962,0.05737081746415571,SELL,46.4,
RDZN,Financials,144326640.0,False,706667238.3162444,10.114349088292991,0.20423564610676295,5,Narrow,Stable,High,0.10196694120251848,0.28,,0.08362307783472919,INSUFFICIENT_LIQUIDITY,46.4,
PHM,Consumer Discretionary,22553583616.0,True,59429896804.89876,297.83898126612485,0.3794989530276439,5,Wide,Stable,Medium,-0.08289386179729183,0.050996466776894823,0.1961271620231552,0.07223848559169262,SELL,46.4,2.1875
ZDGE,Information Technology,41342812.0,True,128790795.51326227,9.376149935444253,0.32100750550719837,5,Narrow,Negative,Very High,-0.1,0.07979543087848202,-0.10265152565205685,0.11,INSUFFICIENT_LIQUIDITY,46.4,
IMNM,Health Care,2104192256.0,True,676623892.177883,7.74603877464012,3.1098403120633704,1,None,Stable,High,0.4,0.03,-4.418882299270073,0.09,SELL,46.4,1.21429
AVNW,Information Technology,233427920.0,True,310877087.7046136,24.23803896028486,0.7508688457021201,5,None,Negative,Medium,0.07890519456919842,0.12210603041212238,0.048950486587383324,0.06639155689501694,INSUFFICIENT_LIQUIDITY,46.4,1.42857
LNC,Financials,6642746880.0,False,254988801868.90045,1370.4500792195265,0.026051131780348895,5,None,Stable,High,-0.1,0.10439396491852233,,0.0582716277100324,SELL,46.4,2.61538
LCNB,Financials,239617840.0,False,2160022321.4323673,153.34120439556307,0.1109330388035542,5,Wide,Negative,Medium,-0.1,0.13364633837405054,0.3146948331246257,0.06542364994153105,INSUFFICIENT_LIQUIDITY,46.4,
AVTR,Health Care,6254039040.0,True,8419829132.938665,12.371185913809382,0.7427750541319159,5,None,Negative,Medium,-0.0339915798981924,0.03,0.06740198141210976,0.06270467231445342,SELL,46.4,2.9375
MX,Information Technology,252535120.0,True,101897435.84233448,2.813436622344707,2.478326543866586,1,None,Negative,High,0.25830805369612664,0.03,0.05536114044895139,0.08301297525171461,INSUFFICIENT_LIQUIDITY,46.4,
CDP,Financials,3770777344.0,False,2290269860.0017204,20.21349519877251,1.6464336407925166,1,None,Positive,High,0.1067070302920955,0.043716950523695355,0.03499814288947863,0.07029510152515345,SELL,46.4,1.75
SYNA,Information Technology,4743934976.0,True,438122441.4943981,11.148153727592828,10.827874874016597,1,None,Negative,Medium,0.3481662847277046,0.03,0.0796087524170176,0.07027886875549616,SELL,46.4,
KRNT,Unknown,705765440.0,True,591249003.8710915,13.067859777817752,1.1936856305535126,3,None,Negative,Very High,0.14162372322671957,0.03,-0.030257296967507445,0.11,INSUFFICIENT_LIQUIDITY,46.4,
MEC,Materials,847675712.0,True,-64144008.5785563,-3.133354164646265,,,None,Positive,High,0.3994490733073808,0.03,-0.004598718703816789,0.08102310763811402,INSUFFICIENT_LIQUIDITY,46.3,1.0
AWR,Utilities,3071528192.0,True,2784965570.3415284,72.01317638511438,1.102896288812407,1,Narrow,Stable,Low,0.07297240361590196,0.06344338605709195,0.08189628903546356,0.059978135143789184,SELL,46.3,
WEST,Consumer Staples,735587008.0,True,8171418.0716043115,0.08569829442380585,90.01950476088916,1,None,Negative,High,0.2813291335570757,0.13541393487537431,-0.06578754955089086,0.06989535278349804,INSUFFICIENT_LIQUIDITY,46.3,
CPIX,Health Care,86902024.0,True,181863945.60036954,12.242922258751271,0.47784085907252755,5,None,Negative,High,-0.08269085494556422,0.05717754839877283,-0.19762868525788496,0.08735241131161292,INSUFFICIENT_LIQUIDITY,46.3,
NKTR,Health Care,1936615296.0,True,390144211.5743631,23.125234446136822,4.963844749061138,1,None,Negative,Very High,0.4,0.03,-1.408979638734808,0.11,SELL,46.3,1.3
GM,Consumer Discretionary,74035732480.0,True,134927878599.87143,138.67202322700044,0.5487059697985243,5,None,Stable,Medium,-0.007022665545725781,0.0742283291582396,0.05129185439817556,0.054882607901578784,SELL,46.3,1.88889
GATX,Industrials,6073101824.0,True,2319561722.9422684,64.61174715716625,2.6182109162831506,1,None,Positive,High,0.13401942764809938,0.09505560096644095,0.028875699312039677,0.05864336068116892,SELL,46.3,
TARS,Health Care,2550460416.0,True,8889740132.03594,212.7545748006867,0.2868993219283104,5,Narrow,Stable,Very High,0.10959254881294711,0.28,-19.03847891265241,0.10816205276171091,SELL,46.3,1.11111
ELTK,Information Technology,59739264.0,True,79100508.29775494,11.652095743043175,0.7552323655762847,5,None,Positive,Medium,-0.015740100550673042,0.08869371349471114,0.143638255234378,0.075,INSUFFICIENT_LIQUIDITY,46.3,
IPM,Information Technology,24116098.0,True,228976700.2024353,17.416933705503027,0.10532118760851769,5,Narrow,Negative,Very High,-0.0691011858526574,0.28,-0.5572941297241237,0.11,INSUFFICIENT_LIQUIDITY,46.3,
DHCNI,Financials,,False,17936375820.793457,74.64594616745651,,,None,Negative,High,,0.03380540559445944,-0.002239899384717543,0.04345,INSUFFICIENT_LIQUIDITY,46.3,
DKL,Energy,2767405056.0,True,4133441420.6684513,77.18526890691396,0.6695159733393442,5,Wide,Negative,Medium,0.024432423663371172,0.05652995567326946,0.19348380721916247,0.06033492542735008,SELL,46.3,
KIDS,Health Care,470549088.0,True,4901869751.124327,208.95097604158357,0.09599379663077984,5,Narrow,Stable,High,-0.04680046444088776,0.2518516313290264,-0.08811635398405827,0.08186091837041466,INSUFFICIENT_LIQUIDITY,46.2,
JMSB,Financials,302283808.0,False,692769615.9793122,48.8051420655662,0.4363410303044049,5,None,Stable,High,-0.1,0.12595746707734368,,0.08017448856349924,INSUFFICIENT_LIQUIDITY,46.2,
RWAY,Unknown,261581584.0,True,2111132051.2309685,57.527269414578754,0.1239058370827518,5,Narrow,Stable,Low,-0.1,0.03,0.11337160657888536,0.05153858203040831,INSUFFICIENT_LIQUIDITY,46.2,
NDLS,Consumer Discretionary,72472200.0,True,5975625.102478877,1.0325491277780012,12.127969669639459,1,None,Negative,High,0.08559785357051763,0.03,-0.0291119046978716,0.06206304503989557,INSUFFICIENT_LIQUIDITY,46.2,
CNH,Industrials,13329468416.0,True,-15311892152.746992,-12.23972194464188,,,None,Negative,Very High,0.27795830032158164,0.03,0.016694970576269605,0.06557630662165467,SELL,46.2,2.15789
FNWD,Financials,140550848.0,False,1004338498.927711,233.9992840096082,0.1399437023972098,5,Narrow,Stable,Medium,-0.1,0.0752072416876349,,0.06734845857454663,INSUFFICIENT_LIQUIDITY,46.2,
FR,Financials,8437473280.0,False,8844367022.556944,66.74288771418072,0.9539940233688641,3,Wide,Positive,Low,0.09855107582196221,0.10219447746873128,0.04420028598315901,0.05999350939419052,SELL,46.1,2.0625
ARQT,Health Care,2655520000.0,True,7107817309.043728,55.864134657746575,0.3736055506971476,5,Narrow,Stable,Very High,0.15429106261610792,0.28,-3.4900921471091904,0.10737700252018555,SELL,46.1,1.5
SAIA,Industrials,12410062848.0,True,17506179423.587162,653.5570605386083,0.7088961302018391,5,Narrow,Negative,Medium,0.0036692785300952435,0.077966160227815,0.13627595402664858,0.07458855166452508,SELL,46.1,2.45
IART,Health Care,1321769344.0,True,3534860405.8776007,46.10366764761061,0.3739240570298685,5,None,Negative,High,-0.07157454356450746,0.03,0.03818946430601751,0.06281147781232793,SELL,46.1,2.9
SOTK,Industrials,80297248.0,True,52865289.27318385,3.359976946049918,1.5189030288865009,1,Narrow,Negative,Low,0.13134847770586766,0.042733002792983886,0.2204063673469061,0.065,INSUFFICIENT_LIQUIDITY,46.1,2.0
ICFI,Industrials,1265120000.0,True,2010956832.1311436,108.60643941084163,0.6291134547424715,5,Narrow,Positive,Low,-0.04202889917182451,0.03,0.08196278176245426,0.05980988298654345,SELL,46.1,
FICO,Information Technology,26375712768.0,True,24640651922.714985,1003.2430244173684,1.0704145673875434,3,Wide,Positive,Medium,0.13177166475307966,0.1241116737028552,0.3113197105811121,0.071724347509553,SELL,46.1,1.80952
BSM,Energy,2951615744.0,True,1854014097.3317358,8.756543021181491,1.5920136466318746,1,Narrow,Negative,High,0.12539771477699813,0.03,0.1722686082937186,0.08762416231405248,SELL,46.1,3.0
LYB,Materials,20819617792.0,True,69666642396.0487,216.35603228586555,0.29884629251460565,5,Narrow,Negative,Medium,-0.1,0.03,0.18604890551167325,0.06290809521823737,SELL,46.1,2.77778
MLGO,Information Technology,51315724.0,True,378450915.9014079,49.40729869840352,0.13559413346318472,5,Narrow,Negative,High,-0.1,0.03,0.47321057593989263,0.08641025135686227,INSUFFICIENT_LIQUIDITY,46.1,
VFS,Unknown,7509911040.0,True,-1151774131.8406973,-0.49239097138131155,,,None,Stable,High,0.4,0.25,-10.68281820377176,0.07368372456459972,SELL,46.0,1.5
AYTU,Health Care,24149718.0,True,223853713.15275082,35.64694884898984,0.10788169496889687,5,None,Positive,Very High,-0.1,0.03,-0.4964552222251799,0.07841516029751341,INSUFFICIENT_LIQUIDITY,46.0,
FITBM,Financials,,False,238481726189.46667,354.6181611895886,,,Narrow,Stable,Medium,,0.07450977600293197,,0.04345,INSUFFICIENT_DATA,46.0,
LYTS,Information Technology,827864704.0,True,824496128.9713979,26.741571385943107,1.0040856165483816,3,Narrow,Positive,Medium,0.12672536565402182,0.12622944093669444,0.07574724914928221,0.07325201345082161,INSUFFICIENT_LIQUIDITY,46.0,
SPOT,Unknown,102182895616.0,True,58495249001.18972,277.8750596354759,1.7468580331014871,1,None,Negative,Medium,0.28246404564480565,0.16761354696910966,-0.22694041769205547,0.07448052380469745,HOLD,46.0,1.58537
MPTI,Information Technology,381929120.0,True,422715682.23778397,131.0234802096744,0.9035130137073057,4,Narrow,Positive,Low,0.1632520442761206,0.17720760714800113,0.20039832815680209,0.065,INSUFFICIENT_LIQUIDITY,46.0,
PHAT,Health Care,807927808.0,True,4234652573.741871,58.07356490219542,0.19078963242693836,5,Narrow,Stable,High,0.09156048732143984,0.28,-11.13453423566879,0.08036330458493757,INSUFFICIENT_LIQUIDITY,46.0,1.4
AGL,Health Care,1615824640.0,True,3719799588.505231,224.6424000652966,0.4343848644408569,5,None,Positive,High,0.10303729510239532,0.25,-1.9456459254592322,0.08901340021239479,SELL,46.0,2.64706
UVV,Industrials,1339887104.0,True,2496993750.195971,99.20057525337809,0.5366001031820131,5,Narrow,Stable,Medium,-0.029605036380536055,0.06411235169644329,0.0735555389888428,0.06228693547132122,SELL,46.0,0.0
IEP,Energy,4979894784.0,True,-2922280351.674203,-5.199787102623137,,,None,Positive,Very High,0.29290640179902827,0.03,0.0012166800786599684,0.07203011426013298,SELL,46.0,
MGYR,Financials,110189528.0,False,751534820.6016253,120.44448777671305,0.14661932485282597,5,Narrow,Negative,Medium,-0.1,0.1767076833980275,0.15739086480992995,0.06528121444282495,INSUFFICIENT_LIQUIDITY,46.0,
RJET,Industrials,826071936.0,True,36917767088.89426,908.0181744704117,0.02237599944793254,5,Narrow,Stable,Very High,-0.1,0.24370389549015645,0.05594874376414767,0.07221812908925943,INSUFFICIENT_LIQUIDITY,45.9,
NE,Energy,7244981760.0,True,23081271965.60782,144.07605376716782,0.3138900564403627,5,None,Positive,Medium,0.06731910179026038,0.2453385574177646,0.06805694352198251,0.06814364350349744,SELL,45.9,2.5
RGLD,Financials,17488461824.0,False,16952095675.210312,243.7014615178101,1.0316401086370717,3,Narrow,Stable,Medium,0.1980291646669471,0.1940643747865563,0.07223178556495413,0.07346327443339472,SELL,45.9,1.83333
CSPI,Information Technology,89639432.0,True,34269931.314264424,3.686127924520213,2.6156875302136577,1,None,Negative,Medium,0.3795442124230678,0.03,-0.048600485080482994,0.07468534476741248,INSUFFICIENT_LIQUIDITY,45.9,
FLR,Industrials,6642700288.0,True,6593717577.859102,40.20559498694575,1.0074286939897723,3,None,Positive,Medium,0.042191312752510535,0.03,0.06455118714314878,0.07062299859460065,SELL,45.9,
BBWI,Consumer Discretionary,3513222400.0,True,19456752366.366364,93.0945089299826,0.18056571486581088,5,Wide,Negative,High,-0.1,0.03,0.5185129281729768,0.06553448225943896,SELL,45.9,2.52941
NRIX,Health Care,1513861120.0,True,1354635876.5647848,15.630370616142846,1.1175409910440242,3,Narrow,Stable,Very High,0.22131256026347612,0.1954922751836817,-3.6806483875716003,0.11,SELL,45.9,1.29412
TURB,Unknown,20789652.0,True,4194998.134391481,0.07615403152526846,4.955819128872082,1,None,Stable,High,0.398609146881585,0.25,-0.26090754900849167,0.07657604983477417,INSUFFICIENT_LIQUIDITY,45.9,
CPS,Industrials,520584928.0,True,-53770111.83999598,-3.0102344870934425,,,None,Positive,High,0.11919673045483903,0.03,0.05788067695721084,0.05836102233155259,INSUFFICIENT_LIQUIDITY,45.9,1.66667
HLP,Unknown,39312584.0,True,15327177.656648383,0.20870695180198987,2.5648938689601217,1,None,Stable,Medium,0.22327033566148458,0.10688746489066747,0.032141206821352415,0.06785232924594839,INSUFFICIENT_LIQUIDITY,45.9,
MCHB,Financials,3318802176.0,False,27574075513.930428,132.1030224926383,0.12035950849279935,5,Narrow,Positive,High,-0.1,0.28,0.11861145498060575,0.08745408154345931,SELL,45.8,2.0
AM,Utilities,10221570048.0,True,4675007755.575882,9.695625787990473,2.1864284686605564,1,None,Positive,Medium,0.14854425219962775,0.05866149023733045,0.07119086336530975,0.05983449831137407,SELL,45.8,3.125
CROX,Materials,5930459648.0,True,20815619335.666405,383.9953389844009,0.28490430922891097,5,Wide,Negative,Medium,-0.052850661127826284,0.09369690118154828,0.33585280770197434,0.0695772164783543,SELL,45.8,2.53333
PNW,Utilities,12489548800.0,True,30650565321.956238,251.2938757733907,0.40748184148672884,5,Narrow,Stable,Medium,-0.02115070350233972,0.07964499747429393,0.0566396728506542,0.05507239073937502,SELL,45.8,2.58824
WAFD,Financials,2628213248.0,False,39157640499.74434,487.9141272690086,0.06711878485163476,5,Wide,Stable,Medium,-0.1,0.18162656397291277,0.21323827875747212,0.06210275720465414,SELL,45.8,
AOS,Industrials,7883797504.0,True,12714689653.201025,89.59379902201225,0.6200542615694273,5,Wide,Negative,Low,-0.030933031061405263,0.03,0.3005709993093687,0.06458448387357216,SELL,45.8,2.53846
FMNB,Financials,840261120.0,False,5225140627.602249,138.84364419873586,0.16081119722620466,5,Wide,Stable,Medium,-0.1,0.11486982907324776,0.7100902629398684,0.06539566835805459,INSUFFICIENT_LIQUIDITY,45.8,
TFX,Health Care,5748044288.0,True,3739473370.628975,83.61222991299917,1.5371266802290895,1,Narrow,Negative,Medium,0.0841594332073986,0.03,0.06940720823804558,0.06505250340949734,SELL,45.8,
SGHT,Health Care,242124240.0,True,439423746.7132484,8.426385886049555,0.55100399514367,5,Narrow,Positive,High,-0.049616605527892446,0.06349962821007349,-7.747930082796688,0.08335763459963634,INSUFFICIENT_LIQUIDITY,45.8,1.83333
SNDA,Health Care,1627764352.0,True,4716328696.512807,260.75793091794145,0.3451337802650498,5,Narrow,Positive,High,0.04276201592037843,0.16602620574781285,-0.031131510242506807,0.07614568742104895,SELL,45.8,2.25
HTT,Unknown,456533504.0,True,715985500.9698614,3.107575959070579,0.6376295377233027,5,None,Negative,High,-0.1,0.03,0.049078276631884424,0.0746202262887039,INSUFFICIENT_LIQUIDITY,45.8,
XOM,Energy,621410451456.0,True,488287349213.17566,113.42330992175974,1.2726327078867359,1,Narrow,Positive,Medium,0.07776126430627761,0.03,0.08123774233338348,0.07291027123426622,HOLD,45.7,2.36
BNT,Financials,12190437376.0,False,208383005373.26373,930.1555991698878,0.0585001514598756,5,Narrow,Stable,Medium,-0.1,0.28,0.14410255316023796,0.0649600051036246,SELL,45.7,
POWI,Information Technology,4291553024.0,True,1288138915.005716,22.870160411293874,3.3315917825376435,1,Wide,Negative,Medium,0.1968929898498174,0.03,0.18550243594697177,0.075,SELL,45.7,2.0
MATH,Unknown,38588888.0,True,113026685.72513573,2.9320221414795666,0.34141395682292675,5,None,Negative,Very High,-0.1,0.25,-0.1682628604332728,0.11,INSUFFICIENT_LIQUIDITY,45.7,
MSGS,Communication Services,9298915328.0,True,13300511134.435555,552.1404431248933,0.6991396972650725,5,Narrow,Negative,High,0.14037279101007893,0.18730017290497264,-0.04137391974465315,0.0885874692803127,SELL,45.7,2.125
FIS,Financials,21166200832.0,False,9327439968.051968,17.766552320098985,2.2692401028039586,1,None,Positive,Medium,0.10839419289661578,0.037279544975842335,0.03505219166346299,0.06294864868888654,SELL,45.6,1.96154
TMUSZ,Communication Services,,True,441587446703.1618,390.4135077655006,,,Narrow,Positive,Medium,,0.03887935182737747,0.0870078362694334,0.04345,INSUFFICIENT_LIQUIDITY,45.6,
BEP,Utilities,23492743168.0,True,49581298131.430664,174.58203567405164,0.4738226721237748,5,Narrow,Negative,Very High,0.07598289304399286,0.12208862717776352,0.016650078587936084,0.052121248476911686,SELL,45.6,2.3125
SKIN,Health Care,78744984.0,True,986415739.8853016,7.263835053466331,0.07982940743540477,5,None,Negative,Very High,-0.1,0.03,-0.28527781530441226,0.05527591958300453,INSUFFICIENT_LIQUIDITY,45.6,
DHX,Industrials,145578960.0,True,596581720.1110215,13.323991515600705,0.2440218248271307,5,None,Positive,Medium,-0.1,0.03,0.03432198561239022,0.06960926297775087,INSUFFICIENT_LIQUIDITY,45.6,2.0
DSP,Information Technology,794645120.0,True,889440320.6653347,13.279985676441333,0.8934215163593839,3,None,Positive,High,0.13954375337662073,0.16495429226975178,-0.31582399751428425,0.09,INSUFFICIENT_LIQUIDITY,45.6,
ORLA,Unknown,3740173568.0,True,24199220640.999855,68.7706443363273,0.1545576042917333,5,Narrow,Positive,High,-0.0026786046707221057,0.28,0.08347030788342882,0.08595707180102267,SELL,45.6,2.125
DUOT,Information Technology,344844000.0,True,22699539.671115324,1.4870296073674394,15.191673707762742,1,None,Stable,Very High,0.4,0.25,-1.83707492641156,0.10999960611828512,INSUFFICIENT_LIQUIDITY,45.6,
EVER,Information Technology,683411776.0,True,19402863257.702625,513.9422895585152,0.035222212666406155,5,Narrow,Positive,High,-0.1,0.28,-0.35724773343505634,0.09,INSUFFICIENT_LIQUIDITY,45.6,1.875
TMUS,Communication Services,192740655104.0,True,176519581400.47888,156.06337879025884,1.0918939053380121,3,Narrow,Positive,Medium,0.056006529980507244,0.03887935182737747,0.0870078362694334,0.06491274471175003,SELL,45.6,
WYY,Information Technology,108462376.0,True,66658533.94238879,6.8935322893379025,1.6271341354993072,1,None,Negative,High,0.2588452744162435,0.16412714426252703,-0.18866453726331445,0.09,INSUFFICIENT_LIQUIDITY,45.5,
TRNO,Real Estate,6800799744.0,False,9133540113.024918,88.91360957632526,0.7445962529142118,5,Narrow,Stable,Medium,0.18021321494264697,0.21158411579096198,0.026326433234737413,0.07115680150970247,SELL,45.5,2.16667
LQDT,Industrials,1160877312.0,True,1969371835.1968012,60.76231149990555,0.589465783582709,5,Narrow,Negative,Medium,0.11260628856888577,0.19231412616929489,0.163143029778904,0.075,SELL,45.5,
DRIO,Health Care,54842984.0,True,-3615932.624456984,-0.9078515114043398,,,None,Positive,Very High,0.4,0.03232497314270719,-1.0565056495627916,0.08609284691535869,INSUFFICIENT_LIQUIDITY,45.5,
CPAY,Financials,22709999616.0,False,45247596431.95786,636.7699123526959,0.5019051045098206,5,Wide,Stable,Medium,0.04097569661387945,0.1137090875792684,0.12194359565338897,0.0653535018369962,SELL,45.5,1.71429
MIDD,Industrials,7005081600.0,True,6550860541.704351,125.54591965550033,1.0693376168526207,3,Narrow,Positive,Medium,0.04848471529681009,0.03,0.09261231771577641,0.06753022568894447,SELL,45.5,1.7
WPP,Unknown,3817977088.0,True,19539054509.128593,18.158972592126947,0.1954023459127079,5,Narrow,Negative,High,-0.1,0.03,0.0891317366849102,0.06000522583702168,SELL,45.5,
NOVT,Information Technology,5565776896.0,True,2146996388.5914059,58.49807608826238,2.592355034025733,1,Narrow,Stable,Low,0.19962473231548106,0.07302707587715869,0.09063181244234236,0.06407070118783238,SELL,45.5,1.33333
PRLD,Health Care,303448608.0,True,502714557.8845197,6.532476877488506,0.6036200926365578,5,Narrow,Stable,Medium,0.19706240328761615,0.28,-25.15013959085439,0.075,INSUFFICIENT_LIQUIDITY,45.5,1.33333
ARCC,Unknown,13491649536.0,True,35534328111.359055,50.83594865716603,0.37967932005691146,5,Narrow,Stable,Medium,0.038337384586471734,0.11499265720497402,0.07434447789189123,0.057887696392959626,SELL,45.5,
KLXE,Energy,57304592.0,True,273957397.8548515,14.650128227532164,0.2091733694680558,5,None,Positive,Extreme,-0.014900285447364332,0.0774858344765907,-0.06831203173204055,0.05831166332249865,INSUFFICIENT_LIQUIDITY,45.5,
SIDU,Communication Services,409843040.0,True,43221791.571049266,1.7465288600334457,9.482324195800349,1,None,Positive,Very High,0.4,0.048292165347246105,-2.1068131127110177,0.11,INSUFFICIENT_LIQUIDITY,45.5,
ACIC,Financials,498210400.0,False,755494383.5552365,15.175752561828423,0.6594495086191126,4,None,Positive,Very High,-0.04951629658869855,0.11084875216413015,0.009483342570355317,0.09465101308999242,INSUFFICIENT_LIQUIDITY,45.4,2.5
PECO,Financials,5591519744.0,False,2499458279.27143,17.994789590072138,2.2370926493839614,1,None,Positive,Medium,0.1678062793043974,0.08488394476408728,0.0263796900265952,0.06559331861131147,SELL,45.4,2.0
EMR,Industrials,77361004544.0,True,54835283848.54291,96.76245605883696,1.4107888044798669,1,Narrow,Negative,Low,0.12549425378240053,0.08783403538757675,0.13316995329882964,0.061876004003176915,HOLD,45.4,1.96429
HTLD,Industrials,1219687808.0,True,3767043905.7150297,48.33571445069647,0.32377849542703663,5,Narrow,Negative,Medium,-0.1,0.03,0.08295778671068255,0.0713457909635661,SELL,45.4,
AKBA,Health Care,250901936.0,True,777268910.5108037,3.0225369983584773,0.32279939748923303,5,None,Negative,Very High,-0.1,0.057342517132324744,-2.4148804965052433,0.09926619849787635,INSUFFICIENT_LIQUIDITY,45.4,1.25
BRBS,Financials,298506880.0,False,888016985.9507687,9.130540604760572,0.33614996641128336,5,Narrow,Stable,High,-0.1,0.03,0.12266211967815847,0.07344742858988312,INSUFFICIENT_LIQUIDITY,45.4,
ALOY,Materials,763944384.0,True,4360337.583573494,1.1485535229476909,175.2030363148885,1,None,Stable,High,0.4,0.03,-0.4850591943687604,0.08998489333282861,INSUFFICIENT_LIQUIDITY,45.3,2.0
NMIH,Financials,2776772352.0,False,5629762036.921367,71.22854876036041,0.4932308566133422,5,Narrow,Positive,Medium,-0.027730310300421057,0.10095817489919909,0.14300051010564557,0.07088035749234194,SELL,45.3,1.71429
MMM,Industrials,80196182016.0,True,70231285246.1839,129.7455851582928,1.1418868633100738,2,Wide,Positive,Medium,0.048268989233095944,0.03,0.21693592660684197,0.07071550766014523,HOLD,45.3,2.16667
BFS,Financials,1262371072.0,False,485723154.79440594,20.039737387342434,2.5989518093580055,1,None,Stable,Medium,0.10876026143165685,0.057032659383374006,0.040679642877247554,0.05735551699230555,SELL,45.3,
LNSR,Health Care,67784232.0,True,110930964.0821569,9.276715511135382,0.6110487956257022,5,None,Negative,High,0.044326248857642914,0.15558644263531743,-0.6258189890862547,0.09,INSUFFICIENT_LIQUIDITY,45.3,
STXS,Health Care,173971328.0,True,83114586.0269576,0.9137757403514943,2.0931503881108626,1,None,Stable,High,0.18977914202313084,0.03,-3.2959396226415096,0.09,INSUFFICIENT_LIQUIDITY,45.3,1.5
PERI,Unknown,325466752.0,True,2139726786.0893116,50.826710216846394,0.15210668675828556,5,None,Negative,High,-0.1,0.03,0.08547286819045202,0.08634516912214095,INSUFFICIENT_LIQUIDITY,45.3,2.0
SNPS,Information Technology,89009168384.0,True,115369171982.95923,696.438233344758,0.7715160545413919,5,Wide,Positive,Low,0.1193915120292558,0.1435661948564106,0.15406883433822122,0.06216478822249681,SELL,45.3,1.76
J,Industrials,14470812672.0,True,5896237700.300454,48.35677016944243,2.4542451318172964,1,None,Positive,Medium,0.1764820195184228,0.03,0.06093156865074931,0.07077667731421276,SELL,45.3,
KWR,Energy,2443284992.0,True,1552713604.9310331,88.86406852225753,1.573558049752854,1,Narrow,Positive,Medium,0.08436362871080993,0.03,0.06686544876695066,0.06671170602641514,SELL,45.3,
OFLX,Materials,304343808.0,True,471529723.8711223,46.713862083527076,0.6454392853570833,5,Wide,Negative,Low,-0.030384758343256324,0.03,0.8246705700778549,0.065,INSUFFICIENT_LIQUIDITY,45.3,
WEC,Utilities,36790714368.0,True,24453300708.788177,75.51976747618338,1.5045295850297187,1,Narrow,Positive,Medium,0.07509190269663069,0.045049324187380654,0.057773215208997857,0.05682760312658814,SELL,45.3,2.35
DOYU,Information Technology,150894304.0,True,337253329.98099744,11.175151783604457,0.44742124268573463,5,None,Positive,High,-0.1,0.03,-0.07080034298408237,0.09,INSUFFICIENT_LIQUIDITY,45.2,3.0
GSM,Unknown,721281536.0,True,134054580.63204116,0.7116909122991896,5.38050645191905,1,None,Positive,Very High,0.26285511340276746,0.03,-0.06942767142032451,0.09686098968250172,INSUFFICIENT_LIQUIDITY,45.2,
AVGO,Information Technology,1826303639552.0,True,4117607158518.631,848.466342163328,0.4435351817799538,5,Wide,Positive,Medium,0.19658915827082835,0.2752932247358072,0.1451571110586686,0.07391350442434062,HOLD,45.2,1.33333
MFIN,Financials,228005712.0,False,3678036826.1438856,151.68545791244486,0.06199114440054287,5,Narrow,Negative,High,-0.1,0.1643479052449622,0.09344621880999243,0.06313253934157946,INSUFFICIENT_LIQUIDITY,45.2,
MXC,Energy,18242544.0,True,29959097.19922898,14.213612553156281,0.6089150109793524,4,Narrow,Positive,Very High,-0.026739039193126653,0.11496997873888185,0.006716025237984431,0.11,INSUFFICIENT_LIQUIDITY,45.2,
TMUSI,Communication Services,,True,441587446703.1618,390.4135077655006,,,Narrow,Positive,Medium,,0.03887935182737747,0.0870078362694334,0.04345,INSUFFICIENT_LIQUIDITY,45.2,
STZ,Consumer Staples,24268179456.0,True,25657186861.305283,146.1381735925982,0.9458628331775489,3,Narrow,Stable,Medium,0.013356343011466154,0.03,0.08182033157541616,0.06542858905593622,SELL,45.2,2.0
CLH,Utilities,14957011968.0,True,12881648953.976974,239.81027913427982,1.1611100427777372,2,Narrow,Positive,Medium,0.11203860131821985,0.09555629908904076,0.07900351897470333,0.06162630562446047,SELL,45.2,1.66667
BAND,Information Technology,2311649536.0,True,1007426066.2380962,33.58438292053613,2.294609613023118,1,None,Stable,Medium,0.24466518936674875,0.11584337286339741,-0.022509984065498135,0.07186337382072092,SELL,45.2,
PFX,Unknown,87913976.0,True,-91246415.90983622,-45.2800530727066,,,Narrow,Stable,Very High,0.4,0.28,-0.03821450490814916,0.06823489816816891,INSUFFICIENT_LIQUIDITY,45.1,
LOPE,Consumer Discretionary,4045286400.0,True,10434179888.287968,372.3301416031961,0.3876956735757167,5,Wide,Positive,Low,-0.05780326617545245,0.06149461738222972,0.325513682478933,0.065,SELL,45.1,1.5
DCTH,Health Care,368345984.0,True,1031996150.5681217,25.85189386165086,0.35692573445862447,5,Narrow,Positive,Very High,0.1272938368901596,0.28,-1.744707146695325,0.11,INSUFFICIENT_LIQUIDITY,45.1,
RMBI,Financials,143666096.0,False,1305458428.6781514,131.84762723051287,0.11005030328347555,5,Narrow,Positive,Medium,-0.1,0.14179516924832064,0.1111723459545873,0.05490578399216697,INSUFFICIENT_LIQUIDITY,45.1,
RNW,Unknown,2199753728.0,True,5778255487.263924,15.782153978842754,0.38069513071004946,5,Narrow,Stable,High,0.06879653506876901,0.10465764458852304,0.006887139060686205,0.05270369966705422,SELL,45.1,1.5
FSI,Materials,79736744.0,True,63870757.48487765,4.698241250383619,1.2484076773142836,1,Narrow,Negative,Medium,0.08033391503915166,0.03,0.10998471433756803,0.07259152458582092,INSUFFICIENT_LIQUIDITY,45.1,
FRSH,Information Technology,2612302848.0,True,12223419394.008577,41.608949187996615,0.21371293611020534,5,Narrow,Stable,High,-0.04367861823731897,0.21009097691136097,-0.9950784696949966,0.09,SELL,45.1,2.2
DOLE,Materials,1333176960.0,True,2610208166.9880157,27.217452889282974,0.5107550335873733,5,None,Positive,Medium,-0.03512844972282164,0.09065040451865176,0.0682306539643153,0.06256662380192657,SELL,45.1,
ACRS,Health Care,608933632.0,True,90684800.57012613,0.739893054317523,6.714836755130916,1,None,Negative,Very High,0.4,0.03,-2.5465514222232875,0.11,INSUFFICIENT_LIQUIDITY,45.1,1.27273
LINK,Information Technology,77332528.0,True,11521673.771272209,0.7720231688067682,6.711917863255127,1,None,Negative,Very High,0.4,0.043171694714533346,-0.04564802871270364,0.11,INSUFFICIENT_LIQUIDITY,45.0,
SVA,Unknown,,True,8402413884.941791,116.92640972171118,,,None,Negative,High,,0.03,0.009096045721060772,0.04345,INSUFFICIENT_LIQUIDITY,45.0,2.2
ORN,Industrials,551732608.0,True,189607392.99838984,4.783324432182492,2.9098686463385177,1,None,Positive,High,0.2718238736029098,0.09231240400124069,0.0018112183235712257,0.08827213059060036,INSUFFICIENT_LIQUIDITY,45.0,1.2
SY,Unknown,193734112.0,True,604531280.323737,7.763968265721685,0.3204699546667825,5,None,Negative,Very High,-0.1,0.03,-0.2674297350335416,0.10810097268651724,INSUFFICIENT_LIQUIDITY,45.0,1.0
AVY,Materials,11869776896.0,True,17197495362.422634,219.63595609735165,0.6902038143261281,5,Wide,Stable,Low,-0.011314485690637477,0.03,0.17756450294161635,0.05984421836482283,SELL,45.0,1.54545
MET,Financials,54363975680.0,False,256129554490.50848,380.4092596027157,0.21225186522555167,5,None,Stable,Low,-0.1,0.04688331589104271,,0.05909165150815051,SELL,45.0,1.88889
CPSS,Financials,204617472.0,False,2107581241.6631327,87.52050337042202,0.09708639835802127,5,Narrow,Negative,High,0.0710182566057447,0.12153431472242912,0.00962176256777231,0.045987768924883474,INSUFFICIENT_LIQUIDITY,45.0,
PSA,Real Estate,54363004928.0,False,41518175801.9162,236.03015202735727,1.309378456013257,1,Narrow,Stable,Low,0.09732734184391545,0.06742425156946372,0.11238717011189063,0.06158028807212686,SELL,45.0,2.42105
HWKN,Industrials,3236028160.0,True,1659922930.3073673,79.56735067282435,1.9495050649133365,1,Narrow,Positive,Medium,0.1660728963115331,0.08688270739644835,0.11521776537653436,0.07278789146349895,SELL,45.0,
RSKD,Unknown,684171200.0,True,780035421.9086741,4.953841986365589,0.877102732496297,3,None,Negative,High,0.05386156916347795,0.09490131507939753,-1.9690560447699779,0.08917935019524754,INSUFFICIENT_LIQUIDITY,45.0,
GRND,Information Technology,1937213184.0,True,12439758874.935146,63.735182902719856,0.15572755094982493,5,Narrow,Positive,Medium,0.053143793204151524,0.28,0.18814938480227483,0.06964682167330662,SELL,45.0,1.8
MTC,Unknown,348557312.0,True,7221543.182575639,0.13482443649362,48.26631970310858,1,None,Positive,Very High,0.4,0.04036382501697635,-0.8382144846191718,0.10942271536150533,INSUFFICIENT_LIQUIDITY,45.0,
YEXT,Information Technology,389965152.0,True,1701176030.1759489,13.094744754996267,0.22923268673122957,5,None,Stable,High,-0.1,0.040822397032402466,-0.33400855301089105,0.08065430265890998,INSUFFICIENT_LIQUIDITY,45.0,2.75
ENLT,Utilities,12711294976.0,True,24756035953.26247,186.67025895998765,0.5134624541666511,5,Narrow,Stable,Medium,0.2158005572899252,0.28,0.028405300899977226,0.059062921274039004,SELL,44.9,2.5
DTIL,Health Care,167714608.0,True,190109798.4620354,14.822130230459802,0.8821986523408594,3,None,Stable,Very High,-0.023786722625433743,0.03,,0.1021575998494582,INSUFFICIENT_LIQUIDITY,44.9,1.0
SACH,Financials,48914760.0,False,91165583.97428751,1.9441021273987353,0.5365485292541536,5,None,Negative,Very High,-0.004002490389123203,0.03,0.045209514634264474,0.05402753860748931,INSUFFICIENT_LIQUIDITY,44.9,3.0
BFLY,Health Care,1195699072.0,True,176717591.39723924,0.7150957834418279,6.766157588195148,1,None,Positive,High,0.4,0.15738222269700525,-1.8996482743460101,0.09,SELL,44.9,
NVCR,Health Care,1987487360.0,True,2374794119.866192,21.303953563242555,0.8369093317916693,3,None,Negative,Very High,0.03686202986737175,0.08493910415989867,-1.9511690471303367,0.10405261237215986,SELL,44.9,1.71429
PROV,Financials,105812456.0,False,577545875.0736655,85.42362389755563,0.1832104782784635,5,Narrow,Negative,Medium,-0.1,0.10382942034644534,0.059950148040634754,0.053918909522170246,INSUFFICIENT_LIQUIDITY,44.9,
ATO,Utilities,28416432128.0,True,22162850843.156788,138.02352103502324,1.2821650215082383,1,Narrow,Positive,Medium,0.09285705810044079,0.06984275940973057,0.05847505101670011,0.05984812996269427,SELL,44.9,2.85714
DIT,Industrials,79139192.0,True,927710604.3143884,1003.2243006485018,0.08530590426794434,5,None,Negative,Medium,-0.1,0.10474553751964603,0.04970054268174617,0.05526012811860327,INSUFFICIENT_LIQUIDITY,44.9,
GAIN,Unknown,,True,693545397.814915,17.915231752642956,,,None,Stable,High,,0.07472031594014257,0.026492283636965847,0.04345,INSUFFICIENT_LIQUIDITY,44.9,
FRME,Financials,2516497920.0,False,17800446237.36738,308.3598688659319,0.14137274349433282,5,Wide,Stable,Medium,-0.1,0.11398651814333216,3.3886876032304696,0.06699079897341605,SELL,44.8,
BHC,Health Care,2005564160.0,True,37902563531.47931,101.0735027506115,0.05291368111115529,5,None,Positive,High,-0.1,0.06331620625845993,0.02043595221859942,0.04753456017249445,SELL,44.8,2.88889
MGNX,Health Care,248531824.0,True,3049095244.888009,48.27948080211942,0.08151002315086041,5,Narrow,Stable,Very High,-0.1,0.28,-9.412059575040344,0.11,INSUFFICIENT_LIQUIDITY,44.8,2.28571
NTRA,Health Care,30835701760.0,True,6503426931.558638,47.56713988018401,4.741454326236243,1,None,Positive,High,0.4,0.25,-4.552797120462879,0.08987905833046046,SELL,44.8,1.5
KELYB,Information Technology,666341824.0,True,1268014912.1089718,36.12578097176558,0.5254999902893376,5,None,Negative,Low,-0.1,0.03,0.0334270397385618,0.06214159665433681,INSUFFICIENT_LIQUIDITY,44.8,
CHH,Consumer Discretionary,4995859968.0,True,9864769088.49528,211.78121701363847,0.506434557482586,5,Wide,Negative,Medium,-0.0018487484939406216,0.07002675946270105,0.2920180756898244,0.0662868290037816,SELL,44.8,3.1875
VLN,Unknown,223074288.0,True,202543003.20129067,1.9637263527625182,1.1013675341739897,3,None,Negative,Very High,0.06792755272105444,0.03,-1.2027793913937173,0.10998001781723157,INSUFFICIENT_LIQUIDITY,44.7,
AVNT,Materials,3112643072.0,True,1750088152.38804,19.064141093551633,1.7785635927840087,1,Narrow,Stable,Medium,0.08567834176366651,0.03,0.06663504145152388,0.06295137000984787,SELL,44.7,1.57143
CALX,Communication Services,2377166336.0,True,1219770486.7813709,17.600035881702198,1.948863627839258,1,None,Negative,High,0.2222466532856343,0.05318993870701085,-0.027321909040939868,0.09,SELL,44.7,
HURN,Industrials,1783301248.0,True,3225787258.2223873,179.30005326120767,0.5528266761716678,5,None,Positive,Medium,0.06046551281891967,0.14307805272719282,0.05938120740974098,0.06798727978921389,SELL,44.7,
AIRS,Health Care,360488448.0,True,194308962.9132477,3.214334013075131,1.8552332460389167,1,None,Negative,High,0.13927603507180242,0.03,-0.010942976240676349,0.08373665005169045,INSUFFICIENT_LIQUIDITY,44.7,
PKG,Materials,19852961792.0,True,20579385043.945602,229.6806366511786,0.9647014111260184,3,Narrow,Negative,Low,0.04641823432422443,0.052412781673560935,0.15400041540255338,0.061387772242724674,SELL,44.7,1.72727
WMS,Materials,9968931840.0,True,7835310692.884411,99.96186281316626,1.272308429205395,1,Narrow,Positive,Medium,0.0720015784724658,0.03,0.17449355884612963,0.07023855847435005,SELL,44.7,1.22222
BABA,Industrials,290439135232.0,True,307588920967.041,15.991105846999792,0.9442444621180661,3,Narrow,Positive,Medium,0.027579485051845487,0.04187667688304279,0.11697578672507813,0.07137439785398916,HOLD,44.7,1.36585
SUNE,Industrials,4659110.0,True,57210767.41732856,22.98337450439517,0.08143764207904687,5,None,Stable,Very High,0.004831311543013528,0.25,-0.19230943534542383,0.07098985311842455,INSUFFICIENT_LIQUIDITY,44.7,
TREX,Materials,4119584768.0,True,4944809792.018337,46.17176042026618,0.8331128883156691,5,Wide,Negative,Low,0.006995832997650268,0.03,0.360345982579501,0.06432356744411825,SELL,44.7,2.1
GLBE,Unknown,5396792320.0,True,2928377746.4904776,16.639695217894456,1.8429290164043217,1,None,Positive,High,0.3720906267538834,0.25,-0.2007996296328853,0.08998779812517464,SELL,44.7,1.53846
ARDX,Health Care,1373483392.0,True,8408419221.055101,34.884820988990555,0.16334620763921107,5,Narrow,Positive,Very High,0.023726880913230608,0.28,-1.956646773245926,0.1014366213501754,SELL,44.7,1.1
ZH,Unknown,271659456.0,True,1168789733.1523747,4.869071679344346,0.2324279964945447,5,None,Stable,Very High,-0.1,0.03,-3.6999142658846265,0.10879664723593217,INSUFFICIENT_LIQUIDITY,44.7,1.42857
EMN,Materials,8214900736.0,True,16550632065.325096,143.1715576585216,0.49634966831332544,5,Narrow,Stable,Medium,-0.0539786005725898,0.03,0.10069705291289106,0.06338401760891585,SELL,44.6,
ADAG,Health Care,219361008.0,True,93451029.16401279,1.5837512263177405,2.347336460201062,1,None,Stable,Very High,0.3795776046234415,0.03,,0.10819436568120105,INSUFFICIENT_LIQUIDITY,44.6,
SE,Unknown,53016662016.0,True,31146445789.835407,48.80150621772979,1.7021737367318457,1,None,Positive,High,0.3806670242957181,0.25,0.0310439276749324,0.08843563016003793,SELL,44.6,1.3
MAT,Consumer Discretionary,4091211264.0,True,7514926964.483517,23.35336790374999,0.5444113140866937,5,Narrow,Negative,Medium,-0.057910683167180704,0.03,0.10908530807680224,0.06354652826995785,SELL,44.6,2.0
VITL,Consumer Staples,430198496.0,True,7893922160.892475,171.53388904195717,0.054497433244434526,5,Narrow,Positive,Low,-0.1,0.28,0.2342334720471479,0.06447376863751572,INSUFFICIENT_LIQUIDITY,44.6,2.54545
AMR,Materials,2573185792.0,True,3247831111.6751323,249.90721186578764,0.7922782015204076,4,Narrow,Negative,High,-0.022571389516261864,0.03,0.17278859584950665,0.0897585578105097,SELL,44.6,3.0
AKR,Financials,3247080704.0,False,261408722.88050842,2.0317315795072806,12.42147036342112,1,None,Positive,Very High,0.25044244077509326,0.09366048379606258,0.006799334967813167,0.0855995239894982,SELL,44.6,
GRDX,Health Care,42247440.0,True,-1123443.1063716027,-0.6948967847390852,,,None,Negative,Medium,0.4,0.04,-2.8323877793983425,0.07355543312575619,INSUFFICIENT_LIQUIDITY,44.6,
CSBR,Health Care,78460568.0,True,86978662.84356672,6.096586387887129,0.9020668453033508,3,Narrow,Stable,High,0.04763336548455596,0.06244985642638152,1.8272285190428619,0.09,INSUFFICIENT_LIQUIDITY,44.6,
OCFC,Financials,1044865216.0,False,7891358427.819805,137.42025995332705,0.13240625496321187,5,Narrow,Negative,Medium,-0.1,0.10345800592693485,0.1463647661639192,0.05567176844458245,SELL,44.6,2.16667
EPC,Materials,915636032.0,True,3469240806.1994553,72.88321021427427,0.2639297999619338,5,Narrow,Stable,Medium,-0.1,0.03,0.05646069865694564,0.05585674702357467,INSUFFICIENT_LIQUIDITY,44.6,
BAC,Financials,382009507840.0,False,3766980529668.4253,490.4347836410349,0.101410003272203,5,Narrow,Stable,Medium,-0.1,0.1343658197455965,,0.05956469754993428,HOLD,44.6,1.41667
CXDO,Communication Services,245384368.0,True,379733424.9897125,12.001197706696587,0.6462016558238133,4,Narrow,Positive,Very High,0.1398614813755178,0.2016458665387342,-0.4897412382821141,0.10996855483328644,INSUFFICIENT_LIQUIDITY,44.6,
COMP,Real Estate,5760549888.0,False,48405017702.11363,86.10642549662471,0.11900728811733215,5,None,Positive,Medium,-0.1,0.08975841493858244,-1.084866851943119,0.07487453207561923,SELL,44.5,1.75
UBER,Industrials,143937208320.0,True,85244259137.3503,40.21545572834048,1.6885267087380085,1,None,Positive,Very High,0.3483427938957898,0.25,-0.12382490311040445,0.10546691265154771,HOLD,44.5,1.45098
ICHR,Information Technology,2193486336.0,True,876595774.1497166,25.60734704063457,2.502278017627504,1,Narrow,Negative,Medium,0.16195644603518466,0.03,0.10596108446425012,0.07331796103310774,SELL,44.5,1.42857
XYL,Industrials,26132023296.0,True,31170934276.343704,127.75287210482104,0.8383458469460172,5,Narrow,Stable,Low,0.11026203403908486,0.13209277943077008,0.08495215068460571,0.06350929453328612,SELL,44.4,1.91304
POOL,Consumer Discretionary,6760906240.0,True,10487148998.487642,281.2472913132279,0.6446848653504393,5,Wide,Negative,Low,-0.0192855893597757,0.03,0.2852256447569497,0.06175288371156476,SELL,44.4,2.35714
CBU,Financials,3341967872.0,False,14037587136.271519,265.75769364971353,0.23807281404969785,5,Narrow,Stable,Medium,-0.1,0.1367283152239312,,0.0711917411861967,SELL,44.4,2.66667
MTH,Industrials,4564489728.0,True,11175487686.589329,156.63351021176948,0.40843763207554895,5,Narrow,Negative,Medium,-0.09762962777083947,0.03,0.1088215295459225,0.06597423023052482,SELL,44.4,2.1
HUDI,Unknown,13441231.0,True,6276738.324184105,0.43962495942451096,2.14143561604461,1,None,Negative,High,0.08240556378556896,0.03,0.0350190001497524,0.06093662665355133,INSUFFICIENT_LIQUIDITY,44.4,
EGBN,Financials,831615488.0,False,7332076930.307245,241.60796554213746,0.1134215442506482,5,Wide,Negative,Medium,-0.1,0.06706600073252815,0.5028848494349403,0.07234450669833999,INSUFFICIENT_LIQUIDITY,44.4,
PRK,Financials,3131346944.0,False,7126629509.222032,439.83639415524937,0.4393868012849498,5,Narrow,Negative,Low,-0.0600306580689533,0.08627419952641749,0.5240343373750523,0.06428604366828168,SELL,44.4,
AUBN,Financials,87645792.0,False,659803999.0988971,188.78317679671886,0.13283610302407836,5,None,Stable,Medium,-0.1,0.12851008331928293,,0.075,INSUFFICIENT_LIQUIDITY,44.4,
AAON,Industrials,10863130624.0,True,18971420758.466618,228.281065438342,0.5726050126821405,5,Wide,Positive,Medium,0.1600423734901676,0.21332879909289923,0.18715001871872444,0.07386371979899155,SELL,44.4,1.2
SATL,Information Technology,1055497920.0,True,148535296.33301175,1.1073627996966244,7.106041096343894,1,None,Positive,High,0.4,0.25,-2.7618875200523965,0.08765032215675468,SELL,44.4,1.4
ULBI,Information Technology,111433120.0,True,205940540.26362592,12.374747041438885,0.5410936567290427,5,None,Positive,Medium,0.06687477499094807,0.14767679146576054,0.045380257044094124,0.0652753353341099,INSUFFICIENT_LIQUIDITY,44.4,
VNET,Unknown,2516674304.0,True,-1518789495.7883422,-0.9420176957860805,,,None,Positive,Extreme,0.35935769775996296,0.03,0.00918574103711118,0.08419830861410132,SELL,44.4,1.53846
MLR,Consumer Discretionary,541068608.0,True,646164865.4168997,55.633821849034014,0.8373538038947808,4,Narrow,Positive,Medium,-0.011681098292988523,0.03,0.1339532712380946,0.07317078317625747,INSUFFICIENT_LIQUIDITY,44.4,
DLPN,Unknown,14449171.0,True,620831783.1161379,53.71221082314316,0.023273890597989923,5,Narrow,Negative,Very High,-0.1,0.1320992965306561,-0.12597188409478294,0.07059073109262269,INSUFFICIENT_LIQUIDITY,44.3,
WHWK,Health Care,205227728.0,True,184454840.8511952,2.9805216163939927,1.1126177391330319,3,Narrow,Stable,Very High,0.22868216083957066,0.17021702705547886,-10.16825414997138,0.11,INSUFFICIENT_LIQUIDITY,44.3,2.16667
INSP,Health Care,1186813696.0,True,15627462461.196884,525.16865124594,0.07594410794118803,5,Narrow,Positive,Very High,-0.1,0.28,-1.037165907441131,0.11,SELL,44.3,
SMSI,Information Technology,18656906.0,True,44344701.40681489,2.152133045708075,0.42072458282767483,5,None,Negative,Very High,-0.1,0.03,-0.3998011223275943,0.10659193600701712,INSUFFICIENT_LIQUIDITY,44.3,
AMSF,Financials,592909568.0,False,1478704469.100596,77.49153470824166,0.4009655616721237,5,Wide,Positive,Low,-0.09409587260556951,0.03,0.22342314611484632,0.065,INSUFFICIENT_LIQUIDITY,44.3,
MKL,Financials,22758309888.0,False,46312432337.66852,3661.640760410224,0.49140821890042213,5,Narrow,Positive,Medium,-0.08082481250797588,0.049428859340081746,0.11655145685039728,0.06998246136686906,SELL,44.3,3.0
TKNO,Health Care,244479968.0,True,10225640.255200688,0.19119394790222305,23.908524248705035,1,None,Negative,High,0.4,0.03462611485114535,-0.39795151706657445,0.0876286156376894,INSUFFICIENT_LIQUIDITY,44.3,
GRRR,Unknown,473987136.0,True,668590103.5388939,30.048324926654168,0.7089353155111826,4,None,Positive,High,0.17619009895508608,0.25,0.09629653497857767,0.0886834474536435,INSUFFICIENT_LIQUIDITY,44.2,1.0
ASIX,Materials,579080064.0,True,1256125048.590807,45.96568997679977,0.4610051082490913,5,Narrow,Negative,Medium,-0.08502215281484629,0.03,0.0749465340854158,0.06645772535097923,INSUFFICIENT_LIQUIDITY,44.2,
SEIC,Financials,10754808832.0,False,20083768523.096405,158.0453313221726,0.5354975496571738,5,Wide,Negative,Low,-0.012752084595464674,0.0652395995466053,0.3847709305624219,0.0647847561571538,SELL,44.2,2.0
LYFT,Industrials,5182666240.0,True,8149185824.54784,19.511577206639483,0.635973501105868,4,None,Stable,Very High,0.097731573566194,0.1897734578346137,-25.437043685059727,0.09921435268938839,SELL,44.2,2.52273
CLX,Consumer Staples,11383535616.0,True,17666592190.86509,142.14352418889416,0.6443537889489583,5,Wide,Stable,Medium,-0.019319628320719408,0.03,0.2878251044382051,0.06934118887966095,SELL,44.2,3.10526
BLD,Industrials,11309047808.0,True,11666857978.108433,408.7716082539316,0.9693310597609207,3,Narrow,Positive,Medium,0.07361312117061336,0.0778147348295409,0.123434016596496,0.06862406369085021,SELL,44.1,2.33333
ODFL,Industrials,50446868480.0,True,37461207700.97179,177.03951691874113,1.3466428760835532,1,Wide,Negative,Low,0.06849248713448397,0.03,0.24654269846513904,0.06498292838590891,HOLD,44.1,2.66667
LADR,Financials,1306044416.0,False,-2736572732.1181602,-21.685323767845038,,,None,Stable,Very High,0.36501932829645245,0.03,-0.007764057060703124,0.061495930210303,SELL,44.1,
ZEPP,Unknown,90776232.0,True,-101224909.08695096,-0.39784740596085866,,,None,Negative,Very High,0.20192236731422153,0.03,0.06918862233828435,0.062465038614908985,INSUFFICIENT_LIQUIDITY,44.1,
XELB,Financials,12172803.0,False,6913335.890697401,2.0121379872197465,1.7607712387271315,1,None,Negative,Extreme,0.08903744035968997,0.03,-0.11374839484324724,0.08824396033040657,INSUFFICIENT_LIQUIDITY,44.1,
AGIO,Health Care,1682451840.0,True,1052194590.6178622,18.150046885007843,1.5989930522376499,1,None,Negative,Very High,0.35586122985592417,0.08958464660448338,-1.390575925048508,0.11,SELL,44.1,1.6
GLIBK,Communication Services,860351616.0,True,8761909410.278147,82.80247417974566,0.09819225190696056,5,None,Negative,Very High,0.06279501610036708,0.25,0.05243953159695108,0.056385900691453494,INSUFFICIENT_LIQUIDITY,44.0,
SGRY,Health Care,1793105664.0,True,56839192383.35859,446.8173822870912,0.03154699405132622,5,Wide,Stable,Medium,-0.1,0.10185530580856125,0.050843625997813016,0.05374469280841081,SELL,44.0,1.58333
MPWR,Information Technology,72763990016.0,True,88846740937.67636,1839.134342206967,0.818983220409199,5,Wide,Negative,Low,0.21433254052135575,0.2348743134319089,0.3469432527237991,0.065,HOLD,44.0,
BWXT,Industrials,17035743232.0,True,12049622063.068453,131.17945869334056,1.4137989675388893,1,Narrow,Negative,Low,0.15725596153242594,0.11742112244110006,0.15034588340496607,0.06271965893688788,SELL,44.0,1.93333
DVN,Energy,51072688128.0,True,48462046298.87772,76.55931484814806,1.0538698224384044,3,Narrow,Negative,Medium,0.05862693355911286,0.05186765823418944,0.07809033669534866,0.07054884904326543,HOLD,44.0,1.42308
MZTI,Consumer Staples,2944066816.0,True,5266176362.437657,191.57395185120075,0.559052073720756,5,Wide,Negative,Low,-0.03141192289634692,0.05022888434183681,0.2205680688697813,0.065,SELL,44.0,
EFOI,Information Technology,22801814.0,True,1033886.280302716,0.1861851756352811,22.05447004609033,1,None,Positive,Very High,0.4,0.03,-1.2192460092950896,0.11,INSUFFICIENT_LIQUIDITY,44.0,
DEO,Consumer Staples,44711034880.0,True,62605882168.596924,28.099588046946554,0.7141666778146133,5,Narrow,Stable,Medium,-0.01592232060025861,0.03,0.1409305355684754,0.06391500655231575,SELL,44.0,
MTG,Financials,5395117056.0,False,7083611915.13592,30.130336220638622,0.7616336299384181,5,Narrow,Positive,Medium,-0.02238313887323168,0.03,0.1415993447631853,0.07162559290891822,SELL,44.0,2.83333
NEU,Materials,7267630592.0,True,6878321496.449432,732.827775031902,1.0565994328342354,3,Wide,Positive,Medium,0.03779084332753302,0.03,0.1987751335766691,0.0715806757183229,SELL,44.0,
CLB,Energy,596030080.0,True,669622194.4343457,14.238798044448961,0.8900990513068169,5,Narrow,Stable,Low,0.004530436400270177,0.03,0.11346182812019748,0.06163592603428633,INSUFFICIENT_LIQUIDITY,44.0,
ARWR,Health Care,10295239680.0,True,11573955558.196861,86.52907159345132,0.8895178168114484,3,Narrow,Negative,Very High,0.2643297820858521,0.28,-3.1457994384188135,0.10839220223645778,SELL,44.0,1.61538
LI,Unknown,14410082304.0,True,19499122294.121887,9.100140847783063,0.7390118430276216,4,None,Stable,High,-0.1,0.03,-0.15931220476741356,0.0858509154926145,SELL,44.0,2.42857
NA,Unknown,49213868.0,True,-26401788.689036354,-1.3292505628685798,,,None,Negative,Very High,0.4,0.03,-0.08397575813727903,0.08399848918497396,INSUFFICIENT_LIQUIDITY,44.0,
SPSC,Information Technology,2036453760.0,True,12065079883.632427,317.56895882376364,0.16878908218110247,5,Wide,Negative,Low,-0.04099735005559649,0.1823066339765908,0.15559768936079238,0.065,SELL,43.9,2.58333
MIND,Health Care,56352140.0,True,41413258.91897094,4.972773645409576,1.3607270104064602,2,None,Positive,Very High,0.2095455637721989,0.11587156153568338,-0.26449363751981453,0.11,INSUFFICIENT_LIQUIDITY,43.9,
XEL,Utilities,49342267392.0,True,29812599896.516586,50.61561951870388,1.6550809913685298,1,Narrow,Stable,Medium,0.0721379330784534,0.03,0.056657565813275884,0.05598563272622954,SELL,43.9,1.42105
TFIN,Financials,1696671488.0,False,2823420744.226461,118.3950896643725,0.6009276128857093,5,Narrow,Negative,Medium,-0.04864163836841445,0.043653203322091286,0.10316941914961278,0.06906805341210817,SELL,43.9,
IT,Information Technology,10981448704.0,True,38393163362.55331,507.8124907420582,0.28602615002833376,5,Wide,Positive,Medium,-0.07337219347444485,0.06893188189350674,0.4275819773194867,0.06826283835684897,SELL,43.9,
MHH,Industrials,77388296.0,True,151590431.12722686,12.68539172612777,0.5105091094770324,5,Narrow,Negative,Medium,-0.1,0.03,0.10523672161554418,0.075,INSUFFICIENT_LIQUIDITY,43.9,0.0
CNP,Utilities,27926493184.0,True,35458510132.32005,54.08146134724328,0.7875822497839609,5,Narrow,Positive,Medium,0.0042621589742105614,0.03221191689413154,0.05111352376121955,0.05519974391006266,SELL,43.9,
CBSH,Financials,7733477888.0,False,26571745637.813942,191.4763364473921,0.2910413938704342,5,Narrow,Stable,Medium,-0.1,0.07952640522609955,,0.07494787470704142,SELL,43.9,
KTCC,Information Technology,40505076.0,True,23230782.800829068,2.158593458542006,1.7435949682485277,1,None,Stable,Medium,0.05010353071140686,0.03,0.03367786010978109,0.05222364805433863,INSUFFICIENT_LIQUIDITY,43.9,
BRCC,Consumer Staples,150935168.0,True,58254206.5268206,0.6118676198398323,2.590974575037916,1,None,Positive,High,0.1751070196371317,0.05980130472551188,-0.29312900112274665,0.08129208132263858,INSUFFICIENT_LIQUIDITY,43.8,
MED,Consumer Staples,134541296.0,True,2196268663.9267616,200.00625297575462,0.06125903365549567,5,Wide,Negative,Medium,-0.1,0.03,1.8967022317939628,0.075,INSUFFICIENT_LIQUIDITY,43.8,
SCYX,Health Care,46771848.0,True,94693585.80258378,15.171187515234955,0.4939283648790053,5,Narrow,Stable,Very High,-0.1,0.03,-1.3588507223113964,0.11,INSUFFICIENT_LIQUIDITY,43.8,
IBRX,Health Care,7247689728.0,True,2264198612.212885,2.4614519903647443,3.20099557031199,1,Narrow,Negative,Very High,0.4,0.28,-1.2698318328223719,0.10714708678189899,SELL,43.8,1.33333
KRP,Energy,1644640256.0,True,2979748194.3987317,24.5636953712377,0.5519393414153452,5,Narrow,Negative,High,0.0324703741657294,0.1279309647017207,0.07835727256506124,0.0801483972897362,SELL,43.8,1.83333
URI,Industrials,66892115968.0,True,87358058216.0758,1352.208194787874,0.7657234757043899,5,Narrow,Positive,Low,0.07511014304495178,0.10467820351159411,0.11887764745257894,0.06122003535896919,SELL,43.8,1.77273
ANF,Consumer Discretionary,3384609536.0,True,17346473238.531464,357.83631567232163,0.19511802136712245,5,Narrow,Positive,Medium,-0.1,0.09845758039344377,0.11641617173077093,0.075,SELL,43.8,2.0
TRAK,Information Technology,182826064.0,True,132386665.2551101,6.916392312580853,1.381000598872196,1,Narrow,Positive,Medium,0.11689519542513127,0.0462846315650534,0.1338379981548669,0.07491223957704507,INSUFFICIENT_LIQUIDITY,43.7,
AOSL,Information Technology,1257341568.0,True,285412957.4447868,9.70627299591181,4.4053415768386515,1,None,Negative,High,0.39923049058200755,0.03,0.012659176471829311,0.0889503740410337,SELL,43.7,
BXP,Real Estate,11114150912.0,False,3862051697.05389,24.309662030061812,2.877784085717513,1,None,Negative,Medium,0.10679899866739062,0.041255715668510495,0.03695001167722823,0.0559359544680058,SELL,43.7,2.18182
GLIBA,Communication Services,865140224.0,True,8745331679.911835,82.6458100296912,0.09892594765584944,5,None,Negative,Very High,0.06333123826990883,0.25,0.05243953159695108,0.05644384240461682,INSUFFICIENT_LIQUIDITY,43.7,
NL,Materials,294370400.0,True,203821204.17943946,4.171791231132477,1.4442579769121722,1,None,Positive,High,0.14862207919534315,0.03,0.01773289001923453,0.08992106701791702,INSUFFICIENT_LIQUIDITY,43.7,
TOPS,Unknown,5257936.0,True,623476827.3080542,134.77092032787496,0.008433250073947178,5,None,Positive,Very High,-0.1,0.04957922516988109,0.04294813502828524,0.04502712057392039,INSUFFICIENT_LIQUIDITY,43.7,
CHCO,Financials,1789013632.0,False,5161193195.370791,356.38676946352655,0.3466279141816689,5,Narrow,Stable,Medium,-0.1,0.11692041309462033,,0.07255932608110718,SELL,43.7,
TNDM,Health Care,1325352576.0,True,1504696963.7448206,22.363037285350682,0.8808102946532992,3,None,Negative,Very High,0.10173961759327688,0.12368624857402151,-0.9794647322751477,0.09738349031979543,SELL,43.7,2.0
NNN,Financials,8553558016.0,False,1241041871.6969137,6.60175014894883,6.892239666583097,1,None,Positive,Medium,0.19447069530753547,0.060951134339129395,0.042929041539773075,0.06362833993510285,SELL,43.7,2.88235
WFC,Financials,250751926272.0,False,1827702740708.902,563.7056227705339,0.1371951361055256,5,Narrow,Stable,Medium,-0.1,0.07650536142029685,,0.06127662535901915,HOLD,43.7,1.83333
ECOR,Health Care,72338568.0,True,548452465.4027926,64.65312571057322,0.13189578416221243,5,Narrow,Stable,Very High,-0.016554754505500424,0.28,-9.749377259555573,0.1044303922165713,INSUFFICIENT_LIQUIDITY,43.7,
OPRX,Industrials,95889544.0,True,435828269.36585534,22.940185706909833,0.22001680648096206,5,Narrow,Negative,Very High,-0.03900266769405464,0.1883307488996565,-0.07160580076910897,0.09594389706346397,INSUFFICIENT_LIQUIDITY,43.7,
BANC,Financials,2971474688.0,False,13963798849.14668,86.34339275028246,0.21279844547328072,5,Narrow,Negative,High,-0.1,0.08326242622658692,0.16703005417229946,0.06654976094549987,SELL,43.6,
EXLS,Industrials,4533069312.0,True,14616715432.85847,89.95921194946035,0.3101291348813996,5,Wide,Positive,Low,0.0002628275095882816,0.1533080123355144,0.174307591408117,0.06366820571772017,SELL,43.6,1.55556
CWBC,Financials,668858176.0,False,7531253807.918228,394.9415108197389,0.08881099921194718,5,Narrow,Stable,Medium,-0.1,0.2798603061094648,,0.06945799482784097,INSUFFICIENT_LIQUIDITY,43.6,
BBUC,Industrials,6791542784.0,True,-12167958392.418228,-140.399519912518,,,None,Stable,High,0.10171971524598566,0.03,0.04133487277455335,0.048986854378073375,SELL,43.6,
GROY,Unknown,653190016.0,True,314293415.62652946,1.7960960866648372,2.0782809423413973,1,Narrow,Stable,High,0.3762266953214435,0.28,-0.004303711775972525,0.09,INSUFFICIENT_LIQUIDITY,43.5,1.57143
META,Communication Services,1505284980736.0,True,3580861963669.4023,1391.1662640518268,0.42036945182703866,5,Wide,Negative,Medium,0.06512148012851571,0.17374653311824545,0.40971297757107517,0.07381500073027557,HOLD,43.5,1.3125
CALM,Materials,3584038912.0,True,40694120131.70199,832.3437878485199,0.08807264785184339,5,Narrow,Positive,High,-0.1,0.2654760680589293,0.1423608774703431,0.09,SELL,43.5,2.5
BMI,Health Care,3692850176.0,True,4541696046.4330845,153.59653848398946,0.8130993660177362,4,Narrow,Positive,Medium,0.12324248630421131,0.15293401259472678,0.18190178956491723,0.075,SELL,43.5,2.23077
CHDN,Communication Services,6058055680.0,True,15295265597.349388,213.02598324999147,0.3960739119855387,5,Narrow,Positive,Medium,0.05715934561254221,0.13411957021361742,0.08227258408097796,0.0605335453604035,SELL,43.5,1.25
WY,Real Estate,17651122176.0,False,17239339150.032265,23.82549114322829,1.0238862419483734,3,Narrow,Negative,Medium,0.03399075380593197,0.03,0.06838385342851395,0.0674301048468979,SELL,43.4,
GNRC,Industrials,15396514816.0,True,8133289692.487633,137.21100853125213,1.8930242740795393,1,Narrow,Negative,Medium,0.12947194185483613,0.03,0.13701363831227856,0.07248599604720664,SELL,43.4,1.85
USAS,Unknown,1608513152.0,True,105457943.48024689,0.39447574269977986,15.252650477688173,1,None,Stable,Very High,0.4,0.20849349810424622,-0.23515864853005625,0.10777377958937538,SELL,43.4,1.25
JAKK,Consumer Discretionary,247885936.0,True,491248523.05626464,42.750719959643604,0.5046039313417104,5,Narrow,Negative,Low,-0.09141751904743356,0.03,0.21723830347495104,0.065,INSUFFICIENT_LIQUIDITY,43.4,
IPAR,Materials,2922992896.0,True,7748737572.332126,241.10679178213158,0.3772218208081954,5,Wide,Positive,Medium,-0.03807561785777952,0.1094894672608965,0.1950067973675535,0.07311793396205506,SELL,43.4,1.33333
IHRT,Communication Services,587982848.0,True,11361221045.614658,73.63311219167606,0.05175349072421725,5,None,Negative,Very High,-0.1,0.03,-0.006787703143551309,0.0502967179234095,INSUFFICIENT_LIQUIDITY,43.4,
RJF,Financials,29515036672.0,False,193843962378.23395,938.2573203205902,0.15226183116505534,5,Narrow,Stable,Low,-0.1,0.11807898591949341,,0.06170312434434438,SELL,43.4,2.35714
MLSS,Health Care,36577620.0,True,11854112.801012032,0.1444494182104875,3.085648045872925,1,None,Positive,Very High,0.24956669125289543,0.03,-3.054030295382261,0.10848047944979501,INSUFFICIENT_LIQUIDITY,43.3,
RCAT,Information Technology,1929798016.0,True,176834885.33329254,1.786987129089327,10.91299384939109,1,None,Positive,Very High,0.4,0.25,-0.4997932059628724,0.10983254711804478,SELL,43.3,1.16667
NEWTO,Financials,,False,15852284090.866146,593.38514283609,,,Narrow,Stable,High,,0.21272421508050643,0.07563199550102254,0.04345,INSUFFICIENT_DATA,43.3,
LEGN,Unknown,6058831872.0,True,11013277006.474697,29.875331088154635,0.5501388795031685,5,Narrow,Positive,Very High,0.2002397374926389,0.28,-1.1972257896165652,0.10667037757282584,SELL,43.3,1.6
GCTS,Information Technology,225981216.0,True,-59341536.008762,-1.1223622334839234,,,None,Stable,High,0.4,0.03,,0.07989779822350661,INSUFFICIENT_LIQUIDITY,43.3,
USCB,Financials,343178688.0,False,3311899636.7730513,168.5375291208319,0.10361989360715534,5,Narrow,Stable,Medium,-0.1,0.2090513743683119,,0.06347351243180203,INSUFFICIENT_LIQUIDITY,43.3,
LAD,Consumer Discretionary,6587232768.0,True,54167297011.13205,2132.570748469766,0.12160903592154954,5,Narrow,Negative,Medium,-0.058990644061118036,0.12028355720929004,0.0745621496121072,0.053157408332813794,SELL,43.3,1.6875
OGE,Utilities,9864692736.0,True,8557397838.984879,42.25875476041915,1.1527678064772784,2,Narrow,Positive,High,0.05078467484799552,0.03,0.060561148986943036,0.057081825394677654,SELL,43.3,2.61538
TREE,Financials,500215680.0,False,9582814944.378202,681.4688482703884,0.052199242383727085,5,None,Positive,High,-0.1,0.11814215430180552,0.08275136205211972,0.06955911452208326,INSUFFICIENT_LIQUIDITY,43.2,
UFPI,Materials,4524066304.0,True,6489280198.763074,114.25794874131655,0.697159956949052,5,Narrow,Negative,Medium,-0.044373454830191006,0.03,0.15787334086456634,0.07347515086035035,SELL,43.2,1.8
GIS,Consumer Staples,17691533312.0,True,39861013850.92209,71.49957641421003,0.44383049006644243,5,Narrow,Stable,Medium,-0.056800775876545695,0.03,0.11929759550359412,0.060587414533945144,SELL,43.2,3.1
AGM,Financials,1963560192.0,False,20523357528.586136,1868.6476853852441,0.09567441337339849,5,None,Stable,Very High,0.12227869167167837,0.25,0.016472095706916046,0.047167471186954135,SELL,43.2,
FITBO,Financials,,False,238481726189.46667,354.6181611895886,,,Narrow,Stable,Medium,,0.07450977600293197,,0.04345,INSUFFICIENT_LIQUIDITY,43.2,
CLF,Materials,7717710336.0,True,15231352260.98349,29.982976891699785,0.5066989590786122,5,Narrow,Negative,Very High,-0.03153812873492534,0.03,0.1558345021682444,0.07775789931361611,SELL,43.2,2.92308
RYZ,Industrials,1408778880.0,True,2091389744.2115746,65.11986997794166,0.6736089645170802,5,Narrow,Negative,Medium,-0.023304537602759356,0.03,0.10461274328919287,0.06719457778165647,SELL,43.2,3.0
WOOF,Consumer Discretionary,914969856.0,True,2496617395.484522,8.724916461008016,0.36648381031665067,5,None,Negative,High,-0.06841018655705128,0.03,0.04506048253550243,0.06113687384632724,INSUFFICIENT_LIQUIDITY,43.1,2.91667
ACCS,Industrials,23417404.0,True,74808883.80400501,19.385562011921486,0.313029720659277,5,None,Negative,Medium,-0.1,0.03,0.06378016405115111,0.07189521635285079,INSUFFICIENT_LIQUIDITY,43.1,1.0
SBC,Health Care,308756608.0,True,1054139544.5298626,10.234566518481502,0.29289917981181784,5,Narrow,Stable,Low,-0.1,0.03,0.6471201818111374,0.062361190111322476,INSUFFICIENT_LIQUIDITY,43.1,
CHKP,Information Technology,14129057792.0,True,30531958392.835075,277.7809651602046,0.4627629060085337,5,Wide,Positive,Medium,-0.038898906051966275,0.060365659488562914,0.4105108231515493,0.07113569683598067,SELL,43.1,2.23684
DLTH,Consumer Discretionary,126587272.0,True,964979018.4838072,27.874260333452938,0.1311813724187457,5,None,Negative,Medium,-0.1,0.03,0.048247835868635916,0.06544665380723247,INSUFFICIENT_LIQUIDITY,43.1,
GGR,Unknown,80294320.0,True,-255630800.7069565,-17.325028851708336,,,None,Positive,Very High,0.3160785742316584,0.03,-0.19774055103850724,0.05529170939599689,INSUFFICIENT_LIQUIDITY,43.1,3.0
VUZI,Information Technology,303111840.0,True,21097085.87663436,0.2718847326400702,14.367474340885403,1,None,Negative,Very High,0.4,0.03,-1.441079427130127,0.11,INSUFFICIENT_LIQUIDITY,43.1,
ALLR,Health Care,25616266.0,True,14731014.04431989,1.024485253805175,1.7389343274624967,1,None,Stable,Medium,0.4,0.04,-19.772216171521297,0.07336505903517532,INSUFFICIENT_LIQUIDITY,43.0,
WINA,Consumer Discretionary,1350892800.0,True,604421124.7021009,164.00167596640006,2.235019169235374,1,Narrow,Positive,Low,0.1406827226308921,0.03,2.6007889089297644,0.06408412937612672,SELL,43.0,
KFFB,Financials,38563928.0,False,203096590.39486152,25.07763150016534,0.18987974108784297,5,Narrow,Negative,High,-0.05486418539086982,0.16103058685252197,0.00968483130414919,0.06552407945666372,INSUFFICIENT_LIQUIDITY,43.0,
LANDO,Financials,,False,506734133.5563632,13.880571400453483,,,None,Negative,Medium,,0.03,0.019402946104350068,0.04345,INSUFFICIENT_LIQUIDITY,43.0,
OLN,Materials,2795051264.0,True,4389582615.517004,38.303513224406665,0.6367464765601181,5,None,Negative,High,-0.026902594575524852,0.03,0.0484297222501994,0.06659149903302805,SELL,43.0,
AGYS,Information Technology,2493309696.0,True,1563823642.053874,55.08554870033724,1.5943675673846252,1,Narrow,Stable,High,0.24088633631324252,0.1740736280154191,-0.016119858249456144,0.09,SELL,43.0,1.5
PNRG,Energy,297064800.0,True,2762442853.4298153,1140.3588266134977,0.10753699379922664,5,Narrow,Positive,High,-0.1,0.22689288482432934,0.07733709547375289,0.09,INSUFFICIENT_LIQUIDITY,43.0,5.0
DOCU,Information Technology,9182211072.0,True,15587289959.284306,74.53825093623841,0.5890832271668092,5,Narrow,Positive,High,-0.019161784020352013,0.09893836979937483,-0.30452978420402693,0.09,SELL,43.0,2.72727
CHMI,Financials,87587432.0,False,442321547.05892056,12.849686531695479,0.1980175566449009,5,Narrow,Negative,High,-0.1,0.03,0.0799675167406532,0.04642610156799899,INSUFFICIENT_LIQUIDITY,43.0,
CXT,Materials,2079005824.0,True,7384018198.31583,127.31065859165224,0.28155480771623587,5,Narrow,Negative,Low,-0.08236766854244065,0.0804712246309002,0.1477438758585265,0.0573703027607136,SELL,43.0,1.5
CVBF,Financials,3617331712.0,False,8088169045.443493,59.01619150268875,0.44723740214577246,5,None,Stable,Medium,-0.1,0.04576924027031946,,0.0711686351493071,SELL,42.9,
FULTP,Financials,,False,97908793447.47775,534.1771380032503,,,Wide,Positive,Medium,,0.15363802160707496,0.3942039142315551,0.04345,INSUFFICIENT_LIQUIDITY,42.9,
NUVB,Health Care,1678333568.0,True,698922891.1072273,2.0463806427551225,2.401314350058272,1,None,Stable,Medium,0.4,0.25,,0.07403538507848381,SELL,42.9,1.4
PDLB,Financials,459570112.0,False,-85286352.80071232,-3.698346860653189,,,None,Negative,Very High,0.4,0.03,-0.05336073435779168,0.07242154196745887,INSUFFICIENT_LIQUIDITY,42.9,
AXTI,Information Technology,5825280512.0,True,124756302.79044847,2.8396945983759014,46.69327626504488,1,None,Negative,High,0.4,0.03,0.03234467966694845,0.08950354690635515,SELL,42.9,1.8
OKTA,Information Technology,20634411008.0,True,27173689848.033516,151.56277454422175,0.7593525621068077,4,Narrow,Positive,High,0.1488125150663161,0.18876144577564552,-0.10661157024793388,0.08922359031217085,SELL,42.9,1.75556
CDNS,Information Technology,103759224832.0,True,83942004075.41751,307.12886399213176,1.236082292469188,1,Wide,Negative,Low,0.17263478523692988,0.14751072750541275,0.2926308204289362,0.0644969169144254,HOLD,42.9,1.48
CNM,Industrials,10119621632.0,True,14598695805.119392,73.78229065980125,0.6931866905844634,5,Narrow,Stable,Low,0.035366278324824515,0.09437668006943306,0.1373135508028523,0.061226701361635216,SELL,42.9,2.0
TPB,Consumer Staples,1676260096.0,True,1737819390.9640517,92.77952354333165,0.9645767015351913,3,Narrow,Positive,Medium,0.07563218748245448,0.0832515077045573,0.13754614237800222,0.07029725425670208,SELL,42.9,
KC,Unknown,3499631360.0,True,36859207.44516285,0.008974585828673859,94.94591996332433,1,None,Positive,High,0.4,0.03,-0.30060620461906473,0.08038752507408448,SELL,42.9,1.16667
OSCR,Financials,7389593088.0,False,8489207633.145582,32.353642823397344,0.8704691188312788,3,None,Stable,Very High,0.20857767900232982,0.25,,0.1063396465526644,SELL,42.9,2.90909
CBOE,Financials,29502949376.0,False,20750053951.371544,197.43153141171783,1.4218251887508901,1,Narrow,Positive,Medium,0.14150060168505263,0.09370458790001557,0.11548654569627553,0.07352893050544912,SELL,42.8,3.05882
EGP,Financials,10654824448.0,False,7713670687.690592,146.0535215603929,1.3812910713187272,1,Narrow,Positive,Low,0.17575221941593344,0.14101149151109732,0.040705887981994426,0.06214480603267625,SELL,42.8,1.78947
PENN,Consumer Discretionary,2573807872.0,True,18589365242.32456,128.55715935217538,0.13845593103630638,5,Narrow,Negative,High,-0.09447592946407377,0.04357055124150673,0.055714041958076554,0.05559182383367412,SELL,42.8,2.15
PRTS,Consumer Discretionary,48185680.0,True,78921551.93902293,12.896732075990347,0.6105516023966387,5,None,Negative,High,0.0014742047347576926,0.03,-0.0999097520382661,0.07073906682200329,INSUFFICIENT_LIQUIDITY,42.8,
EIG,Financials,848843072.0,False,2699849409.7145452,114.76072307345616,0.3144038585803006,5,Narrow,Stable,Medium,-0.1,0.03257929031388866,0.1139217950100466,0.07375062662707617,INSUFFICIENT_LIQUIDITY,42.8,
DGXX,Financials,546161920.0,False,83433730.30821429,1.8767154163830828,6.546056588653196,1,None,Negative,High,0.4,0.10683544306748938,-0.42042183922042126,0.09,INSUFFICIENT_LIQUIDITY,42.8,
CRBU,Health Care,190426704.0,True,175451827.76681852,1.8787147960737478,1.0853503575527501,3,None,Positive,Very High,0.1139573122370704,0.03,-3.3851585166175284,0.11,INSUFFICIENT_LIQUIDITY,42.8,
NFBK,Financials,599313344.0,False,3445086490.897739,85.75540615510563,0.17396177006976327,5,Wide,Positive,Medium,-0.1,0.09468655621818525,0.2531904467636345,0.05556145561465088,INSUFFICIENT_LIQUIDITY,42.8,
DSGX,Information Technology,6466229248.0,True,6770101411.495016,77.30279418005476,0.9551155669575246,3,Narrow,Positive,Low,0.13179155576734558,0.13797530199862104,0.06799575148627186,0.065,SELL,42.8,1.57143
CLPT,Health Care,386565504.0,True,422264744.34173846,14.912977448188826,0.9154576818924596,3,Narrow,Negative,High,0.2227584574440694,0.23326336275097348,-1.805113396084037,0.08475594247800945,INSUFFICIENT_LIQUIDITY,42.8,1.0
SCHW,Financials,154504790016.0,False,412309059077.437,227.9209834590586,0.3747305246256595,5,None,Stable,Medium,-0.1,0.07572377849114491,,0.06973301338791851,HOLD,42.8,1.68182
CWAN,Information Technology,7274159616.0,True,18414361210.514767,67.86864121291954,0.39502644337433707,5,Narrow,Negative,Medium,0.1760080508846379,0.28,0.009689930982043633,0.07179448939526921,SELL,42.8,
TRI,Unknown,37559803904.0,True,39563292733.87361,89.39004978925317,0.949359906837121,3,Narrow,Positive,Medium,0.03277112534561588,0.044638715090431755,0.09939273868172552,0.07323104730002894,SELL,42.8,1.77778
ALRS,Financials,727474304.0,False,3520625231.4064927,137.00530145178396,0.2066321338353226,5,Narrow,Stable,Medium,-0.1,0.11562091707486473,0.18275468178531382,0.06440183003410788,INSUFFICIENT_LIQUIDITY,42.7,
RMBS,Information Technology,15713382400.0,True,9347862963.71349,85.57571258034045,1.6809598579906624,1,Narrow,Positive,High,0.29227949633141415,0.22251476139817403,0.05555807903920627,0.09,SELL,42.7,1.44444
BTU,Materials,3423536384.0,True,19932425221.01607,163.6488113383914,0.17175714174461518,5,Narrow,Negative,High,-0.1,0.03,0.14006477522714544,0.08583519017326012,SELL,42.7,1.66667
GURE,Materials,6632454.0,True,14830928.968201663,13.825891717142456,0.4472042185772955,5,None,Negative,Very High,-0.1,0.03,-0.01435761061916181,0.09913841294705995,INSUFFICIENT_LIQUIDITY,42.7,
PPSI,Information Technology,46604316.0,True,24062662.876455255,2.150781800111983,1.9367896329379746,1,None,Positive,Very High,0.4,0.25,-0.4486394557823129,0.10951518879564479,INSUFFICIENT_LIQUIDITY,42.7,
SBSI,Financials,986269312.0,False,5506975117.011604,182.19331426624774,0.17909456480987432,5,Narrow,Stable,Medium,-0.1,0.08430642196527809,,0.06423107385515657,INSUFFICIENT_LIQUIDITY,42.7,
ALX,Financials,1320694144.0,False,725796441.2073312,141.34247601904787,1.8196481396396518,1,Narrow,Stable,Medium,0.09407295280928618,0.03,0.07537689920675036,0.06282911045655437,SELL,42.7,
NRXP,Health Care,177193728.0,True,10272649.299837615,0.4799925921637852,17.249077898804643,1,None,Stable,Medium,0.4,0.04,-0.11631351536894986,0.075,INSUFFICIENT_LIQUIDITY,42.6,1.0
GSAT,Communication Services,10495009792.0,True,1160109296.8441124,9.152230621142126,9.046569853849078,1,None,Positive,High,0.4,0.17218361044776487,-0.07634144271282137,0.08794874340281501,SELL,42.6,
AWI,Materials,6621621248.0,True,6843981479.55262,156.97205228331697,0.9675101061835201,3,Narrow,Positive,Low,0.10328487047133086,0.10752597081267087,0.15663444274476496,0.06364152252903303,SELL,42.6,
PAYX,Industrials,36018982912.0,True,51475029354.15621,142.1962136855144,0.6997370057661122,5,Wide,Positive,Low,0.027734878706839106,0.06713617777185843,0.48970272951197774,0.06238849590283996,SELL,42.6,3.26316
RELY,Industrials,3952231424.0,True,13314852258.308737,61.19804487247968,0.29682878542897295,5,None,Positive,Medium,0.010547317403949763,0.25,-0.3377471103907627,0.07378851848192386,SELL,42.6,1.2
O,Real Estate,56732848128.0,False,178817964199.41708,196.86366931042664,0.31726593232395683,5,Narrow,Negative,Medium,0.1291037120634364,0.2331313587371721,0.029307309772850183,0.0643780006650441,SELL,42.5,2.5
NTST,Financials,1952478336.0,False,4095984874.669197,48.643158158601665,0.4766810414937598,5,Narrow,Positive,Very High,0.21351987869382266,0.27920786658121105,0.00522772710295545,0.08600188638655334,SELL,42.5,1.5
IMTX,Unknown,1338030336.0,True,600269522.4553025,4.906229714842958,2.2290492619498816,1,None,Stable,Very High,0.34897647733265347,0.046017933857944456,-0.08158982739792169,0.11,SELL,42.4,1.0
WIX,Unknown,2192495872.0,True,14581160472.303967,252.6337742239522,0.1503649778880435,5,Narrow,Negative,High,-0.1,0.12347861997126271,-0.6030795614988284,0.0742072441557643,SELL,42.4,2.0
TTEK,Industrials,7240739328.0,True,9502103401.592804,35.572015145056035,0.7620143690276261,5,Narrow,Negative,Low,0.09000136450362783,0.12327961827194635,0.14260992793819224,0.06294474483510126,SELL,42.4,2.0
QUIK,Information Technology,354480000.0,True,12039674.512503996,0.7412223427017175,29.442656413331534,1,None,Positive,Very High,0.4,0.03,-1.304943949778231,0.10681869419462979,INSUFFICIENT_LIQUIDITY,42.4,
BRKR,Health Care,8584003072.0,True,10021628001.104412,66.01862978329652,0.8565477655979665,5,Wide,Negative,Low,0.0691473039762115,0.08578767839186625,0.1919961919909895,0.06114668441298615,SELL,42.4,2.07692
KNF,Materials,4208866048.0,True,4688132019.034896,82.399719114771,0.8977703765403863,5,Narrow,Stable,Low,0.035463940298544716,0.05429006900204647,0.12531021891110908,0.06030344522107943,SELL,42.4,2.0
SLVM,Materials,1535404288.0,True,4552616512.167037,111.85789956184367,0.33725754934477237,5,Narrow,Negative,Medium,-0.09924055625562064,0.03,0.16848271531495804,0.0637321630867881,SELL,42.3,
WDAY,Information Technology,35633332224.0,True,72732770556.09448,271.2725062420305,0.48992128240898125,5,Narrow,Positive,Medium,0.05078111800483813,0.1594306556682093,-0.06681202079917098,0.07255983844329966,SELL,42.3,2.0
QMCO,Information Technology,185902960.0,True,251003346.6295792,48.73851390865615,0.7406393679457519,4,Narrow,Stable,High,0.006187547016087813,0.03,0.5760738565688112,0.0714567701706883,INSUFFICIENT_LIQUIDITY,42.3,1.0
CXM,Information Technology,1258752384.0,True,6291863566.596051,24.390376859636195,0.200060343120408,5,Wide,Stable,Medium,-0.1,0.12194903834023635,0.2901732917669769,0.075,SELL,42.3,2.55556
NGS,Energy,502296800.0,True,572378704.181124,45.08694006940716,0.8775602522085671,3,None,Positive,Very High,0.2056025773898692,0.22220269652786356,0.004260826575744862,0.0890979559107728,INSUFFICIENT_LIQUIDITY,42.3,
CVR,Industrials,9850971.0,True,7783976.560254658,8.056845814293137,1.2655447924007777,2,None,Negative,High,0.05736204489058283,0.03,0.007658636623213673,0.08775141868332932,INSUFFICIENT_LIQUIDITY,42.3,
DGICA,Financials,638735168.0,False,809840073.1993597,25.91819987196312,0.7887176606074932,5,None,Positive,Low,-0.043173323517617546,0.038485391703455774,0.05839623384686808,0.06388049483562064,INSUFFICIENT_LIQUIDITY,42.3,
IBP,Industrials,5323753472.0,True,7219537001.155163,264.1812206612025,0.737409264769773,5,Narrow,Positive,Low,0.02595239787304212,0.078607709257767,0.16669018070991068,0.06190357898855144,SELL,42.3,2.92857
TTI,Energy,1358205440.0,True,372380130.8709411,2.755309884357685,3.6473628085992713,1,None,Positive,High,0.2770720940640944,0.07891619369468846,0.007796949657677348,0.08451651447797076,SELL,42.2,1.25
MATW,Materials,790981824.0,True,16314446.1675663,0.5246139998574281,48.483522877564795,1,None,Positive,High,0.17415879552984614,0.03,0.015806935194960316,0.0679671560674088,INSUFFICIENT_LIQUIDITY,42.2,
NRC,Industrials,431352352.0,True,831090485.9886096,37.10888042456731,0.5190197208031953,5,Wide,Negative,Low,-0.03643520907124981,0.03,0.45266884451587863,0.061662918382820744,INSUFFICIENT_LIQUIDITY,42.2,
IOVA,Health Care,1888705152.0,True,429551572.5725116,1.2020640349592455,4.396922913560448,1,None,Positive,High,0.4,0.25,-4.968171353563201,0.08997536652744437,SELL,42.2,1.6
MAC,Financials,6978095616.0,False,-536934334.9707632,-2.112118572280121,,,None,Positive,Medium,0.2385425858657758,0.05590975099085309,0.02317078965820133,0.06172493617955142,SELL,42.2,2.125
PGR,Financials,119045677056.0,False,510713248365.8041,868.4122570409863,0.2330969040590312,5,Narrow,Positive,Low,-0.048662268311421675,0.17384154147400616,0.16664082204128694,0.0638198571487097,HOLD,42.2,2.6
AVPT,Information Technology,2277064704.0,True,5513256983.436262,24.044593526345167,0.41301624626624384,5,Narrow,Stable,High,0.10069443131345779,0.22646994554691674,-0.059922325134476644,0.09,SELL,42.2,1.71429
KEEL,Financials,3097641216.0,False,-28689945.74667883,-0.052004992747372226,,,None,Negative,Very High,0.4,0.19905786736668782,-0.1908380719562098,0.09814099122350244,SELL,42.2,1.33333
IGC,Health Care,28626118.0,True,765509.4422040837,0.01000441328635151,37.394859451476655,1,None,Negative,Very High,0.4,0.12690735040186624,-0.48004484149687876,0.10928475772881045,INSUFFICIENT_LIQUIDITY,42.2,
TYL,Information Technology,12838733824.0,True,8578879453.743666,195.81118081218995,1.4965513728482818,1,Narrow,Positive,Low,0.15099446091242374,0.09733989548627045,0.09840395448109068,0.06403837207523735,SELL,42.2,1.63636
ASM,Materials,1023582784.0,True,568481232.4013178,3.602285253693265,1.8005568621435235,1,None,Positive,High,0.37948059899924635,0.25,0.03495764289863347,0.0897280957901671,SELL,42.2,
SFBC,Financials,100698928.0,False,506924315.83454263,196.73538006239136,0.19864686868338663,5,Narrow,Negative,Medium,-0.1,0.08312359877468282,0.0968615860312841,0.07026057475748003,INSUFFICIENT_LIQUIDITY,42.2,
OGI,Unknown,149221520.0,True,61816513.88137296,0.48417401369356855,2.413942660797063,1,None,Positive,Very High,0.4,0.25,-0.12550293211933988,0.11,INSUFFICIENT_LIQUIDITY,42.1,1.6
HZO,Consumer Discretionary,727810240.0,True,2074407561.4996843,94.06815306714091,0.35085209556112135,5,Narrow,Negative,Medium,-0.06985447609675216,0.03,0.07909016512600979,0.05596141359735715,INSUFFICIENT_LIQUIDITY,42.1,
GPI,Consumer Discretionary,3700337920.0,True,28587004086.627113,2244.3655015961954,0.1294412631973213,5,Narrow,Negative,Medium,-0.06702356504815499,0.13200308978519976,0.08428603481522004,0.0559822240278742,SELL,42.1,1.66667
ZBRA,Information Technology,11056186368.0,True,8009622522.7907505,156.40007702804664,1.3803629742276233,1,Narrow,Negative,Medium,0.08572866841194415,0.03,0.11384979589150085,0.06917782748684517,SELL,42.1,1.66667
CBZ,Industrials,1820301440.0,True,9736685688.295639,153.9640368168191,0.18695288091595316,5,None,Negative,Medium,0.039619090401956325,0.25,0.05995845154839749,0.060979474538235684,SELL,42.1,
CLBT,Information Technology,3444764160.0,True,13722247221.813576,54.910266395841624,0.2510349875145836,5,Wide,Stable,Low,0.02959644266574124,0.19119156583051333,0.8066345878366217,0.065,SELL,42.0,1.28571
ALTG,Industrials,208878176.0,True,-90524541.63072014,-2.767336841876282,,,None,Stable,High,0.10593573598481468,0.06114532121034562,0.03258508327299059,0.05118420926199724,INSUFFICIENT_LIQUIDITY,42.0,
IPWR,Information Technology,96528568.0,True,6128729.862242489,0.670887220654395,15.750175023162207,1,None,Negative,Very High,0.4,0.03,-2.655417730022769,0.11,INSUFFICIENT_LIQUIDITY,42.0,
DT,Information Technology,12297361408.0,True,25037075166.285854,82.43282673679276,0.49116605379526296,5,Narrow,Positive,Medium,0.11377776864696043,0.20349197929419327,0.08843177030283339,0.075,SELL,42.0,1.75676
TSCO,Consumer Discretionary,15618109440.0,True,30945682093.277466,58.149119454914455,0.5046943025176629,5,Wide,Negative,Low,-0.03607368478803799,0.04359183593442242,0.2982679248141572,0.06277176282239005,SELL,42.0,2.0
NEWTG,Financials,,False,15852284090.866146,593.38514283609,,,Narrow,Stable,High,,0.21272421508050643,0.07563199550102254,0.04345,INSUFFICIENT_LIQUIDITY,42.0,
SOPH,Unknown,358951840.0,True,561897165.9493229,8.31949272528313,0.6388212323398221,5,Narrow,Negative,High,0.08653951325441855,0.1506065348088307,-2.4563804168368772,0.08453638067747989,INSUFFICIENT_LIQUIDITY,42.0,
CREX,Information Technology,42480416.0,True,155895168.1707732,14.854232317367623,0.27249347429078374,5,None,Positive,Extreme,0.12128984839432044,0.24668378892920736,-0.15018256490456489,0.07943455822961414,INSUFFICIENT_LIQUIDITY,42.0,
PSN,Information Technology,6281778688.0,True,8574172799.107948,78.16517735049591,0.7326396184426739,5,None,Positive,Low,0.07498765452704259,0.1214993225821643,0.05532009130874743,0.061452610026632326,SELL,42.0,1.85714
TLF,Materials,18893080.0,True,161233137.42769065,19.50989142141618,0.11717864144691169,5,None,Stable,Medium,-0.1,0.03,0.031788463181033885,0.075,INSUFFICIENT_LIQUIDITY,41.9,
ONON,Unknown,12359867392.0,True,32903657804.17417,112.58626413985446,0.3756380966991464,5,Narrow,Positive,High,0.15163491402752238,0.28,0.20552671959514726,0.09,SELL,41.9,1.61538
FCPT,Financials,2710805248.0,False,4075960483.273244,39.59218299429165,0.6650715234174839,5,Wide,Negative,Low,0.06431981300381778,0.09459938307983565,0.06551687204221712,0.05837163665724492,SELL,41.9,2.33333
DPZ,Consumer Discretionary,10443893760.0,True,17038981431.47208,497.66801816550355,0.6129412020315642,5,Wide,Negative,Low,-0.0025356625247183184,0.03918647617742508,0.8983340292832415,0.05816689482463938,SELL,41.9,2.06452
LSAK,Financials,408104448.0,False,206878930.04956812,2.7997852248523922,1.9726728473615864,1,None,Positive,Very High,0.3301858866286359,0.25,-0.05842697614794474,0.08633256866433814,INSUFFICIENT_LIQUIDITY,41.9,
FBRT,Financials,659572928.0,False,-1948125345.4746895,-22.602003634705387,,,Narrow,Positive,Extreme,0.38024695522733565,0.28,-0.012844271037140281,0.05578082507986938,INSUFFICIENT_LIQUIDITY,41.9,
OFIX,Health Care,415938784.0,True,5588040516.285337,141.10377848294937,0.07443374520779178,5,Narrow,Negative,High,-0.1,0.11188068269284573,-0.03698542339586773,0.07619877072416259,INSUFFICIENT_LIQUIDITY,41.8,2.0
POWW,Materials,233404560.0,True,166286027.51508385,1.413489226514198,1.4036330261051417,1,None,Negative,Very High,0.12313243817334071,0.03,-0.018094590786600754,0.11,INSUFFICIENT_LIQUIDITY,41.8,
GLOB,Unknown,1653777024.0,True,8820140156.126486,195.98133887626898,0.1875000844347449,5,Narrow,Negative,Low,-0.1,0.13664594120006526,0.12217476205951897,0.059695486986481874,SELL,41.8,2.125
AMPX,Information Technology,2788638976.0,True,109996708.5688853,0.8825153763761527,25.35202200394586,1,None,Positive,Very High,0.4,0.25,-2.6565116422973762,0.11,SELL,41.8,1.11111
RMCO,Financials,38656868.0,False,74516050.86576512,4.974478137155815,0.5187723658307838,5,Narrow,Positive,Very High,0.19764766469520312,0.28,-0.01793127768848736,0.11,INSUFFICIENT_LIQUIDITY,41.8,
CBFV,Financials,173128224.0,False,699466789.4647644,131.80287561829965,0.24751457339737118,5,Narrow,Stable,Medium,-0.1,0.03,0.31575439473464967,0.06972492751612054,INSUFFICIENT_LIQUIDITY,41.8,
CLWT,Industrials,9116101.0,True,6402760.871340951,0.8420969050422946,1.4237765837553114,1,None,Negative,High,0.1810825892460045,0.03,-0.02945429591054293,0.09,INSUFFICIENT_LIQUIDITY,41.8,
PIII,Health Care,2353078784.0,True,11874391391.005232,3632.4231847675837,0.19816415903070542,5,Narrow,Positive,Very High,-0.07755535497430613,0.1673870516676566,-1.4347948650257063,0.10307233458949353,SELL,41.8,
WBX,Unknown,49924668.0,True,-105035633.40794253,-0.681540624909597,,,None,Positive,Very High,0.33034582078089614,0.15915439840851672,-0.6092176857635789,0.05711592258239184,INSUFFICIENT_LIQUIDITY,41.8,
PROF,Health Care,242008656.0,True,128394095.66194724,4.246824332814294,1.8848892914608164,1,None,Negative,Very High,0.4,0.25,-2.3542798355240677,0.10878539898168517,INSUFFICIENT_LIQUIDITY,41.8,1.2
CVX,Energy,373046149120.0,True,169124589126.96252,91.12316224513067,2.205747555962739,1,Narrow,Negative,Medium,0.126056031474317,0.03,0.053650892893028934,0.07189245527688728,HOLD,41.7,1.84
CPHC,Communication Services,80860240.0,True,216465032.0999876,42.68329265769935,0.3735487400230526,5,None,Negative,Medium,-0.1,0.03,0.05898505949495435,0.07495434455056305,INSUFFICIENT_LIQUIDITY,41.7,
DBRG,Financials,2895229440.0,False,3883698069.6091633,22.09999299852141,0.745482627152672,4,Narrow,Negative,Very High,0.15544124732215325,0.19602735518082684,-0.023296420701738357,0.10377420225130769,CORP_ACTION_REVIEW,41.7,
RWAYI,Unknown,,True,2711071205.372313,73.8753047411798,,,Narrow,Stable,Low,,0.03,0.11337160657888536,0.04345,INSUFFICIENT_DATA,41.7,
RH,Consumer Discretionary,2771419648.0,True,3411441046.183627,172.37116775405593,0.8123897234279872,4,Narrow,Negative,High,0.006653791854556057,0.03,0.14359491078789746,0.06539367228772525,SELL,41.7,
CHR,Information Technology,3530307.0,True,1389688748.023005,3916.7014213849206,0.0025403580514142287,5,Narrow,Negative,Medium,-0.1,0.03,0.3197518753217887,0.05462689458538508,INSUFFICIENT_LIQUIDITY,41.7,
HIPO,Financials,646211456.0,False,9740343519.123016,374.46453821416225,0.06634380550658263,5,Narrow,Positive,Very High,-0.1,0.28,-3.732796678079697,0.10540744505447262,INSUFFICIENT_LIQUIDITY,41.7,2.0
LZM,Unknown,391287904.0,True,-29975457.279006388,-0.3753367590111614,,,None,Stable,High,0.4,0.03,-0.49906398462291834,0.08461374642368318,INSUFFICIENT_LIQUIDITY,41.7,
GDRX,Information Technology,897489728.0,True,2077214123.5614777,5.818967046699548,0.43206413716329506,5,None,Positive,Very High,-0.1,0.03,0.013323988971501825,0.08655141130531385,INSUFFICIENT_LIQUIDITY,41.7,
HOMB,Financials,5462332416.0,False,27462431775.71681,138.94405682600546,0.19890199311591827,5,Wide,Negative,Medium,-0.1,0.1270435108307494,2.701679046851625,0.07105986871980274,SELL,41.7,
LAZ,Financials,4563571200.0,False,20461067868.304302,192.41524824145358,0.22303680479303367,5,Wide,Negative,Medium,-0.1,0.03672017768985285,0.2846248370644835,0.0664808007547183,SELL,41.6,2.7
ECL,Materials,72602435584.0,True,38862421938.208534,136.26375153649556,1.8681912233735272,1,Narrow,Positive,Low,0.12510953386402368,0.04587308692960752,0.10293718603788019,0.06280436614059151,HOLD,41.6,1.74074
QSR,Consumer Discretionary,33157441536.0,True,77022789943.99796,168.5400217592953,0.4304887106804135,5,Narrow,Negative,Medium,0.04029684959293667,0.14302171476729886,0.10655653409412297,0.06583333185154887,SELL,41.6,1.86207
NMFC,Unknown,739562240.0,True,2019431393.2759638,16.676654362981598,0.3662230083490317,5,Narrow,Positive,Medium,-0.04462029007541621,0.03,0.08848900357519764,0.05308183841871136,INSUFFICIENT_LIQUIDITY,41.6,
WDFC,Materials,2736694272.0,True,3166145844.638816,233.37110965127263,0.8643614054084087,5,Wide,Negative,Low,0.048263993385981085,0.06666264876094674,0.29563857469575117,0.06433606637649895,SELL,41.6,
ESS,Real Estate,19673602048.0,False,6466837436.543322,100.41757395109983,3.042229256734805,1,None,Positive,Low,0.18613693087848915,0.06723141257009546,0.0354361628560734,0.05946451194521963,SELL,41.6,2.65385
MTDR,Energy,6652227584.0,True,42010110760.79649,337.1976848184908,0.15834825149301454,5,Narrow,Negative,High,-0.08634130779151977,0.1659342878146841,0.10211668381284614,0.07424879085403971,SELL,41.6,1.57895
MGY,Energy,5239867904.0,True,6554757951.481251,35.31791582377164,0.7993991452904664,4,Narrow,Negative,High,-0.008850945697769286,0.043734505718682024,0.16694731754240094,0.08675031996271172,SELL,41.6,2.0
HEI.A,Industrials,34007033856.0,True,76568989975.68092,543.9258794473359,0.4441358553482418,5,Narrow,Negative,Low,0.1467776506700732,0.23881220284156152,0.13617864151141854,0.06370852129766343,SELL,41.6,3.0
KELYA,Information Technology,408056416.0,True,1307561089.3022509,37.25245268667381,0.31207445628238273,5,None,Negative,Low,-0.1,0.03,0.0334270397385618,0.06069385749232343,INSUFFICIENT_LIQUIDITY,41.6,2.0
TBBK,Financials,2252839680.0,False,18622859342.017925,401.1673543774538,0.12097173901308585,5,Narrow,Stable,High,-0.1,0.24435114894394364,,0.0826506072235911,SELL,41.6,
UCTT,Information Technology,3679062784.0,True,2300911269.4176383,50.7927432542525,1.5989590006794014,1,None,Negative,Medium,0.12522340702955292,0.031857701057920476,0.06457038780900257,0.07137961267171924,SELL,41.6,1.2
BRK.A,Financials,1054773739520.0,False,736129137882.4882,341.22150266541786,1.4328650847242765,1,None,Stable,Medium,0.12748315824966705,0.03983772818774591,0.058531484562516375,0.07155996178074076,HOLD,41.5,2.5
EFOR,Information Technology,825329984.0,True,4063953475.6862793,93.20994210289632,0.20308549025911932,5,Narrow,Negative,Medium,-0.1,0.03,0.08899789774332692,0.05650397783362342,INSUFFICIENT_LIQUIDITY,41.5,3.0
WSO,Industrials,15296503808.0,True,13104365854.848965,345.1727073061667,1.167283024408227,1,Wide,Stable,Low,0.05316375999222543,0.03,0.19751162124196486,0.0648209293579728,SELL,41.5,2.76923
CLVT,Information Technology,1540511872.0,True,5575477063.347343,8.280821421873375,0.27630135582965243,5,None,Negative,Extreme,-0.06203208898886553,0.03,-0.014746262097893386,0.06709946442779548,SELL,41.5,
BTMD,Materials,83194208.0,True,940856465.5146911,25.6596522724336,0.08842391060626766,5,Narrow,Stable,High,-0.1,0.038716829101019104,0.42746732465111326,0.06380834295976714,INSUFFICIENT_LIQUIDITY,41.5,1.4
IDYA,Health Care,2485585408.0,True,4032059570.9347367,45.56759592978364,0.6164555270754039,4,Narrow,Positive,Very High,0.20375334591564587,0.28,-0.7254077159140728,0.11,SELL,41.5,1.38889
NTNX,Information Technology,14499992576.0,True,20824250665.393356,70.81079377384397,0.6963032096082438,5,Narrow,Stable,High,0.11412422226109747,0.16379057654149634,,0.0860517876933749,SELL,41.4,2.11765
ASTS,Communication Services,36328460288.0,True,307427819.31546414,1.2127197157974525,118.1690725611331,1,None,Positive,Very High,0.4,0.25,-1.039477773690383,0.10616807564450599,SELL,41.4,2.81818
CBAT,Information Technology,63825008.0,True,78497687.82589756,0.8795543061272102,0.8130813756140111,3,None,Positive,Very High,0.19819649388954852,0.2233292552243339,-0.12704600833253307,0.08673898616298872,INSUFFICIENT_LIQUIDITY,41.4,
EXR,Real Estate,32069033984.0,False,96435318708.67188,455.2045388109849,0.33254449109956863,5,Wide,Negative,Medium,0.09453505993212075,0.1852330895511605,0.07558917415354238,0.06578521099655689,SELL,41.4,2.33333
QUCY,Health Care,50087960.0,True,1114994.9547876643,0.18592895860596745,44.92214048586307,1,None,Stable,Very High,0.4,0.03,-19.461062045411893,0.10975680865042349,INSUFFICIENT_LIQUIDITY,41.4,
XOS,Industrials,64741008.0,True,16543880.39558386,1.76750858927178,3.9132903800055057,1,None,Stable,Very High,0.4,0.25,-1.1923090784589325,0.09520951356091219,INSUFFICIENT_LIQUIDITY,41.4,2.0
STWD,Financials,6484942848.0,False,79258985823.2968,226.4600684683229,0.08181965465036097,5,Narrow,Positive,Extreme,0.1288849603327234,0.28,-0.008486385625308502,0.06422374231493028,SELL,41.4,1.88889
XNCR,Health Care,872646656.0,True,878740641.3136648,11.836644369046793,0.9930650922158845,3,None,Negative,Very High,0.02674312686206004,0.03,-0.46148595023931377,0.10196963841808675,INSUFFICIENT_LIQUIDITY,41.3,
ASPS,Industrials,69252744.0,True,-121030208.0916584,-10.936135184933441,,,None,Positive,Very High,0.3213877486079676,0.03,0.003013433927783668,0.06115297437249678,INSUFFICIENT_LIQUIDITY,41.3,
IAUX,Materials,1232733056.0,True,-74063063.83570865,-0.11025713936053569,,,None,Negative,Very High,0.4,0.25,-0.1799691723048653,0.10173866504148266,SELL,41.3,
NEWTI,Financials,,False,15852284090.866146,593.38514283609,,,Narrow,Stable,High,,0.21272421508050643,0.07563199550102254,0.04345,INSUFFICIENT_LIQUIDITY,41.2,
CE,Materials,5596079104.0,True,16817034929.465607,153.53773767489355,0.33276253081897034,5,Narrow,Negative,High,-0.03986555919387241,0.03,0.11432013034708927,0.05776770637041636,SELL,41.2,
CTAS,Industrials,71964622848.0,True,59540364873.22916,145.1191726581681,1.2086694967560923,1,Wide,Positive,Low,0.1158569976791376,0.09195320118081013,0.18970542302035803,0.06429749974321983,HOLD,41.2,2.42857
LKFN,Financials,1494566016.0,False,6897551482.253516,267.3568322990193,0.2166806612238154,5,Wide,Stable,Medium,-0.1,0.10657409629886994,1.8634028342680995,0.07153822513404988,SELL,41.2,
XRN,Financials,516267648.0,False,116017772.96001494,8.67163263024254,4.449901380006058,1,None,Stable,Very High,0.13548383099538686,0.04801649188172434,0.02350311892568913,0.07281247761767351,INSUFFICIENT_LIQUIDITY,41.2,2.33333
BXMT,Financials,3095342592.0,False,-3258334177.3777714,-19.05886973154838,,,None,Negative,Very High,0.11910834641291068,0.04290287306750472,0.039817871987406626,0.0541745963158896,SELL,41.2,1.77778
LPRO,Financials,249438032.0,False,456602421.2197795,3.8498387158822247,0.5462915227949182,5,Narrow,Positive,High,-0.08069306647072791,0.03,0.3247129586011896,0.07819326841634275,INSUFFICIENT_LIQUIDITY,41.1,
WSO.B,Industrials,14230137856.0,True,13108393234.595366,345.27878962909733,1.0855745323877035,2,Wide,Stable,Low,0.042434379403680667,0.03,0.19751162124196486,0.06480763010217071,SELL,41.1,
MGTX,Health Care,833485696.0,True,1391590638.2004492,17.30184533205542,0.5989445984473072,5,Narrow,Negative,Very High,0.2165981456102979,0.28,-1.7017686559454526,0.10454066559507731,INSUFFICIENT_LIQUIDITY,41.1,1.25
HESM,Energy,8021538816.0,True,13292736639.430294,107.98323833818273,0.6034527752701938,5,Narrow,Stable,Medium,0.018806050833897227,0.08494730575859338,0.21071210386193362,0.06490916960068452,SELL,41.1,
OXSQ,Unknown,116908864.0,True,197512535.50098944,2.584143808968734,0.5919060463856702,5,Narrow,Negative,Medium,-0.02900239534586383,0.03,0.10070352924664558,0.05718523191924342,INSUFFICIENT_LIQUIDITY,41.1,
SHW,Materials,75297849344.0,True,57896110624.89866,231.2144993007135,1.3005683547871625,1,Wide,Positive,Low,0.0618602572740895,0.0301183400588493,0.18554937332416963,0.06228120195239791,HOLD,41.0,2.04167
LDOS,Industrials,15651485696.0,True,23220755066.710224,178.62119282084788,0.6740300068208509,5,Narrow,Positive,Medium,-0.025193566089799002,0.05633910056671572,0.1000784969195524,0.06777595490860656,SELL,41.0,2.23529
AIV,Financials,435884224.0,False,316787664.092407,2.245813140024295,1.375950750004118,2,None,Negative,Very High,0.07844423245516541,0.03,-0.006339981102990349,0.0719451755641264,INSUFFICIENT_LIQUIDITY,41.0,
NXDR,Information Technology,789472512.0,True,1514086309.9173872,3.9191832564573206,0.521418433565439,5,None,Negative,High,-0.1,0.08015641667009824,-4.588592553472406,0.09,INSUFFICIENT_LIQUIDITY,41.0,2.6
USIO,Financials,41669952.0,False,23775763.75633867,0.882976447377099,1.7526230672144316,1,None,Positive,High,0.17620423621133174,0.05329136170370745,-0.2997565935401595,0.08852452635336075,INSUFFICIENT_LIQUIDITY,41.0,
UPWK,Information Technology,1082018944.0,True,3897711495.2488136,27.710240979770244,0.2776036516091421,5,Narrow,Positive,High,-0.1,0.09895407438195959,-0.06595627429860687,0.07838436543039547,SELL,41.0,2.54545
IFRX,Unknown,271018880.0,True,18799458.70719722,0.2793866517667638,14.416312949278835,1,None,Negative,High,0.4,0.03,-0.5645801649729335,0.09,INSUFFICIENT_LIQUIDITY,41.0,1.28571
TWO,Financials,1296271744.0,False,5357140890.140417,51.45555988098717,0.24197081439200738,5,Wide,Positive,Very High,0.07950452254197465,0.12061875513811632,0.10540774847583592,0.05310593078048618,SELL,41.0,
ALVO,Health Care,1104650880.0,True,728809035.0208285,2.501554347751142,1.515693174644069,2,None,Positive,Extreme,0.28439908600525,0.25,-1.1757683370552579,0.08552263540901256,SELL,41.0,2.0
RDI,Communication Services,41270232.0,True,-72052125.47447105,-3.180790511258741,,,None,Positive,Extreme,0.15775117961317597,0.04135474014892172,-0.04257647706966024,0.06015263280678129,INSUFFICIENT_LIQUIDITY,40.9,
JJSF,Consumer Staples,1414382592.0,True,2429591081.056505,124.80562393057508,0.5821484129687194,5,Narrow,Positive,Low,-0.059528896765285874,0.053811729960056315,0.09655397738485438,0.06497081629405971,SELL,40.9,1.66667
GAU,Unknown,530263936.0,True,1316727254.479803,5.096184848185284,0.4027135719990017,5,None,Positive,Medium,0.06706595980281035,0.25,-0.008987917081766666,0.075,INSUFFICIENT_LIQUIDITY,40.9,
PLMR,Financials,2875935232.0,False,19784957801.52938,719.839106485456,0.1453596849106087,5,Narrow,Positive,Medium,0.0004688760402505877,0.28,0.14970458819620505,0.075,SELL,40.9,1.625
ESAB,Industrials,5354546176.0,True,5610411642.5226965,91.57419645005288,0.9543945288107866,3,Narrow,Positive,Low,0.01986198480907697,0.03,0.10512778823397081,0.06096126823482105,SELL,40.9,1.22222
FLGT,Health Care,543871936.0,True,723083318.8902824,23.49427555935544,0.7521566627130626,4,None,Negative,Very High,-0.07261155291188942,0.03,-0.03928227880367499,0.10994180597021681,INSUFFICIENT_LIQUIDITY,40.9,
FRPT,Consumer Staples,2444362496.0,True,4361363201.11835,77.83006230023645,0.5604583666348198,5,None,Positive,Medium,0.14436044959069155,0.24065703539770056,-0.021979845030353287,0.07030146991989467,SELL,40.9,
FWRG,Consumer Discretionary,627544960.0,True,5830054555.445751,92.77245164926873,0.1076396376795173,5,None,Stable,Low,-0.1,0.1848841058929318,0.031001348864621095,0.0583123177542025,INSUFFICIENT_LIQUIDITY,40.9,1.2
HEI,Industrials,46287273984.0,True,75811251983.52971,538.5431089040336,0.6105594192542301,5,Narrow,Negative,Low,0.18209749169465983,0.23881220284156152,0.13617864151141854,0.06403582698149757,SELL,40.9,1.82609
PDM,Real Estate,1105168000.0,False,1471146795.4474125,11.82256516243337,0.7512289075570401,5,None,Negative,Medium,0.005057241088685438,0.03,0.01516051150060712,0.05392126334882939,SELL,40.8,
BDTX,Health Care,112884504.0,True,520711976.0192611,9.045989154500397,0.21678876077131823,5,None,Stable,Low,-0.1,0.04,,0.065,INSUFFICIENT_LIQUIDITY,40.8,1.44444
SYBT,Financials,2119485568.0,False,10035121429.907944,340.0929077814737,0.21120676842865496,5,Narrow,Stable,Medium,-0.1,0.19445265715529672,,0.0707851592856408,SELL,40.8,
WHG,Financials,163857392.0,False,515975729.6041696,58.068885723179534,0.3175680222899303,5,None,Positive,Medium,-0.1,0.06273171128563529,0.07137087593949663,0.075,INSUFFICIENT_LIQUIDITY,40.8,
IBIO,Health Care,90414984.0,True,8733429.749075267,0.8318344365249326,10.352746469343677,1,None,Negative,Very High,0.4,0.03,-0.447066628192764,0.10935635325748266,INSUFFICIENT_LIQUIDITY,40.8,1.0
JPM,Financials,836998922240.0,False,5718702354575.339,2055.9778373450795,0.1463616866806061,5,Narrow,Stable,Medium,-0.1,0.16389082575542555,,0.0632014531115588,HOLD,40.8,2.16667
INBKZ,Financials,,False,5639346180.2204485,645.9754363669575,,,Narrow,Stable,Medium,,0.14884140608356863,0.16156468769888171,0.04345,INSUFFICIENT_LIQUIDITY,40.8,
TFSL,Financials,4604695552.0,False,1465832065.4645662,5.239633235357408,3.1413527241544097,1,Narrow,Negative,High,0.2014973656710859,0.14043369634512884,0.017772318931079504,0.06607274522574502,SELL,40.8,
PINS,Information Technology,11998569472.0,True,31190960522.38698,45.350793392549235,0.3846809867682066,5,Narrow,Positive,High,-0.041774282831149534,0.14895421597547953,-0.17427544491427377,0.09,SELL,40.8,2.05263
TT,Industrials,100986978304.0,True,87678483530.52087,389.85541809924797,1.1517874652661668,1,Narrow,Positive,Low,0.12310146050209433,0.10422563636734762,0.17272629422466268,0.06405820598801384,HOLD,40.8,2.2
TITN,Consumer Discretionary,540306496.0,True,662604234.551773,29.128021564611085,0.815428679482402,4,None,Negative,Medium,-0.040454362727705764,0.03,0.027201970886093562,0.06580859040994301,INSUFFICIENT_LIQUIDITY,40.7,2.0
SM,Energy,7722305536.0,True,13784746048.200659,119.8673569408753,0.5602065869764792,5,None,Negative,High,-0.04195379112913539,0.09086388848480148,0.06378884282536004,0.07789119954723149,SELL,40.7,2.0
SITE,Industrials,4654579712.0,True,4195314457.7218075,93.05675326059749,1.1094709964905918,1,Narrow,Negative,Low,0.08012627377663895,0.06552744647614457,0.11229283745482294,0.06283366430574736,SELL,40.6,1.75
EOSE,Information Technology,2403759104.0,True,-190865587.74922642,-0.7317491310205404,,,None,Stable,Very High,0.4,0.25,-8.47017839369114,0.09317611751530802,SELL,40.6,2.5
TSLA,Consumer Discretionary,1468487958528.0,True,123452838315.40614,34.992301109809,11.895133223071,1,None,Negative,Medium,0.4,0.0872191472016457,0.08217466130017492,0.0748210649000715,HOLD,40.6,2.34043
WRB,Financials,25527015424.0,False,59462340036.69989,148.70752595701978,0.4292971889139385,5,Narrow,Positive,Low,-0.03668284877233846,0.11028948546449242,0.12095018236951996,0.06284268221038804,SELL,40.6,3.22222
EVAX,Health Care,29607762.0,True,250414476.7558462,0.7815526899269816,0.11823502532111005,5,Narrow,Stable,High,-0.1,0.28,-16.094949841675177,0.08266612333297349,INSUFFICIENT_LIQUIDITY,40.6,
SHOP,Information Technology,142145093632.0,True,44409681745.55828,34.03162647811341,3.2007681218345345,1,None,Positive,High,0.4,0.25,-0.19746233330868918,0.09,HOLD,40.6,1.7451
AAT,Financials,1835364736.0,False,1085903830.2590852,14.15106455414374,1.6901724488457706,1,None,Stable,Medium,0.08974628500580673,0.03,0.033699788303909725,0.0598866087639182,SELL,40.5,
STRZ,Communication Services,438706080.0,True,717544889.2821977,717544.8892821977,0.6113987940724704,4,None,Negative,Extreme,-0.00850869113731191,0.03,0.00043826010737372633,0.08018250255202532,INSUFFICIENT_LIQUIDITY,40.5,2.125
YUM,Consumer Discretionary,41582972928.0,True,58357075045.90517,207.67642365090808,0.7125609516119471,5,Wide,Negative,Low,0.03339813145852327,0.06508060292554227,0.6395379250222638,0.06020197727007139,SELL,40.5,2.22222
AVB,Real Estate,26915969024.0,False,14021684746.055817,98.17293240723424,1.9195959338317914,1,None,Positive,Medium,0.1447068369466415,0.06298436297547436,0.0444955341201522,0.06687971568433437,SELL,40.5,2.5
HBAN,Financials,33488199680.0,False,194932006654.79617,129.5370436743912,0.17179425921215716,5,Narrow,Stable,Medium,-0.1,0.14758319753607302,,0.06377997191485874,SELL,40.5,1.5
HITI,Unknown,201286080.0,True,355956101.498641,4.331492807966853,0.5654800666502088,5,None,Positive,High,0.12365296221519062,0.22098738400014734,-0.09979078695698029,0.08184916239540116,INSUFFICIENT_LIQUIDITY,40.5,
BNAI,Information Technology,144275424.0,True,4533199.756221753,1.0360822677115298,31.82639895848049,1,Narrow,Stable,High,0.4,0.28,-1.8502178620504421,0.0893314252458652,INSUFFICIENT_LIQUIDITY,40.4,
ETN,Industrials,153743507456.0,True,100601201791.04723,257.1605362756831,1.5282472248724375,1,Narrow,Positive,Low,0.1376570657830148,0.08758879552259069,0.10162690365990243,0.06369690054428456,SELL,40.4,1.72414
SAFT,Financials,1031804864.0,False,3267816388.588949,221.620121130811,0.3157475027063977,5,Narrow,Negative,Medium,-0.07581475506079621,0.12194341583624682,0.10869373424462266,0.07354178877125107,SELL,40.4,
DNOW,Industrials,2415083264.0,True,1946438007.9900327,16.5120015152166,1.240770707356824,2,None,Positive,High,0.16250915784414677,0.12881993696111568,-0.005635546030809609,0.0832301888469766,SELL,40.4,1.0
RIG,Energy,6585223680.0,True,-3820084895.0093517,-3.979255098968075,,,None,Negative,Very High,0.4,0.1429081733987695,-0.02309636558732607,0.07924796018757273,SELL,40.4,2.76923
CISS,Industrials,1157928.0,True,142869778.54719988,11116.169815936946,0.008104779133660206,5,Narrow,Stable,Medium,-0.1,0.09970646938780003,0.11913735741501856,0.075,INSUFFICIENT_LIQUIDITY,40.4,
COLD,Financials,4216950784.0,False,-1606876079.8050785,-5.6235207978003885,,,None,Negative,High,0.2509597724854413,0.03,0.013229219995036044,0.06656182538577733,SELL,40.4,2.64706
SBRA,Financials,4655429120.0,False,3216183313.1626253,13.154272362559514,1.44750117350186,1,None,Stable,High,0.1249624618114421,0.0854574995483028,0.039538788341234275,0.0736143121540691,SELL,40.4,2.21429
VECO,Industrials,3567407104.0,True,853780905.0353899,14.090188880671187,4.178363656249876,1,None,Negative,Medium,0.31286901061903893,0.03,0.048961402483044356,0.07312027371780251,SELL,40.3,
ACMR,Industrials,5272363008.0,True,15253219761.729097,226.60512254096162,0.34565574287656675,5,Narrow,Negative,Medium,0.14403300699314248,0.28,0.1373110179793245,0.07321718577204425,SELL,40.3,1.5
NLY,Financials,15549511680.0,False,-56905682116.95816,-88.77049606425254,,,Narrow,Positive,Very High,0.3848757789001427,0.28,-0.0009581085972225579,0.05144284004958392,SELL,40.3,1.92308
TOST,Information Technology,14291200000.0,True,6108548163.100773,10.063506034762394,2.33954118366902,1,None,Positive,High,0.4,0.25,-1.016918249660787,0.09,SELL,40.3,1.89655
TBCH,Information Technology,248291232.0,True,166590941.83853084,8.143866926013436,1.4904245648641425,1,None,Negative,High,0.11016359477306803,0.03,0.1217536836685966,0.07820196878726349,INSUFFICIENT_LIQUIDITY,40.3,1.5
UTSI,Information Technology,26678448.0,True,34418868.235157795,3.745252256273971,0.7751111343268632,4,None,Negative,Very High,-0.1,0.03,-0.5261938846065494,0.11,INSUFFICIENT_LIQUIDITY,40.3,
YJ,Unknown,7928149.0,True,64796122.261284724,0.032884367238368316,0.12235530033773362,5,None,Negative,Very High,-0.1,0.03,-0.13985583992323777,0.0820860655667959,INSUFFICIENT_LIQUIDITY,40.3,
CHTR,Communication Services,20700344320.0,True,403007635737.8041,2925.7795888778523,0.051364645441774215,5,Narrow,Positive,Medium,-0.1,0.03,0.07222220998233549,0.04903663113613139,SELL,40.3,2.9
BF.A,Consumer Staples,12242799616.0,True,23486209858.133568,49.65896999288206,0.5212760888177181,5,Wide,Negative,Medium,-0.03071353984854125,0.04769036846894399,0.2130109824748096,0.06924230076450297,SELL,40.3,
SBGI,Communication Services,999493376.0,True,1098028683.6768866,15.886291323199261,0.9102616269122143,3,None,Stable,High,0.024478497399993526,0.03,0.025752508361204015,0.05209402673680132,INSUFFICIENT_LIQUIDITY,40.2,
PGY,Financials,1206599424.0,False,1702568185.086732,20.488868841396258,0.708693745465785,4,None,Positive,High,0.20240675635172078,0.2462869218757089,-0.015991830279373828,0.07110670072631836,SELL,40.2,1.2
PSFE,Unknown,356566848.0,True,5475521459.757049,94.291066551978,0.0651201626403307,5,None,Positive,High,-0.1,0.03287740944072248,0.02405485651619799,0.04903523977035982,INSUFFICIENT_LIQUIDITY,40.2,3.0
RVLV,Consumer Discretionary,1350968576.0,True,2638392663.1738915,36.60011740222081,0.5120422728794407,5,Narrow,Negative,Medium,-0.03989345979316383,0.07809188912628424,0.38684401787258554,0.075,SELL,40.2,2.0
BYFC,Financials,89815024.0,False,994261006.1130614,115.67558167717456,0.09033344710069699,5,Narrow,Positive,High,-0.1,0.17311121446193117,0.00913195961769023,0.06928746097148557,INSUFFICIENT_LIQUIDITY,40.2,
HNI,Consumer Discretionary,2241859328.0,True,1821214879.7720113,37.243658073047264,1.2309691475179727,1,Narrow,Negative,Low,0.08969707056138382,0.07263203040351499,0.10430507184563996,0.05707262021080198,SELL,40.2,
BRLT,Consumer Discretionary,120429432.0,True,944423423.1286821,64.01727468658696,0.12751635447693774,5,Narrow,Negative,Medium,-0.1,0.03,2.2571419270285973,0.075,INSUFFICIENT_LIQUIDITY,40.2,
QTWO,Information Technology,2861465344.0,True,1846414502.1596947,28.35490190361643,1.549741588713169,1,None,Positive,Medium,0.2027461424573368,0.1253575751854667,-0.1353940207234729,0.07197574584199021,SELL,40.2,1.5
LNN,Industrials,1177927680.0,True,1301580630.1866612,119.2141995041822,0.904997856207396,3,Narrow,Positive,Medium,0.00316010946093405,0.03,0.1527168277797443,0.07219281596547882,SELL,40.2,2.5
LEE,Communication Services,230302128.0,True,2719809318.881585,448.36948877045586,0.08467583605997156,5,Narrow,Negative,High,-0.1,0.03,0.09001314875615128,0.0590828600325676,INSUFFICIENT_LIQUIDITY,40.2,
CSL,Materials,14000107520.0,True,14609915478.92714,338.19248793812824,0.9582606785229726,3,Narrow,Positive,Medium,0.050617590408578494,0.06015935518872087,0.12551907102608437,0.06961461585610978,SELL,40.2,
WULF,Financials,11892783104.0,False,-1871421024.3564954,-4.706696061724477,,,None,Positive,Very High,0.4,0.25,-0.08503911568708822,0.08968862594540053,SELL,40.2,1.35714
CVU,Industrials,66444636.0,True,20299139.104660593,1.5872420909306686,3.2732735933980868,1,None,Negative,High,0.16812072221229035,0.03,0.03178374063606532,0.07996851700050928,INSUFFICIENT_LIQUIDITY,40.1,
UNB,Financials,107322848.0,False,2645137045.1081324,576.0500271041195,0.040573643697773956,5,Wide,Stable,Medium,-0.1,0.13851830012445032,0.24275179296338695,0.05170639182897206,INSUFFICIENT_LIQUIDITY,40.1,
VRTS,Financials,979398656.0,False,2951530337.878765,425.9677208657476,0.33182740608517136,5,None,Negative,High,-0.06359548580531688,0.03,0.04242356836078332,0.055675465850534664,INSUFFICIENT_LIQUIDITY,40.1,
AZO,Consumer Discretionary,51012841472.0,True,86728391664.7953,5029.190586534955,0.5881907930353917,5,Wide,Negative,Low,0.0011260774423186295,0.056628779012153976,0.6090027792617968,0.06182951252703059,SELL,40.1,1.5
ONMD,Industrials,36829644.0,True,259291.99158933933,0.005820532198702435,142.03926536354405,1,None,Stable,Very High,0.4,0.09527798430564105,,0.10828535841677063,INSUFFICIENT_LIQUIDITY,40.1,
CRNX,Health Care,3471091456.0,True,1147270831.694544,12.197612423259768,3.025520531079067,1,Narrow,Stable,Very High,0.4,0.28,,0.11,SELL,40.1,
THCH,Unknown,58626848.0,True,-175807103.17269576,-5.4062260532449855,,,None,Positive,Extreme,0.31348191032356276,0.03,-1.6782706441926394,0.06262867943221909,INSUFFICIENT_LIQUIDITY,40.1,
PLTK,Information Technology,1175372800.0,True,19705051601.86346,52.434943059775044,0.059648298504777715,5,Narrow,Negative,Medium,-0.1,0.03,0.27981462409886715,0.05385350534867317,SELL,40.0,2.5
ENB,Energy,122963943424.0,True,94639304918.19165,43.29336913000533,1.2992904325564607,1,Narrow,Positive,Medium,0.10066290957847404,0.08166377742660168,0.04476221262003376,0.06281484855003543,SELL,40.0,2.47826
GGG,Industrials,12338073600.0,True,12127090972.50797,71.66506699902476,1.0173976288270885,3,Wide,Negative,Low,0.03237423088404501,0.03,0.31715557027362307,0.06495695149086982,SELL,40.0,2.45455
PTON,Consumer Discretionary,2498363392.0,True,1587745697.463089,4.070746208511292,1.5735286803119053,1,None,Negative,Very High,0.09414918387720284,0.03,-1.8659434299550686,0.08504393766159751,SELL,40.0,2.19048
HBANZ,Financials,,False,378420517597.5068,251.4696070518693,,,Narrow,Stable,Medium,,0.14758319753607302,,0.04345,INSUFFICIENT_DATA,40.0,
MGIH,Unknown,15862500.0,True,7817127.762530738,0.6948558011138434,2.0291979972532306,1,None,Stable,Medium,0.14768049252625215,0.03,-0.2958718018605774,0.06622823906656813,INSUFFICIENT_LIQUIDITY,40.0,
AMTX,Materials,158324576.0,True,-352305278.5361906,-5.873516697279028,,,None,Negative,Very High,0.4,0.03,-0.3461172702898903,0.06295883799623267,INSUFFICIENT_LIQUIDITY,40.0,
CHRD,Energy,7588566528.0,True,63556609625.67106,1098.6069561237478,0.11939854206658174,5,Narrow,Negative,High,-0.04710282180757913,0.24280765584275021,0.014428807570109049,0.08228234131596401,SELL,40.0,1.5
REBN,Consumer Discretionary,13552201.0,True,204239205.50574416,38.575096698901,0.06635455208730162,5,Narrow,Positive,Very High,-0.07243118922133623,0.28,-1.3804459639473219,0.09425732282848444,INSUFFICIENT_LIQUIDITY,40.0,
BANF,Financials,3706929664.0,False,14223837440.381119,420.35929487649395,0.26061389407306634,5,Narrow,Stable,Medium,-0.1,0.14312763197581332,,0.07420175005581893,SELL,39.9,
MAIN,Unknown,4817803776.0,True,4434043591.244335,49.61826085390839,1.0865485818663252,3,Narrow,Positive,High,0.10828814011571389,0.10113003833693907,0.11302282723517842,0.07414865419732149,SELL,39.9,2.75
GROV,Consumer Discretionary,48332288.0,True,201935192.98762816,5.171418206663645,0.23934554093778565,5,None,Stable,High,-0.1,0.03,-21.219596628537026,0.08374689785236815,INSUFFICIENT_LIQUIDITY,39.9,
KOPN,Information Technology,1011745024.0,True,140598963.6536563,0.8027357140959535,7.195963595380949,1,None,Negative,High,0.4,0.03,-1.6699672453292544,0.09,SELL,39.9,
NVAX,Health Care,1560517632.0,True,4560538026.986084,26.34580583228531,0.34217840587359316,5,None,Positive,Very High,-0.1,0.03,-2.1259897188352195,0.10084833359891252,SELL,39.9,2.33333
CRBG,Financials,12267851776.0,False,122144089884.33606,226.48635246492873,0.10043753887410355,5,None,Stable,High,-0.1,0.03,,0.06809279592761645,SELL,39.9,1.73333
KHC,Consumer Staples,26774859776.0,True,34280003349.513153,28.87953104424023,0.7810635110798569,4,None,Negative,High,-0.009740604504714867,0.03,0.030612979457054358,0.06925910588977188,SELL,39.9,3.2
ASTC,Health Care,60276516.0,True,18563222.39303217,11.14908251833764,3.2470933507010717,1,None,Positive,Very High,0.4,0.25,-3.7857142857142856,0.11,INSUFFICIENT_LIQUIDITY,39.9,
EXPO,Industrials,2894203648.0,True,4892888394.686307,95.48217146761195,0.591512295915663,5,Wide,Negative,Low,-0.013832024663595965,0.050717298423573934,0.5565121997200518,0.065,SELL,39.9,
HYLN,Consumer Discretionary,1230457856.0,True,93294622.75926746,0.5318156091819664,13.18894722555456,1,None,Negative,Very High,0.4,0.25,-0.47469797400356284,0.11,SELL,39.8,
BALY,Consumer Discretionary,661298240.0,True,25411502259.185318,524.2848316113658,0.02602357913574217,5,None,Negative,Extreme,-0.08682373597554202,0.25,-0.03576162209773881,0.05866124879965717,INSUFFICIENT_LIQUIDITY,39.8,3.2
EVLV,Information Technology,1063040000.0,True,91586613.57475987,0.543801464399212,11.606936412516955,1,None,Positive,Very High,0.4,0.25,-2.463888636432488,0.10825668647791022,SELL,39.8,1.0
YSG,Unknown,249522560.0,True,1524182858.593452,0.8183294136711039,0.16370907112173186,5,None,Positive,Very High,-0.1,0.03,-0.461043665223546,0.11,INSUFFICIENT_LIQUIDITY,39.8,1.0
MNOV,Health Care,64479832.0,True,32535377.939731635,0.663128783183348,1.981837497613893,1,None,Positive,High,0.4,0.03,-1.1450230020536925,0.09,INSUFFICIENT_LIQUIDITY,39.8,1.33333
OSIS,Information Technology,3259161856.0,True,5795877700.056316,337.4011933901686,0.5623241249497607,5,Narrow,Positive,Low,0.057413675135720044,0.12635801887027887,0.1051602513097846,0.06141843339592407,SELL,39.7,
CRD.A,Financials,533225856.0,False,797255585.7268416,15.976105358933161,0.6688267420715139,5,Narrow,Positive,Low,-0.031188723436246304,0.03,0.11367000733301155,0.05935851062705747,INSUFFICIENT_LIQUIDITY,39.7,2.0
PR,Energy,16515647488.0,True,141349977804.91956,193.3718359792326,0.11684223616075579,5,Narrow,Stable,High,-0.009316563830624791,0.28,0.06400622001729904,0.08177281455437418,SELL,39.7,1.47619
DIBS,Consumer Discretionary,144514064.0,True,425529125.7940271,11.788663478248443,0.3396102763361738,5,None,Stable,Medium,-0.1,0.03,,0.075,INSUFFICIENT_LIQUIDITY,39.7,
PANW,Information Technology,221720739840.0,True,87535789513.10327,123.41151771197416,2.53291529182827,1,Narrow,Positive,Medium,0.31799313363613047,0.19060960573977914,-0.28536064206795914,0.075,SELL,39.7,1.61818
FBIN,Materials,4659600896.0,True,7726074556.783022,63.74648974243417,0.6031006899757594,5,Narrow,Negative,Medium,-0.036787429095908875,0.03,0.11941377331451866,0.06385535637248951,SELL,39.7,2.70588
GNL,Financials,1990036480.0,False,1024244373.0923986,4.587772185799388,1.94293132799127,1,None,Positive,High,0.0994597443699271,0.05807577890608395,0.023397798214170783,0.06400369191318012,SELL,39.6,2.125
CCS,Industrials,1597847296.0,True,3201584417.3384094,105.45407387309933,0.49908017022657397,5,None,Negative,High,-0.07843246394312658,0.03,0.0672545814662846,0.06790905296328315,SELL,39.6,
RLI,Financials,4815729664.0,False,9709261666.0746,105.08882538423224,0.4959933957518906,5,Narrow,Positive,Medium,-0.016019588932632056,0.12074095346767692,0.17754293518332898,0.07435818276926304,SELL,39.6,
AIRG,Information Technology,86068544.0,True,50288054.97190228,4.24730194019445,1.7115106966871068,1,None,Negative,High,0.136179425828178,0.03,-0.3188231901003309,0.09,INSUFFICIENT_LIQUIDITY,39.6,
METCI,Materials,,True,2565551990.4933085,53.17867487134791,,,Narrow,Negative,High,,0.05568692885627766,0.1378377396661408,0.04345,INSUFFICIENT_LIQUIDITY,39.6,
EOLS,Health Care,439251200.0,True,5357400215.228905,83.10052032719871,0.08198961853762352,5,Narrow,Positive,Very High,-0.03306823958684807,0.2734897095538947,-0.7911051675067723,0.09078730382304188,INSUFFICIENT_LIQUIDITY,39.5,
CCC,Information Technology,2735142912.0,True,3701965191.3180075,5.612564091976732,0.7388353943506988,4,Narrow,Positive,High,0.07772719531900496,0.10974335854229719,0.01821831926899054,0.07498419122844735,SELL,39.5,2.0
DNN,Materials,2742201344.0,True,-37571441.05156696,-0.0419043509386203,,,None,Negative,Very High,0.4,0.0774621461529765,-0.1006025793154602,0.10069021234607478,SELL,39.5,1.38462
IREN,Financials,19423531008.0,False,4350477491.869271,19.487400862600772,4.464689460938754,1,Narrow,Stable,Very High,0.4,0.28,-0.03974269312585599,0.10685710387385443,SELL,39.5,1.86667
MANH,Information Technology,8735062016.0,True,7836398713.21962,128.35192965603596,1.1146780984056337,2,Wide,Positive,Medium,0.12313611739862218,0.10952292647403686,4.436466635129877,0.075,SELL,39.5,1.83333
MTN,Communication Services,4823646208.0,True,7901083792.74744,212.3718899244017,0.6105043731377358,5,Narrow,Positive,Medium,-0.002955057704083608,0.0748745448428532,0.11654918180332967,0.06243073738755271,SELL,39.5,2.33333
BEPC,Utilities,7061815296.0,True,5619646164.703995,5619646.164703995,1.2566298818516395,1,None,Negative,Medium,0.04786959931371862,0.03,0.027915789081333787,0.050266419360777644,SELL,39.5,2.83333
HNNA,Financials,77285408.0,False,337769673.88924074,43.1436914682448,0.22881097379198978,5,Narrow,Negative,Medium,-0.1,0.0988758119064245,0.136457872738182,0.06427419060337371,INSUFFICIENT_LIQUIDITY,39.5,
KBH,Industrials,3257703936.0,True,8336401227.60421,120.3742921362551,0.39078060748957355,5,Narrow,Stable,Medium,-0.09777273667321656,0.03,0.07377745268844219,0.06421089340224045,SELL,39.5,3.125
EPR,Financials,4388479488.0,False,1365887881.6960688,17.855910604563288,3.21291340732204,1,None,Stable,High,0.14960586631892203,0.03460349903656028,0.038508763306264536,0.07136565690978677,SELL,39.5,2.75
NVR,Consumer Discretionary,16688506880.0,True,38791557755.53842,12639.803765245495,0.43020976329875066,5,Wide,Negative,Low,-0.06608308607414842,0.03837823456864542,0.5600173356377879,0.06388664797818926,SELL,39.5,2.71429
HIVE,Financials,1008214144.0,False,109807310.16787544,0.48712303309720073,9.181666889559754,1,None,Positive,Very High,0.4,0.25,-0.14229766537555694,0.10823385821601275,SELL,39.4,1.28571
NODK,Financials,304558944.0,False,461516311.08651763,21.986043242637525,0.6599093827973205,5,None,Stable,Medium,-0.06435567127565972,0.03,0.06847999157817167,0.075,INSUFFICIENT_LIQUIDITY,39.4,
SGA,Communication Services,57670284.0,True,492356415.57290435,80.03192710872958,0.11713117200452246,5,None,Negative,Medium,-0.1,0.03,0.07094355915394529,0.07248285806395899,INSUFFICIENT_LIQUIDITY,39.4,
CLMB,Industrials,442985312.0,True,5669014554.357054,313.27445592158784,0.07814150197577695,5,Wide,Stable,Low,-0.007759209772527441,0.28,0.29125614309226733,0.0649907123871729,INSUFFICIENT_LIQUIDITY,39.4,1.33333
BF.B,Consumer Staples,11999686656.0,True,23543606893.77041,49.780329619981835,0.5096791969957285,5,Wide,Negative,Medium,-0.03293249042965013,0.04769036846894399,0.2130109824748096,0.06914728949217937,SELL,39.4,2.94118
OTLY,Unknown,255732736.0,True,-253199908.38844192,-0.4167722061541056,,,None,Positive,Very High,0.23783277014481208,0.06536823049449954,-0.43561617998887187,0.06530338047116195,INSUFFICIENT_LIQUIDITY,39.4,2.0
KAI,Industrials,3463185664.0,True,2581531092.1475863,218.8851188865174,1.3415239020495242,1,Narrow,Positive,Low,0.10386605470913424,0.064561801263355,0.11950601911947707,0.06289704130206708,SELL,39.3,2.25
NEON,Information Technology,28195312.0,True,32955575.15709181,1.9636283833100048,0.8555551485780264,3,None,Negative,High,-0.1,0.03,-2.559236586244148,0.08995546608654884,INSUFFICIENT_LIQUIDITY,39.3,
MDB,Information Technology,28210694144.0,True,47332890973.07056,582.5836106342839,0.5960061505655785,5,Narrow,Positive,High,0.194397679594135,0.26147293913301817,-3.654199454005215,0.09,SELL,39.3,1.63415
RGP,Industrials,155511936.0,True,650494465.221312,19.674393286190366,0.23906727007598985,5,Narrow,Negative,Medium,-0.1,0.03,0.09965915304170286,0.075,INSUFFICIENT_LIQUIDITY,39.3,
BNGO,Health Care,13425750.0,True,16086977.155324928,2.954449431648288,0.8345725782022362,3,None,Negative,Very High,-0.1,0.03,-2.082975157455392,0.09553374721287107,INSUFFICIENT_LIQUIDITY,39.3,1.5
XLO,Health Care,50628568.0,True,1577773291.2993314,188.74897926314054,0.03208862025944567,5,Narrow,Stable,Medium,-0.1,0.28,,0.075,INSUFFICIENT_LIQUIDITY,39.3,
ORIO,Unknown,20720024.0,True,231682073.620647,9.495166951665862,0.08943300479055051,5,None,Stable,Very High,-0.1,0.051122742182519325,-0.03028382695389783,0.06083672924964552,INSUFFICIENT_LIQUIDITY,39.3,
RYAM,Materials,546252288.0,True,-313724384.971975,-4.6977202564952805,,,None,Positive,Very High,0.22918196701037596,0.03,0.011270684882891558,0.07088069854924567,INSUFFICIENT_LIQUIDITY,39.3,
FISV,Financials,29025013760.0,False,62859780964.613205,114.49869028162696,0.46174220327524806,5,Narrow,Positive,High,-0.0409451716841584,0.06284976300597438,0.08000636809661986,0.06673623746353749,SELL,39.3,2.63889
JSM,Financials,,False,-32719946533.654163,-330.50451044095115,,,None,Negative,Medium,,0.03,0.004788956368580557,0.04345,INSUFFICIENT_LIQUIDITY,39.2,
RKLB,Industrials,68780048384.0,True,1027200052.6652379,1.9356853694521663,66.95876641121558,1,None,Positive,Very High,0.4,0.25,-0.4610925543989959,0.10983710750320906,HOLD,39.2,1.61111
KMX,Consumer Discretionary,6686846976.0,True,-4747098749.857937,-32.15908320986591,,,None,Stable,High,0.13166439036162558,0.03,0.026850400549288663,0.05604735688242357,SELL,39.2,3.0
HTZ,Consumer Discretionary,1607241472.0,True,-3185494200.8573,-9.892839133097205,,,None,Negative,Very High,0.08991232118902748,0.03,0.024721260140778557,0.04918176871014126,SELL,39.2,3.44444
SATS,Communication Services,33699514368.0,True,-12346073239.211315,-42.92957393784642,,,None,Negative,Extreme,0.3442421763211273,0.03,0.014193961618426166,0.09487940189306157,SELL,39.2,
MBUU,Industrials,518221472.0,True,1326311501.5368981,67.34365339106085,0.3907238016103286,5,Narrow,Negative,Medium,-0.1,0.03,0.1856138630371233,0.07394092267905303,INSUFFICIENT_LIQUIDITY,39.2,2.18182
F,Consumer Discretionary,59371921408.0,True,-27946296272.853287,-7.02344716583395,,,None,Stable,Medium,0.16810012415884945,0.06192715293058826,0.027597598326113082,0.05186094519036319,SELL,39.2,2.8
VNDA,Health Care,362617440.0,True,1087287311.3213816,18.450439752288148,0.3335065499470518,5,None,Negative,High,-0.1,0.03,0.005142680546772218,0.0894825710544481,INSUFFICIENT_LIQUIDITY,39.1,1.4
CRD.B,Financials,502519104.0,False,802961590.450481,16.090447276726472,0.6258320571947589,5,Narrow,Positive,Low,-0.038483405595561126,0.03,0.11367000733301155,0.059108035231841466,INSUFFICIENT_LIQUIDITY,39.1,
MBI,Financials,312225664.0,False,-3193915380.170417,-64.81385542183212,,,None,Negative,Extreme,0.4,0.25,-0.04336882194747437,0.05126155964782827,INSUFFICIENT_LIQUIDITY,39.1,
ARLO,Industrials,1390205696.0,True,240018214.96947035,2.1788937050135293,5.792084139017659,1,None,Stable,High,0.4,0.04534700012812469,-0.8453415938407968,0.09,SELL,39.1,
CNTB,Health Care,136631568.0,True,44682250.637793064,0.80277130143358,3.0578488337029857,1,None,Stable,Medium,0.4,0.03,-22.971522820397688,0.075,INSUFFICIENT_LIQUIDITY,39.1,1.0
AUR,Information Technology,12375191552.0,True,1286002258.541082,0.6992943222083099,9.622993637693265,1,None,Positive,High,0.4,0.03,-0.8403184713375796,0.09,SELL,39.1,2.08333
SRPT,Health Care,1662825472.0,True,58837048343.76985,587.6652850955838,0.02826153790524187,5,Narrow,Positive,Very High,-0.1,0.28,-1.2154977055124356,0.08786008853444367,SELL,39.1,2.83333
SITC,Financials,261849600.0,False,640877572.2979882,12.21976075006651,0.40857975269923796,5,None,Negative,High,-0.1,0.03,0.011971278330851504,0.09,INSUFFICIENT_LIQUIDITY,39.1,
CUBE,Financials,9174892544.0,False,3565983863.095249,15.561109543966003,2.5728923338526433,1,None,Positive,Medium,0.16064691888595595,0.06220688025058205,0.0487100532253057,0.0663450812903848,SELL,39.0,2.41176
UHT,Financials,571674624.0,False,227536296.9325037,16.412023725656642,2.5124546356205375,1,None,Positive,Medium,0.1309214531160755,0.032599706631376436,0.04567188834068926,0.06250965439827334,INSUFFICIENT_LIQUIDITY,39.0,
MOVE,Information Technology,37005960.0,True,-1520742.9771545245,-1.3320013671170945,,,None,Stable,Medium,0.4,0.03,,0.07165960583705985,INSUFFICIENT_LIQUIDITY,39.0,
MEI,Information Technology,402843872.0,True,2325311620.276981,65.8158237250008,0.1732429617119511,5,Narrow,Negative,Medium,-0.1,0.03,0.11519777569121961,0.06109151886852332,INSUFFICIENT_LIQUIDITY,39.0,
ACB,Materials,199847936.0,True,92435538.68065143,1.6617995381946749,2.1620248970521994,1,None,Negative,High,0.29284530193381586,0.09982025209780279,-0.1598162623097678,0.08177682868446824,INSUFFICIENT_LIQUIDITY,38.9,2.0
WSC,Information Technology,4743869952.0,True,1063342241.4123697,5.829909193614683,4.4612823296655835,1,None,Stable,Very High,0.1425484992325211,0.04127218283523315,0.04895258787092705,0.0813404353441908,SELL,38.9,2.4
MWG,Unknown,5964747.0,True,8683421.740367083,2.2624861230763633,0.686912046695989,5,None,Stable,High,0.08608853927166205,0.11490049319614593,-0.059417426366806025,0.06255048877166261,INSUFFICIENT_LIQUIDITY,38.9,
WAVE,Unknown,50571488.0,True,5902047.567531739,0.12631983727113466,8.568464998181843,1,None,Positive,Very High,0.4,0.03,-1.9641959892814418,0.10978618784918062,INSUFFICIENT_LIQUIDITY,38.9,
DHCNL,Financials,,False,17936375820.793457,74.64594616745651,,,None,Negative,High,,0.03380540559445944,-0.002239899384717543,0.04345,INSUFFICIENT_DATA,38.9,
OI,Materials,1212599552.0,True,12597973446.439754,82.04369494659629,0.09625354086951868,5,Narrow,Stable,Medium,-0.1,0.03,0.06743228836332474,0.049609044147216785,SELL,38.8,
TEAD,Information Technology,118329552.0,True,193611227.59399414,2.1309749782572163,0.6111709195302402,4,None,Negative,Extreme,0.09127461837606587,0.109785235895409,-0.07472655969906399,0.05806878747758791,INSUFFICIENT_LIQUIDITY,38.8,
UAMY,Materials,1142511104.0,True,45381087.13696032,0.3670558784213255,25.175930681252666,1,None,Negative,Very High,0.4,0.25,-0.06270055267890702,0.10998861865805441,SELL,38.8,1.0
CSIQ,Information Technology,1163734912.0,True,1579601106.2584743,23.447163566257558,0.7367270808998629,4,None,Negative,High,0.0176789076427548,0.03,0.04935925507308067,0.04985176618827275,SELL,38.8,3.0
JYNT,Financials,118177232.0,False,233681187.22084188,15.387055923633621,0.5057199229663099,5,None,Positive,High,-0.1,0.03,0.04478505683378252,0.0895878750415804,INSUFFICIENT_LIQUIDITY,38.8,
SRAD,Unknown,4113727744.0,True,62491210862.0657,263.08101029766306,0.06582890117267952,5,Narrow,Positive,Low,-0.04750531941092612,0.2684928519430567,0.0671167078794637,0.0592608022833228,SELL,38.8,1.47619
NHI,Financials,3413818112.0,False,996394419.4200535,21.176558664126006,3.4261714492409503,1,None,Positive,Medium,0.1874947750591488,0.059481781600395994,0.05773377514712863,0.06697874997343167,SELL,38.8,1.75
MOH,Financials,9943805952.0,False,51970068928.26079,982.420962727047,0.19133717074199724,5,None,Stable,Medium,-0.1,0.14072759228991166,,0.06603035551017893,SELL,38.8,2.66667
PRGO,Health Care,1498523008.0,True,606563338.3333678,4.379518688327566,2.470513651744,1,None,Negative,High,0.06428666975163055,0.03,0.016845137978652277,0.05702462659765919,SELL,38.8,
TNON,Health Care,6990350.0,True,10992715.45616544,1.4887209447678007,0.6359074814475754,4,None,Stable,Very High,0.10963920965820961,0.25,-7.870467289719626,0.11,INSUFFICIENT_LIQUIDITY,38.8,
DLHC,Information Technology,80871136.0,True,310809621.69290745,21.49741469725463,0.26019508520847523,5,Narrow,Negative,Medium,-0.08155407305933599,0.03557975446961405,0.10341620470894936,0.05566366120199745,INSUFFICIENT_LIQUIDITY,38.8,
TENB,Information Technology,3071074560.0,True,10835856215.211418,90.20558935109902,0.28341780280258916,5,Narrow,Positive,Medium,-0.046176742836479615,0.14689875676077496,-0.2251643622141738,0.07173741056638241,SELL,38.8,2.21739
LIDR,Industrials,83366672.0,True,86311552.48041722,3.7318940879065208,0.9658808074262669,3,None,Stable,Very High,-0.1,0.03,-11.812074118350269,0.10988365478235447,INSUFFICIENT_LIQUIDITY,38.7,
BEKE,Real Estate,17914019840.0,False,11510417070.188374,3.3151395811130215,1.5563310808603765,1,None,Positive,Medium,0.19024977276174282,0.03,0.07002911997478979,0.07490197173890797,SELL,38.7,1.33333
CPRT,Industrials,28663121920.0,True,73235194314.91916,74.91608654881492,0.3913845274547305,5,Wide,Negative,Low,-0.008075022765568762,0.12605285391683943,0.3031030738843725,0.065,SELL,38.7,2.33333
CLAR,Consumer Discretionary,110327064.0,True,43564529.05272178,1.1346997903972542,2.5324975708214867,1,None,Negative,High,0.1987244938213068,0.03,-0.0291683124371623,0.09,INSUFFICIENT_LIQUIDITY,38.7,2.0
SSTK,Information Technology,476124704.0,True,3651393926.591629,100.67811642747405,0.13039532670867854,5,Wide,Negative,Medium,-0.1,0.06374691365592904,0.280047255424563,0.06345567383193379,INSUFFICIENT_LIQUIDITY,38.6,
ZETA,Information Technology,5488652800.0,True,18986046870.024986,86.01760065466085,0.2890887627937672,5,Narrow,Positive,High,0.1288929209487385,0.28,-0.719878936183914,0.08838645094096705,SELL,38.6,
SJM,Consumer Staples,11042367488.0,True,15818553516.850807,148.670615759876,0.6980643000156148,5,Narrow,Negative,Medium,-0.029697080291397338,0.03,0.06349047508382294,0.06206043265538389,SELL,38.6,2.19048
HYPD,Health Care,45321664.0,True,2154269.550236684,0.43082538940655807,21.038065545242763,1,None,Stable,Very High,0.4,0.25,-1.2613180349112638,0.1002324107775548,INSUFFICIENT_LIQUIDITY,38.6,
IP,Materials,17797064704.0,True,19727590483.41711,39.01046170341529,0.9021408224668949,3,None,Negative,High,0.10524630038633986,0.11630336330897935,0.05603518468392937,0.0712924318754659,SELL,38.6,
CORT,Health Care,7795872768.0,True,33810564787.313934,281.78523329455635,0.23057505300606781,5,Wide,Negative,Medium,0.060630682788366363,0.22314203237729868,0.8409376099702155,0.075,SELL,38.5,1.5
INOD,Information Technology,3329867008.0,True,5889572868.706907,168.1534009623671,0.5653834466829669,5,Narrow,Positive,High,0.20843519631619856,0.28,-0.01778628878294211,0.08987057482606668,SELL,38.5,1.33333
PLBY,Consumer Discretionary,150757184.0,True,87190683.80780184,0.8696049416212505,1.7290515157825865,1,None,Negative,Extreme,0.08378120081317011,0.03,-0.2413744119705672,0.08592678665133371,INSUFFICIENT_LIQUIDITY,38.5,
VOC,Energy,48620000.0,True,109285491.45882069,6.428558321107099,0.44488979599199824,5,Wide,Positive,Medium,-0.05530837909088673,0.07456066180700735,0.1561266825969338,0.075,INSUFFICIENT_LIQUIDITY,38.5,
BHRB,Financials,1299460992.0,False,16004682128.790258,1061.7508183398995,0.08119255237581041,5,Narrow,Stable,Medium,-0.1,0.28,,0.06576850195032313,SELL,38.5,
SAIH,Information Technology,20100990.0,True,-3278500.2369447355,-1.785354613247475,,,None,Positive,High,0.4,0.03,-0.46117213908799837,0.08279659930053375,INSUFFICIENT_LIQUIDITY,38.5,
CBIO,Health Care,496346816.0,True,319245276.4981779,30.65642758827169,1.5547506965317086,1,None,Stable,Very High,0.4,0.25,,0.11,INSUFFICIENT_LIQUIDITY,38.5,1.33333
LII,Industrials,17693347840.0,True,20010117079.241535,565.9351800485382,0.8842201057561553,5,Wide,Negative,Low,0.027377947781332623,0.04146334185379694,0.43843467242360534,0.06343200841710735,SELL,38.4,2.42105
AB,Financials,3480227584.0,False,1240042000.0,12.269261593564792,2.8065400881583042,1,None,Stable,Medium,0.4,0.04,,0.075,SELL,38.4,2.71429
STAG,Financials,7273316352.0,False,3412137506.799247,18.229762182777772,2.131601184743205,1,Narrow,Positive,Medium,0.16012029357925067,0.1021247834138333,0.023240580305395588,0.0652472232530735,SELL,38.4,2.5
ARL,Real Estate,223059728.0,False,-89974579.82946765,-5.570476739658733,,,None,Positive,Extreme,0.4,0.03,-0.008810843086431529,0.0901346600612846,INSUFFICIENT_LIQUIDITY,38.4,
FLWS,Consumer Discretionary,278187424.0,True,2163465389.296319,33.90639568223422,0.12858418044324815,5,None,Negative,Medium,-0.1,0.03,0.11427903797754434,0.06367533569840296,INSUFFICIENT_LIQUIDITY,38.4,
KRO,Materials,739791552.0,True,1843032749.542797,16.026371735154758,0.4013990267853465,5,Narrow,Negative,High,-0.058667619871014154,0.03,0.10714013886719838,0.06999758018775626,INSUFFICIENT_LIQUIDITY,38.4,
SMCI,Information Technology,25043064832.0,True,178516065684.9566,284.0794040836226,0.1402846558146523,5,Narrow,Positive,Medium,0.010189305018529639,0.28,0.11962771704171332,0.06999640514560485,SELL,38.4,2.83333
STI,Information Technology,276675840.0,True,-2110744.9388360204,-0.5348676350104732,,,Narrow,Stable,Medium,0.4,0.28,-1.2325064608950609,0.07470095454589132,INSUFFICIENT_LIQUIDITY,38.4,
PNR,Industrials,11821445120.0,True,12794584317.182682,77.30866656907965,0.9239413197757593,4,Narrow,Positive,Low,0.014445125229230565,0.03,0.13466472522748282,0.06237654445544682,SELL,38.4,1.94737
BHR,Financials,184833296.0,False,823164009.7044628,12.173200776452031,0.2245400598434326,5,None,Positive,Very High,-0.029214232271068903,0.07000258749962239,0.02912525302590302,0.052998098533135064,INSUFFICIENT_LIQUIDITY,38.4,3.0
FSEA,Financials,78867040.0,False,236073047.4374276,64.21263020792405,0.3340789677436774,5,None,Stable,High,-0.1,0.24359198044609642,,0.09,INSUFFICIENT_LIQUIDITY,38.3,
LMND,Financials,3953197824.0,False,14753261206.308949,199.52037528138933,0.26795416746973144,5,Narrow,Negative,Very High,0.10904421091923966,0.28,-0.6221952577717536,0.10707097446953967,SELL,38.3,2.90909
STIM,Health Care,89768312.0,True,3105882830.8065205,47.093794344384776,0.028902671765209314,5,Narrow,Positive,Very High,-0.1,0.28,-0.8258015093480982,0.08184993046968789,INSUFFICIENT_LIQUIDITY,38.3,
DSGR,Industrials,1266209408.0,True,6146505085.46635,130.31514157793643,0.2060047767623265,5,None,Stable,Medium,0.010082033058043671,0.25,0.04027067461060228,0.0637711793890043,SELL,38.3,
SRE,Utilities,59761930240.0,True,26300818092.690903,40.226020520277416,2.2722460582550497,1,Narrow,Positive,Medium,0.10038269837696012,0.03,0.03448142069746872,0.057037568915742354,SELL,38.3,1.68421
MPAA,Industrials,203444000.0,True,1205969004.1726232,61.26234583171274,0.16869753641767637,5,Narrow,Positive,Medium,-0.1,0.07389783609100697,0.0865498884419322,0.06293366065845471,INSUFFICIENT_LIQUIDITY,38.3,
CR,Materials,10905850880.0,True,8888099135.195072,151.67404667568383,1.2270172411573403,1,Narrow,Stable,Low,0.13719081455478677,0.11258695819310138,0.1477132452742209,0.06294727015454575,SELL,38.3,1.33333
FHTX,Health Care,219002928.0,True,638360350.8116765,10.135767396169317,0.3430710064018502,5,Narrow,Stable,Very High,-0.022123881225216857,0.28,,0.11,INSUFFICIENT_LIQUIDITY,38.3,1.1
TLN,Utilities,16666797056.0,True,3755934021.606804,82.20112977341337,4.437457356844058,1,None,Positive,Medium,0.1853301492808921,0.03,0.023032840029301026,0.05870926473502517,SELL,38.3,1.5
SIEB,Financials,76559552.0,False,685439974.8932579,16.981981292994632,0.11169402836757873,5,Narrow,Positive,Very High,-0.1,0.15670591132838205,-0.0771398455131271,0.10224440710710236,INSUFFICIENT_LIQUIDITY,38.3,
XPER,Information Technology,358174208.0,True,1581698348.6807957,34.482948149748104,0.22644912558626154,5,None,Positive,High,-0.1,0.03,-0.30088683641301867,0.08532365491639277,INSUFFICIENT_LIQUIDITY,38.3,
COF,Financials,112429637632.0,False,1682528412658.7295,3108.3103873244586,0.06682183598572271,5,Narrow,Positive,Medium,-0.1,0.20074403995866427,0.19182361047312818,0.06523271685395836,SELL,38.3,1.56522
GOTU,Unknown,376756960.0,True,8054185364.931591,49.37622820039175,0.04677778607386199,5,Narrow,Stable,High,-0.1,0.15599605437194428,9.874041358516937,0.08778195258410969,INSUFFICIENT_LIQUIDITY,38.3,2.14286
ROL,Industrials,22676936704.0,True,23390588765.41647,48.3129891653082,0.969489777766021,3,Wide,Positive,Low,0.10843623109236097,0.112125780519432,0.2933555857598657,0.06443565215956998,SELL,38.2,2.05556
UIS,Information Technology,296724032.0,True,2370086758.158422,33.384324846584526,0.1251954304957837,5,Narrow,Stable,Medium,-0.1,0.03,0.8420538026531367,0.05246524128979326,INSUFFICIENT_LIQUIDITY,38.2,2.0
IE,Materials,1818770432.0,True,144782457.03533217,1.0838372922928954,12.562091217696036,1,None,Positive,Very High,0.4,0.03,-0.6501838297041322,0.10878798721710758,SELL,38.2,1.57143
GPC,Consumer Discretionary,13654835200.0,True,30854409293.902283,221.57565022551012,0.44255701251420776,5,Narrow,Negative,Low,-0.06398053898618522,0.049499659656966656,0.12001534128584243,0.059398636827593054,SELL,38.2,
GEGGL,Information Technology,,True,243241524.19994855,6.266365875774752,,,None,Positive,Very High,,0.03,-0.2821868156762063,0.04345,INSUFFICIENT_LIQUIDITY,38.2,
LEN.B,Industrials,21836808192.0,True,56348629959.768616,218.62077378414648,0.3875304192416193,5,Narrow,Negative,Medium,-0.1,0.03542706485602141,0.1015010697380279,0.07002837906081152,SELL,38.2,
WPRT,Unknown,33051894.0,True,24218102.890040997,1.396371564836529,1.3647598306963857,2,None,Negative,Very High,0.2503763339468724,0.03,-0.2627538925009208,0.10459103921086714,INSUFFICIENT_LIQUIDITY,38.2,
HYFT,Unknown,78475928.0,True,40964492.398563325,1.2270145310262797,1.9157061006998404,1,None,Negative,High,0.19909058030575555,0.0626199216193497,-0.5488972465194624,0.09,INSUFFICIENT_LIQUIDITY,38.2,
NNBR,Industrials,148293568.0,True,-78706164.09751315,-1.5920497622734622,,,None,Negative,Very High,0.23514039182113133,0.03,-0.06743588427167486,0.07550838950252,INSUFFICIENT_LIQUIDITY,38.2,
PTCT,Health Care,5886914560.0,True,35249549971.64348,399.1501941031988,0.1670068005048499,5,Narrow,Stable,Very High,-0.018347589685202836,0.28,-0.5836132241607814,0.10684853961170569,SELL,38.2,2.0
NEWTH,Financials,,False,15852284090.866146,593.38514283609,,,Narrow,Stable,High,,0.21272421508050643,0.07563199550102254,0.04345,INSUFFICIENT_LIQUIDITY,38.2,
HNVR,Financials,168897200.0,False,1085128066.8407204,149.4094639849645,0.1556472504593243,5,Narrow,Negative,High,-0.1,0.18581744960212662,0.1805870586353385,0.07015887951429041,INSUFFICIENT_LIQUIDITY,38.2,
EFX,Industrials,20764833792.0,True,15474495383.107746,123.8950791281645,1.341874696261003,1,Narrow,Stable,Medium,0.10566566484610496,0.07114439643512407,0.08597069500461213,0.068866955272988,SELL,38.2,1.79167
UROY,Unknown,452970848.0,True,15436360.933386227,0.12174219139532515,29.344406363309435,1,None,Stable,High,0.4,0.052043514418111725,-0.02848127064517402,0.09,INSUFFICIENT_LIQUIDITY,38.1,
CRWD,Information Technology,170818093056.0,True,109270846736.31708,436.07866170869147,1.5632540440379619,1,Narrow,Stable,High,0.3385210645140059,0.28,,0.08979773283889886,HOLD,38.1,1.62963
GWRE,Information Technology,11327860736.0,True,2993500137.376653,34.84393598359297,3.7841524022534854,1,None,Positive,High,0.4,0.13766623606233214,-0.02598232190059023,0.08738376781144172,SELL,38.1,1.6
ACM,Industrials,9143120896.0,True,13325124071.94215,99.95517303104883,0.6861565300732979,5,Narrow,Positive,Low,-0.02197234373960416,0.05304770190981869,0.09908323722525733,0.06006806996518313,SELL,38.1,1.46154
BRSP,Financials,723043264.0,False,-1636733952.856267,-12.899552760072405,,,None,Negative,Extreme,0.3465564022614195,0.10124055179793072,-0.02914720653389373,0.06418581989596273,INSUFFICIENT_LIQUIDITY,38.1,2.0
TNC,Industrials,1431438336.0,True,1446814397.927535,77.8706789040072,0.9893724710304513,3,Narrow,Positive,Low,0.02734668295201951,0.03,0.09888270515662942,0.0615419663150612,SELL,38.0,
AXP,Financials,211971538944.0,False,1417948388749.934,2037.2821677441582,0.149491716783059,5,Wide,Stable,Low,-0.08244179449749128,0.13623578366181527,0.2233289062250406,0.06038543347950328,HOLD,38.0,2.27586
VNO,Financials,7210726912.0,False,5361407386.7704735,26.667167639582757,1.3449317300141768,1,None,Stable,High,0.06954589958077195,0.03,0.020247180943376887,0.06676557813108741,SELL,38.0,2.61538
MAA,Real Estate,16412185600.0,False,9962175686.14003,85.03850383818923,1.6474499263081264,1,None,Positive,Medium,0.11641224862663757,0.039066201477863195,0.04132629989218371,0.0671833832307609,SELL,38.0,2.44
TTEC,Information Technology,106075272.0,True,3338579842.108718,69.24933816159627,0.03177257307496369,5,Narrow,Negative,Medium,-0.1,0.03,0.1010781482603457,0.04676001550950798,INSUFFICIENT_LIQUIDITY,38.0,
ACH,Industrials,206776000.0,True,-449281518.36068034,-5.842640393782337,,,None,Negative,High,0.09398819251582158,0.03,0.03674292870872664,0.047715355402605276,INSUFFICIENT_LIQUIDITY,38.0,2.66667
DARE,Health Care,28161464.0,True,25971295.340958714,2.32327323666888,1.0843303589708606,3,None,Stable,Very High,0.15592202101459096,0.03,-1.5406737454118193,0.10664708850608348,INSUFFICIENT_LIQUIDITY,38.0,
PB,Financials,6995281408.0,False,23693136584.346127,249.6195263687867,0.2952450547481218,5,Narrow,Stable,Medium,-0.1,0.07733944371801642,,0.06812235164061145,SELL,38.0,
UFI,Consumer Discretionary,76393616.0,True,244017583.95918286,13.324100904181657,0.31306602893330204,5,None,Negative,High,-0.0664297427787523,0.03,0.029172428083604745,0.06274742910252212,INSUFFICIENT_LIQUIDITY,38.0,
RGR,Materials,618158720.0,True,1150802789.1176689,70.87972059104902,0.5371543463793201,5,Wide,Negative,Medium,-0.054427891848791654,0.03,0.3767011230955655,0.075,INSUFFICIENT_LIQUIDITY,38.0,
AFRM,Financials,21302896640.0,False,20026193740.478767,58.72378256838346,1.0637516502669524,3,Narrow,Stable,Very High,0.28592163220482036,0.28,-0.2167802793236241,0.09248432242057972,SELL,38.0,1.64516
CCCC,Health Care,425683808.0,True,397741030.7009342,4.798161849405811,1.0702536956014386,3,None,Stable,Very High,0.1271012954268974,0.09119321286017873,-4.166097789357978,0.11,INSUFFICIENT_LIQUIDITY,38.0,1.125
SNOW,Information Technology,82580914176.0,True,64178701172.68752,190.16305870843993,1.286733957949649,2,Narrow,Negative,Very High,0.31276868278529835,0.28,-0.7004812538869726,0.10821210038060675,HOLD,38.0,1.4902
HROW,Health Care,1237160832.0,True,6509821091.556895,177.08758036404646,0.19004528920227504,5,Narrow,Stable,High,0.09137657493523543,0.28,0.019500141824144914,0.08235298765848631,SELL,38.0,1.0
RSG,Industrials,64621764608.0,True,58171415328.958374,186.34650357806814,1.1108852044009074,1,Narrow,Positive,Low,0.0925283399575437,0.08170850745403317,0.09124890702758352,0.061232756323692114,SELL,37.9,2.0
BV,Materials,1148224000.0,True,471304820.59029603,4.883835949040921,2.436266190873842,1,None,Positive,Medium,0.10405906118715424,0.03,0.037560630661163476,0.06213861879547508,SELL,37.9,1.9
SO,Utilities,104388083712.0,True,133558566567.69669,120.43152981758043,0.7815903269603371,5,Narrow,Positive,Medium,0.04046474950858048,0.07074213594431286,0.04830824220526167,0.05610320185373858,SELL,37.9,2.58333
PLNT,Communication Services,4026159872.0,True,23967265550.881504,286.2589356495622,0.1679857830862111,5,Wide,Positive,Medium,0.0009882575891532722,0.18001099895355968,0.19298432517866124,0.06296709686258256,SELL,37.9,1.89474
DOW,Materials,24483588096.0,True,7815481593.640572,10.98297019904521,3.132703698761469,1,None,Negative,High,0.1248930694476248,0.03,0.042262966723949386,0.0701758068785451,SELL,37.9,2.33333
MMI,Real Estate,1138436480.0,False,1213469358.6180851,31.160140683000414,0.9381666474845862,3,Narrow,Negative,Medium,0.019152508902716463,0.03,0.5342991347096927,0.075,SELL,37.9,
CNS,Financials,3800930816.0,False,3476403197.3008275,67.46891272951184,1.0933515476430191,3,Wide,Negative,Medium,0.04169209130373297,0.03,0.8621500987293498,0.075,SELL,37.9,
CHPT,Information Technology,186980896.0,True,-80145630.83796002,-3.4238018523525757,,,None,Negative,Extreme,0.28196940181959784,0.04611803569081805,-1.2095771950971144,0.08167438995903946,INSUFFICIENT_LIQUIDITY,37.8,3.25
XFOR,Health Care,361244416.0,True,1208985265.437566,28.586065497871672,0.29879968460099915,5,Narrow,Negative,High,0.06760496178842706,0.28,-3.6676510170623935,0.08188329465425491,INSUFFICIENT_LIQUIDITY,37.8,1.0
FRMEP,Financials,,False,41542921322.110825,719.6544176685987,,,Wide,Stable,Medium,,0.11398651814333216,3.3886876032304696,0.04345,INSUFFICIENT_LIQUIDITY,37.8,
IZEA,Information Technology,64974536.0,True,69270482.65857716,3.7848154099091076,0.9379830124794831,3,None,Negative,Very High,-0.014303032862994565,0.03,-0.9139264152418547,0.11,INSUFFICIENT_LIQUIDITY,37.8,
REZI,Industrials,4726013440.0,True,18245089957.924767,122.45026817399172,0.25902933068012923,5,Narrow,Stable,Low,-0.09497149163699209,0.07560292706818572,0.10155150038245764,0.05635325810366288,SELL,37.8,
AVTX,Health Care,688609024.0,True,98520812.37789512,7.349650266202191,6.989477729423409,1,None,Negative,Very High,0.4,0.03,-3.4536764403227163,0.11,INSUFFICIENT_LIQUIDITY,37.8,
HKIT,Unknown,2588502.0,True,23980321.066659078,8.351490077888993,0.10794275826435498,5,None,Stable,High,-0.1,0.19674636165765436,-0.12480151203711541,0.09,INSUFFICIENT_LIQUIDITY,37.8,
FTCI,Information Technology,76025144.0,True,608361.5017423276,0.04341625490282376,124.96705294839738,1,None,Positive,Very High,0.33389301626752566,0.03,-3.0893768807723383,0.09474899465810345,INSUFFICIENT_LIQUIDITY,37.7,
STOK,Health Care,1869072512.0,True,3145428498.064945,53.115026003481326,0.5942187250957527,5,Narrow,Stable,Very High,0.20592141940081454,0.28,-6.606490678105923,0.11,SELL,37.7,1.08333
WK,Information Technology,2757143040.0,True,13632474684.050043,242.25812902682216,0.20224816872213594,5,Narrow,Stable,Medium,-0.04178968368653033,0.18708133169615251,,0.06803454431802092,SELL,37.7,1.16667
PACK,Materials,580849664.0,True,-209339370.0663011,-2.4867492071702113,,,None,Negative,Very High,0.3951060821934168,0.03779681201581231,0.003152745163843289,0.08278407108160558,INSUFFICIENT_LIQUIDITY,37.7,
RIVN,Consumer Discretionary,21955866624.0,True,3926650206.2455945,3.3108349125173646,5.591500508264717,1,None,Positive,Very High,0.4,0.25,-1.3651284490960989,0.0988057473463918,SELL,37.7,2.57692
VS,Information Technology,7254482.0,True,21888393.17068856,4.4654907230094025,0.33143054144854756,5,Narrow,Negative,Very High,0.1366363764840931,0.28,-3.2958057772096154,0.11,INSUFFICIENT_LIQUIDITY,37.6,
GCMG,Financials,646703680.0,False,4094940418.4907966,20.756101906242773,0.15792749439767056,5,Narrow,Negative,High,-0.1,0.05494066148132437,0.3608053997924296,0.0714501611550242,INSUFFICIENT_LIQUIDITY,37.6,1.6
NX,Materials,708370112.0,True,4766616399.494528,103.24055446165319,0.1486106815885412,5,None,Negative,Medium,-0.07817407607762089,0.19648262237675138,0.050714622987795145,0.059399965170688754,INSUFFICIENT_LIQUIDITY,37.6,1.0
UUU,Industrials,20168890.0,True,5522327.998577246,2.387634155312061,3.6522441269689603,1,None,Positive,Medium,0.24914821538723075,0.05843798849344588,-0.016449219516665416,0.07202418544539337,INSUFFICIENT_LIQUIDITY,37.6,
CACC,Financials,5697705472.0,False,12270060975.100227,1053.1542392165934,0.46435836656088486,5,Narrow,Negative,High,-0.008550064041853711,0.08036796286823705,0.08613569683015217,0.06545770597227198,SELL,37.6,3.0
SDA,Unknown,117310760.0,True,1685873004.0167391,16.51491057591331,0.0695845770829101,5,None,Stable,Medium,-0.1,0.15980372860079384,-0.15686473434852743,0.06203627325672956,INSUFFICIENT_LIQUIDITY,37.6,1.0
APPN,Information Technology,1815481728.0,True,5535872863.207657,74.15870089629676,0.32794859507449986,5,Narrow,Positive,Medium,0.014312944160260854,0.17252275239607617,-1.0505662592362406,0.07130499842190934,SELL,37.6,2.85714
CRSP,Health Care,5105417216.0,True,1987228946.1164114,22.098710451564884,2.5691137530868704,1,None,Negative,Very High,0.4,0.03,-6.180246785641513,0.11,SELL,37.6,2.04
KOSS,Information Technology,37676424.0,True,16112548.62950703,1.7208530694967317,2.3383280240968762,1,None,Negative,High,0.4,0.03,-0.03608748382329646,0.09,INSUFFICIENT_LIQUIDITY,37.6,
CRT,Financials,64440000.0,False,45655450.306213215,7.6092417177022025,1.4114415599407726,1,Wide,Positive,Medium,0.0746611792463111,0.03,0.8223862934785482,0.075,INSUFFICIENT_LIQUIDITY,37.6,
MPLX,Energy,57312157696.0,True,62130136623.35687,60.97167480211666,0.9224534309885032,3,Narrow,Positive,Medium,0.029054374897857893,0.04722374710191675,0.09541836254237322,0.06515207459257126,SELL,37.6,2.13333
QNST,Industrials,686472128.0,True,186853981.36447567,3.4024797670024887,3.6738426603871703,1,None,Negative,Medium,0.29510157810372173,0.04522731008306921,-0.022668851520818097,0.075,INSUFFICIENT_LIQUIDITY,37.6,1.5
MEGL,Unknown,6178141.0,True,19310777.552163105,3.8133070471585206,0.31993227529607954,5,None,Negative,Very High,-0.1,0.03,-2.148372120043612,0.11,INSUFFICIENT_LIQUIDITY,37.6,
HQY,Industrials,7413003264.0,True,7254105129.12247,82.92964833860128,1.0219045812059733,3,Narrow,Positive,Medium,0.1498135697224947,0.14723431167102036,0.04096118208093429,0.07139140644986916,SELL,37.5,1.5625
UTI,Consumer Discretionary,2399024384.0,True,12155510629.87462,218.565326438454,0.1973610535211835,5,Narrow,Positive,High,-0.019557760890490716,0.22315100686600003,0.017971128196139455,0.08836916442840553,SELL,37.5,
HCWB,Health Care,11672674.0,True,-4854734.000432576,-2.314311715746227,,,None,Negative,Very High,0.4,0.03,-1.256362582396292,0.08548122606677272,INSUFFICIENT_LIQUIDITY,37.5,2.0
JEF,Financials,11384835072.0,False,143420132663.3403,643.8729883514869,0.07938101060556392,5,Narrow,Stable,Medium,-0.1,0.1116946750663706,0.3142268963244543,0.053618618626592104,SELL,37.5,
NCMI,Information Technology,332920032.0,True,2104548563.995912,22.345454819540723,0.15819071020527264,5,Narrow,Positive,Very High,-0.06812184031895901,0.2095086757839399,-0.010852777455661076,0.10714911474678952,INSUFFICIENT_LIQUIDITY,37.5,
LAES,Unknown,712876800.0,True,442273137.3473041,3.2753760273584205,1.6118473852509807,1,None,Stable,High,0.4,0.03,-1.401961775006233,0.0898823034046665,INSUFFICIENT_LIQUIDITY,37.4,
SRZN,Health Care,249855184.0,True,100837617.64911388,13.484570426466151,2.4777973719036552,1,None,Stable,High,0.4,0.03,-19.115327695560254,0.09,INSUFFICIENT_LIQUIDITY,37.4,
EQX,Materials,8514523136.0,True,7502516042.589018,11.902970042865812,1.134889027583039,2,None,Negative,Medium,0.21997379202772083,0.1998947737967734,0.041448740986104765,0.07012869555440458,SELL,37.4,1.5
TGLS,Materials,1878849920.0,True,5559378255.847495,119.10037232771046,0.3379604397351049,5,Narrow,Positive,Medium,-0.040071198371483374,0.1463194940513025,0.15546879958240006,0.0723592047705616,SELL,37.4,
BWMN,Industrials,567950848.0,True,2046975998.1291723,122.22796900885582,0.2774584794932022,5,None,Negative,High,0.050419455718337836,0.25,0.0002878553031803932,0.07833959938453097,INSUFFICIENT_LIQUIDITY,37.3,
SSYS,Unknown,768303936.0,True,704128548.0949321,8.628814834133134,1.0911415793021015,3,None,Positive,High,0.05244875560875151,0.03,-0.10582147529931721,0.09,INSUFFICIENT_LIQUIDITY,37.3,1.75
BL,Information Technology,1681221888.0,True,3421170368.0369244,51.898035042504276,0.49141717808244934,5,Narrow,Positive,High,-0.0031858898538884017,0.11536899500301073,-0.09165765393558022,0.07381494649228837,SELL,37.3,2.73333
UEC,Materials,6201292288.0,True,156606550.50823376,0.3661767672935785,39.59791124876325,1,None,Positive,Very High,0.4,0.1092767153082756,-0.1648546690299117,0.11,SELL,37.3,1.44444
MMYT,Unknown,4182694400.0,True,17375198142.86553,151.69786780069253,0.24072786771168225,5,Narrow,Positive,Very High,0.08311523004393598,0.28,-0.09330451019024621,0.10644507417898268,SELL,37.2,1.2
UXIN,Unknown,448759712.0,True,24611159.46575868,0.0003921702383267224,18.23399310480906,1,None,Positive,Very High,0.4,0.25,-0.3912957435101452,0.08683847360759901,INSUFFICIENT_LIQUIDITY,37.2,
TDG,Industrials,69287165952.0,True,110271940068.271,1894.7068740252748,0.6283299804928006,5,Narrow,Positive,Medium,0.11669318639911508,0.16207727351206275,0.13641293084552167,0.06546372009188861,SELL,37.2,1.81818
QURE,Health Care,1668135040.0,True,625484010.5229157,10.87759157675713,2.666950732450234,1,None,Stable,Very High,0.4,0.03,-0.6576784087578819,0.1080746286468977,SELL,37.2,1.69231
NCNO,Information Technology,1634530048.0,True,2674914063.5385833,23.3930421674888,0.6110589010241761,5,None,Positive,High,0.09746967878664148,0.17525374681383976,-0.03986098290533622,0.08351184121896225,SELL,37.2,2.0
CNTY,Consumer Discretionary,39440596.0,True,1212530630.1020956,40.257997612872124,0.0325275048900654,5,None,Negative,High,-0.07756353035343116,0.06939703910025719,0.050454559477741544,0.04514220740813106,INSUFFICIENT_LIQUIDITY,37.1,1.25
WEN,Consumer Discretionary,1278125056.0,True,3566149256.9281816,18.379181047085954,0.3584048125627121,5,Narrow,Stable,Medium,-0.04347969675410927,0.03,0.07830155359186222,0.052008331121678075,SELL,37.1,3.04
U,Information Technology,12733726720.0,True,5207966050.810213,12.372993178678335,2.445047950729055,1,Narrow,Positive,Very High,0.17871647560198378,0.04944974374476611,-0.19137259987715727,0.09847585122481746,SELL,37.1,1.84615
ABLV,Consumer Discretionary,52847216.0,True,26304606.480717726,0.5325905653529424,2.0090479604300113,1,None,Stable,Medium,0.13910655295389623,0.03,-0.047699024646680334,0.06938568743406334,INSUFFICIENT_LIQUIDITY,37.1,
CELH,Consumer Staples,7191162880.0,True,6485041163.32795,25.44041317686545,1.1088846930787541,3,None,Positive,Very High,0.26874582872534336,0.25,-0.01828905529888959,0.1043285750892057,SELL,37.0,1.59091
CUZ,Financials,4556813824.0,False,824549942.2234654,4.887206561461068,5.5264254966923945,1,None,Stable,High,0.19868736966098755,0.08768887582654994,0.016900990005260866,0.07030865444354542,SELL,37.0,1.5
ITP,Materials,3035961.0,True,26352313.737659756,2.6179736911936273,0.11520662019370795,5,None,Negative,Very High,-0.1,0.03,-0.010299627623328972,0.06006487179721231,INSUFFICIENT_LIQUIDITY,37.0,
AMWL,Industrials,144027120.0,True,368654174.75030756,22.972754475309074,0.3906835453512787,5,None,Negative,High,-0.1,0.03,-1.3598547198710644,0.09,INSUFFICIENT_LIQUIDITY,37.0,2.71429
CEG,Utilities,91000307712.0,True,28230828311.788437,89.90709653435808,3.2234373964153473,1,None,Positive,Medium,0.21966622563956717,0.03,0.07349321814711798,0.06285347156354258,SELL,37.0,1.47619
SOAR,Industrials,11279655.0,True,25719868.472390324,5.862974935287043,0.43855803586664704,5,None,Stable,High,0.050495361718541215,0.15426782689874502,-0.58441694366567,0.0773042630542072,INSUFFICIENT_LIQUIDITY,37.0,
HIW,Financials,3131390976.0,False,1483627741.1560478,13.417995307552209,2.1106311840462144,1,None,Negative,Medium,0.09404589752375758,0.03,0.03283097295210036,0.05822740872130073,SELL,37.0,2.6
IRT,Financials,4016328192.0,False,2404328066.0314074,10.242060284146644,1.6704576420926476,1,Narrow,Stable,High,0.2016831114151555,0.16295106064261766,0.019603295513149457,0.07309711943606956,SELL,36.9,1.71429
HNNAZ,Financials,,False,683750054.5592206,87.33614553262662,,,Narrow,Negative,Medium,,0.0988758119064245,0.136457872738182,0.04345,INSUFFICIENT_LIQUIDITY,36.9,
MNTK,Utilities,236286288.0,True,779942647.6110206,5.451243755401596,0.3029534142334048,5,None,Negative,Medium,-0.1,0.03,0.048176377420601144,0.057398335719101065,INSUFFICIENT_LIQUIDITY,36.9,3.0
ELS,Financials,12509964288.0,False,6691307442.186932,33.43747784856098,1.8695844416186842,1,None,Positive,Low,0.12614243370620815,0.03,0.05992290670804947,0.060478608426195374,SELL,36.9,1.77778
XYZ,Financials,40561586176.0,False,10911210475.793373,17.518536884058733,3.7174231278909224,1,None,Positive,High,0.3210912654288691,0.06939054693185112,-0.012000018876334567,0.08181479012674601,SELL,36.9,1.55556
UA,Consumer Discretionary,2297891072.0,True,5546481428.725801,13.002359324212158,0.4142970821283173,5,None,Negative,High,-0.08717147429315902,0.03,0.0456610761904635,0.07411414985767745,SELL,36.9,
APPF,Information Technology,5902753280.0,True,15180932790.0275,417.8966826335095,0.3888267843381518,5,Narrow,Positive,Medium,0.14360111508489204,0.26040169843145977,0.056305530917335284,0.075,SELL,36.9,
XRX,Information Technology,434188288.0,True,-32324191.305540085,-0.2555817550428952,,,None,Positive,Very High,0.0520795046332615,0.03,-0.03154875717017208,0.04962262728791993,INSUFFICIENT_LIQUIDITY,36.9,
BTDR,Financials,4250689280.0,False,113700364.81355959,0.48523749595022,37.38501003906255,1,None,Stable,Medium,0.4,0.25,-0.2663340574347712,0.07180321032956193,SELL,36.9,
RICK,Consumer Discretionary,188513376.0,True,1414606953.6229444,160.336139064785,0.13326201706926374,5,Narrow,Negative,High,-0.1,0.046353935052886985,0.07934616617292073,0.06413209749921361,INSUFFICIENT_LIQUIDITY,36.8,
GPN,Financials,18141405184.0,False,4714276360.16803,19.479836865591345,3.8481844928058884,1,None,Positive,High,0.12129484912003774,0.03,0.031416894713799354,0.0645891627061454,SELL,36.8,2.36364
LXP,Financials,3077910528.0,False,1078797831.4114685,18.42034361679032,2.85309298775003,1,None,Negative,Medium,0.15738333971941448,0.03,0.02600962216857073,0.06583330481063132,SELL,36.8,2.14286
VIVS,Health Care,3473423.0,True,11762622.21126641,8.036724433415214,0.29529325499148523,5,None,Positive,Very High,-0.1,0.03,-21.55142857142857,0.11,INSUFFICIENT_LIQUIDITY,36.8,
XWEL,Unknown,11484202.0,True,24027029.97455979,4.321396610361625,0.47797010334442747,5,None,Negative,Very High,-0.06901799549790305,0.03,-1.891325407917094,0.09240360968939551,INSUFFICIENT_LIQUIDITY,36.8,
LPLA,Financials,23074254848.0,False,1084285974628.9697,13714.549204145782,0.02128059883454247,5,Wide,Negative,Low,-0.1,0.25077179478918427,0.2152940400970061,0.059843071259446184,SELL,36.8,1.6875
OXM,Consumer Discretionary,657424128.0,True,3374326188.401545,225.51134053341877,0.19483123186482126,5,Narrow,Negative,Medium,-0.1,0.03,0.14191580162318185,0.07025270357523185,INSUFFICIENT_LIQUIDITY,36.8,3.0
OST,Unknown,10108845.0,True,-14705103.539449308,-6.433852342903018,,,None,Negative,Very High,0.21518097414358806,0.03,-0.2706624478510711,0.06218512481763192,INSUFFICIENT_LIQUIDITY,36.8,
OM,Health Care,84900560.0,True,83084695.11987592,5.46214549469962,1.0218555881742615,3,None,Positive,Very High,0.036342983605694046,0.03,-2.082846803712383,0.07464249408018966,INSUFFICIENT_LIQUIDITY,36.8,
TSLX,Unknown,1652390784.0,True,7146415735.57044,75.94581885595906,0.23121951550837155,5,Narrow,Stable,Medium,-0.1,0.08103369170358947,,0.05880297111767105,SELL,36.7,
FNWB,Financials,93251840.0,False,1318433347.9269269,149.98014928323005,0.07072927891776021,5,Narrow,Negative,Medium,-0.1,0.08890928681435199,0.0029618838578150605,0.05077967955442576,INSUFFICIENT_LIQUIDITY,36.7,
NET,Information Technology,88405442560.0,True,51212951900.600845,146.98583581529485,1.726232120569539,1,Narrow,Positive,High,0.34999027752348855,0.28,-0.4977258395609998,0.08834184555691897,SELL,36.7,1.97059
SNTG,Unknown,6676674.0,True,638434.974214467,0.2275796830008883,10.457876322040482,1,None,Stable,Very High,0.4,0.03,-0.1529617234808805,0.11,INSUFFICIENT_LIQUIDITY,36.7,
CWEN,Utilities,9541445632.0,True,3627658195.01688,30.484522647200674,2.630194224226134,1,Narrow,Negative,High,0.09487780001594837,0.03316275384883696,0.023115887974017875,0.05478041848088122,SELL,36.7,1.45455
SOFI,Financials,20562343936.0,False,7625477689.642831,6.091770824476784,2.6965319122142914,1,None,Negative,Very High,0.4,0.1720756593330462,-0.22393143954333303,0.10460034421956708,SELL,36.7,2.70833
OLED,Information Technology,4025719296.0,True,4979096537.865615,104.4749195888274,0.8085240495709893,4,Wide,Negative,Medium,0.013989931504255648,0.0496968241830031,0.2981060742679038,0.075,SELL,36.6,
GTLS,Materials,9923737600.0,True,20931616878.40602,461.35368918681996,0.4741027727407798,5,None,Positive,Medium,0.14327125316096173,0.25,0.04034038884529425,0.06648289526775235,CORP_ACTION_REVIEW,36.6,3.0
METCZ,Materials,,True,2565551990.4933085,53.17867487134791,,,Narrow,Negative,High,,0.05568692885627766,0.1378377396661408,0.04345,INSUFFICIENT_LIQUIDITY,36.6,
CEVA,Information Technology,1213971968.0,True,628686986.3622849,25.87721697313377,1.9309640478233805,1,None,Negative,High,0.20109191531454573,0.03,-0.005942232740804037,0.09,SELL,36.6,1.25
W,Consumer Discretionary,9021960192.0,True,575674685.3973856,4.497458479667075,15.671976588256928,1,None,Stable,High,0.27277482391641195,0.03,,0.0777195725125045,SELL,36.5,1.96774
HUN,Materials,2491710976.0,True,7877915567.662048,45.642616266871656,0.31629064244204286,5,Narrow,Negative,Medium,-0.08434193636876297,0.03,0.09918716066930172,0.06090914443805509,SELL,36.5,
RDW,Industrials,3670050560.0,True,136173148.20756358,1.1391022797309158,26.951352805663866,1,None,Negative,High,0.4,0.2188385398054063,-0.6321759256114633,0.08892123157507396,SELL,36.5,1.7
IDA,Utilities,7831399936.0,True,11614782021.06084,211.92537351860818,0.6742614645543487,5,Narrow,Negative,Low,-0.013385340396844442,0.03883163117147963,0.06277413745720925,0.058068186394117954,SELL,36.5,1.88889
PJT,Financials,6414278144.0,False,35298273978.3173,1233.7626528745052,0.18171648131974114,5,Wide,Positive,Medium,-0.049873513985413315,0.17549012602815708,0.28812489987559853,0.075,SELL,36.5,
AMPY,Energy,180426096.0,True,876939798.6707616,21.711267328631664,0.20574513355818078,5,None,Negative,High,-0.1,0.03,0.04970134783064354,0.09,INSUFFICIENT_LIQUIDITY,36.5,
SFBS,Financials,4271899904.0,False,17581808807.618736,321.62076397631813,0.2429727197436509,5,Narrow,Stable,Medium,-0.1,0.17519220881243314,,0.0747454256732172,SELL,36.5,
SPOK,Communication Services,223699872.0,True,502329240.10451466,23.85858151983354,0.4453252053443216,5,None,Positive,Medium,-0.1,0.03,0.019854063762010703,0.075,INSUFFICIENT_LIQUIDITY,36.5,
ADC,Financials,8842269696.0,False,13428132457.140095,120.75588641720644,0.6584884178215215,5,Narrow,Stable,Medium,0.14392931435165057,0.1861909842521572,0.03548150600770116,0.06705882353518633,SELL,36.4,1.85
VHI,Materials,401609504.0,True,2232902762.995032,78.34746536824673,0.17985982670437206,5,None,Negative,Medium,-0.1,0.03,0.07022953746957103,0.05620612465216078,INSUFFICIENT_LIQUIDITY,36.4,
HWCPZ,Financials,,False,36698736385.201324,429.5264090028245,,,Narrow,Stable,High,,0.07568198450784616,,0.04345,INSUFFICIENT_LIQUIDITY,36.4,
NSPR,Health Care,41218284.0,True,56271673.791803226,0.8747915306749068,0.7324872573099831,4,None,Negative,Very High,-0.1,0.19448093731944044,-33.67684032560329,0.11,INSUFFICIENT_LIQUIDITY,36.4,
PRTA,Health Care,460184928.0,True,338985918.0032276,6.297458953412242,1.3575340554282802,2,None,Stable,Very High,0.3387380413301929,0.03,-5.353523489932886,0.11,INSUFFICIENT_LIQUIDITY,36.4,
ATOM,Information Technology,319794176.0,True,18872984.27081022,0.611885107988919,16.9445473705294,1,None,Negative,Very High,0.4,0.03,-6.892133123171881,0.10991271154716149,INSUFFICIENT_LIQUIDITY,36.4,
WD,Financials,1759476096.0,False,4481632781.143908,134.3052767881539,0.3925971140256844,5,None,Negative,High,-0.0785112894145013,0.03,0.05765764993045636,0.06388010848869997,SELL,36.4,
DTI,Industrials,95578344.0,True,1007337591.2059476,28.349140056747597,0.09488213766109642,5,Narrow,Negative,Medium,-0.1,0.0530960598462296,0.16712317090852435,0.06477685557210124,INSUFFICIENT_LIQUIDITY,36.4,
UAA,Consumer Discretionary,2370366464.0,True,5511249313.0395355,12.919766308479248,0.430096032562299,5,None,Negative,High,-0.08316252057951484,0.03,0.0456610761904635,0.07443748445466263,SELL,36.3,
LAND,Financials,399876032.0,False,54022217.50509989,1.479788310346695,7.402066232513508,1,None,Negative,High,0.1402744866965323,0.03,0.019402946104350068,0.06475966708798248,INSUFFICIENT_LIQUIDITY,36.3,
HELE,Information Technology,566092544.0,True,3427394386.6152954,149.0041903580252,0.1651670278187745,5,Narrow,Negative,High,-0.1,0.03,0.10763331717653368,0.06301458429453802,INSUFFICIENT_LIQUIDITY,36.3,
CMCM,Information Technology,125396056.0,True,913279853.0327309,0.5955630210212018,0.137302991611604,5,None,Negative,Very High,-0.1,0.17199951003077518,-0.17700099895362026,0.11,INSUFFICIENT_LIQUIDITY,36.3,
SEER,Health Care,98416976.0,True,209927835.76386538,3.6542502880689733,0.46881336932708184,5,None,Positive,Very High,-0.1,0.15386691524813764,-1.0624165645007493,0.11,INSUFFICIENT_LIQUIDITY,36.3,
TSQ,Communication Services,116161032.0,True,3132309055.893023,193.54356499586154,0.03708479269676741,5,None,Negative,High,-0.1,0.03,0.05190815924980457,0.053211360210482325,INSUFFICIENT_LIQUIDITY,36.3,1.5
ODV,Unknown,752661824.0,True,302471707.7433804,1.697334235913539,2.4883709938205683,1,None,Positive,Very High,0.4,0.03,-0.31967514249107476,0.10956665489986063,INSUFFICIENT_LIQUIDITY,36.3,1.0
IDAI,Information Technology,12207922.0,True,14001114.109809052,4.498436631648819,0.871925041411329,3,None,Positive,High,-0.014258540739375103,0.03,-3.3400829622375476,0.08606283574608879,INSUFFICIENT_LIQUIDITY,36.2,
LAW,Information Technology,241786720.0,True,869831349.1431776,14.092956192271311,0.27796965496606973,5,None,Negative,Medium,-0.1,0.07564147811255043,-3.3282825559449987,0.07498487077780688,INSUFFICIENT_LIQUIDITY,36.1,2.0
HTCR,Information Technology,4425604.0,True,5030063.744048135,3.9514412082868096,0.8798305996095244,3,None,Stable,Very High,-0.05549884756711246,0.03,-0.9057762966724794,0.10079991825623691,INSUFFICIENT_LIQUIDITY,36.1,
EDTK,Consumer Discretionary,15609269.0,True,2644494.7098298017,0.1665629544245685,5.902552552659333,1,None,Negative,Very High,0.4,0.03,-0.1271857404227488,0.11,INSUFFICIENT_LIQUIDITY,36.0,
TALO,Energy,2410408704.0,True,8688205680.785088,49.608336839856385,0.27743458115072955,5,Narrow,Negative,High,-0.07699150443882491,0.09815219679863998,0.09431633216412119,0.07389428248078522,SELL,36.0,2.0
RSSS,Industrials,75256944.0,True,42426532.97404485,1.3467042496750838,1.7738179088552841,1,Narrow,Stable,Medium,0.2362463352547267,0.12518763619503623,0.6213456674691373,0.075,INSUFFICIENT_LIQUIDITY,36.0,
MSCI,Financials,44760924160.0,False,49694077628.0522,648.4429984348374,0.9007295496059787,4,Wide,Stable,Low,0.10213996614550816,0.11304391177259955,0.38172848041739205,0.06237733302390027,SELL,36.0,1.52941
KOS,Energy,1666861696.0,True,5783397520.5846405,12.109519485469033,0.2882149618917252,5,None,Negative,Very High,-0.09259976564086325,0.03,0.025569493692897526,0.06695393241618246,SELL,35.9,2.5
LEN,Consumer Discretionary,22287532032.0,True,56253006202.337746,218.24977381739288,0.3962016172403917,5,Narrow,Negative,Medium,-0.1,0.03542706485602141,0.1015010697380279,0.07011334832953273,SELL,35.9,3.42105
SFM,Consumer Discretionary,7793451520.0,True,18570643924.786503,188.14479580145183,0.41966512047533094,5,Wide,Positive,Low,-0.005060443654893025,0.11163498066101468,0.25164129055719925,0.06477113594102624,SELL,35.9,2.25
CNDT,Industrials,237298128.0,True,424611014.2423692,2.680252832576089,0.5588600390487034,5,None,Negative,Very High,-0.005781035351344832,0.03,-0.04204375865740175,0.06053560251287235,INSUFFICIENT_LIQUIDITY,35.9,1.0
UEIC,Information Technology,49637088.0,True,112612418.53647575,8.549378874618565,0.44077810107525833,5,None,Negative,High,-0.08875710196790434,0.03,0.02685931084160192,0.07479466992334156,INSUFFICIENT_LIQUIDITY,35.9,
CART,Industrials,9697329152.0,True,28694421334.817017,102.61897831284853,0.33795172374616,5,Wide,Stable,Medium,-0.04345357911977517,0.1091040386606239,0.21878169595471164,0.075,SELL,35.9,2.03226
AIRT,Industrials,58058092.0,True,147845066.81309283,53.7618424774883,0.3926954970597538,5,None,Negative,High,0.04432347831907657,0.11623872936213012,0.03509539802635131,0.059500329938115167,INSUFFICIENT_LIQUIDITY,35.8,
NTIC,Materials,75936008.0,True,17865047.658291306,1.853283000205744,4.250534868557012,1,None,Positive,High,0.2967863676051101,0.07371407335430905,-0.08601835076869774,0.08334988305187216,INSUFFICIENT_LIQUIDITY,35.8,
LSTA,Health Care,30506408.0,True,16810243.98732591,1.9351034865115586,1.8147510543571121,1,None,Stable,Medium,0.4,0.03,-6.927933712627894,0.075,INSUFFICIENT_LIQUIDITY,35.8,
REI,Energy,319855584.0,True,1361790704.0804882,6.643392765308032,0.23487866603992844,5,Narrow,Negative,Very High,-0.1,0.04001655090927407,0.03845703490322033,0.07215003814961642,INSUFFICIENT_LIQUIDITY,35.8,
NFGC,Unknown,622213760.0,True,49441420.28353923,0.2107150883908814,12.584868242694004,1,None,Positive,Medium,0.4,0.04,-3.076285388272577,0.07498141332111456,INSUFFICIENT_LIQUIDITY,35.8,
NSP,Information Technology,1350425728.0,True,5882683462.641726,154.8074595432033,0.22955947512320626,5,None,Stable,Low,-0.1,0.05903241007564501,,0.06037522914162187,SELL,35.8,2.8
KNTK,Utilities,7553957376.0,True,15137851052.39672,241.5678776413743,0.49901121036621704,5,None,Positive,High,0.15168615350480186,0.24063038058479078,0.04666180903087631,0.057796482830343755,SELL,35.8,1.8
LANV,Unknown,213856976.0,True,387677946.71056813,3.309865674395261,0.551635649679245,5,None,Negative,Very High,-0.019019604182187233,0.03,-1.0872734074203123,0.06691166522535771,INSUFFICIENT_LIQUIDITY,35.8,
RDIB,Communication Services,202183600.0,True,-120395974.41683349,-5.314962889672138,,,None,Positive,Extreme,0.36657593531555077,0.04135474014892172,-0.04257647706966024,0.09126407383604059,INSUFFICIENT_LIQUIDITY,35.8,
QUBT,Information Technology,2245200896.0,True,1117483446.8264232,6.793542827775352,2.0091580795905455,1,None,Positive,Very High,0.4,0.25,-0.32440981668887714,0.11,SELL,35.7,
SMHI,Industrials,198907728.0,True,960190556.6102915,36.61613397054212,0.20715443057698166,5,None,Positive,Extreme,-0.1,0.03,-0.08258212820004443,0.07739590977531113,INSUFFICIENT_LIQUIDITY,35.7,
CVLT,Information Technology,4895624704.0,True,10493464220.594679,234.9949438033475,0.4665403722816104,5,Narrow,Stable,Medium,0.023922713440123755,0.14322777226495492,-0.04820277048005732,0.07018890559902766,SELL,35.7,1.76471
TXNM,Utilities,6568261632.0,True,5764193348.083702,56.29534873900014,1.139493635164686,2,Narrow,Stable,Medium,0.06621939073825212,0.052863353949461935,0.04496711618015693,0.055082430434011856,CORP_ACTION_REVIEW,35.7,2.8
HPP,Real Estate,6035502592.0,False,1343299708.1790333,30.063149371699136,4.493042435170094,1,None,Negative,High,0.16304087475297002,0.03,0.013867457619211886,0.07317069976470626,SELL,35.7,2.53846
AISP,Information Technology,95053184.0,True,21562414.51865402,0.5574362345007622,4.408281081776248,1,None,Stable,Very High,0.4,0.05687290388517097,,0.11,INSUFFICIENT_LIQUIDITY,35.7,
KTOS,Industrials,10973669376.0,True,1212004090.1335347,7.336586502018975,9.054152098439666,1,None,Negative,Medium,0.4,0.1368404469396986,0.016056095539378163,0.07471734878343425,SELL,35.7,1.57895
JKHY,Financials,9244418048.0,False,13794790893.843624,188.8533218405589,0.6701383238890285,5,Wide,Negative,Low,0.018936078735861242,0.07454954326410998,0.2249267775070877,0.065,SELL,35.6,1.6875
NEN,Real Estate,209152736.0,False,513912249.9255086,4409.447179921652,0.40698141760644274,5,Narrow,Positive,Medium,0.039102343772563386,0.09316644255280666,0.053722171375672714,0.05240659690622224,INSUFFICIENT_LIQUIDITY,35.6,
INDO,Unknown,41082864.0,True,10623544.469222015,0.7245133105855235,3.867152259683494,1,None,Positive,Very High,0.4,0.03,-0.31785619284655026,0.11,INSUFFICIENT_LIQUIDITY,35.6,
NN,Health Care,2947037952.0,True,-119717575.61466801,-0.901039962177442,,,None,Positive,Very High,0.4,0.25,-1.994320763289414,0.10434664485475623,SELL,35.6,1.0
RGTI,Information Technology,6874007552.0,True,455428136.2529267,1.4702470477524001,15.093506537730574,1,None,Negative,High,0.4,0.03,-1.2378260875398888,0.09,SELL,35.6,
TULP,Materials,16942578.0,True,-23038872.34641906,-13.016312060123761,,,None,Negative,Extreme,0.4,0.20747445992493863,-0.2855104433530762,0.06973767238874244,INSUFFICIENT_LIQUIDITY,35.6,
ONEW,Consumer Discretionary,169166576.0,True,1813150352.7444787,114.25737933987514,0.09329980591181568,5,None,Negative,High,-0.1,0.06003465624967274,0.10176478922453526,0.05131730431517645,INSUFFICIENT_LIQUIDITY,35.6,
IFBD,Unknown,7533489.0,True,25433174.2446103,3.172624657436762,0.296207187020569,5,None,Positive,High,-0.048090099032592704,0.25,-0.06575376402795936,0.08441644510244534,INSUFFICIENT_LIQUIDITY,35.5,
ENOV,Health Care,1368838784.0,True,2885529722.516114,50.56245304584895,0.47438041386952157,4,None,Negative,Extreme,0.04740330663674064,0.13130170974719368,-0.008104186353019103,0.09046219104131152,SELL,35.5,1.33333
BAH,Industrials,9517422592.0,True,38088329842.18804,311.2423521519335,0.24987765626462705,5,Wide,Positive,Low,-0.08821640330533492,0.05596391952898294,0.20583031665123647,0.0586906937848207,SELL,35.5,2.86667
FF,Materials,190806256.0,True,150494976.20862654,3.431145513483314,1.2678579764383044,2,Narrow,Negative,High,0.094166607861362,0.03,0.2270489636064752,0.09,INSUFFICIENT_LIQUIDITY,35.5,
USLM,Materials,3000429824.0,True,4168585491.2387342,145.079115176455,0.719771690014781,5,Narrow,Positive,Medium,0.11850864632859989,0.17119595572120505,0.20766039473348846,0.075,SELL,35.5,
NXST,Communication Services,5558702592.0,True,8890392420.253845,289.5233145619515,0.6252482825545831,5,Narrow,Negative,High,-0.01815527915029362,0.03,0.08241937454088366,0.06520950867049737,SELL,35.5,
ACIU,Health Care,228990544.0,True,45318783.84493567,0.4498066195994963,5.052883695721448,1,None,Negative,Very High,0.4,0.03,-0.6527650975728724,0.11,INSUFFICIENT_LIQUIDITY,35.5,
SLQT,Financials,155044960.0,False,5147633468.408079,28.30002731470397,0.030119658082017272,5,None,Negative,Very High,-0.1,0.172666116968368,0.08166253737384674,0.06255230331568809,INSUFFICIENT_LIQUIDITY,35.5,
CSW,Materials,4347020800.0,True,7105625166.213135,425.18101760490276,0.6117717580530211,5,Narrow,Positive,Low,0.10119663353475483,0.15533228626674528,0.1306369831679632,0.06140871258383409,SELL,35.4,2.42857
CIGI,Real Estate,4965247488.0,False,6292490091.648399,123.18068095656952,0.7890751380904104,5,Narrow,Stable,Medium,0.0751454716154113,0.10079636171554247,0.11908320943021072,0.06718985326653161,SELL,35.4,1.92308
PBT,Financials,1326952448.0,False,140754104.00296652,3.0199043116875735,9.427451209323412,1,Narrow,Stable,Medium,0.3483479600992082,0.03,,0.075,SELL,35.4,
GERN,Health Care,750579520.0,True,4066707452.755412,6.10009483030625,0.18456688333738935,5,Narrow,Positive,Very High,0.03766910378135356,0.28,-1.5945720125125813,0.09341563103813501,INSUFFICIENT_LIQUIDITY,35.4,
SELF,Financials,57908184.0,False,61418593.17976183,5.471845026864669,0.942844519908044,3,None,Stable,Medium,0.021798410638753762,0.037510215373288025,0.027316368668556152,0.06824173022606517,INSUFFICIENT_LIQUIDITY,35.4,
WRLD,Financials,776326080.0,False,2916429137.5754747,580.2937170512354,0.2661906198912091,5,Narrow,Positive,Medium,-0.1,0.03,0.08479522692367512,0.061412671077850076,INSUFFICIENT_LIQUIDITY,35.4,
TROO,Financials,273638784.0,False,9512519.392291792,0.07880756703779915,28.766173577710198,1,None,Positive,Very High,0.4,0.25,-0.06695714638852247,0.11,INSUFFICIENT_LIQUIDITY,35.4,
DMLP,Energy,1326059648.0,True,1044205353.0766215,21.91222883864149,1.2699222850112095,2,Wide,Negative,High,0.0999522596722161,0.06494209303972123,0.4121921269440403,0.09,SELL,35.4,
CLPS,Information Technology,26004168.0,True,114203625.0302426,4.147854215696631,0.2277000225966011,5,None,Negative,Medium,-0.1,0.05962760517373211,0.03813921867897571,0.05804284338159832,INSUFFICIENT_LIQUIDITY,35.4,
ATER,Information Technology,11251666.0,True,63264020.27347845,7.974902998576994,0.17785252899454013,5,None,Positive,Very High,-0.1,0.03,-2.191933169695736,0.09060751136147079,INSUFFICIENT_LIQUIDITY,35.4,
FND,Consumer Discretionary,5124743680.0,True,7785064651.8815975,71.80535378376112,0.6582788851678173,5,Narrow,Negative,Low,-0.013719013700778642,0.060505112077872035,0.17099129275528605,0.06420531322074846,SELL,35.3,2.6087
DNUT,Consumer Discretionary,605123968.0,True,7961144700.675541,46.57737519629038,0.07600966830167681,5,None,Negative,Very High,-0.1,0.03,0.005551238261142117,0.06889042740655829,INSUFFICIENT_LIQUIDITY,35.3,
ZJYL,Unknown,19333568.0,True,77758722.67199524,9.934227165114555,0.2486353599396634,5,Narrow,Stable,Low,-0.1,0.03,0.22480640827334245,0.05436504014719433,INSUFFICIENT_LIQUIDITY,35.3,
NIXX,Information Technology,24184618.0,True,27065729.431773562,1.3252267174259245,0.8935513103743915,3,None,Positive,Very High,0.23372656396149016,0.25,-1.1210628290037248,0.10776097992944952,INSUFFICIENT_LIQUIDITY,35.3,
EEX,Industrials,983609984.0,True,5150189046.332153,25.915639118257292,0.19098521921258493,5,Narrow,Positive,Very High,0.05633141037001288,0.24163940695360434,-0.002569322672933532,0.08745887794175247,INSUFFICIENT_LIQUIDITY,35.3,
STNE,Unknown,2529573376.0,True,216665894.76865625,0.7181616076425811,11.674995636488784,1,None,Negative,Extreme,0.16514618009206272,0.03627298314912135,-0.02650533632999755,0.08458777835237119,SELL,35.3,2.0
BRO,Financials,19950469120.0,False,152128235784.78775,486.0327021878203,0.13114244714060486,5,Wide,Positive,Low,-0.03913247895502897,0.1722124634061125,0.1005216902989736,0.0590479135886071,SELL,35.3,2.57895
BBGI,Communication Services,38130472.0,True,1146677146.870684,637.4820136486712,0.03325301468164705,5,None,Negative,Very High,-0.1,0.03,0.020461233213304668,0.052637056797960054,INSUFFICIENT_LIQUIDITY,35.3,
SFIX,Consumer Discretionary,466907072.0,True,1627209492.2494426,12.63512999156213,0.28693728387397194,5,None,Negative,Medium,-0.1,0.03,-0.17943973893115137,0.075,INSUFFICIENT_LIQUIDITY,35.3,2.66667
APO,Financials,73811533824.0,False,36089773244.883675,93.25435813088068,2.045220215797948,1,None,Negative,Very High,0.19250519145013734,0.03,-0.36234867512506613,0.09979789212652748,SELL,35.2,1.78947
CURR,Industrials,357056416.0,True,60207876.21594794,0.9794063517116139,5.930393802952684,1,None,Stable,High,0.4,0.03,,0.08793993437627569,INSUFFICIENT_LIQUIDITY,35.2,
CLST,Financials,64627740.0,False,173739283.86296958,47.275995608971314,0.37198115799172243,5,Narrow,Stable,High,-0.1,0.1272664986275942,-0.9717754974699514,0.0813586586851217,INSUFFICIENT_LIQUIDITY,35.2,
TMDX,Health Care,2399564032.0,True,7798413739.390924,192.36014409104405,0.3076989901009551,5,Narrow,Positive,Very High,0.13382724007925761,0.28,-0.7003274744369444,0.09828978446601232,SELL,35.1,1.72727
CTSO,Health Care,28822788.0,True,99318774.92486387,1.5959496785791918,0.2902048280579867,5,None,Positive,Very High,-0.1,0.03,-2.137389709037377,0.0856167505111257,INSUFFICIENT_LIQUIDITY,35.1,
CAL,Materials,417373952.0,True,3137901946.4782295,96.49738441719138,0.13301051438794398,5,Narrow,Negative,High,-0.1,0.03,0.09677919058928879,0.07066594955407476,INSUFFICIENT_LIQUIDITY,35.1,2.0
UPC,Unknown,2118430.0,True,54377278569.73736,119.28216221197961,3.8957999659419736e-05,5,None,Negative,Very High,-0.1,0.25,-0.22270901286246422,0.043465226368568644,INSUFFICIENT_LIQUIDITY,35.0,
CYCN,Health Care,12904336.0,True,19263981.13345671,6.055951315138859,0.6698685962471381,4,None,Positive,Very High,0.15928823311164064,0.25,-2.7525665859564166,0.11,INSUFFICIENT_LIQUIDITY,35.0,
AGX,Industrials,9739450368.0,True,3166007021.9035387,223.79352667728415,3.0762567172527073,1,None,Stable,High,0.4,0.21360410791235923,-1.6015840322986492,0.09,SELL,35.0,
INDI,Information Technology,855718848.0,True,376036807.34871304,1.9064314803357916,2.2756252347565002,1,None,Positive,Very High,0.3591850783250108,0.25,-0.30380743718644115,0.09054879622652592,INSUFFICIENT_LIQUIDITY,35.0,
IOT,Information Technology,20278310912.0,True,23502367513.139034,40.98179224312009,0.8628199223190336,3,Narrow,Positive,High,0.26103993533473113,0.28,-0.8798916962597113,0.09,SELL,35.0,1.59091
BOOM,Materials,137959760.0,True,488404254.39506906,24.528111883930865,0.2824704305061288,5,None,Stable,High,-0.1,0.11078247272327449,-0.0018469954164972555,0.07750036478594065,INSUFFICIENT_LIQUIDITY,35.0,
NABL,Information Technology,712069952.0,True,3040006402.029486,16.185829985408752,0.2342330435635357,5,Narrow,Positive,Medium,-0.08643977595330338,0.10176820335533235,0.03932217465792332,0.06376371233477511,INSUFFICIENT_LIQUIDITY,35.0,
WTRG,Utilities,10596529152.0,True,21110812305.602875,75.2294474201778,0.501947959112291,5,Narrow,Positive,High,-0.0023503026398872806,0.08189812547244296,0.05546158626378307,0.05547716636657656,SELL,35.0,2.57143
VRSK,Industrials,23810598912.0,True,18743716176.698376,133.8045769318,1.2703243416372587,1,Narrow,Positive,Medium,0.10226081227158945,0.0623357505414405,0.14856608570723295,0.0697646170389278,SELL,35.0,2.26316
FORR,Industrials,135884000.0,True,1363264880.6653175,71.68664251276844,0.09967542032894165,5,Narrow,Negative,Medium,-0.1,0.03,0.10884508858490569,0.06853801409143044,INSUFFICIENT_LIQUIDITY,35.0,
CSTL,Health Care,637232320.0,True,7152949542.455217,246.77256408111563,0.0890866510685986,5,Narrow,Positive,High,-0.1,0.28,-0.3817506227299238,0.0892545281423202,INSUFFICIENT_LIQUIDITY,35.0,1.0
MGEE,Utilities,2855901952.0,True,3833507138.4634323,104.82368921996752,0.7449841225924307,5,Narrow,Positive,Low,-0.001422220449952161,0.04648267445416745,0.06753113211386882,0.059799713729229695,SELL,34.9,3.66667
DKNG,Communication Services,12368491520.0,True,1572920972.1603522,3.1718319351977144,7.863390303081983,1,None,Positive,High,0.4,0.25,-0.6550938863803275,0.08398421213717402,SELL,34.9,1.57143
ERII,Industrials,412877536.0,True,698176250.8860466,12.891470343920505,0.5913657697121928,5,Wide,Negative,Medium,-0.03586000647600526,0.05078265602917815,0.185286841534947,0.075,INSUFFICIENT_LIQUIDITY,34.9,
ALTI,Financials,451821152.0,False,3763771258.862156,37.68737324034036,0.12004479574473191,5,Narrow,Negative,Very High,-0.07427983044320446,0.24230144598136927,-0.0656330889405371,0.10987019414392295,INSUFFICIENT_LIQUIDITY,34.9,
DEI,Financials,2453182976.0,False,-477932804.0321274,-2.854199213086536,,,None,Negative,Medium,0.1240131973194537,0.03,0.019752931635823624,0.053122258247344054,SELL,34.9,2.91667
WTW,Financials,24890820608.0,False,48567570938.36553,490.58152462995486,0.5124987749456853,5,None,Positive,Medium,-0.08402256764854549,0.03,0.05347977263621693,0.06862260973642356,SELL,34.9,1.66667
RIOT,Financials,9325209600.0,False,-362654778.7298678,-1.0643799187736875,,,None,Positive,Very High,0.4,0.25,-0.3744925760170347,0.1044958741907441,SELL,34.9,1.5
TROX,Materials,1170906880.0,True,2564578062.1821194,16.18193673924257,0.45656901510095266,5,None,Negative,High,-0.03141766056910006,0.03,0.038965290601530034,0.055718030083943604,SELL,34.9,
MDAI,Health Care,60147328.0,True,20742664.961630978,0.7821967205668597,2.8996914384558745,1,None,Stable,Very High,0.26626553100456685,0.03,,0.10185157461713076,INSUFFICIENT_LIQUIDITY,34.8,1.0
INCR,Unknown,55774960.0,True,272028366.4931438,5.061638871363746,0.2050336173356603,5,None,Negative,Extreme,-0.08155983328928734,0.03,-0.041970664797946526,0.06408193831378049,INSUFFICIENT_LIQUIDITY,34.8,
ACTG,Financials,446241792.0,False,1520825849.9935374,15.653084892319171,0.2934207042850411,5,None,Positive,Very High,-0.1,0.25,-0.15089886850468953,0.09861805013589697,INSUFFICIENT_LIQUIDITY,34.8,
ADMA,Health Care,1847228544.0,True,1177102190.5049274,4.806369493468671,1.5693017640274856,1,None,Positive,Very High,0.33765419470289393,0.25,-0.32266839174016726,0.1074985996510116,SELL,34.8,
PUBM,Information Technology,535955968.0,True,1246887414.6556711,26.525004566364686,0.42983509312908147,5,Narrow,Negative,Medium,-0.1,0.045771935682893346,0.12275387210010842,0.075,INSUFFICIENT_LIQUIDITY,34.8,
TPVG,Unknown,218016512.0,True,-439528269.76319265,-10.912907681080362,,,None,Negative,Extreme,0.4,0.03,-0.02197524162774308,0.07249892009348463,INSUFFICIENT_LIQUIDITY,34.8,
PRAA,Financials,610635648.0,False,18989183145.819393,484.7518225772699,0.0321570255713941,5,Narrow,Negative,High,-0.1,0.10351776313868628,0.05806171685740552,0.0500482505319169,INSUFFICIENT_LIQUIDITY,34.8,
VVV,Energy,4556864000.0,True,5288547021.328054,41.124004831477876,0.861647628662983,3,Narrow,Positive,High,0.09127067954212953,0.11531287017076916,0.20669766032080944,0.08112130926976747,SELL,34.7,1.66667
GDYN,Information Technology,547750656.0,True,457243953.21334636,5.2622100217896515,1.1979396384590875,2,None,Positive,High,0.2736265174257795,0.167838625293583,-0.006813980886014876,0.09,INSUFFICIENT_LIQUIDITY,34.7,1.66667
CGC,Materials,462552928.0,True,-113185699.06452231,-1.0523642473104984,,,None,Positive,Very High,0.4,0.03,-0.2557535433824437,0.0891327691658285,INSUFFICIENT_LIQUIDITY,34.7,
TRTX,Financials,657119744.0,False,-556706192.2319427,-7.007368936588934,,,Narrow,Stable,Very High,0.32615618706871863,0.28,-0.010301726471189054,0.05453208395678333,INSUFFICIENT_LIQUIDITY,34.6,1.83333
INBK,Financials,215214384.0,False,3824472083.656691,438.0853638279045,0.056272965076588334,5,Narrow,Stable,Medium,-0.1,0.14884140608356863,0.16156468769888171,0.05535855721153187,INSUFFICIENT_LIQUIDITY,34.6,
MCHX,Information Technology,67340256.0,True,97853066.78977925,20.994007034923673,0.6881772662748439,5,None,Positive,High,-0.04478103687757712,0.03,-0.344741517894915,0.09,INSUFFICIENT_LIQUIDITY,34.6,
SKYH,Real Estate,693343232.0,False,247106041.95066738,3.1772320049202483,2.8058530116330385,1,Narrow,Stable,Very High,0.3743045493006193,0.28,-0.05765164795616286,0.09608131586232806,INSUFFICIENT_LIQUIDITY,34.6,1.14286
BLNK,Information Technology,98867760.0,True,71643248.80662878,0.6566329153341486,1.380001069840544,2,None,Negative,Very High,0.3316805187750006,0.23789843538716865,-2.4719936764447565,0.10975120557733692,INSUFFICIENT_LIQUIDITY,34.6,
TLPH,Health Care,40222224.0,True,20380763.150519233,0.48055697888486787,1.9735386601053393,1,None,Positive,Very High,0.4,0.03,-4.5550348788394235,0.11,INSUFFICIENT_LIQUIDITY,34.6,1.33333
GEOS,Health Care,99604144.0,True,83411954.85669896,6.520086441820982,1.1941231226521316,2,None,Positive,High,0.07422690588416855,0.03,-0.14125800281698409,0.09,INSUFFICIENT_LIQUIDITY,34.6,
KRC,Financials,4347780096.0,False,2527139857.631277,21.26648641194504,1.7204350930047987,1,None,Stable,Medium,0.08689047020756599,0.03,0.025024055795563556,0.05879841583125975,SELL,34.5,3.0
FLNT,Information Technology,66190880.0,True,-11924123.017664943,-0.45913864252405295,,,None,Negative,Very High,0.2108190309706227,0.03,-0.13671499657299818,0.08716305543823773,INSUFFICIENT_LIQUIDITY,34.5,
COYA,Health Care,103680752.0,True,120908828.96620841,7.2269485225530925,0.8575118366995076,3,Narrow,Stable,High,0.11537147172006343,0.15056744588505455,-7.962052816938748,0.09,INSUFFICIENT_LIQUIDITY,34.5,1.0
FDS,Financials,9312524288.0,False,21352835941.274544,556.280733132071,0.4361258763759386,5,Wide,Negative,Low,-0.015781556266105813,0.08146016508746298,0.30662099482879307,0.062239341025440625,SELL,34.5,3.22222
LFCR,Health Care,211177968.0,True,-93651880.940153,-2.6896847632189536,,,None,Negative,Very High,0.4,0.084717878807347,-0.03920216265687225,0.0850078087813479,INSUFFICIENT_LIQUIDITY,34.5,
SRG,Real Estate,151513200.0,False,57742402.15266189,1.0253649563636376,2.6239504134140934,1,None,Negative,Very High,0.21788071682700283,0.03,-0.06658545531013821,0.09407098165471997,INSUFFICIENT_LIQUIDITY,34.5,
NAII,Materials,15688072.0,True,149302043.15230042,25.10543856605018,0.10507607041918958,5,None,Negative,Medium,-0.1,0.03,0.1174363750401275,0.06211284558934872,INSUFFICIENT_LIQUIDITY,34.5,
MAX,Industrials,490343744.0,True,487511609.2152593,7.299590898970892,1.0058093689077467,3,None,Positive,High,0.2508741733384655,0.25,0.10576228633366078,0.07890693823590134,INSUFFICIENT_LIQUIDITY,34.3,1.875
BRFH,Consumer Staples,35838572.0,True,-336434.36609438807,-0.021287924961679833,,,None,Positive,Very High,0.4,0.22337426332083643,-2.749716339869281,0.10196526033197796,INSUFFICIENT_LIQUIDITY,34.3,
LGL,Information Technology,46868764.0,True,44740005.24736361,6.984060802745983,1.0475806549611844,3,None,Negative,Very High,0.24997207530857823,0.1613335906531042,0.0051187513912433,0.11,INSUFFICIENT_LIQUIDITY,34.3,
FFIN,Financials,4653797376.0,False,15178196171.83567,105.80975295265675,0.30661070151639525,5,Narrow,Stable,Medium,-0.1,0.13331782855709812,,0.07485370392261738,SELL,34.3,
KURA,Health Care,775887936.0,True,2919502651.8045154,33.29876650171672,0.2657603121272835,5,Narrow,Stable,Medium,-0.1,0.25238015700684824,,0.07461000195397413,INSUFFICIENT_LIQUIDITY,34.3,1.26667
HOV,Industrials,638696064.0,True,2265005217.287883,328.64266066278043,0.2819843676849339,5,None,Stable,High,-0.1,0.03,0.028204604924733135,0.059843246878792986,INSUFFICIENT_LIQUIDITY,34.3,4.0
LUCD,Health Care,184514224.0,True,12172394.584441155,0.1193993936747814,15.158416260663078,1,None,Negative,Very High,0.4,0.25,-49.91620600528584,0.10234009090909789,INSUFFICIENT_LIQUIDITY,34.3,
BRT,Financials,275558784.0,False,1015968953.6476479,56.41460636825137,0.27122756360876715,5,Narrow,Positive,Extreme,0.10421123367807572,0.19246961266354534,-0.000359241169050028,0.07563500765752772,INSUFFICIENT_LIQUIDITY,34.2,2.0
HBANM,Financials,,False,378420517597.5068,251.4696070518693,,,Narrow,Stable,Medium,,0.14758319753607302,,0.04345,INSUFFICIENT_LIQUIDITY,34.2,
CLDX,Health Care,2246443264.0,True,522537508.48501027,7.866934276068325,4.299104327482823,1,None,Negative,Very High,0.4,0.03,-6.450638763810098,0.11,SELL,34.2,
BBBY,Consumer Discretionary,431800832.0,True,244476386.8074791,4.06579721948244,1.7662271503547524,1,None,Negative,High,0.13363352316566757,0.03,-1.1405845300849342,0.08838693570773416,INSUFFICIENT_LIQUIDITY,34.2,
YCBD,Materials,7595244.0,True,25943207.217429392,6.449316409101956,0.2927642652793251,5,None,Negative,Very High,-0.1,0.03,-0.8789323018611861,0.11,INSUFFICIENT_LIQUIDITY,34.2,
TCBS,Financials,48763124.0,False,276474648.16473216,96.82318960444964,0.17637466698554372,5,Narrow,Stable,Medium,-0.1,0.1812302918650755,,0.075,INSUFFICIENT_LIQUIDITY,34.2,
CAG,Consumer Staples,6224467456.0,True,24651946447.243736,51.39034072804615,0.2524939549629737,5,Narrow,Negative,Medium,-0.0920671330942095,0.03,0.06365689418326527,0.05719062561916864,SELL,34.2,3.27778
JANX,Health Care,814750912.0,True,1060943102.5719111,17.121098644326977,0.767949676118259,4,Narrow,Stable,Very High,-0.1,0.21753064538909136,-179.60563862928348,0.11,INSUFFICIENT_LIQUIDITY,34.1,
LUCY,Health Care,5814585.0,True,7558684.970888772,1.8935444879723404,0.7692588092233065,4,None,Positive,High,-0.1,0.25,-4.122234717794507,0.08977304469754185,INSUFFICIENT_LIQUIDITY,34.1,3.0
HD,Consumer Discretionary,309883928576.0,True,394693205394.9264,396.6765883366094,0.7851260785346761,5,Wide,Negative,Low,0.004022118340502687,0.03,0.418084384653003,0.06171306683121318,HOLD,34.1,1.88889
LEGH,Materials,566715520.0,True,194324261.9736604,8.102552159292399,2.9163394948429815,1,None,Negative,Medium,0.24256269040602912,0.03,0.0361307714552955,0.07493333515520055,INSUFFICIENT_LIQUIDITY,34.1,
FGBI,Financials,160032496.0,False,3500635741.7334433,250.30537012965203,0.04571526654205821,5,Narrow,Stable,High,-0.1,0.12382521205944398,,0.06542233892909359,INSUFFICIENT_LIQUIDITY,34.1,
CMCO,Industrials,370163040.0,True,2052925511.562374,71.43592148244046,0.18031001997646193,5,Narrow,Stable,Medium,-0.1,0.06773426270934517,0.05841145851354563,0.057334336882445595,INSUFFICIENT_LIQUIDITY,34.1,2.0
WW,Unknown,162479856.0,True,2904280412.206015,36.49602166686792,0.0559449615530012,5,Narrow,Negative,High,-0.08798101410188128,0.03,0.22643839660410148,0.048164052507641934,INSUFFICIENT_LIQUIDITY,34.1,
NKE,Consumer Discretionary,63648526336.0,True,130393015297.62729,87.65327729068788,0.4881283417729062,5,Wide,Negative,Low,-0.05693529495016675,0.03,0.41256615930628787,0.06260289833944341,HOLD,34.1,2.28947
NAMS,Health Care,3684813312.0,True,693984258.5360427,5.860154232591493,5.30964970267928,1,None,Stable,Very High,0.4,0.03,-1.9175360215170838,0.11,SELL,34.0,1.35714
IR,Industrials,28274085888.0,True,16128148592.014503,40.2198219252232,1.7530893720807663,1,None,Positive,Medium,0.1659138702840629,0.08426852863354761,0.06276571874321714,0.07043367123307465,SELL,34.0,2.0
GRNT,Energy,634419712.0,True,1691213362.0139837,12.959390058420883,0.37512695101019095,5,None,Negative,High,-0.1,0.03,0.07612439592111148,0.07241022359764374,INSUFFICIENT_LIQUIDITY,34.0,2.5
SNAP,Information Technology,9545247744.0,True,8808413846.271528,5.1979371191701675,1.0836511443022585,3,None,Positive,Very High,0.1240951462309135,0.11126069542358827,-0.5852562860357016,0.0920077519375543,SELL,34.0,2.72093
MRSH,Financials,79708086272.0,False,279852640845.7527,566.5033215501066,0.2848216333821662,5,Wide,Stable,Low,-0.05871533770727917,0.08384132516252726,0.1534684180471655,0.06074903587027723,SELL,34.0,2.3913
AMH,Financials,13665073152.0,False,1571173828.9664745,4.236036525678249,8.697365562019925,1,None,Positive,Medium,0.2634055548412694,0.0818649834066146,0.020405795973536964,0.06643051632171501,SELL,34.0,2.16667
ZVIA,Consumer Staples,101203088.0,True,168861762.31170496,2.557885449579803,0.5993250728556735,5,None,Positive,High,-0.06397213551985034,0.03,-1.3920376886614128,0.09,INSUFFICIENT_LIQUIDITY,33.9,1.57143
VIVO,Unknown,77235120.0,True,-31352163.21535837,-4.711068852796148,,,None,Negative,Very High,0.4,0.03,-0.10856136045178169,0.09075822703396033,INSUFFICIENT_LIQUIDITY,33.9,
NOW,Information Technology,115970588672.0,True,213656622373.695,204.12578533081398,0.5427895816360995,5,Narrow,Positive,Medium,0.14705973299962205,0.22165090794664655,0.12068609976254789,0.07459951971932409,HOLD,33.9,1.4375
NINE,Energy,442795200.0,True,-208321003.37335724,-5.091187424137401,,,None,Positive,Extreme,0.4,0.0597238567838565,-0.01522659739530314,0.09471945982917052,INSUFFICIENT_DATA,33.8,
JXG,Unknown,105539600.0,True,162859629.2064844,262.11791825572635,0.6480402817704428,4,None,Positive,Very High,0.17172982170355844,0.25,-0.18277155154983132,0.10775005081176377,INSUFFICIENT_LIQUIDITY,33.8,
TAP.A,Consumer Staples,8391048192.0,True,11627644966.924934,58.4010294672272,0.7216464052582017,4,None,Positive,Very High,-0.05160882322452881,0.03,0.05840871425374977,0.08146248597936596,SELL,33.8,
AEVA,Industrials,1553985024.0,True,31822029.866249457,0.5580558103381094,48.833623453045696,1,None,Negative,Very High,0.4,0.25,-12.315768643692174,0.10610165092377823,SELL,33.8,
PSNL,Health Care,1125751808.0,True,242297021.029177,2.715103540555097,4.6461644605380386,1,None,Negative,High,0.4,0.03,-3.803599286828616,0.09,SELL,33.8,1.42857
SMTI,Health Care,205639472.0,True,1810386831.0648265,209.94792444890896,0.11358869191456046,5,Narrow,Positive,Very High,-0.01741698737692926,0.28,-0.15677287498306597,0.09772263017637944,INSUFFICIENT_LIQUIDITY,33.8,
KLTR,Information Technology,209020880.0,True,540005227.659668,3.5314258159132756,0.3870719565176747,5,None,Stable,Medium,-0.1,0.03,,0.07115193604963674,INSUFFICIENT_LIQUIDITY,33.7,
XGN,Health Care,103645712.0,True,208980257.44488674,9.693750926612381,0.49595934691263327,5,None,Positive,High,-0.03849230877878179,0.10035463659073432,-1.682003207104971,0.08066398410486411,INSUFFICIENT_LIQUIDITY,33.7,
ADSE,Information Technology,852023232.0,True,1704545.2047633799,0.030225648203060253,499.8537026879703,1,None,Stable,Very High,0.4,0.03,-2.2365368522810734,0.1095246822413834,INSUFFICIENT_LIQUIDITY,33.7,
KKR,Financials,87090044928.0,False,-99405125061.40796,-104.00670124090522,,,None,Positive,Very High,0.20806983830410875,0.09137818488998405,0.029525815185136514,0.058219876938382945,SELL,33.6,
REAX,Unknown,360545984.0,True,1169963770.5741072,5.321088858450593,0.30816850322047,5,None,Stable,High,0.02801501534930051,0.25,-4.242409573021485,0.09,INSUFFICIENT_LIQUIDITY,33.6,1.0
CHSN,Consumer Staples,2527805.0,True,27740688.410455126,516.6492978931723,0.09112264852977842,5,None,Stable,Medium,-0.1,0.03,-0.030024459121783836,0.05345138043376301,INSUFFICIENT_LIQUIDITY,33.6,
ACON,Health Care,8790232.0,True,12016757.184885863,22.58636104490272,0.7314978462788578,4,None,Stable,Very High,-0.1,0.047692774049387945,-6.799949336529449,0.11,INSUFFICIENT_LIQUIDITY,33.6,1.0
ULCC,Industrials,1364948608.0,True,42448818263.47299,186.36451411053525,0.032155161529538547,5,Narrow,Positive,Medium,-0.1,0.10317734756395551,-0.20903954802259886,0.06521111517414403,SELL,33.5,3.25
BZFD,Communication Services,110622960.0,True,154385986.19530955,4.080507101765813,0.7165349830395479,4,None,Positive,High,-0.009404638708737447,0.03,-0.21378546059026043,0.07391897192297925,INSUFFICIENT_LIQUIDITY,33.5,
TAP,Consumer Staples,7325756416.0,True,12211616102.839638,61.33408389171089,0.599900648227592,5,None,Positive,Very High,-0.07080552253595757,0.03,0.05840871425374977,0.07923127813523564,SELL,33.5,2.7619
ALT,Health Care,527024992.0,True,239307900.1900623,2.7161938351547725,2.2022883138476748,1,None,Negative,Very High,0.4,0.03,-2.241379139216792,0.10593488134491878,INSUFFICIENT_LIQUIDITY,33.5,1.6
SPRY,Health Care,850035968.0,True,2122905685.4512668,21.53780538691715,0.4004115556453972,5,Narrow,Stable,Very High,0.1606326518111803,0.28,-4.7468436163844325,0.09898963521444046,INSUFFICIENT_LIQUIDITY,33.5,1.0
MBINL,Financials,,False,87969945719.1694,1914.7740179821574,,,Narrow,Negative,High,,0.21162483846569477,0.1395825504995446,0.04345,INSUFFICIENT_LIQUIDITY,33.4,
DQ,Information Technology,1104311296.0,True,4102076833.2281065,12.181153031703344,0.2692078527283382,5,Narrow,Negative,High,-0.1,0.03,0.133749463238186,0.08602742041294173,SELL,33.4,1.875
VRDN,Health Care,1742548736.0,True,1954686231.5616317,23.049633255212978,0.8914723539070762,3,Narrow,Stable,Very High,0.2547402350517699,0.28,-21.15063572149344,0.10693307888472635,SELL,33.4,1.29412
YORW,Utilities,490818784.0,True,664358691.0525405,46.122225182547176,0.7387858255039879,5,Narrow,Negative,Medium,0.02667648697786003,0.0711182974405021,0.06370253270114713,0.05802833134279421,INSUFFICIENT_LIQUIDITY,33.4,
SDGR,Health Care,1074483968.0,True,1207317069.7663248,16.438764361675652,0.8899766224691625,3,None,Stable,High,0.10429368416121687,0.1349129570900889,-2.493521333138018,0.09,SELL,33.4,
HBANL,Financials,,False,378420517597.5068,251.4696070518693,,,Narrow,Stable,Medium,,0.14758319753607302,,0.04345,INSUFFICIENT_LIQUIDITY,33.4,
ONT,Industrials,619787776.0,True,-106004250.44052675,-3.018344260835044,,,None,Stable,High,0.38742175361390474,0.12760691006702438,-0.05641496267282574,0.07414709782676226,INSUFFICIENT_LIQUIDITY,33.3,1.85714
UMH,Financials,1299636096.0,False,1032795647.2498498,12.194436999667625,1.2583671314462823,1,None,Stable,Medium,0.11300055976603518,0.08878892864368701,0.022283733401164914,0.06334628467237108,SELL,33.3,
BXC,Industrials,391454464.0,True,2185108476.140238,271.8134688568526,0.17914646722320293,5,Narrow,Negative,High,-0.1,0.03,0.07751112116420653,0.06150262858250487,INSUFFICIENT_LIQUIDITY,33.3,
FLG,Financials,5843748352.0,False,50319104081.044586,121.15522640892286,0.11613379170241157,5,Narrow,Stable,High,-0.1,0.0791035782321018,0.036782324959317825,0.058539321221605656,SELL,33.3,
GECC,Unknown,84880400.0,True,1246105557.8402052,100.81504060820826,0.06811654074243738,5,Narrow,Positive,High,-0.06239689333303727,0.1841784115954304,0.10358792993003307,0.05785652533294636,INSUFFICIENT_LIQUIDITY,33.3,
IMTE,Unknown,1762506.0,True,-255369.42071771898,-0.07409671002483117,,,None,Positive,Very High,0.4,0.03,-0.1419085779879408,0.10156430463359602,INSUFFICIENT_LIQUIDITY,33.3,
PSNY,Unknown,1729495936.0,True,-4139854133.699556,-1.4917721305164833,,,None,Negative,Extreme,0.4,0.10138687673092606,-14.65627431647445,0.06302318646874891,SELL,33.3,
BIPC,Utilities,5080744960.0,True,132806495794.78152,132806495.79478152,0.038256750391569644,5,Narrow,Negative,Medium,-0.046747419899821285,0.21763567209306667,0.11078692587136493,0.04944756701947265,SELL,33.3,
AESI,Energy,2083425152.0,True,4622895620.574471,37.757958268260474,0.4506753608555626,5,None,Stable,Medium,0.13190653156432763,0.25,0.07133641476546602,0.06785176521601982,SELL,33.3,2.41667
MTR,Financials,7135872.0,False,6310462.412293406,3.3861860239073005,1.1308001749758645,2,Wide,Positive,Medium,0.052052970717560876,0.03,0.795501602546574,0.075,INSUFFICIENT_LIQUIDITY,33.3,
OCUL,Health Care,1806422912.0,True,785395461.6726395,4.194559074671714,2.30001699800111,1,None,Stable,Very High,0.4,0.03,-12.855523872140585,0.10747176766428256,SELL,33.2,
MKTX,Financials,4155628032.0,False,6454563613.031294,173.80412023134053,0.6438278838262729,5,Wide,Negative,Medium,-0.008288261633262073,0.053472010778242,0.585113756787271,0.07341371342599534,SELL,33.2,2.42857
WAFDP,Financials,,False,94676101425.72668,1179.6882245922652,,,Wide,Stable,Medium,,0.18162656397291277,0.21323827875747212,0.04345,INSUFFICIENT_LIQUIDITY,33.2,
SNOA,Health Care,3959851.0,True,5736054.627651197,4.622122987631907,0.690344018153377,5,None,Positive,High,-0.1,0.03,-1.982130542710847,0.08754991266435094,INSUFFICIENT_LIQUIDITY,33.2,
BOF,Consumer Staples,57588272.0,True,134981.447664598,0.012574784619259859,426.63842325276715,1,None,Stable,High,0.4,0.25,-0.8213049781615183,0.08521370595141373,INSUFFICIENT_LIQUIDITY,33.2,
EQBK,Financials,962685888.0,False,4139494037.7446613,224.28166576390362,0.2325612452203227,5,Narrow,Stable,High,-0.1,0.150989252128337,,0.07638063707001924,INSUFFICIENT_LIQUIDITY,33.2,
TXRH,Consumer Discretionary,11204271104.0,True,69481891018.85233,1044.6676642788761,0.1612545504980568,5,Wide,Stable,Low,-0.08076994983513525,0.13542364414791236,0.25636893538121747,0.065,SELL,33.2,2.07143
CLNE,Utilities,425033536.0,True,74790900.81972289,0.33895941700209514,5.682957837672088,1,None,Negative,Very High,0.2631435442256277,0.08108021742690141,-0.06600699389207099,0.0574201381733526,INSUFFICIENT_LIQUIDITY,33.2,1.5
PZZA,Consumer Discretionary,1050232320.0,True,1846646193.3068686,56.05239621511211,0.5687241680656239,5,Wide,Negative,Medium,-0.01587998935628198,0.03,0.37092225594846356,0.06179232536997937,SELL,33.2,2.42857
ESTC,Information Technology,6472593408.0,True,22044287195.285706,212.6560373277841,0.29361772284404825,5,Narrow,Positive,High,0.048834165245078665,0.22089344477856188,-1.443063115297931,0.08623407117517475,SELL,33.2,2.0
MDWD,Unknown,182244976.0,True,3756793.4893912026,0.3302219525893349,48.51077827797589,1,None,Negative,Very High,0.4,0.03,-0.6798413577261329,0.1096838134091228,INSUFFICIENT_LIQUIDITY,33.1,1.16667
RXO,Industrials,4429760000.0,True,1662442254.3899927,9.86835164244751,2.6646098463284256,1,None,Negative,Medium,0.2660681461842317,0.12079065695592904,0.0025170815857123528,0.07236308794809837,SELL,33.1,
TEAM,Information Technology,25242288128.0,True,96237329038.89618,367.6169138990713,0.2622920687854693,5,Narrow,Stable,High,0.05826366429360441,0.24006561271837612,-0.19559817429550375,0.08824716968910079,SELL,33.1,1.57576
BCYC,Health Care,293207136.0,True,2053385934.1331637,29.639011773283357,0.14279202517464273,5,Narrow,Stable,Very High,-0.1,0.28,-24.128172376196957,0.11,INSUFFICIENT_LIQUIDITY,33.1,1.90909
LIQT,Industrials,8754100.0,True,-1254183.9854925636,-0.13044813964895705,,,None,Positive,Very High,0.25795677470448053,0.03,-0.7710329916033825,0.07941580649885,INSUFFICIENT_LIQUIDITY,33.1,
BLZE,Information Technology,465714336.0,True,439602854.0413137,7.820769584728437,1.0593978899787406,3,None,Positive,High,0.21594317299326504,0.2057307150694748,-0.8870973684720849,0.08664564641489841,INSUFFICIENT_LIQUIDITY,33.1,
WEAV,Information Technology,452728448.0,True,2139501439.6645799,28.038171197781217,0.21160464751590746,5,Narrow,Stable,High,-0.057825533023416614,0.192716582614473,-2.1783221300585414,0.08870646808348931,INSUFFICIENT_LIQUIDITY,33.1,
QTEX,Unknown,67413448.0,True,3183965.3132680333,0.1074821747198507,21.17279598464174,1,None,Stable,Medium,0.4,0.04,-7.734991161846834,0.075,INSUFFICIENT_LIQUIDITY,33.0,
INM,Health Care,5236219.0,True,12109054.036692487,12.407008342026247,0.4324218047201184,5,None,Positive,Very High,-0.1,0.25,-2.918704165800195,0.11,INSUFFICIENT_LIQUIDITY,33.0,
JXN,Financials,7522491392.0,False,332079912904.609,4664.956466476735,0.022652654074144074,5,Narrow,Stable,High,-0.1,0.19640059790944295,0.7505865851066278,0.07988642765125324,SELL,33.0,
CLIR,Health Care,24390228.0,True,10578185.76172831,1.905569461583996,2.305709934518584,1,None,Negative,Very High,0.4,0.25,-8.411989071038253,0.11,INSUFFICIENT_LIQUIDITY,33.0,1.0
AMS,Health Care,8811250.0,True,297499867.2388012,44.966727212636215,0.029617660275886,5,Narrow,Negative,High,-0.1,0.13309163943528182,0.05422469841991878,0.05916192336790492,INSUFFICIENT_LIQUIDITY,33.0,
PAYO,Industrials,1687284352.0,True,12931214616.687775,34.324778227250626,0.13048150556735436,5,Narrow,Positive,Very High,0.08333144311418031,0.1828963027509923,0.023028947149429133,0.05516893344958142,SELL,33.0,
IVVD,Health Care,303445664.0,True,1866700186.154903,10.839490911981164,0.16255725812351712,5,Narrow,Stable,Medium,-0.1,0.28,-2.955518146926133,0.075,INSUFFICIENT_LIQUIDITY,33.0,1.0
ALK,Industrials,4771388928.0,True,218473596512.72037,1821.7367085762917,0.0218396593646143,5,Narrow,Positive,Very High,-0.1,0.2067963146830767,0.0820072994927041,0.07419994902597571,SELL,33.0,1.5
HHS,Information Technology,18845454.0,True,845197235.2341957,114.32398691115863,0.022297107958212988,5,Narrow,Negative,Medium,-0.1,0.03,1.0732660593392587,0.075,INSUFFICIENT_LIQUIDITY,33.0,
ATEC,Health Care,1230314496.0,True,15046072960.621656,100.26437360473969,0.08176980792396525,5,Narrow,Positive,Very High,-0.021975621655657085,0.28,-0.5738271003278697,0.0890323609938633,SELL,33.0,1.27273
RFL,Health Care,80618816.0,True,60426343.58854952,2.053765539608635,1.3341667096216103,2,None,Negative,Very High,0.4,0.25,-0.3890502872996775,0.10943362270524995,INSUFFICIENT_LIQUIDITY,32.9,
AQST,Health Care,493018976.0,True,182880381.74407336,1.7103368562016095,2.695854915099319,1,None,Stable,High,0.29146717714026693,0.03,-8.508736196319019,0.08670852987379596,INSUFFICIENT_LIQUIDITY,32.9,
MPT,Financials,2978537728.0,False,-2054042739.2777576,-3.4183226591097196,,,None,Negative,Very High,0.12785334907764379,0.03,0.035477436796195416,0.05908709824976677,SELL,32.9,3.11111
CSR,Financials,1050273728.0,False,40487989.76706147,2.4135910442361532,25.94037723390352,1,None,Positive,High,0.17751350194821647,0.0568991128906636,0.005493006921963659,0.06705208148067486,SELL,32.9,2.5
DFH,Industrials,1336417280.0,True,17519834364.747566,172.95574753817147,0.07628024627270817,5,Narrow,Negative,Medium,-0.1,0.16414183744818495,0.14883475171564695,0.05777876295939535,SELL,32.9,
BHM,Financials,40066164.0,False,6896205056.01522,1773.121971278443,0.005809885824820748,5,Narrow,Negative,High,-0.09050347505917838,0.28,-0.02352287830737782,0.047431315894411435,INSUFFICIENT_LIQUIDITY,32.8,
EPRT,Financials,6563103232.0,False,21370047870.30257,107.89968899058553,0.30711691765185906,5,Narrow,Positive,Medium,0.13607156248275343,0.25072998560423426,0.03384331922190863,0.06626762931477216,SELL,32.8,1.3
CRWS,Consumer Discretionary,29418914.0,True,104192462.04017618,10.052335942129877,0.2823516540827703,5,Narrow,Negative,High,-0.1,0.04604655019250439,0.12712251012329878,0.0720273023173139,INSUFFICIENT_LIQUIDITY,32.8,
BLIN,Information Technology,13355871.0,True,32709922.239396334,2.913353078693526,0.4083125267694456,5,None,Negative,High,-0.1,0.03,-0.27997720842588103,0.08889084614231488,INSUFFICIENT_LIQUIDITY,32.8,
V,Financials,615347257344.0,False,724614556657.2515,368.5730196628949,0.8492063148478319,5,Wide,Positive,Low,0.10417949292820763,0.12370729559820606,0.3059462193115273,0.06415313100949022,HOLD,32.8,1.33333
OPEN,Real Estate,4264135936.0,False,294473837.47367096,0.38416429012482334,14.480525579394666,1,None,Stable,Medium,0.3183321861402336,0.03,-0.16362388659387164,0.06756800112517014,SELL,32.8,
ARBB,Information Technology,9903086.0,True,9300344.848899415,5.268553030778207,1.064808473330095,3,None,Stable,High,0.03678233087306175,0.03,-0.24282106531321546,0.09,INSUFFICIENT_LIQUIDITY,32.7,
VYGR,Health Care,201202880.0,True,392282543.2856915,6.683846488943262,0.5129029660987692,5,Narrow,Stable,High,-0.1,0.03,9.82724078660916,0.09,INSUFFICIENT_LIQUIDITY,32.7,1.0
AJG,Financials,55535443968.0,False,154507027002.01874,594.0293233449394,0.3594363638054753,5,Narrow,Negative,Medium,0.009995023634731877,0.15555718435361351,0.0853531326922854,0.06911135802177246,SELL,32.7,1.81818
TDUP,Consumer Discretionary,621976896.0,True,1240983864.8721588,10.197660217696653,0.5011966018301726,5,None,Positive,High,-0.06447638843567377,0.07104190375844795,-1.1900911195101227,0.0886800621324586,INSUFFICIENT_LIQUIDITY,32.7,1.28571
LCFY,Unknown,6494588.0,True,6269375.816488095,3.8227015572127563,1.0359225846566114,3,None,Positive,Very High,0.03871783028107745,0.03,-1.1795236016694963,0.10724015308172642,INSUFFICIENT_LIQUIDITY,32.7,
NAAS,Unknown,37749656.0,True,-48505684.94246485,-0.004982946092916852,,,None,Negative,Extreme,0.36190092951433894,0.10927170743248452,-2.2271724578291807,0.07127823041957282,INSUFFICIENT_LIQUIDITY,32.7,
QXO,Industrials,11430812672.0,True,2204530613.27033,3.5962979009303915,5.185145809811578,1,None,Negative,Very High,0.4,0.25,-0.05481327266309351,0.09528428226203156,SELL,32.6,1.15385
CRON,Materials,1023833984.0,True,874354976.1005926,2.2801219029409476,1.1709591778913948,3,None,Positive,Very High,0.4,0.25,-0.4320410708495124,0.11,SELL,32.6,
BDN,Financials,550666560.0,False,1645190773.346613,9.484313521264225,0.33471289100402957,5,None,Negative,High,-0.029150350439220374,0.03,0.02104573459574738,0.05169884723440804,INSUFFICIENT_LIQUIDITY,32.6,
CRGY,Energy,3811103744.0,True,93977387778.81807,383.4903891275456,0.040553412199216286,5,Narrow,Negative,Very High,-0.07192676785974422,0.23893888239422176,0.08812112245643496,0.07059548587787258,SELL,32.6,1.57143
OEC,Materials,378931712.0,True,3797675126.693722,67.42552245390458,0.09977991780721385,5,Narrow,Negative,Medium,-0.1,0.03,0.10570885878133102,0.05225080714252349,INSUFFICIENT_LIQUIDITY,32.6,
PFGC,Industrials,15256566784.0,True,20329097611.31176,129.9814425275688,0.7504792920818462,5,None,Positive,Medium,0.10660992814561909,0.14133570829339814,0.059520676304916004,0.06508622391599903,SELL,32.6,
RKT,Financials,35792285696.0,False,10767611833.91568,8.14270681468407,3.324069092392608,1,None,Negative,Very High,0.14781290575794898,0.04504026076603607,0.043921495737857946,0.08058061378623815,SELL,32.6,2.0625
NHP,Financials,1082026496.0,False,1122348612.883238,39.65335687122803,0.9640734470374109,3,None,Stable,High,0.025623755832141826,0.03,-0.015470316566877862,0.06722210938736226,INSUFFICIENT_DATA,32.6,2.125
AWK,Utilities,24306567168.0,True,35569373391.42752,182.40704303296164,0.6833566310127369,5,Narrow,Positive,Medium,0.038528158290685885,0.08236705243425324,0.051288953185368795,0.056450723476695636,SELL,32.6,2.61538
ARVN,Health Care,478747296.0,True,5846662139.438492,82.46349985103656,0.08188386545728782,5,Narrow,Stable,Very High,-0.1,0.28,,0.10994444297145736,INSUFFICIENT_LIQUIDITY,32.5,2.22222
DASH,Consumer Discretionary,68320698368.0,True,52431009644.6546,119.24648418338224,1.3030589880117895,1,None,Positive,High,0.30087655843958694,0.25,-0.2761021583980272,0.08821517716433695,HOLD,32.5,1.61364
RMTI,Health Care,26228014.0,True,22404680.92348506,0.6227980501788922,1.1706488518882339,2,None,Positive,High,0.06482570923155809,0.03,-0.25114627520137267,0.07727875448442652,INSUFFICIENT_LIQUIDITY,32.5,1.5
SSP,Communication Services,312154208.0,True,5518391669.732691,62.69189845647426,0.05656615671412114,5,Narrow,Negative,High,-0.1,0.03,0.057031331133482355,0.04835849420029207,INSUFFICIENT_LIQUIDITY,32.5,
DFSC,Information Technology,7715332.0,True,6230296.446809581,10.210771846504134,1.2383571256791286,2,None,Stable,High,0.3676073433032817,0.25,-6.554637052885862,0.09,INSUFFICIENT_LIQUIDITY,32.5,
SGRP,Industrials,20926062.0,True,30130721.489255756,1.2756984414774442,0.6945091576204697,5,Narrow,Negative,High,-0.0033191373689558934,0.03,0.07872494020162081,0.06602385026235826,INSUFFICIENT_LIQUIDITY,32.5,
ZEO,Industrials,99493384.0,True,98445403.81942438,3.94778589126678,1.0106452931261058,3,Narrow,Stable,Medium,0.03159177224654097,0.03,0.16695690347364028,0.07486420834363455,INSUFFICIENT_LIQUIDITY,32.5,
PRME,Health Care,552689408.0,True,330108878.42842627,2.219092142720842,1.6742639902059868,1,Narrow,Stable,Medium,0.3935675044907272,0.28,-10.880471924132511,0.075,INSUFFICIENT_LIQUIDITY,32.4,
EAF,Information Technology,227137552.0,True,1837378363.9157171,70.65490895952469,0.12362045643986863,5,Narrow,Negative,Very High,-0.07563278997694656,0.03,0.1779921429034899,0.05484448065316004,INSUFFICIENT_LIQUIDITY,32.4,3.25
HCKT,Industrials,275314560.0,True,528468336.9834244,18.937035689489846,0.5209669922166696,5,Wide,Negative,Medium,-0.04422815005817393,0.03,0.257176763553409,0.06818759302754492,INSUFFICIENT_LIQUIDITY,32.4,
CPHI,Health Care,29013752.0,True,-2909174.7323213653,-0.6779038143539119,,,None,Stable,High,0.4,0.03,-0.23293704200790222,0.08510131604130128,INSUFFICIENT_LIQUIDITY,32.4,
SAM,Consumer Staples,1715302144.0,True,2995221268.603517,273.86132107557074,0.5726796086753675,5,Wide,Stable,Medium,-0.05317008472526291,0.03,0.16121314470238352,0.075,SELL,32.3,3.14286
SEZL,Industrials,3901070592.0,True,28720212605.315453,803.4974430761932,0.13583014323779766,5,Wide,Stable,Medium,0.06555099859799995,0.28,0.5879550023732634,0.07390704065022327,SELL,32.3,1.66667
PDYN,Information Technology,324567808.0,True,46998828.554426126,1.115674510285639,6.905870167043424,1,None,Stable,Very High,0.4,0.03,-5.767472908680029,0.11,INSUFFICIENT_LIQUIDITY,32.3,
FTLF,Materials,92689880.0,True,6149943.799975589,0.6195792665701783,15.071662931353602,1,Narrow,Stable,Low,0.1765904735099046,0.03,0.12437736429767554,0.05800530856745119,INSUFFICIENT_LIQUIDITY,32.3,
VHC,Financials,62369192.0,False,24707632.158695076,6.774782604522916,2.5242885113153637,1,Narrow,Negative,Very High,0.4,0.28,-16.880970438448088,0.11,INSUFFICIENT_LIQUIDITY,32.3,
AIN,Consumer Discretionary,1920765184.0,True,2552970395.1485033,86.34818356045807,0.7523648482763825,5,Narrow,Negative,Medium,-0.010066642063331382,0.04334220761251095,0.09420498936102382,0.06895051458033036,SELL,32.3,
STLA,Unknown,20601280512.0,True,193843213833.71765,67.15082559563764,0.10627805897642703,5,Narrow,Negative,High,-0.1,0.03,0.1243756301892614,0.05632071540103041,SELL,32.3,2.6
BGM,Health Care,58381400.0,True,23481930.622895565,3.2494285769690867,2.4862265772592154,1,None,Negative,High,0.3979909101445104,0.03,0.012697774440466318,0.09,INSUFFICIENT_LIQUIDITY,32.3,
FANG,Energy,54186569728.0,True,425364017648.37787,1471.4455828627395,0.12738870115899809,5,Narrow,Negative,High,-0.006745556008202071,0.2656344826799773,0.05844593180145879,0.08017899738332987,SELL,32.2,1.53333
ANNA,Energy,124457600.0,True,112487508.95163281,2.7684171113681124,1.1064126244765013,2,None,Stable,Medium,0.2745630419914614,0.25,-0.23055321919035998,0.075,INSUFFICIENT_LIQUIDITY,32.2,
GAME,Communication Services,37300664.0,True,8831180.528056977,0.1343834392597442,4.223746064469462,1,None,Positive,Very High,0.3708611420429272,0.11963162952032008,-1.1361851398609724,0.10661328877293269,INSUFFICIENT_LIQUIDITY,32.2,1.5
EGY,Energy,566094272.0,True,1962525015.7079508,18.860458562375193,0.2884520031434046,5,Narrow,Negative,High,-0.1,0.05084314474640528,0.21411784585555094,0.08134051425064254,INSUFFICIENT_LIQUIDITY,32.2,1.0
AIOT,Information Technology,515125536.0,True,1438773641.0265732,12.002082476426446,0.35803097951701074,5,None,Stable,High,0.1138595704988078,0.25,-0.09261308150741951,0.07384493053022972,INSUFFICIENT_LIQUIDITY,32.2,
CABO,Communication Services,248584416.0,True,10780269232.107166,1911.4921841971359,0.023059202942690368,5,Narrow,Stable,High,-0.1,0.03,0.0915397135316629,0.04681138451451979,INSUFFICIENT_LIQUIDITY,32.2,3.5
MNDY,Unknown,4420022272.0,True,33906271431.77147,638.6927430605489,0.1303600214755041,5,Narrow,Stable,High,-0.05773756277324332,0.28,,0.09,SELL,32.2,1.65385
ELLO,Utilities,293582784.0,True,-541178226.6151375,-40.87120698807471,,,Narrow,Negative,Extreme,0.3822953820210909,0.03,0.00166802429608916,0.04978541061602092,INSUFFICIENT_LIQUIDITY,32.2,
MDXH,Unknown,29067184.0,True,2898914415.2070894,58.02139588042511,0.010026920369749354,5,Narrow,Stable,Extreme,-0.1,0.28,-0.5404306481582687,0.06304152383040157,INSUFFICIENT_LIQUIDITY,32.2,
MBINN,Financials,,False,87969945719.1694,1914.7740179821574,,,Narrow,Negative,High,,0.21162483846569477,0.1395825504995446,0.04345,INSUFFICIENT_LIQUIDITY,32.1,
BRLS,Consumer Staples,33697396.0,True,-24939000.89825774,-1.1638157745941877,,,None,Stable,Very High,0.4,0.03,-0.6575202773936366,0.08044326707742443,INSUFFICIENT_LIQUIDITY,32.1,
ECX,Information Technology,461082560.0,True,7084631.714906037,0.020919610685992726,65.08207886514187,1,None,Stable,Very High,0.3005649190006273,0.1604409326305259,-4.028315069500625,0.07846138112755904,INSUFFICIENT_LIQUIDITY,32.1,
ADP,Industrials,92718366720.0,True,133199408069.05142,325.9099781479115,0.6960869275930581,5,Wide,Negative,Low,0.04408642297694901,0.07652095211116432,0.4332873592097203,0.058490775579930876,SELL,32.0,2.72222
TIPT,Financials,663863232.0,False,-54471473.455212325,-1.4502596739970555,,,None,Negative,High,0.4,0.04,0.010225570664751906,0.08495241648373612,INSUFFICIENT_LIQUIDITY,32.0,
CTM,Industrials,67037376.0,True,69044316.48764662,0.7427089051248651,0.970932575051189,3,None,Positive,High,0.07244049385548773,0.0792346641164059,-0.49467843712860793,0.09,INSUFFICIENT_LIQUIDITY,32.0,
RMCF,Consumer Staples,15790027.0,True,2318051.9970115973,0.2867324755728209,6.811765663736749,1,None,Negative,Very High,0.16833084196237985,0.03,-0.09495619932342514,0.0904499565189719,INSUFFICIENT_LIQUIDITY,32.0,
MA,Financials,433910349824.0,False,766261130475.6951,845.7628371696413,0.5662695555947466,5,Wide,Stable,Low,0.08234533369519614,0.14596977338075073,0.8170981111199156,0.06398672448210617,HOLD,31.9,1.30769
COUR,Information Technology,1566381568.0,True,2688855902.4588256,16.41548169999283,0.5825457461545714,5,None,Stable,Medium,-0.02246853615942085,0.13389155743488934,,0.075,SELL,31.9,2.25
FKWL,Information Technology,33703040.0,True,43213769.01421187,3.6670690966450112,0.7799143830503643,4,None,Stable,Very High,-0.1,0.03,-1.2495091895207657,0.11,INSUFFICIENT_LIQUIDITY,31.9,
VRNS,Information Technology,3839366144.0,True,4816032092.274416,42.09337132299822,0.7972052657537054,4,Narrow,Positive,High,0.08564132813740188,0.12168885724153317,-0.8249608710445729,0.08509447919060846,SELL,31.9,1.79167
PNBK,Financials,123475704.0,False,632852675.1946013,8.23893081111721,0.19510971327099375,5,Narrow,Positive,High,-0.1,0.05254512788741654,0.02988898192602085,0.08452864510569424,INSUFFICIENT_LIQUIDITY,31.9,
UWMC,Financials,4184684032.0,False,7772670305.873779,4.8604102325307315,0.5383843476337404,5,None,Negative,Very High,-0.004221539447738343,0.050097967266385615,0.06420602495238675,0.05848447175600743,SELL,31.8,2.5
BILL,Information Technology,3582494464.0,True,28017968054.846596,269.6316888794999,0.12786417833681177,5,Narrow,Positive,Very High,-0.016161704465136928,0.28,-0.07044998792857743,0.08845974250432502,SELL,31.8,1.91304
RPD,Information Technology,501897952.0,True,4359143155.364674,67.06172384145482,0.11513683632581061,5,Narrow,Positive,Very High,-0.1,0.09600916346602606,-0.2677528178448265,0.06740763957328863,INSUFFICIENT_LIQUIDITY,31.8,2.92308
AOUT,Consumer Discretionary,123564408.0,True,160177134.51254743,12.507975520267642,0.7714235141990295,4,None,Positive,High,-0.02560199883404591,0.03,-0.07128767445847688,0.09,INSUFFICIENT_LIQUIDITY,31.8,
QDEL,Health Care,977176896.0,True,1863792490.2436438,27.489564752856104,0.5242948993062306,5,None,Negative,Very High,-0.008649182125076538,0.03,-0.09820041789410935,0.0613778647610375,INSUFFICIENT_LIQUIDITY,31.8,
MAGN,Materials,399432000.0,True,2881431712.07487,81.16709048098225,0.1386227542114388,5,None,Negative,Very High,0.11272022732252884,0.25,0.007304568700555351,0.05475468565537936,INSUFFICIENT_LIQUIDITY,31.8,
MMLP,Industrials,102506680.0,True,1395347909.8715527,35.8793137201933,0.07346316948970537,5,Narrow,Positive,Medium,-0.1,0.03,0.0858752517335502,0.0495455082271347,INSUFFICIENT_LIQUIDITY,31.7,
NTIP,Financials,33496628.0,False,37200435.30115419,1.6281416661504025,0.9004364526605614,3,None,Negative,Very High,-0.1,0.03,-0.3966360268905989,0.11,INSUFFICIENT_LIQUIDITY,31.7,
SAMG,Financials,85575488.0,False,713156423.0340143,81.10827411063066,0.11999539685267398,5,Wide,Negative,Medium,-0.1,0.03,0.31873002072697754,0.0734728182019473,INSUFFICIENT_LIQUIDITY,31.7,
ALHC,Financials,3177498880.0,False,3534212667.445594,17.848998576113356,0.8990683863675317,4,None,Stable,Medium,0.23044286110095558,0.25,-141.17416110447755,0.07208736082340786,SELL,31.7,1.42857
COSM,Industrials,15037214.0,True,-2246266.743495077,-0.07416096285469152,,,None,Negative,High,0.19633487972836672,0.0965643160254305,-0.3473244939652793,0.06334368070074363,INSUFFICIENT_LIQUIDITY,31.7,0.0
MELI,Industrials,81510932480.0,True,280672177086.5603,5536.233021519881,0.29041329755625095,5,Narrow,Positive,Medium,0.11741057763768226,0.28,0.33824495787839093,0.07180235308360028,SELL,31.7,1.54167
HTCO,Unknown,26282770.0,True,164332395.11568326,30.038558966366054,0.15993663319699084,5,None,Stable,Medium,0.01975583424686999,0.25,-3.702858268058786,0.075,INSUFFICIENT_LIQUIDITY,31.7,
OC,Materials,9598976000.0,True,23329264734.6562,277.7293420792405,0.41145643076099536,5,Narrow,Stable,Medium,-0.06334189211500038,0.06593022176069813,0.0817897716807438,0.06395288977519156,SELL,31.7,1.94118
SLG,Financials,3683044096.0,False,-1384606056.8266125,-19.65569406224341,,,None,Negative,Very High,0.19331184237699917,0.03,0.0004934178741846841,0.07110890232579567,SELL,31.6,2.33333
LULU,Consumer Discretionary,12971265024.0,True,90985646446.1228,764.1486079057581,0.1425638606819257,5,Wide,Positive,Low,-0.1,0.12223976008106385,0.5866849100538971,0.065,SELL,31.6,2.9375
ZIP,Information Technology,259241728.0,True,3080111175.289352,34.2741070169178,0.08416635414974795,5,Narrow,Negative,Very High,-0.1,0.03,0.6429257399915512,0.06456989034334065,INSUFFICIENT_LIQUIDITY,31.6,2.6
SLNH,Financials,211381472.0,False,54882493.28422461,1.8893173761735613,3.8515282260465264,1,None,Negative,Very High,0.4,0.1949108341948118,-0.4153126658579138,0.10189447324149711,INSUFFICIENT_LIQUIDITY,31.6,
CARR,Industrials,55781785600.0,True,28427154499.71395,32.96284148853658,1.9622711657813414,1,Narrow,Negative,Medium,0.12575314726076547,0.03657996989378618,0.11817955817116436,0.0694785575124267,SELL,31.6,1.96
NVTS,Information Technology,6026083328.0,True,235587043.97121814,1.1460018775384808,25.579009891291864,1,None,Negative,Very High,0.4,0.03,-0.5064369077242097,0.10999139810283053,SELL,31.6,
AMC,Communication Services,1349967360.0,True,33424842737.225677,70.68072196647842,0.040388143950682645,5,Narrow,Positive,Extreme,-0.1,0.10761525538746795,-0.02446810861411995,0.06616462106473656,SELL,31.6,
MORN,Financials,7064083968.0,False,13220929884.855474,313.2921773662435,0.5343106747802877,5,Wide,Positive,Low,0.011285180906482117,0.09527145931268843,0.17232395071814477,0.06215921988725322,SELL,31.6,1.0
GLPI,Financials,13359574016.0,False,6684386535.436623,23.86914343667445,1.9986237996823677,1,Narrow,Stable,Medium,0.10064374231496054,0.03820902744328993,0.0914912356187027,0.06388657152416292,SELL,31.5,1.95833
ZKIN,Unknown,75652248.0,True,9764271.115037099,1.7156534650242543,7.74786434222362,1,None,Negative,Very High,0.2136160180106041,0.03,-0.03268948635589673,0.09229723117220179,INSUFFICIENT_LIQUIDITY,31.5,
ALKT,Information Technology,1700534784.0,True,2889101527.598916,27.807845469647717,0.5886033314354605,5,None,Positive,Medium,0.16822834618267335,0.25,-0.27362575058629485,0.06959913407890912,SELL,31.4,1.7
CNNE,Consumer Discretionary,634500864.0,True,131348415.40050113,2.3247507150531175,4.830670107936294,1,None,Negative,High,0.381658735912641,0.03,-0.055794684170881306,0.08532718564768411,INSUFFICIENT_LIQUIDITY,31.4,
SHAK,Consumer Discretionary,2239184640.0,True,11818528480.474817,282.4223595592233,0.18946391200049292,5,Narrow,Positive,Medium,-0.07842047968831661,0.17045605613402706,0.05474793223193068,0.07185718609658992,SELL,31.4,2.0
PROK,Health Care,543707264.0,True,307215298.14515007,2.29363164677441,1.7697922834009214,1,Narrow,Stable,Medium,0.4,0.28,-8.666456990092781,0.075,INSUFFICIENT_LIQUIDITY,31.4,2.0
FUBO,Communication Services,280815584.0,True,744390304.3461388,27.944872503045325,0.3772423987261147,5,None,Positive,Extreme,0.1484617491673842,0.25,-0.6582955220768747,0.08483118826873287,INSUFFICIENT_LIQUIDITY,31.4,1.7
ATRA,Health Care,89380904.0,True,2183269207.810813,171.6676527607181,0.04093902102417465,5,Narrow,Stable,Very High,-0.1,0.28,-9.335722404647639,0.11,INSUFFICIENT_LIQUIDITY,31.4,
YHGJ,Materials,8740967.0,True,-3635353.5205571316,-1.3606317210662318,,,None,Positive,High,0.2693890394075774,0.03,-0.03917191827870002,0.06879052750123982,INSUFFICIENT_LIQUIDITY,31.3,
TCRX,Health Care,64167964.0,True,155503990.81968424,1.1982361554950391,0.4126451267376567,5,None,Stable,Very High,-0.1,0.03,-19.527896912129037,0.08761019931301499,INSUFFICIENT_LIQUIDITY,31.3,
FSP,Financials,59352344.0,False,419643967.2653805,4.049054103293907,0.1414349987842573,5,None,Negative,High,-0.1,0.03,0.01305144563522681,0.05243215669192114,INSUFFICIENT_LIQUIDITY,31.3,
CVV,Industrials,38519828.0,True,10641782.271956772,1.5478956031937123,3.6196782658772735,1,None,Negative,Very High,0.4,0.08506904650681543,-0.140867694507092,0.10968875213729277,INSUFFICIENT_LIQUIDITY,31.3,
PESI,Utilities,204113168.0,True,15608801.131925467,0.8453640127775924,13.076799830738894,1,None,Negative,Very High,0.4,0.03,-0.11684364966239871,0.06470796913284643,INSUFFICIENT_LIQUIDITY,31.3,1.0
GT,Materials,1641274496.0,True,16466462225.616043,57.175216061166815,0.09967377773756116,5,None,Negative,Medium,-0.1,0.03,0.04627757321163088,0.05005548503247615,SELL,31.2,2.7
LNZA,Materials,86257584.0,True,4993898.015905499,2.2720863064219365,17.272596221482843,1,None,Stable,Very High,0.4,0.0638441794475455,-9.41216037219323,0.10253383040072302,INSUFFICIENT_LIQUIDITY,31.2,3.0
MYO,Health Care,49457472.0,True,695104887.9687072,16.607210784655617,0.07115109223951611,5,Narrow,Positive,Very High,-0.09166421006668637,0.28,-38.62726022047973,0.09769217195006819,INSUFFICIENT_LIQUIDITY,31.2,
EXK,Materials,2368550400.0,True,1250201363.101465,4.416455404875918,1.8945351284245648,1,None,Negative,High,0.36898656023092513,0.25,0.0377747314244577,0.08565406294412327,SELL,31.2,1.25
REAL,Consumer Discretionary,1068726144.0,True,2104275953.015119,18.060553135887616,0.5078830761092299,5,Narrow,Stable,Very High,0.006258443925556079,0.11117553487418057,-64.40155828588553,0.09282299009154867,SELL,31.2,1.44444
TNXP,Health Care,176464656.0,True,212910856.5189184,25.015027815776403,0.8288194359141102,4,None,Negative,High,-0.1,0.25,-2.0289499666330633,0.09,INSUFFICIENT_LIQUIDITY,31.2,1.0
CHRN,Industrials,2723067136.0,True,4272043.139043318,1.7609411125487708,637.4156457160225,1,None,Positive,Very High,0.4,0.03,-1.15286090522465,0.1099010214110112,SELL,31.2,
BGMS,Health Care,8279184.0,True,6967423.3179523675,3.1886426406198267,1.1882705588833293,3,None,Stable,Very High,0.1733123902361352,0.115588434375584,-9.475500376272226,0.11,INSUFFICIENT_LIQUIDITY,31.1,
DUOL,Information Technology,5080047616.0,True,58292868935.54265,1206.6918302463907,0.08714698227697909,5,Wide,Stable,Medium,-0.008702886648866592,0.28,0.6563893501953626,0.075,SELL,31.1,2.82609
NEO,Industrials,1419308288.0,True,855520292.0415205,6.678482541444021,1.6590001443602433,1,None,Negative,High,0.17892637878623996,0.10770357449044968,-0.042239290304119145,0.08096423204984718,SELL,31.1,1.83333
VLTO,Industrials,21133817856.0,True,23612053206.049324,94.33501081122382,0.8950436318085879,5,Narrow,Stable,Low,0.02905416187818155,0.04689866433374923,0.26802287523090446,0.06258039271151553,SELL,31.1,1.89474
CURV,Consumer Discretionary,163177488.0,True,741859869.6192911,7.313143171657608,0.21995729204726994,5,Narrow,Negative,Medium,-0.08127592339788928,0.03,0.5461030065165877,0.0544834101908377,INSUFFICIENT_LIQUIDITY,31.0,3.0
BRBR,Consumer Staples,1019756800.0,True,18114239623.2727,140.9668453172973,0.05629586563986065,5,Narrow,Positive,Medium,-0.1,0.17203603201967,0.4617751761754517,0.05874109244579329,SELL,31.0,2.13333
BLND,Information Technology,392228992.0,True,343486499.4419429,1.3264638961414907,1.1419051189413507,3,None,Stable,Very High,0.06859285406150673,0.03,-0.36344478495893967,0.11,INSUFFICIENT_LIQUIDITY,31.0,
OSG,Financials,245774208.0,False,1390705360.38654,29.47582012622393,0.176726296597928,5,None,Negative,Very High,-0.1,0.150596781198886,-0.008852973901252231,0.08830161914927871,INSUFFICIENT_LIQUIDITY,31.0,
SHEN,Communication Services,891790656.0,True,395235735.2538816,7.173062345805473,2.256351277110998,1,None,Negative,Very High,0.18925713355948137,0.12069202356609923,-0.0025320306666750435,0.08249446601516307,INSUFFICIENT_LIQUIDITY,30.9,
SPPL,Unknown,36991780.0,True,7319170.457460394,1.2649391131461416,5.054094615639736,1,None,Stable,High,0.4,0.13697930775911438,-1.6490020396774565,0.08748357623628157,INSUFFICIENT_LIQUIDITY,30.9,
OMH,Unknown,16002155.0,True,7390556.654886384,0.5227166327423697,2.165216471132783,1,None,Stable,High,0.4,0.25,-0.6642451480905794,0.08999125882188677,INSUFFICIENT_LIQUIDITY,30.9,
NWGL,Unknown,12092087.0,True,-1375678.6079718443,-0.010388335082622486,,,None,Stable,High,0.30143162833305615,0.03,-0.002983412755628613,0.07459785126468034,INSUFFICIENT_LIQUIDITY,30.9,
DFLI,Information Technology,23836532.0,True,13188796.540865533,2.7572375813925576,1.8073318460969825,1,None,Negative,High,0.11036487180837262,0.03,-1.3126240082564664,0.07652813519652024,INSUFFICIENT_LIQUIDITY,30.9,
RXRX,Health Care,1759476736.0,True,750275327.1131271,1.6767948408131697,2.34510808554778,1,None,Positive,Very High,0.4,0.25,-2.778921410789436,0.1093018007468936,SELL,30.9,
BSBK,Financials,114789792.0,False,226424917.6780331,18.11062773518434,0.5069662525536449,5,None,Negative,Medium,-0.1,0.09746723600429713,0.02681124548721065,0.06085226061049726,INSUFFICIENT_LIQUIDITY,30.9,
NXRT,Financials,1495332864.0,False,-526906735.97992206,-20.75252997163931,,,None,Positive,High,0.23410178174685847,0.03,0.009160343352800776,0.06625094401128402,SELL,30.8,3.0
AHT,Financials,20173692.0,False,-672334462.4881725,-112.54343195315911,,,None,Positive,Very High,0.08118805575398083,0.03,0.021915307045913157,0.043923212375498455,INSUFFICIENT_LIQUIDITY,30.8,
EPSN,Energy,175139488.0,True,443676772.35447127,19.27297223792908,0.39474567728795595,5,None,Negative,High,-0.024704424769405986,0.14840445688839715,0.06870264127078034,0.0784325879716977,INSUFFICIENT_LIQUIDITY,30.8,
BKSY,Information Technology,1289909632.0,True,208006453.2713809,6.195093318780703,6.201296218041306,1,None,Positive,Very High,0.4,0.22266104311922277,-0.45090979387671265,0.10102340892996203,SELL,30.8,1.33333
TWAV,Information Technology,5806330.0,True,2231905.868687853,0.9636899260310247,2.601512044687425,1,None,Negative,Very High,0.4,0.03,-0.5693247648077798,0.11,INSUFFICIENT_LIQUIDITY,30.7,
CME,Financials,93004472320.0,False,56528611579.77426,156.88882234679653,1.6452636942754255,1,Narrow,Positive,Low,0.14787704804375984,0.08397729464781523,0.07933595467457127,0.06423516505607746,SELL,30.6,2.625
ASH,Industrials,2573273088.0,True,-454737437.00583243,-9.810489481890285,,,None,Negative,Very High,0.3351886551382075,0.03,0.011922712698528747,0.0867250836745892,SELL,30.6,1.58333
ROCK,Materials,1096601216.0,True,2005277270.0189972,66.87824406413411,0.5468576502588149,5,Narrow,Positive,Low,-0.07924593242743946,0.03,0.1113119111400482,0.065,SELL,30.6,
FC,Industrials,269749600.0,True,828481738.6590283,63.47059975936783,0.3255951065820881,5,Narrow,Positive,Medium,-0.1,0.03,0.0883579177453791,0.07490403444399026,INSUFFICIENT_LIQUIDITY,30.5,
EVTV,Industrials,23145986.0,True,1025649.4431453554,0.30240248701829936,22.567151139884878,1,None,Positive,Very High,0.4,0.20216094878627222,-1.27698632530691,0.10857692269851547,INSUFFICIENT_LIQUIDITY,30.5,
COCH,Health Care,50833792.0,True,3736961.402683414,0.1606631981637608,13.60297485638936,1,None,Stable,Very High,0.4,0.03,,0.11,INSUFFICIENT_LIQUIDITY,30.5,
RANI,Health Care,114042744.0,True,55153562.732528895,0.8339163980242659,2.0677312280452007,1,None,Negative,High,0.4,0.03,-13.063161859806478,0.09,INSUFFICIENT_LIQUIDITY,30.5,1.25
MBINM,Financials,,False,87969945719.1694,1914.7740179821574,,,Narrow,Negative,High,,0.21162483846569477,0.1395825504995446,0.04345,INSUFFICIENT_LIQUIDITY,30.5,
VERX,Information Technology,2129510784.0,True,4988201116.970012,59.38546754015038,0.42690956801147,5,Narrow,Stable,Medium,0.01963448744845564,0.1483601754261784,-0.006914266343918148,0.07068284537150124,SELL,30.5,2.2
RBLX,Information Technology,29942231040.0,True,162529771487.95377,235.68292240847572,0.18422613140891073,5,Narrow,Stable,Medium,0.06996364552529152,0.28,,0.07398726633205063,SELL,30.5,1.91429
MYGN,Health Care,431628320.0,True,2850877120.9306283,30.787009945255164,0.15140193761108198,5,None,Negative,High,-0.1,0.04568463496245338,-0.1693837102611569,0.07988022047535112,INSUFFICIENT_LIQUIDITY,30.5,3.0
KWY,Financials,289692512.0,False,691398401.616976,24.815103065715885,0.41899505599448167,5,Narrow,Negative,High,-0.0022760342732929817,0.13000205860744746,0.0012136884680227211,0.08086680801598843,INSUFFICIENT_LIQUIDITY,30.5,
KMPR,Financials,1457137280.0,False,4651129301.906647,74.29183214931822,0.31328677089296847,5,None,Positive,High,-0.1,0.03,0.053855272640518335,0.06599500428978264,SELL,30.4,2.66667
VEEE,Industrials,3107167.0,True,990595.8035549938,18.62286146610639,3.1366648120748906,1,None,Negative,Very High,0.14136171246642548,0.03,-0.5571622463626892,0.10012262233775772,INSUFFICIENT_LIQUIDITY,30.4,
TKO,Communication Services,38892290048.0,True,15146546586.537533,78.07052675085231,2.567733167807903,1,None,Stable,Medium,0.36717283356946473,0.21175771426094014,0.025970784235049928,0.07205486260387281,SELL,30.4,1.59091
QH,Unknown,11039918.0,True,71914229.17947951,0.05157050236635847,0.15351507102227557,5,None,Negative,High,-0.1,0.03,-0.0846259682630779,0.06230554843253151,INSUFFICIENT_LIQUIDITY,30.4,
HBNC,Financials,962433088.0,False,1078354508.277456,23.197016465014826,0.8925015666113115,3,Narrow,Positive,High,-0.021908445392731346,0.03,0.21480479606582809,0.076225284443571,INSUFFICIENT_LIQUIDITY,30.4,
HGTY,Financials,3588053504.0,False,36204047866.10918,104.34255076363053,0.09910641807980809,5,Narrow,Stable,Medium,-0.1,0.2134088832312647,0.02221681041531865,0.07350955265090055,SELL,30.4,2.625
TMCI,Health Care,227704144.0,True,2221628649.3590374,35.11401387752289,0.10249424181025707,5,Narrow,Positive,Medium,-0.1,0.16151812829115747,-0.5996947511365649,0.06880966031412988,INSUFFICIENT_LIQUIDITY,30.4,
PYXS,Health Care,112772752.0,True,132838134.89399004,2.137614535023691,0.8489486252573255,4,None,Stable,Medium,-0.03746156002183104,0.03,-10.13656571963784,0.0749935666903484,INSUFFICIENT_LIQUIDITY,30.4,1.3
VYNE,Health Care,21882810.0,True,30859435.694118105,0.7215543325411079,0.709112448357924,4,None,Stable,Very High,-0.1,0.03,-20.890230013523237,0.11,INSUFFICIENT_LIQUIDITY,30.3,
ELME,Financials,180381488.0,False,1321034285.2972095,15.025412708112029,0.1365456521511986,5,None,Positive,High,-0.0728318587614891,0.07964726099260777,0.0038259498807912784,0.052998992312922905,INSUFFICIENT_LIQUIDITY,30.3,
FTHM,Real Estate,16240384.0,False,3405475119.2103543,120.77722580648707,0.004768904024107433,5,None,Positive,High,-0.1,0.0788046923727975,-0.4106713758666782,0.0639195660913739,INSUFFICIENT_LIQUIDITY,30.2,
PRCT,Health Care,1584051456.0,True,1054719439.7738745,18.98889960704801,1.5018699724920317,1,None,Positive,Very High,0.34080273810059947,0.25,-1.4581468965793587,0.10789995188970238,SELL,30.2,2.0
AMRC,Industrials,1506997248.0,True,1923240542.5251236,36.1919560128928,0.7835719010069245,5,Narrow,Negative,Medium,0.06454690684129141,0.08056111200786033,0.07202787566194854,0.05859070790937834,SELL,30.2,1.66667
PED,Energy,177706736.0,True,555223864.5553896,120.30701771362129,0.32006321655915027,5,Narrow,Positive,Very High,0.15984868569884103,0.2695821588374373,-0.07569013341224404,0.08812730387034806,INSUFFICIENT_LIQUIDITY,30.2,
YDKG,Unknown,5252729.0,True,8529880.6607592,5.8566646485671905,0.6158033399182964,4,None,Positive,Very High,0.17036588476580572,0.25,-0.9031805848658426,0.11,INSUFFICIENT_LIQUIDITY,30.2,
UPST,Financials,2846461952.0,False,6600642131.650245,61.40547202236732,0.43124015743122074,5,None,Negative,Very High,0.014809207970006288,0.14688250817087925,-0.051453091733776955,0.08356564328680668,SELL,30.2,2.13333
DOUG,Real Estate,160903760.0,False,233483942.64245522,2.7599095444218453,0.6891427229597514,5,None,Negative,Medium,-0.03675873499030943,0.03,-0.41821114515393604,0.075,INSUFFICIENT_LIQUIDITY,30.1,
COTY,Materials,1725714304.0,True,15285613629.708794,17.55151410002158,0.11289794088775987,5,None,Positive,Extreme,-0.1,0.0493145666220077,0.008459000692506661,0.07124192340766049,SELL,30.1,3.05556
WLK,Materials,10844325888.0,True,19170764282.554764,149.4676033742246,0.5656699820709937,5,None,Negative,High,-0.06473785764509982,0.03,0.059367916215259005,0.07417762091085199,SELL,30.1,2.35714
FNKO,Consumer Discretionary,284781888.0,True,800900967.9692745,14.72598391424517,0.3555769057466357,5,None,Negative,High,-0.086493124518836,0.03,0.04230013211683629,0.06943900143538462,INSUFFICIENT_LIQUIDITY,30.1,
ESRT,Financials,1613381120.0,False,3990887364.3581524,14.778874849496935,0.40426626278877137,5,None,Positive,Medium,-0.05597808604133084,0.03968704760525581,0.039593983826703524,0.05622308462176969,SELL,30.1,2.66667
BHF,Financials,3598978560.0,False,97251252796.36768,1678.4885009031132,0.03700701488685009,5,None,Stable,Very High,-0.1,0.10472746515826027,,0.06435169048784746,CORP_ACTION_REVIEW,30.1,3.125
VTS,Energy,734972928.0,True,1293711075.5207338,32.708454134395474,0.5681121093472628,5,None,Stable,Low,-0.03193880168193658,0.08229788786142489,0.036140951481525206,0.06187834844752667,INSUFFICIENT_LIQUIDITY,30.1,
JAGX,Health Care,2021667.0,True,274176725.9032794,4114.29484321726,0.00737359085947061,5,Narrow,Positive,Extreme,-0.030578981474377112,0.2002974743802209,-1.1514138568593895,0.04760501172901349,INSUFFICIENT_LIQUIDITY,30.0,
CWT,Utilities,2742476544.0,True,5277553252.716369,88.5005492381126,0.519649241357904,5,Narrow,Stable,Medium,-0.003161041371561757,0.08321915882527016,0.04947914686057546,0.05700609278381847,SELL,30.0,
ALCO,Materials,303846912.0,True,-9407858.498731375,-1.2315562899242538,,,None,Negative,Very High,0.4,0.03,0.0033290740875284736,0.09537945079634425,INSUFFICIENT_LIQUIDITY,30.0,
PEGA,Information Technology,5800598016.0,True,9764802126.080427,52.8426977979351,0.5940312912749568,5,None,Positive,Medium,-0.028670355911990575,0.09892838107612559,0.053532583884368094,0.075,SELL,30.0,1.41667
PTLO,Consumer Discretionary,288800032.0,True,3393786015.575796,47.74146296853127,0.08509671224837127,5,None,Positive,Medium,-0.1,0.06400841566223452,0.05138961892081561,0.058074792411254475,INSUFFICIENT_LIQUIDITY,30.0,2.46154
XPON,Information Technology,5501821.0,True,4718362.032982857,0.8560357469976836,1.166044691259491,3,None,Negative,Very High,0.2170996457834654,0.17084384135769248,-2.1992020757107604,0.10769670069621934,INSUFFICIENT_LIQUIDITY,30.0,
FLYX,Industrials,240085760.0,True,-23027236.593057543,-0.8454114748718383,,,None,Stable,High,0.28686977095239297,0.08372573879702272,-0.047567357322830794,0.07277032553769622,INSUFFICIENT_LIQUIDITY,30.0,
KNSL,Financials,7059990528.0,False,49225733692.273285,2116.416599693593,0.14342072729955413,5,Narrow,Positive,Medium,-0.00013532041692415617,0.2756426887660823,0.20182773471709053,0.0740280960035711,SELL,29.9,3.16667
NWL,Materials,1580731392.0,True,-857672144.5952625,-2.0508659602947454,,,None,Negative,Very High,0.11398327254203292,0.03,0.006584577849631457,0.06027158499358841,SELL,29.9,
PHUN,Information Technology,40281416.0,True,102454500.15139551,5.077583764627112,0.39316395024597983,5,None,Positive,Very High,-0.1,0.03,-1.3912329137304036,0.11,INSUFFICIENT_LIQUIDITY,29.9,
AIFF,Information Technology,24603414.0,True,4335351.4590588305,0.3484047177534845,5.67506792294556,1,None,Stable,Very High,0.4,0.03,-1.582721590082662,0.11,INSUFFICIENT_LIQUIDITY,29.9,
CMRC,Information Technology,232684512.0,True,2305257970.6981263,28.70949948562975,0.10093643095810818,5,Narrow,Positive,High,-0.1,0.09101031101699383,-0.6023466262511445,0.07124197502933749,INSUFFICIENT_LIQUIDITY,29.9,
BYND,Consumer Staples,365583904.0,True,62793072.755127385,0.3470765384277139,5.822041953985253,1,None,Negative,High,0.377581687107307,0.03,-0.35467593169814393,0.07589997263040174,INSUFFICIENT_LIQUIDITY,29.9,3.66667
GAIA,Communication Services,59488312.0,True,374630819.27169293,15.074473654904754,0.15879182635227185,5,None,Negative,Very High,-0.1,0.07730140077789507,-0.05729760976515419,0.10420050576890451,INSUFFICIENT_LIQUIDITY,29.9,
ZLAB,Health Care,1867337856.0,True,5738932234.025999,5.2395454464228965,0.3253807119255732,5,Narrow,Positive,Very High,0.11549642992050357,0.28,-6.375599332750814,0.10343033801090064,SELL,29.8,
TOON,Communication Services,43434276.0,True,751941755.5906336,14.970355913351112,0.05776281962940512,5,Narrow,Positive,Very High,-0.1,0.2750640310393687,-0.5743648297619264,0.10954349307165849,INSUFFICIENT_LIQUIDITY,29.8,
BMRC,Financials,420932384.0,False,1736297646.749538,108.91341404776928,0.2424310052991276,5,None,Stable,High,-0.1,0.03,,0.08554338452869903,INSUFFICIENT_LIQUIDITY,29.8,
MBLY,Information Technology,7975502848.0,True,3674816114.46404,4.5200690214809836,2.170313452313573,1,None,Negative,High,0.24394772966299116,0.03,-0.02336552238513023,0.09,SELL,29.8,
INLX,Information Technology,28093712.0,True,31884104.11015041,7.412958152204713,0.8811196922122793,3,None,Negative,High,-0.0027316987462716047,0.030983901733393267,0.027045004249035297,0.08969706332051959,INSUFFICIENT_LIQUIDITY,29.8,
NEOV,Information Technology,107616592.0,True,1290522.5089007812,0.03842005065049121,83.38993799624913,1,None,Stable,High,0.4,0.25,-0.5115522652655041,0.08874295199215163,INSUFFICIENT_LIQUIDITY,29.8,3.0
DLB,Financials,5087486464.0,False,8439401839.820227,86.57661485879242,0.6028254798812106,5,Narrow,Negative,Low,-0.05912853837500037,0.03,0.1295001301844925,0.065,SELL,29.7,1.75
RCEL,Health Care,128646552.0,True,1032906166.8663085,37.07383707746015,0.12454814979979786,5,Narrow,Negative,Very High,-0.03969624249648611,0.2286522799018611,-5.097090876339728,0.09333289052172948,INSUFFICIENT_LIQUIDITY,29.7,1.5
BLDR,Industrials,7920709120.0,True,20821574303.397034,186.202842941434,0.38040875318000034,5,Narrow,Negative,Medium,-0.08273442771393147,0.03,0.15216372429873345,0.06366491942859838,SELL,29.6,
DNA,Health Care,536967360.0,True,813531940.109083,14.669419975497766,0.660044595087441,4,None,Positive,Very High,-0.1,0.03,-4.993733155689181,0.11,INSUFFICIENT_LIQUIDITY,29.6,
JBLU,Industrials,1804291584.0,True,47618349635.06961,131.5060746618879,0.03789067865281893,5,Narrow,Stable,Extreme,-0.1,0.05245508620763419,-0.021978213888304583,0.05948360700562365,SELL,29.6,3.35294
FPH,Real Estate,758967488.0,False,105798949.36808805,0.7086354915176933,7.173676983874908,1,None,Positive,Very High,0.3624535382433799,0.03,-0.012162723658277143,0.08546001054259064,INSUFFICIENT_LIQUIDITY,29.6,
FIP,Industrials,491560352.0,True,29234621823.017178,253.73991806283732,0.01681432224353187,5,Narrow,Positive,Very High,0.0009286054226512583,0.24640015012905958,-0.029637269267138375,0.05111886692771415,INSUFFICIENT_LIQUIDITY,29.6,
VTAK,Health Care,2773247.0,True,-3151858.027187044,-2.9167207504481643,,,None,Positive,Extreme,0.4,0.25,-3.4647434313945653,0.08278091372801072,INSUFFICIENT_LIQUIDITY,29.6,
CMTG,Real Estate,339329440.0,False,4038705208.0201445,28.817076538006244,0.08401936326675999,5,Narrow,Positive,Extreme,0.18042846495119313,0.28,-0.0068086879303213875,0.05407467186329287,INSUFFICIENT_LIQUIDITY,29.6,
XTIA,Information Technology,69644792.0,True,359711669.61761796,22.017166688698502,0.193612823498426,5,Narrow,Negative,Very High,0.042530927587157596,0.28,-1.8183339587242027,0.10319622737464285,INSUFFICIENT_LIQUIDITY,29.6,
SLP,Information Technology,320863072.0,True,953911662.6924307,47.45593068466398,0.33636560338759136,5,Wide,Negative,Medium,-0.008655674063685004,0.14665213438004782,0.21973659259716105,0.075,INSUFFICIENT_LIQUIDITY,29.5,
CERT,Information Technology,835381952.0,True,1026497805.0957437,6.399834968669194,0.8138175725783282,4,None,Negative,Medium,0.05742167795301467,0.09486688853573022,0.005338695196678576,0.06680565994019516,INSUFFICIENT_LIQUIDITY,29.5,2.16667
MC,Financials,5047177216.0,False,16935360476.078875,213.74194348009476,0.2980259689853733,5,Narrow,Negative,Medium,-0.05159544630276808,0.13051717592193424,1.9974789467533458,0.075,SELL,29.5,
FOXF,Industrials,730108032.0,True,2943265980.7791114,70.4417102835869,0.2480605003991971,5,Narrow,Negative,High,-0.1,0.03,0.15402499466067868,0.06766303385239791,INSUFFICIENT_LIQUIDITY,29.5,
TELA,Health Care,39398684.0,True,2191047846.9241138,46.66974142597194,0.017981662999879054,5,Narrow,Negative,High,-0.1,0.2396186974081458,-2.637132463670059,0.06274485794486293,INSUFFICIENT_LIQUIDITY,29.5,
CURI,Communication Services,164523088.0,True,85683837.81345525,1.485915611359865,1.9201181015979694,1,None,Positive,Very High,0.20392874701007202,0.04976345971899052,-0.7657338525358264,0.11,INSUFFICIENT_LIQUIDITY,29.5,1.66667
PRM,Materials,4919911936.0,True,4106983294.339999,27.31242094047774,1.1979381417938395,3,None,Positive,Very High,0.2806971848240709,0.25,-0.0014997846993846015,0.10197297789745463,SELL,29.5,
LGIH,Industrials,1169745280.0,True,1701350983.9507055,73.16192709228888,0.687539073967992,5,Narrow,Negative,High,-0.006438381669822635,0.03,0.11439151358241126,0.0627143597030651,SELL,29.4,3.0
CLW,Materials,248167648.0,True,1403988849.1952064,86.83213861062566,0.17675898789527744,5,None,Negative,Medium,-0.1,0.0487593039634814,0.03942188868972203,0.05662535847820543,INSUFFICIENT_LIQUIDITY,29.4,
WCN,Utilities,39438438400.0,True,29256908430.32617,113.40909384666648,1.3480043010668956,1,Narrow,Negative,Medium,0.13248169334114557,0.10281769942107849,0.06330620937154482,0.06105612351405551,SELL,29.4,1.5
TCX,Information Technology,152074720.0,True,74411915.89291275,6.724550827919257,2.0436877370400315,1,None,Negative,Very High,0.08582157111063637,0.06748844120390345,0.0011498657441332029,0.056589936634812696,INSUFFICIENT_LIQUIDITY,29.4,
LPX,Materials,4932460544.0,True,5487712700.878351,78.39589572683359,0.8988190185704367,3,Wide,Negative,High,0.013657212063126853,0.03,0.29040717415443645,0.08693219940476464,SELL,29.4,1.66667
LGO,Unknown,86947024.0,True,504069458.59646404,7.43103590577542,0.17249016483183915,5,None,Negative,Very High,-0.1,0.03,-0.0873454822904078,0.07327441244356875,INSUFFICIENT_LIQUIDITY,29.3,
ALGS,Health Care,30384174.0,True,84826575.24219838,8.581382033828012,0.3581916859574556,5,None,Stable,Very High,-0.1,0.03,,0.10968391709516936,INSUFFICIENT_LIQUIDITY,29.3,1.14286
NXL,Health Care,11280845.0,True,4314252.538370479,0.26318509988403077,2.6147855044806554,1,None,Stable,Very High,0.4,0.03,-31.237642913596613,0.11,INSUFFICIENT_LIQUIDITY,29.3,
GTN,Communication Services,411981248.0,True,13338785008.470016,137.51324751000018,0.030885965081406994,5,Narrow,Negative,High,-0.1,0.03,0.07931052885757428,0.046490714145215106,INSUFFICIENT_LIQUIDITY,29.3,
FATE,Health Care,230787184.0,True,220710801.54781762,1.857991833113943,1.0456542334200136,3,None,Negative,Very High,0.13555336177426702,0.03,-3.5768208992711297,0.11,INSUFFICIENT_LIQUIDITY,29.2,2.08333
DOCS,Information Technology,3765335552.0,True,15341132230.513836,77.07252637812907,0.24544052521173554,5,Wide,Negative,Low,-0.016157627056286927,0.16815628494805246,0.9429051506433633,0.065,SELL,29.2,2.34783
SFNC,Financials,3130485504.0,False,5651783314.500422,41.94864815447389,0.5538934049308494,5,Narrow,Positive,High,-0.1,0.03,0.2099516948390609,0.08230507150291323,SELL,29.2,
AWRE,Information Technology,29222204.0,True,74077350.7727561,3.497018872338956,0.3944823039047886,5,None,Negative,Very High,-0.1,0.03,-0.7181572444078438,0.11,INSUFFICIENT_LIQUIDITY,29.2,
CVRX,Health Care,142763376.0,True,1332293891.9709408,51.07566628291467,0.10715606883763591,5,Narrow,Positive,Very High,-0.047471627875677436,0.28,-4.132684960055575,0.09286248351964196,INSUFFICIENT_LIQUIDITY,29.2,1.57143
AVD,Materials,76091688.0,True,395789505.8976232,13.923503338409315,0.1922529194588657,5,None,Negative,High,-0.09639898101038655,0.03,0.04399611573176315,0.057613077968428926,INSUFFICIENT_LIQUIDITY,29.2,
BROS,Consumer Discretionary,9698422784.0,True,5309479704.054546,42.21780242402075,1.826623948970719,1,None,Positive,Medium,0.3651584043458346,0.25,0.029533401684263917,0.07436197506962214,SELL,29.2,1.29167
GRPN,Information Technology,625216256.0,True,1431797576.6427107,35.528629246258056,0.4366652564575585,5,None,Positive,High,-0.1,0.03,-0.13310267920967603,0.07351399282320537,INSUFFICIENT_LIQUIDITY,29.1,2.33333
SEVN,Financials,192292608.0,False,-213454034.40337378,-14.006170236441848,,,Narrow,Stable,Very High,0.4,0.28,-0.01554799850182856,0.06227061981040219,INSUFFICIENT_LIQUIDITY,29.1,1.25
VEEA,Information Technology,22184372.0,True,-14971500.18847571,-0.3497521386175697,,,None,Stable,Very High,0.4,0.03,-2.575881106132623,0.08245916801744341,INSUFFICIENT_LIQUIDITY,29.1,
KDK,Information Technology,1232301184.0,True,95234335.77608229,1.0439499674001895,12.93967321720416,1,None,Stable,High,0.4,0.03,,0.0884722835527533,SELL,29.1,1.0
JBGS,Financials,903107136.0,False,449409552.93064785,6.671657976138238,2.0095414752773757,1,None,Positive,High,0.06382825273378023,0.03,-0.0017882704374116618,0.055794002346090096,INSUFFICIENT_LIQUIDITY,29.1,4.33333
ABTC,Financials,1549470080.0,False,416894529.5875883,0.46061721473504164,3.7166956389013035,1,None,Positive,Very High,0.4,0.25,-0.39564551367607265,0.11,SELL,29.0,
CTEV,Industrials,440514848.0,True,481689823.57975864,29.30892592654449,0.9145197312375007,3,None,Positive,Very High,0.02817694659525738,0.03,-0.0051044708095330845,0.049158379887366585,INSUFFICIENT_LIQUIDITY,29.0,1.66667
PRQR,Unknown,158043824.0,True,485456747.10633636,4.608721797260664,0.32555696247307786,5,Narrow,Stable,Very High,-0.0007299844567492581,0.28,,0.10767702372925834,INSUFFICIENT_LIQUIDITY,29.0,1.125
BRZE,Information Technology,2580391680.0,True,14961399480.0916,138.65215539535893,0.17246994062511334,5,Narrow,Stable,High,0.029041040381545202,0.28,-0.6833156317118648,0.09,SELL,29.0,1.28571
PLAY,Consumer Discretionary,389081312.0,True,16156658684.607368,466.01265314702533,0.024081793122898744,5,Wide,Negative,Very High,-0.1,0.06672538495376541,0.14522690836771934,0.056999063114693896,INSUFFICIENT_LIQUIDITY,29.0,2.2
AMBA,Information Technology,2786507008.0,True,1368616609.007046,32.04867482719417,2.0360026245930603,1,None,Negative,Very High,0.3027959072974591,0.15037324285243564,-0.3486039721026402,0.11,SELL,28.9,2.13333
TRUP,Financials,959650368.0,False,1042880925.427908,23.943514162814555,0.9201916964837022,3,None,Positive,Medium,0.15500328285925458,0.1745119504280773,-0.03570498783735643,0.07170835162158995,INSUFFICIENT_LIQUIDITY,28.9,
CAVA,Consumer Discretionary,8456001536.0,True,26257688693.156025,221.99976912998213,0.3220390657691066,5,Narrow,Stable,Low,0.13566340225113305,0.272344680232647,0.12874207661494816,0.065,SELL,28.9,2.0
ICG,Unknown,50403044.0,True,80371817.11285625,0.6647085770589706,0.6271233600358346,5,None,Stable,High,-0.1,0.25,-0.13960942632878462,0.09,INSUFFICIENT_LIQUIDITY,28.9,
AIRI,Industrials,14600481.0,True,-12313255.767229121,-2.9199656638400655,,,None,Stable,Very High,0.22781833104425064,0.03,-0.007152461480685566,0.06784309812140193,INSUFFICIENT_LIQUIDITY,28.9,
PRHIZ,Financials,,False,34606631.37062956,19.819093354046963,,,None,Negative,High,,0.03,-0.10848262291473112,0.04345,INSUFFICIENT_LIQUIDITY,28.9,
AUC,Industrials,74771952.0,True,11904813.251118088,14.421022014199677,6.280816878246913,1,None,Negative,Very High,0.4,0.03,-0.6806709991421201,0.10977823157680568,INSUFFICIENT_LIQUIDITY,28.8,
PAMT,Industrials,288388384.0,True,2556583812.183396,120.54240238499673,0.11280224126652356,5,None,Negative,High,-0.1,0.03,0.045099942248044256,0.06502383684048015,INSUFFICIENT_LIQUIDITY,28.8,
XHG,Unknown,49377760.0,True,-92017023.51768798,-0.0018310296798905623,,,None,Stable,Extreme,0.4,0.03,-1.1047085154558447,0.07404026623645579,INSUFFICIENT_LIQUIDITY,28.8,
PRPL,Consumer Discretionary,42844652.0,True,376192053.2734997,3.475375798175433,0.1138903696321597,5,None,Positive,High,-0.1,0.03,-0.4406949401637623,0.09,INSUFFICIENT_LIQUIDITY,28.8,
S,Information Technology,5467719168.0,True,14573880957.44263,44.148405910371224,0.37517248727132835,5,Narrow,Stable,Very High,0.14818129071050523,0.28,-0.39069064671756437,0.11,SELL,28.8,1.81081
HCTI,Information Technology,4582789.0,True,-1970341.6025680075,-31.844934019168416,,,None,Negative,Extreme,0.23284525609030288,0.03,-1.2929766802526128,0.0708364302537065,INSUFFICIENT_LIQUIDITY,28.8,
CLSK,Financials,4000528128.0,False,2816591848.7368345,8.863862773238454,1.4203435722481867,1,None,Negative,Very High,0.3016683222306983,0.25,-0.11548131922093889,0.09866621488482541,SELL,28.8,1.25
HUBS,Information Technology,10885191680.0,True,47210481389.71106,887.5151594110437,0.23056726725883997,5,Narrow,Positive,Medium,0.01687486454924214,0.22784916368837477,-1.158480929482976,0.075,SELL,28.7,1.77143
LASE,Information Technology,119561616.0,True,-829799.7294652527,-0.04848684698691677,,,None,Stable,Very High,0.4,0.25,-0.3422704825174056,0.10794760037889138,INSUFFICIENT_LIQUIDITY,28.7,
FLUT,Information Technology,17425014784.0,True,583771651655.3074,3298.144924606256,0.02984902527313666,5,Narrow,Negative,High,-0.1,0.28,0.05093065935812413,0.07076918878812814,SELL,28.7,1.69231
LMFA,Financials,3814031.0,False,-10906569.849517334,-1.253574396778132,,,None,Positive,Extreme,0.4,0.25,-0.35285855219524787,0.05819910720844218,INSUFFICIENT_LIQUIDITY,28.7,
JTAI,Industrials,10805079.0,True,1741869.0946952289,25.305695577863883,6.203152138645954,1,None,Stable,Very High,0.4,0.03,-7.955316610099997,0.11,INSUFFICIENT_LIQUIDITY,28.7,
UHAL.B,Consumer Discretionary,9891527680.0,True,22171159749.677834,113.07323268528727,0.4461439000791888,5,None,Negative,Medium,-0.07929929312954423,0.03,0.05526366743366779,0.06081185843237391,SELL,28.7,
LFWD,Health Care,19714936.0,True,8149110.039646635,7.021941041693029,2.419274731115901,1,None,Positive,Very High,0.387046828238668,0.25,-8.922662439377053,0.10171595256332551,INSUFFICIENT_LIQUIDITY,28.7,1.5
TLSI,Health Care,194690416.0,True,1298726846.8615909,34.2692019299173,0.14990867130411198,5,Narrow,Stable,High,0.04469812593589928,0.28,,0.08324529942545508,INSUFFICIENT_LIQUIDITY,28.7,1.2
ALEC,Health Care,181526176.0,True,317567308.1396204,3.0832083415392764,0.5716148084115475,5,None,Stable,Very High,-0.1,0.03,,0.10662786728810687,INSUFFICIENT_LIQUIDITY,28.6,
NAGE,Materials,274772928.0,True,703315176.7172617,8.232070517314266,0.390682494983982,5,None,Positive,High,-0.03409933582513064,0.20395511113648807,-1.7796734792598863,0.09,INSUFFICIENT_LIQUIDITY,28.6,1.0
BHFAL,Financials,,False,112557838412.51741,1942.6694467115142,,,None,Stable,Very High,,0.10472746515826027,,0.04345,INSUFFICIENT_LIQUIDITY,28.6,
SUPV,Unknown,893102528.0,True,3920090217.176854,8.955477718454608,0.227827034206164,5,Narrow,Stable,Medium,-0.1,0.03,0.7140147796296844,0.06645481023875137,INSUFFICIENT_LIQUIDITY,28.6,2.6
CCB,Financials,1071076224.0,False,20546001985.68518,1338.4864984070332,0.05213063956414687,5,Narrow,Stable,Medium,-0.1,0.28,0.10811929814542495,0.07364576959531093,SELL,28.5,
CTMX,Health Care,653108736.0,True,442427858.45439506,3.2074894574698134,1.4761926120150086,1,Narrow,Stable,Very High,0.15467497137759756,0.06433677905428573,,0.11,INSUFFICIENT_LIQUIDITY,28.5,1.33333
PCYO,Utilities,252608944.0,True,419401924.9579319,17.353943175486904,0.6023075455014613,5,Narrow,Negative,High,0.1394070063877454,0.20151457282442706,0.032057408935110346,0.06443582852122744,INSUFFICIENT_LIQUIDITY,28.5,
GTN.A,Communication Services,812661184.0,True,11539465118.65988,118.96355792432865,0.07042451063748935,5,Narrow,Negative,High,-0.1,0.03,0.07931052885757428,0.04908972703413161,INSUFFICIENT_LIQUIDITY,28.5,
FRPH,Real Estate,451268320.0,False,118824872.04206806,6.2490072070506475,3.79775978079939,1,None,Positive,High,0.23691642130604051,0.05581803748604628,0.013312054538997805,0.07607785343633316,INSUFFICIENT_LIQUIDITY,28.5,
ARES,Financials,41445228544.0,False,65042208724.302536,299.2345726585329,0.637205121979726,5,Narrow,Stable,Medium,0.08041998457241642,0.1410800885171899,0.09541340430954819,0.07089836758410932,SELL,28.5,
MYSZ,Information Technology,2518936.0,True,20847734.90375625,6.645806312753509,0.1208254043726424,5,None,Positive,Very High,-0.1,0.25,-2.1680578860170545,0.09212546632690038,INSUFFICIENT_LIQUIDITY,28.4,
UUUU,Materials,3755501056.0,True,213213332.52544704,0.9487786463637486,17.6138190399129,1,None,Stable,Very High,0.4,0.25,-0.16869220383861355,0.09985215123261038,SELL,28.4,
OPTU,Communication Services,426760096.0,True,54076936856.45236,115.60285957230582,0.007891720959211094,5,Narrow,Negative,Medium,-0.1,0.03,0.04609499547646927,0.04394781634890348,INSUFFICIENT_LIQUIDITY,28.4,3.46154
UTZ,Consumer Staples,625957056.0,True,-64846368.70842779,-0.7387911440951695,,,None,Stable,High,0.14558655415889687,0.03048207455498453,0.012069839371898487,0.06292412768411366,INSUFFICIENT_LIQUIDITY,28.4,1.81818
AGPU,Financials,80427872.0,False,10839791.64788581,0.6219092422989381,7.419687998863578,1,None,Positive,Very High,0.4,0.03,-2.241829370815338,0.10991079573309881,INSUFFICIENT_LIQUIDITY,28.4,
COOK,Information Technology,177312384.0,True,-295909356.29166985,-111.16391038411571,,,None,Positive,Very High,0.26577757317517126,0.03,-0.08066461345084285,0.06389544817335452,INSUFFICIENT_LIQUIDITY,28.3,
CSTE,Materials,59126800.0,True,233340399.16968715,6.749989851302819,0.25339289814535065,5,None,Negative,Medium,-0.1,0.03,0.043437200016867974,0.07354771796617607,INSUFFICIENT_LIQUIDITY,28.2,
BYRN,Information Technology,134299088.0,True,459282722.5330964,19.018080341931544,0.29241049447559453,5,None,Positive,Very High,-0.04300087615122,0.25,-0.29819486230039344,0.11,INSUFFICIENT_LIQUIDITY,28.2,
BHFAO,Financials,,False,112557838412.51741,1942.6694467115142,,,None,Stable,Very High,,0.10472746515826027,,0.04345,INSUFFICIENT_LIQUIDITY,28.2,
VSA,Unknown,3965214.0,True,7795876.74032364,0.04021872616140548,0.508629642576338,5,Narrow,Negative,High,-0.1,0.03,0.2289323092931323,0.09,INSUFFICIENT_LIQUIDITY,28.1,
JYD,Unknown,5702174.0,True,33195490.066001505,14.517579182287506,0.1717755631461549,5,None,Stable,Medium,-0.035717115417320505,0.10493216548346562,-0.7172503902039555,0.062492406091088165,INSUFFICIENT_LIQUIDITY,28.1,
XOMAO,Health Care,,True,2464363591.0643973,137.0461345269935,,,None,Negative,Very High,,0.25,-0.1567732543290596,0.04345,INSUFFICIENT_LIQUIDITY,28.1,
VERI,Information Technology,158952032.0,True,240739864.5071642,3.8021963564843673,0.6602646899606847,4,None,Positive,Very High,-0.040789283346054195,0.03,-1.1446000903750564,0.09523591011093645,INSUFFICIENT_LIQUIDITY,28.1,1.75
TWI,Materials,469271584.0,True,344296241.5074847,5.403776901583399,1.36298782102679,1,None,Negative,High,0.055966278643038936,0.03,0.02397031558209054,0.06415236837468061,INSUFFICIENT_LIQUIDITY,28.1,
LICN,Unknown,29750652.0,True,65674236.82957317,12.385558248551984,0.45300339122636374,5,None,Stable,High,-0.1,0.03,-0.09315702208666816,0.09,INSUFFICIENT_LIQUIDITY,28.0,
UHAL,Consumer Discretionary,10933227520.0,True,21776868301.47325,111.06234064481548,0.5020569242851298,5,None,Negative,Medium,-0.0665270128050997,0.03,0.05526366743366779,0.06158906274963056,SELL,28.0,
VSTM,Health Care,326011200.0,True,409320326.72609216,5.905731243072215,0.7964696075749965,4,None,Stable,Very High,0.19023364820053168,0.25,-2.9624944036723244,0.09602796615591312,INSUFFICIENT_LIQUIDITY,28.0,1.11111
BZH,Industrials,709586048.0,True,1776994953.3853965,59.21145424628958,0.3993179871716294,5,None,Negative,Medium,-0.09640349145095695,0.03025307299658051,0.037866078190066765,0.05632596433907731,INSUFFICIENT_LIQUIDITY,28.0,
PSTV,Health Care,37241880.0,True,90735930.11899513,29.155061565950337,0.41044247798153766,5,Narrow,Negative,Very High,0.15072534323261977,0.28,-1.2463853185785965,0.10868623242650798,INSUFFICIENT_LIQUIDITY,28.0,
BMRA,Health Care,6551370.0,True,2342132.5681580584,1.0196231822536657,2.7971815468806898,1,None,Negative,Very High,0.3839178025098874,0.03,-1.4916711617530996,0.11,INSUFFICIENT_LIQUIDITY,27.9,
MIST,Health Care,153132528.0,True,53786607.20430826,0.6412113949976426,2.847038249100312,1,None,Stable,Very High,0.4,0.03,-62.66100504448197,0.0919037789723649,INSUFFICIENT_LIQUIDITY,27.9,
DVLT,Industrials,367378304.0,True,8638258.526846424,0.05661479498541121,42.52920919861831,1,None,Positive,Very High,0.4,0.25,-9.305416258385776,0.10876788333287953,INSUFFICIENT_LIQUIDITY,27.9,
IDCC,Financials,6736248320.0,False,22392992332.70327,649.5617663370444,0.30081948048373236,5,Wide,Positive,High,0.050734345949469656,0.20272687825367286,0.9289269927944674,0.08693578535383698,SELL,27.9,1.0
ANY,Financials,26862452.0,False,4414799.031235742,1.5147150306150168,6.084637558797541,1,None,Negative,Very High,0.4,0.07578702564485987,-1.1369086632995336,0.11,INSUFFICIENT_LIQUIDITY,27.9,
CBRL,Consumer Discretionary,749653376.0,True,21445384162.42177,954.6580563537651,0.034956397624883756,5,Wide,Negative,Medium,-0.1,0.03484215363245275,0.15118826470164692,0.0626121054469041,INSUFFICIENT_LIQUIDITY,27.8,3.3
TOP,Unknown,37112444.0,True,31766111.867553767,0.8578157884361883,1.168303006510124,2,None,Stable,Medium,0.09299207040001811,0.03,0.0722937900920359,0.075,INSUFFICIENT_LIQUIDITY,27.8,
BEEM,Information Technology,29084076.0,True,1687621.1792984828,0.10036999995827779,17.233770443725877,1,None,Positive,Very High,0.4,0.05747603905924048,-1.126653293611974,0.10954774389138627,INSUFFICIENT_LIQUIDITY,27.8,2.0
SMWB,Unknown,355658208.0,True,2522962815.1709023,29.745888379955293,0.14096847003110038,5,Narrow,Stable,High,-0.1,0.1735906759356805,,0.09,INSUFFICIENT_LIQUIDITY,27.8,2.44444
MNKD,Health Care,1050430656.0,True,4854068210.143744,15.453303949367564,0.21640212096831934,5,Narrow,Stable,Very High,0.11818599868265395,0.28,0.15432047605629134,0.08785054738726071,SELL,27.8,1.25
FPI,Financials,458303008.0,False,170509672.32125401,3.3266934410546094,2.6878417028244597,1,None,Negative,High,0.16723318656852093,0.03,0.022433376367794515,0.0779072026693947,INSUFFICIENT_LIQUIDITY,27.8,
RYM,Materials,54372964.0,True,23691522.947513852,11.881721503888445,2.2950387833005816,1,None,Negative,Very High,0.4,0.03,-4.781447984481585,0.1008923408915813,INSUFFICIENT_LIQUIDITY,27.7,
GP,Unknown,5431667.0,True,12790735.140485201,5.12634969870908,0.4246563579295534,5,None,Negative,Extreme,0.18572485762313867,0.25,-0.3215208127257609,0.07624540043474906,INSUFFICIENT_LIQUIDITY,27.7,
LVWR,Industrials,245714192.0,True,9564247.633769631,0.04694570084803235,25.69090653115542,1,None,Negative,High,0.4,0.03,-2.110445342969129,0.07911602989651371,INSUFFICIENT_LIQUIDITY,27.7,
TPL,Energy,26885543936.0,True,13470629971.36078,195.14876726740675,1.9958638900452306,1,Wide,Negative,Medium,0.2239029257244528,0.14172994979070758,1.197854915654423,0.075,SELL,27.6,3.0
FOUR,Industrials,3774868736.0,True,11207868116.94258,125.99573683487093,0.33680524222922026,5,None,Positive,Medium,0.1283928968087532,0.25,0.053573442523981024,0.057763061820760346,SELL,27.6,2.16667
CLNN,Health Care,69641768.0,True,-11950692.599941602,-1.2121721606605684,,,None,Stable,Very High,0.4,0.03,-6.511266710776846,0.09656518827284549,INSUFFICIENT_LIQUIDITY,27.6,1.2
CHWY,Consumer Discretionary,8441422336.0,True,4411881882.088609,10.361394744219373,1.9133382446775264,1,None,Stable,Medium,0.21040206774270348,0.07854949809763304,,0.075,SELL,27.6,1.72
RRGB,Consumer Discretionary,80843480.0,True,5878653907.645708,330.46567584719253,0.0137520393733089,5,None,Positive,Very High,-0.1,0.03,0.010393644445291502,0.0653574657893691,INSUFFICIENT_LIQUIDITY,27.6,1.0
TCI,Financials,319741120.0,False,-91281990.14419256,-10.565881621206188,,,None,Positive,Very High,0.4,0.03,-0.006410084432574821,0.0835557865059307,INSUFFICIENT_LIQUIDITY,27.5,
MBC,Consumer Discretionary,1082749696.0,True,1991864665.035172,15.416909172098855,0.543585974994381,5,None,Positive,Medium,-0.06242089938420353,0.03,0.07963066841732197,0.06005505915991638,SELL,27.5,
BLNE,Financials,35543732.0,False,-10371618.662162907,-0.7332523178619258,,,None,Positive,Very High,0.4,0.10685034878583044,-0.4891339979390433,0.09067584293894561,INSUFFICIENT_LIQUIDITY,27.5,
LUCK,Communication Services,1040595648.0,True,13831232300.226753,97.12848062116937,0.07523520865042084,5,Narrow,Positive,High,0.024327591858040454,0.21830980571480801,0.04171450729988898,0.057354112846864966,SELL,27.5,
BHFAM,Financials,,False,112557838412.51741,1942.6694467115142,,,None,Stable,Very High,,0.10472746515826027,,0.04345,INSUFFICIENT_LIQUIDITY,27.5,
ROOT,Financials,847339904.0,False,2328467137.1423674,136.16766883873493,0.3639046007923933,5,None,Stable,Very High,-0.1,0.25,-2.110365168539326,0.09727619581012065,INSUFFICIENT_LIQUIDITY,27.4,
BATL,Energy,29064880.0,True,860198600.6269602,52.26946591887708,0.03378856926623214,5,None,Negative,Extreme,-0.1,0.03,-0.007235480634702428,0.05489321651909854,INSUFFICIENT_LIQUIDITY,27.4,
CSGP,Real Estate,13839174656.0,False,22071908547.02221,52.464722003855975,0.6270039868331679,5,Narrow,Negative,Medium,0.07732875435576358,0.14210936480938438,0.09137495211465138,0.07288775747814387,SELL,27.4,1.7619
AERT,Industrials,39284084.0,True,105665333.52064684,2.4527305890981568,0.3717783561656383,5,Narrow,Stable,Medium,0.002855771546259933,0.14979177694982582,0.3708859215576161,0.06988568444677301,INSUFFICIENT_LIQUIDITY,27.3,
METCB,Materials,779491392.0,True,914267385.6918633,18.950903442746522,0.8525858017019028,3,None,Negative,High,0.016084796017525105,0.05568692885627766,0.1378377396661408,0.07251608273624595,INSUFFICIENT_LIQUIDITY,27.3,
CMG,Consumer Discretionary,37635416064.0,True,120122612005.90436,89.46907530217453,0.3133083391672345,5,Wide,Positive,Low,-0.024410120434388338,0.11235658175416957,0.49357040068376856,0.065,SELL,27.3,1.72222
PLAG,Consumer Staples,23056998.0,True,-5587300.054070657,-0.6930624974426359,,,None,Negative,Very High,0.4,0.03,-0.21798924889237442,0.09670518963696526,INSUFFICIENT_LIQUIDITY,27.3,
NSTS,Financials,66313180.0,False,269707105.1884476,55.182949099714534,0.24587109024682974,5,Narrow,Stable,Very High,-0.1,0.28,,0.11,INSUFFICIENT_LIQUIDITY,27.2,
EYPT,Health Care,987650432.0,True,397976646.32460093,5.433054106081841,2.481679367674365,1,None,Negative,Very High,0.4,0.03,-3.0846602621835286,0.11,INSUFFICIENT_LIQUIDITY,27.2,1.25
PCOR,Information Technology,7328737280.0,True,21917593057.535915,145.87701108026232,0.33437692089461274,5,Narrow,Positive,High,0.0889885988523359,0.2315524694355745,-0.40339012281771747,0.08983192673155695,SELL,27.2,1.72727
CWD,Real Estate,7439048.0,False,91512308.5729518,32.33650479609604,0.08129013589543246,5,None,Stable,High,-0.09015042267618983,0.03,-0.09188521587653034,0.04730960365063948,INSUFFICIENT_LIQUIDITY,27.2,
STEP,Financials,5660281344.0,False,25864340466.659386,327.23422019538407,0.21884499051102527,5,None,Negative,High,-0.031882963037199785,0.25,-0.0006002966455858267,0.08184764270533197,SELL,27.1,1.5
FGI,Materials,11471750.0,True,25945441.294807896,13.526911445886181,0.44214896442311363,5,None,Negative,High,-0.052221412104235754,0.03,-0.0010464575679454205,0.06632903763565752,INSUFFICIENT_LIQUIDITY,27.1,
NRDY,Consumer Discretionary,157086880.0,True,564703535.9310361,4.6735374983947375,0.278175839187917,5,None,Stable,High,-0.1,0.03,-8.178721418572096,0.08490022071959417,INSUFFICIENT_LIQUIDITY,27.0,3.0
SRTS,Health Care,44447560.0,True,60197492.99088514,3.6870046715366844,0.7383623103163128,4,None,Negative,Very High,-0.07083772646349878,0.03,-0.10019211876962733,0.11,INSUFFICIENT_LIQUIDITY,27.0,
BHFAN,Financials,,False,112557838412.51741,1942.6694467115142,,,None,Stable,Very High,,0.10472746515826027,,0.04345,INSUFFICIENT_LIQUIDITY,27.0,
DPRO,Industrials,228464592.0,True,65835134.42985123,4.189205103842647,3.470253292236139,1,None,Stable,High,0.4,0.03,-2.5504548824588125,0.09,INSUFFICIENT_LIQUIDITY,26.9,1.33333
WRAP,Materials,71902336.0,True,5675409.370778814,0.11262803312511345,12.669101258176399,1,None,Positive,Very High,0.4,0.03,-2.6073613947424947,0.11,INSUFFICIENT_LIQUIDITY,26.9,
ATNM,Health Care,33884996.0,True,48287132.42640308,1.5478683531239126,0.7017396622515507,4,None,Stable,High,-0.1,0.03,,0.08998489349597515,INSUFFICIENT_LIQUIDITY,26.9,1.6
MYND,Unknown,18871984.0,True,-22362469.13202452,-0.04895134522898564,,,None,Negative,Extreme,0.1205454350258115,0.03,-0.2485188760818588,0.06430321378906267,INSUFFICIENT_LIQUIDITY,26.9,
MAYS,Real Estate,86174592.0,False,85056943.91348839,42.19554907454602,1.0131399981599194,3,None,Positive,Medium,0.03310327151700532,0.03,0.0003486643930874077,0.07385827340492304,INSUFFICIENT_LIQUIDITY,26.9,
FLUX,Information Technology,20722678.0,True,-1333405.7388314195,-0.07975982781614234,,,None,Positive,Extreme,0.30990342041796526,0.15656164800291636,-0.4816442342670062,0.09658034274869401,INSUFFICIENT_LIQUIDITY,26.9,
GAMB,Unknown,83533432.0,True,7218815823.863361,203.47112224257,0.011571625324455865,5,Narrow,Positive,Very High,-0.1,0.28,0.11905340818572044,0.07079598569590179,INSUFFICIENT_LIQUIDITY,26.9,1.625
GNLX,Health Care,131382424.0,True,14621672.689442884,0.393303890098257,8.985457874109063,1,None,Stable,High,0.4,0.03,,0.09,INSUFFICIENT_LIQUIDITY,26.8,
MYPS,Information Technology,78520440.0,True,724810711.7766143,5.767158489299042,0.10833233936007267,5,None,Negative,Medium,-0.1,0.03,-0.09653821462365089,0.075,INSUFFICIENT_LIQUIDITY,26.8,3.33333
MI,Unknown,3422181.0,True,5048734.414198592,46.6124134278657,0.6778294755168296,5,None,Stable,High,-0.1,0.03,-0.011095096156739566,0.09,INSUFFICIENT_LIQUIDITY,26.8,
GENI,Unknown,1585319936.0,True,614319685.0481645,2.4113871301502456,2.580610673212769,1,None,Positive,High,0.4,0.25,-0.3336662702284781,0.09,SELL,26.8,1.33333
CD,Financials,423435456.0,False,36673987.13331317,0.5552985948114187,11.545934573755911,1,None,Positive,Very High,0.4,0.25,-0.28346601715066794,0.11,INSUFFICIENT_LIQUIDITY,26.8,
CULP,Consumer Discretionary,40014400.0,True,118383693.04874332,9.451791860179108,0.3380060122260628,5,None,Negative,Medium,-0.08983042720693152,0.03,0.039620113854616015,0.06510578526289788,INSUFFICIENT_LIQUIDITY,26.8,
ACR,Financials,135440816.0,False,-1399702113.0514095,-188.8194952092922,,,None,Stable,Extreme,0.4,0.25,-0.016148848363826473,0.05082905440531333,INSUFFICIENT_LIQUIDITY,26.7,2.66667
MCRB,Health Care,64204484.0,True,47790593.65351009,5.388047775629786,1.3434544141780995,2,None,Stable,Very High,0.4,0.03,,0.11,INSUFFICIENT_LIQUIDITY,26.7,
PCT,Materials,2263507456.0,True,-58038276.04436554,-0.3216343547413412,,,None,Negative,Medium,0.4,0.04,-0.1354298007355264,0.07155329466721773,SELL,26.7,
GXAI,Information Technology,14103509.0,True,57123173.310212605,8.053098622733375,0.2468964551988316,5,Narrow,Stable,High,-0.1,0.28,-10.358310104808385,0.09,INSUFFICIENT_LIQUIDITY,26.7,
SKIL,Information Technology,63133296.0,True,2468405418.6810074,287.2240075504942,0.025576550562644317,5,None,Positive,Very High,-0.1,0.03,-0.18227841484467572,0.05000150413305782,INSUFFICIENT_LIQUIDITY,26.6,
GPRO,Information Technology,155714688.0,True,37438432.560727246,0.23608695073576733,4.159220281122133,1,None,Negative,High,0.11010654445251122,0.03,-0.47549834952461245,0.07645261353252178,INSUFFICIENT_LIQUIDITY,26.6,
LAKE,Health Care,91479480.0,True,468768614.44145584,48.69576008351299,0.1951484744963121,5,None,Negative,Medium,-0.07106585894216605,0.17486710552745627,0.04629119013141118,0.06677217983833536,INSUFFICIENT_LIQUIDITY,26.6,
TTD,Communication Services,9378662400.0,True,71739728855.46283,145.35423665530578,0.13073177930314736,5,Wide,Positive,Medium,-0.012750240968650683,0.2363773988666183,0.32889072786435214,0.075,SELL,26.6,2.5
LUNG,Health Care,64622920.0,True,1007612948.1640506,24.76563394523647,0.0641346661113754,5,Narrow,Negative,High,-0.1,0.16073085134466475,-2.221339222020843,0.07302391309220636,INSUFFICIENT_LIQUIDITY,26.5,1.8
CKX,Energy,21065104.0,True,20707657.775932606,10.122915072253138,1.017261547777887,3,None,Stable,High,0.06326618073761067,0.03,0.006396501408982862,0.09,INSUFFICIENT_LIQUIDITY,26.5,
IHT,Financials,13446052.0,False,10238948.304332282,1.1683649032699073,1.3132258900370397,2,None,Negative,Extreme,0.06663875592196689,0.03,-0.09836209379889216,0.09875513236541517,INSUFFICIENT_LIQUIDITY,26.5,
CCG,Financials,41510780.0,False,118432622.75230588,1.4341386530618834,0.3505012304491229,5,None,Stable,Medium,-0.1,0.03,-0.17738905014122827,0.06751700655482579,INSUFFICIENT_LIQUIDITY,26.5,
MNTS,Industrials,215634528.0,True,12445598.150657361,19.978903405412364,17.32616828775003,1,Narrow,Stable,Very High,0.4,0.05233615323084359,-9.435357287869662,0.10894334479430225,INSUFFICIENT_LIQUIDITY,26.5,
NVNI,Unknown,11925975.0,True,81488534.61213887,8.642842927281283,0.14635157027628592,5,None,Stable,High,-0.1,0.03,,0.08453475726343809,INSUFFICIENT_LIQUIDITY,26.5,
VSTD,Consumer Discretionary,4112022.0,True,424698885.5359801,78.89596731056375,0.009682205769884539,5,Narrow,Stable,High,-0.1,0.24506107278403677,-0.7712973490790959,0.06172228803975379,INSUFFICIENT_LIQUIDITY,26.4,
CELZ,Health Care,7615136.0,True,7215180.821881433,3.028030009220858,1.0554324538763638,3,None,Stable,Very High,0.4,0.03,-12.445840588891569,0.11,INSUFFICIENT_LIQUIDITY,26.4,
ICE,Financials,80020021248.0,False,101211689170.02205,176.0203289913427,0.7906203513072201,5,Narrow,Stable,Low,0.07783861229904754,0.1020667976622455,0.0750431960410085,0.06075244712485956,SELL,26.3,1.5
SCWO,Information Technology,42339120.0,True,2372340.3239262314,0.15575598796033382,17.846984082759512,1,None,Negative,High,0.4,0.03,-1.8790054544263624,0.08910236252128742,INSUFFICIENT_LIQUIDITY,26.3,
BTBD,Consumer Discretionary,7050585.0,True,35731519.415430136,5.805543744192288,0.19732116392887863,5,Narrow,Negative,High,-0.1,0.06588274554932418,-0.11786569223971906,0.07935190495583537,INSUFFICIENT_LIQUIDITY,26.3,
ZSQR,Financials,520486688.0,False,48082534.700251624,11.35418019849679,10.824859613677484,1,Narrow,Positive,Medium,0.4,0.28,-2.695245257517798,0.07499091016805179,INSUFFICIENT_LIQUIDITY,26.3,
WGS,Health Care,1550011904.0,True,286621613.18288237,10.007132011730937,5.4078681882618405,1,None,Positive,Very High,0.4,0.25,-0.664078839184439,0.10799390747985538,SELL,26.3,1.11111
SUI,Financials,15815103488.0,False,40503654836.350266,318.42495940526936,0.3904611460841957,5,Narrow,Negative,Medium,0.056392156359768575,0.15572239487775005,0.03376023471962072,0.06498697313634114,SELL,26.3,1.88889
NRG,Utilities,27259451392.0,True,40910347811.384796,205.57963724313967,0.666321672885266,5,Narrow,Negative,High,-0.019932010219782872,0.032611470039360005,0.1162045065966332,0.05689183584184787,SELL,26.3,1.58824
AIHS,Consumer Discretionary,5241568.0,True,672634.1448758666,0.6393118070086028,7.792598755103819,1,None,Stable,Very High,0.4,0.03,-0.9769158813041747,0.11,INSUFFICIENT_LIQUIDITY,26.2,
HFFG,Industrials,99999032.0,True,293109104.24729764,5.5359324257084355,0.34116658456173476,5,None,Negative,Extreme,-0.009534768769193847,0.08220064981543267,0.01937366615689019,0.07445259194201412,INSUFFICIENT_LIQUIDITY,26.2,
ILAG,Unknown,7269318.0,True,-872515.2465443749,-0.42840769487514274,,,None,Negative,Very High,0.4,0.03,-0.3193729488966037,0.09813623221892168,INSUFFICIENT_LIQUIDITY,26.2,
MLEC,Unknown,5424101.0,True,614867063.4422278,1427.0560163815678,0.008821583269778837,5,None,Stable,High,-0.1,0.03,0.06275689153698502,0.04445121007374785,INSUFFICIENT_LIQUIDITY,26.2,
DRCT,Information Technology,2026592.0,True,-6176710.7151047755,-80.217022274088,,,None,Negative,Extreme,0.12368852604197123,0.03,-0.5197177284107125,0.05653830683050133,INSUFFICIENT_LIQUIDITY,26.2,
VST,Utilities,50159259648.0,True,67450767607.007645,195.13838768236533,0.7436425325838518,4,Narrow,Positive,High,0.07126584450748041,0.09874012214651721,0.059620821898507176,0.058800820984228265,SELL,26.2,1.42105
AIXI,Information Technology,8147204.0,True,17711292.048537828,0.42671093781373864,0.4600005452833465,5,None,Stable,Very High,-0.012777455923485795,0.03,-0.9636541907371095,0.05675386636411253,INSUFFICIENT_LIQUIDITY,26.1,
AHRT,Real Estate,653665216.0,False,9901921.952791452,0.12359481193259089,66.01397376352024,1,None,Stable,High,0.11220348128524227,0.03,0.02315987484984063,0.058494898956137575,INSUFFICIENT_LIQUIDITY,26.0,2.25
BNKK,Materials,12481466.0,True,-324349.233831092,-0.08097113512165721,,,None,Positive,Very High,0.4,0.25,-7.218824236217233,0.09550101585891159,INSUFFICIENT_LIQUIDITY,26.0,
TAOP,Unknown,12004962.0,True,-3829988.2478944147,-2.9984798113961486,,,None,Positive,Extreme,0.27618354465755435,0.030911746029033113,-0.27020488339009174,0.09399554860804481,INSUFFICIENT_LIQUIDITY,26.0,
FSK,Unknown,2996710656.0,True,23689681036.301704,84.58593478177266,0.12649856498312015,5,Narrow,Negative,Medium,-0.1,0.03,3.8175067750677503,0.05234368775580755,SELL,26.0,
ARE,Real Estate,8936538112.0,False,1729057230.869381,10.152590503440146,5.168445527686005,1,None,Negative,High,0.13994724223323252,0.06594924489763701,0.01403877170501106,0.06294636939436908,SELL,26.0,2.8125
ABSI,Industrials,997792384.0,True,152520157.87747422,1.1151018527543906,6.542036134014286,1,None,Negative,Very High,0.4,0.03,-1.3265997519408332,0.10994182420765672,INSUFFICIENT_LIQUIDITY,25.9,1.36364
AON,Financials,70166429696.0,False,170179937847.9757,783.8781107691188,0.4123072941693087,5,Narrow,Negative,Low,-0.025535378467629155,0.1070477949403887,0.15159664446597082,0.06115273316343933,SELL,25.9,2.0
EPOW,Information Technology,23969532.0,True,-16853932.62132272,-0.5803040366419606,,,None,Positive,Extreme,0.36541402761206354,0.25,-0.21801046082738404,0.06431565534275185,INSUFFICIENT_LIQUIDITY,25.8,
LSF,Consumer Staples,36314348.0,True,17976912.802208446,1.7032929133412669,2.0200547446355093,1,None,Positive,High,0.2690077260271099,0.1303235434096132,-0.767551321519895,0.09,INSUFFICIENT_LIQUIDITY,25.8,
RAYA,Unknown,3664982.0,True,5564417.33804241,109.19614855454316,0.6586461398111737,4,None,Negative,Very High,0.007509459091509352,0.03,0.00434019253092351,0.057058299094230894,INSUFFICIENT_LIQUIDITY,25.8,
GPUS,Industrials,80893192.0,True,-73719247.48506755,-0.8127004760836031,,,None,Negative,Extreme,0.4,0.05698454514305821,-0.4662995631094464,0.08491401746017037,INSUFFICIENT_LIQUIDITY,25.8,
BAM,Financials,73739599872.0,False,82201038630.9386,50.4765358495171,0.897064089458428,5,Wide,Stable,Low,0.11933094750522744,0.13270184214163905,0.237611174510766,0.06429936261323263,SELL,25.8,2.27778
BWIN,Financials,1938100224.0,False,29741738200.83407,437.771209479593,0.06516432264021639,5,Narrow,Positive,Very High,-0.08980182674760812,0.20838810826573606,-0.016657458170692332,0.07916659729218592,SELL,25.7,1.9
MRKR,Health Care,23675840.0,True,47848247.58816856,3.1252308959537953,0.4948110159389479,5,Narrow,Positive,Very High,-0.04290669971713876,0.1939946790464054,-17.66600579612182,0.11,INSUFFICIENT_LIQUIDITY,25.7,
SURG,Communication Services,11807291.0,True,-5614109.094140886,-0.27951558481404937,,,None,Stable,Very High,0.19597840444262593,0.03,0.08700754705833287,0.07862445571990366,INSUFFICIENT_LIQUIDITY,25.7,1.0
CATX,Health Care,345559968.0,True,143763488.64457992,1.9476716654868373,2.4036698834869856,1,None,Negative,Very High,0.4,0.03,-1.1762018205488973,0.10968851257984188,INSUFFICIENT_LIQUIDITY,25.7,1.26667
INBS,Health Care,5860023.0,True,6103992.255958945,11.574526861145026,0.9600311983160246,3,None,Negative,Very High,0.24173688649334546,0.25,-3.4085324499121468,0.10783396066710373,INSUFFICIENT_LIQUIDITY,25.6,
DH,Information Technology,94655248.0,True,1383732807.5617318,12.974419542214896,0.06840572651218085,5,None,Negative,High,-0.1,0.050863525309844795,-0.27012308140350444,0.06043022113879208,INSUFFICIENT_LIQUIDITY,25.6,
INVZ,Unknown,154092400.0,True,36758763.021686554,0.18389013860193384,4.1919908977647085,1,None,Positive,Very High,0.4,0.25,-1.1665420379868217,0.11,INSUFFICIENT_LIQUIDITY,25.6,
WVVI,Consumer Staples,13345141.0,True,87346710.35809714,17.574373557749965,0.1527835558464497,5,None,Negative,Medium,-0.1,0.03,0.049650357615422885,0.056447018636483465,INSUFFICIENT_LIQUIDITY,25.6,
CCOI,Communication Services,842807104.0,True,2227170711.698827,46.46829262412617,0.3784205223124226,5,Narrow,Negative,High,0.032181502039598464,0.08781380124880162,0.13683728719746416,0.05578694886730029,INSUFFICIENT_LIQUIDITY,25.6,2.5
BON,Materials,12713311.0,True,53170421.35173883,19.29798338279275,0.2391049511512708,5,None,Negative,High,-0.1,0.03,0.12272743608086506,0.0672306591317901,INSUFFICIENT_LIQUIDITY,25.5,
TAOX,Financials,28468056.0,False,6810337.8866854645,2.063613686044926,4.180123875447708,1,None,Stable,Medium,0.4,0.04,-0.4595178949723573,0.075,INSUFFICIENT_LIQUIDITY,25.5,
GITS,Information Technology,7164706.0,True,-106729.99105379952,-0.03313995976933354,,,None,Stable,Medium,0.4,0.04,-0.12190998814734648,0.07447058908612646,INSUFFICIENT_LIQUIDITY,25.5,
SKYX,Information Technology,143897968.0,True,19402331.35856384,0.1784006377237019,7.4165297633928935,1,None,Stable,Very High,0.4,0.25,-3.1535557442291067,0.10297865819468047,INSUFFICIENT_LIQUIDITY,25.5,
KSCP,Information Technology,39506308.0,True,17640678.265001856,2.08559652624409,2.239500511631594,1,None,Stable,Very High,0.4,0.13404058833646,-2.3275153990214195,0.10330353463805791,INSUFFICIENT_LIQUIDITY,25.5,
HPK,Energy,955267264.0,True,11148113772.52798,88.95008196383931,0.08568868989784095,5,Narrow,Negative,Very High,-0.09010738401973689,0.19383038331844576,0.11169883983371164,0.07304536245307393,INSUFFICIENT_LIQUIDITY,25.5,
WNC,Industrials,298546944.0,True,2348508440.2444525,56.257089068280855,0.1271219378581091,5,Narrow,Positive,High,-0.1,0.03,0.13361198764781385,0.06219478019650376,INSUFFICIENT_LIQUIDITY,25.4,
BRAG,Information Technology,41523776.0,True,349046465.1083232,13.796302968708428,0.11896346232044921,5,None,Positive,Medium,-0.1,0.14113397833330105,-0.038062270081075496,0.07215183851024712,INSUFFICIENT_LIQUIDITY,25.4,
PBHC,Financials,86746312.0,False,819817984.7443504,133.15218202766778,0.10581167236414155,5,Narrow,Stable,Medium,-0.1,0.08317666451173457,0.11851633649998773,0.05909132740966337,INSUFFICIENT_LIQUIDITY,25.4,
SERA,Health Care,89673480.0,True,39198314.99387839,0.8224214436029916,2.2876871113976285,1,None,Stable,Very High,0.4,0.03,-1.4487032005526135,0.10999851575926888,INSUFFICIENT_LIQUIDITY,25.3,1.0
OWLT,Health Care,135435456.0,True,236758766.48639992,13.084986617685214,0.5720398784379533,5,None,Stable,Very High,0.10084961851695554,0.211528577568326,,0.10415927096199402,INSUFFICIENT_LIQUIDITY,25.3,
NDAQ,Financials,49360400384.0,False,42335807129.21269,73.16967917504428,1.1659255776876443,2,Narrow,Negative,Medium,0.13662236877380135,0.11998070350553078,0.08839049693511469,0.07013271449494962,SELL,25.3,1.70588
FWDI,Financials,275568096.0,False,37972230.42076612,5.591409675584192,7.257095328519292,1,None,Positive,Very High,0.4,0.03,0.010906963924969764,0.11,INSUFFICIENT_LIQUIDITY,25.3,
AMPL,Information Technology,1015863424.0,True,3807918649.2204847,28.853114575532558,0.266776556323743,5,Narrow,Stable,Medium,-0.05084525935426415,0.16393992471817453,-1.7997000656106477,0.075,SELL,25.3,
BOC,Real Estate,417452512.0,False,552396506.5960339,17.58459165547384,0.7557117161591355,4,Narrow,Positive,Very High,0.10717835141872001,0.14786554219447606,-0.019481012468351516,0.10131183658799349,INSUFFICIENT_LIQUIDITY,25.3,
ILLR,Financials,43245272.0,False,632104973.2897472,3.499112672693551,0.06841469981628673,5,Narrow,Negative,Extreme,0.005909879632293724,0.28,-0.7190843417032875,0.08695794880532243,INSUFFICIENT_LIQUIDITY,25.3,
WVE,Health Care,1102464640.0,True,711706546.3035816,4.220026157183183,1.5490438379777651,1,None,Stable,Very High,0.3270394741003583,0.03,-182.5151515151515,0.11,SELL,25.3,1.125
CHGG,Consumer Discretionary,130991840.0,True,1078245080.717444,10.031679884610211,0.1214861466493689,5,None,Negative,Very High,-0.1,0.03,-0.031867323686780705,0.09063367640407793,INSUFFICIENT_LIQUIDITY,25.3,
MTEX,Materials,10999119.0,True,752731881.1818557,395.9662710057105,0.0146122666981109,5,Narrow,Negative,Low,-0.1,0.03,0.4370928990923652,0.059876130266146806,INSUFFICIENT_LIQUIDITY,25.3,
RARE,Health Care,2157899008.0,True,7432344594.235667,75.37874842024003,0.2903389341868796,5,Narrow,Positive,Very High,-0.027872653945289094,0.20394125759087092,-1.9830156659794393,0.11,SELL,25.2,
AVAV,Industrials,9408494592.0,True,5028842601.081736,178.4955629591102,1.8709065561081935,1,Narrow,Negative,Medium,0.2898015111127126,0.21323821537581603,0.0897605335363347,0.0748997191775898,SELL,25.2,1.63158
TGEN,Industrials,171729040.0,True,12142175.546845412,0.4458602353333,14.143185406721939,1,None,Negative,High,0.4,0.030917021354446694,-0.2274261114850291,0.08965759157184623,INSUFFICIENT_LIQUIDITY,25.2,
FGNX,Financials,39131764.0,False,21969503.46888089,8.2375341090667,1.7811856355984061,1,None,Negative,High,0.21460647964348623,0.03,-0.08324562233125347,0.08781960383452697,INSUFFICIENT_LIQUIDITY,25.2,
EUDA,Health Care,48088856.0,True,1665545.005329099,0.891754959174253,28.8727448649747,1,None,Stable,Very High,0.4,0.20618506859291097,,0.1094465830480412,INSUFFICIENT_LIQUIDITY,25.2,
XPOF,Communication Services,262222432.0,True,2453431897.6217017,70.49281397602867,0.10687984950965713,5,Narrow,Stable,Very High,-0.0922874072568281,0.11429579465282953,0.18175001952565673,0.0661733454255035,INSUFFICIENT_LIQUIDITY,25.2,2.55556
PROP,Energy,81117704.0,True,14813168342.341326,327.48763622409666,0.0054760536115786,5,Narrow,Stable,Medium,-0.1,0.28,-0.23554919535317867,0.04917391461645187,INSUFFICIENT_LIQUIDITY,25.1,
QTI,Health Care,50851200.0,True,68687441.2189745,6.556647691769235,0.7403274761376998,4,None,Stable,High,0.19268636454454524,0.25,-4.516824040558634,0.08614841661525807,INSUFFICIENT_LIQUIDITY,25.0,1.0
KULR,Information Technology,176239792.0,True,45470108.76978588,1.1445584649054943,3.8759483266754,1,None,Positive,Very High,0.4,0.25,-5.489305369388768,0.11,INSUFFICIENT_LIQUIDITY,25.0,
VVOS,Health Care,12011882.0,True,28547327.577935398,2.7786313251959407,0.4207708048050053,5,None,Positive,Very High,-0.05697408236706565,0.054588936562426985,-5.804534967555876,0.08151281489915999,INSUFFICIENT_LIQUIDITY,25.0,1.66667
EVGO,Consumer Discretionary,666951168.0,True,69660245.1138331,0.5219012325534044,9.574344260634208,1,None,Stable,Very High,0.4,0.25,,0.09121583720739508,INSUFFICIENT_LIQUIDITY,24.9,
SPGI,Financials,125634240512.0,False,256961663417.7823,842.2211190356679,0.48892211717876766,5,Wide,Negative,Medium,0.06296034135608031,0.1427103522881906,0.839394377709978,0.07202335834199361,HOLD,24.9,1.29167
HOLO,Information Technology,39638384.0,True,385406963.4144696,29.249761233554864,0.1028481261698756,5,None,Negative,Very High,-0.1,0.03,-0.5752356858907157,0.10002560345993375,INSUFFICIENT_LIQUIDITY,24.8,
VALU,Financials,304991392.0,False,266073121.257707,28.25426150518647,1.1462690803126951,2,Wide,Positive,Medium,0.057165269394527596,0.03,0.22450632407169993,0.075,INSUFFICIENT_LIQUIDITY,24.8,
DOGZ,Consumer Discretionary,14319118.0,True,9843747.122954743,0.7341553929293846,1.4546409838799181,1,None,Negative,Very High,0.1610485224023031,0.03,-0.027916274259457342,0.09530397237628435,INSUFFICIENT_LIQUIDITY,24.8,
MGPI,Industrials,352839104.0,True,1000526936.6550407,46.83446779174528,0.3526532780612692,5,Narrow,Negative,High,-0.08875434464209397,0.03,0.13642950728558145,0.0705911509220257,INSUFFICIENT_LIQUIDITY,24.8,
OABI,Industrials,359532000.0,True,113269092.81333385,0.9967799781170753,3.174140368480787,1,None,Negative,Very High,0.35038407935050786,0.03,-0.24053198889192481,0.11,INSUFFICIENT_LIQUIDITY,24.7,
DOMO,Information Technology,153963424.0,True,1075708733.711172,26.247041130957744,0.14312742769023495,5,None,Stable,Very High,-0.1,0.03256462819977579,,0.07998412243849176,INSUFFICIENT_LIQUIDITY,24.7,
RUM,Information Technology,1640289152.0,True,271993143.46982723,1.0677316364973473,6.0306268425548035,1,None,Stable,Very High,0.4,0.25,-4.100242996816385,0.11,SELL,24.7,
GWH,Information Technology,26641282.0,True,4764785.135631641,0.32631880419561776,5.591287170700157,1,None,Stable,Very High,0.4,0.03,-11.572219954069915,0.08376667154353795,INSUFFICIENT_LIQUIDITY,24.7,
ULH,Industrials,453822368.0,True,3398823285.943605,129.04147028906203,0.1335233784812695,5,Narrow,Positive,Medium,-0.1,0.03,0.09719136103631115,0.05489172254427354,INSUFFICIENT_LIQUIDITY,24.7,
ATPC,Health Care,2981865.0,True,2970021.2759447503,3.707516812837591,1.0039877573104194,3,None,Stable,High,0.032874005300489784,0.03204026438882002,-49.82215698279263,0.08809488564087009,INSUFFICIENT_LIQUIDITY,24.7,
AZTA,Industrials,1045845760.0,True,683638972.4376503,14.895393333572649,1.5298217365678108,1,None,Negative,High,0.16466171495718684,0.03720776311719418,-0.020620859225105363,0.09,SELL,24.7,
BANL,Industrials,10430298.0,True,247384920.69233355,8.995708330753068,0.04216222221956649,5,None,Stable,Medium,-0.1,0.11146669970991385,-0.20503760463756818,0.07015335423071829,INSUFFICIENT_LIQUIDITY,24.6,
SSTI,Information Technology,98190840.0,True,320295041.90377116,25.1845836749139,0.3065637214250112,5,None,Negative,High,-0.1,0.11795589840782142,-0.07027378684603915,0.08817791888196633,INSUFFICIENT_LIQUIDITY,24.6,
GEG,Information Technology,71493976.0,True,123309989.53812021,3.1767006604869055,0.5797906257862284,5,None,Positive,Very High,-0.1,0.03,-0.2821868156762063,0.07936727094500981,INSUFFICIENT_LIQUIDITY,24.6,
NCTY,Unknown,71631152.0,True,-23473449.00231912,-0.010323526618787165,,,None,Positive,Very High,0.4,0.03,-1.5585527576832248,0.08928048985470943,INSUFFICIENT_LIQUIDITY,24.5,
KRRO,Health Care,154609968.0,True,95918064.83649635,10.209043193308425,1.6118962393950598,1,None,Stable,Very High,0.2939482221382491,0.03,-5.558708738506318,0.11,INSUFFICIENT_LIQUIDITY,24.5,1.36364
RIME,Information Technology,10289114.0,True,-7161358.442565179,-2.893135658108022,,,None,Stable,Very High,0.4,0.03,-2.821683039470334,0.07876207834165691,INSUFFICIENT_LIQUIDITY,24.4,1.0
RNXT,Health Care,39326444.0,True,38579130.061562374,1.0918685476539445,1.019370938049798,3,Narrow,Stable,Medium,0.2828614187642947,0.28,-28.535605095541403,0.075,INSUFFICIENT_LIQUIDITY,24.4,1.0
ARKR,Consumer Discretionary,22538482.0,True,490699325.56246036,136.1163177704467,0.04593134904794385,5,None,Negative,Medium,-0.1,0.03,0.06865654304857763,0.07074134341479463,INSUFFICIENT_LIQUIDITY,24.3,
MCO,Financials,78840209408.0,False,73936519832.82605,410.98676949875517,1.0663229698430683,3,Wide,Negative,Medium,0.09813056408489804,0.09018364271878987,0.2918696114678365,0.072429221967303,SELL,24.3,1.78261
HRTX,Health Care,80898000.0,True,574798380.8663522,3.4479558798751833,0.14074152379842872,5,Narrow,Positive,Extreme,-0.060399492014953815,0.1360812327014002,-2.130127199706929,0.07688118906182291,INSUFFICIENT_LIQUIDITY,24.3,1.66667
BOXL,Consumer Discretionary,2721160.0,True,5267343.860914268,8.346409409917536,0.5166095231017784,5,None,Negative,Very High,0.023788581296981894,0.03,-0.6055023070796186,0.048361380239183176,INSUFFICIENT_LIQUIDITY,24.3,
ACFN,Industrials,39981632.0,True,137364208.1906655,54.12301347149941,0.2910629524723379,5,Wide,Stable,High,-0.010242929387474453,0.16186872523045664,0.5555090626618333,0.09,INSUFFICIENT_LIQUIDITY,24.3,
ARCT,Health Care,207488400.0,True,1184676551.547595,43.25847336403984,0.17514350202082482,5,Narrow,Stable,Very High,-0.1,0.24356493703767887,-24.21880313793317,0.11,INSUFFICIENT_LIQUIDITY,24.2,
CNEY,Materials,7793141.0,True,-1809529.623919615,-3.4848104115448755,,,None,Negative,Very High,0.17369939564272363,0.03,-0.05372964561652103,0.08965139955978775,INSUFFICIENT_LIQUIDITY,24.2,
NTRP,Industrials,35653932.0,True,-669446.1538000468,-0.07496160960392528,,,None,Positive,Very High,0.4,0.25,-2.4027553938837793,0.10407543002060163,INSUFFICIENT_LIQUIDITY,24.2,1.0
LESL,Consumer Discretionary,43334244.0,True,5320749216.557042,574.0989659642903,0.008144387610893788,5,Narrow,Negative,High,-0.1,0.03,0.13418791518943737,0.04598612815790101,INSUFFICIENT_LIQUIDITY,24.2,
GWAV,Industrials,2774701.0,True,-456871.05101045314,-4.239737699109619,,,None,Stable,Very High,0.06883498577160294,0.03,-0.6541252504240455,0.06234068308058643,INSUFFICIENT_LIQUIDITY,24.1,
QTRX,Health Care,155449728.0,True,226088499.98601115,5.30238748530714,0.687561410729065,4,None,Stable,Very High,-0.09303286039372133,0.06138672259485878,-1.4051732523915663,0.11,INSUFFICIENT_LIQUIDITY,24.1,3.0
RPAY,Industrials,305661312.0,True,927337021.7338588,10.838656468558385,0.32961189388136314,5,None,Negative,Extreme,-0.06620882254267701,0.06230302969335452,-0.03344350161760733,0.08166792752775748,INSUFFICIENT_LIQUIDITY,24.1,1.85714
SMPL,Consumer Staples,1105348480.0,True,4019906864.1519604,39.60079097962097,0.2749686789654477,5,Narrow,Stable,Medium,-0.1,0.08980740054547524,0.07759254888630975,0.06919737067170934,SELL,24.0,2.33333
WBUY,Unknown,5070021.0,True,3154860.1221388355,2.188792691771603,1.607050963819842,1,None,Stable,High,0.086098906320113,0.03,-0.9815224254273197,0.08484109852650099,INSUFFICIENT_LIQUIDITY,24.0,
RYAN,Financials,8595092480.0,False,25930105073.03379,187.56439550781977,0.331471563874939,5,Narrow,Negative,Low,0.10383608518542631,0.20773248946556522,0.09518193628613773,0.058954164315774576,SELL,24.0,2.10526
UPXI,Financials,66566052.0,False,-635406.6654987596,-0.080286220469001,,,None,Negative,Very High,0.27987474065621487,0.03,-0.17339074489514364,0.09093122965749485,INSUFFICIENT_LIQUIDITY,24.0,
ADCT,Health Care,131006888.0,True,3113511985.9342327,24.502811543642323,0.04207688571357479,5,Narrow,Stable,Very High,-0.1,0.28,-1.642899956045127,0.07882510238381016,INSUFFICIENT_LIQUIDITY,23.9,1.33333
BMBL,Information Technology,430770112.0,True,3392822201.1130066,30.807022399849405,0.12696513004975238,5,None,Negative,Very High,-0.1,0.03,-0.03843208857422273,0.0715767301489904,INSUFFICIENT_LIQUIDITY,23.9,3.0625
NNOX,Unknown,134309136.0,True,50287400.58203666,0.7761599102027575,2.670830753737091,1,None,Positive,Very High,0.4,0.25,-0.6446726086323896,0.1083998188291113,INSUFFICIENT_LIQUIDITY,23.9,
ATLX,Materials,104102832.0,True,25948527.59475026,1.423131125076152,4.011897461999402,1,None,Stable,Medium,0.4,0.03,-1.8103490531161857,0.07223653996588204,INSUFFICIENT_LIQUIDITY,23.8,
BGLC,Health Care,5318091.0,True,2883869.4662945867,1.553239904719492,1.8440817319076113,1,None,Stable,Medium,0.19642943101201948,0.03,-0.4378267663384413,0.075,INSUFFICIENT_LIQUIDITY,23.8,
CRC,Energy,5180294656.0,True,10894861717.456345,124.65516839194902,0.4754805329653563,5,Narrow,Negative,High,-0.04137581750444669,0.08598002677282529,0.11483452027245891,0.08075956564280148,SELL,23.8,1.27273
UP,Industrials,261074016.0,True,-130827194.37434238,-74.12391828201989,,,None,Stable,Very High,0.22215637412983447,0.03,-2.6170145560832503,0.07257878463284795,INSUFFICIENT_LIQUIDITY,23.8,
SLE,Information Technology,5004031.0,True,21214635.965353616,43.04324071628431,0.2358763548039317,5,None,Negative,Very High,-0.1,0.03,-4.870792812637103,0.11,INSUFFICIENT_LIQUIDITY,23.7,
RTB,Industrials,19345282.0,True,14348915.995042585,24.01600740961112,1.3482051192357396,2,None,Positive,Very High,0.119935992683182,0.03,-0.6235174579944165,0.10663270021488709,INSUFFICIENT_LIQUIDITY,23.7,
TCPC,Unknown,308762208.0,True,700785383.1046009,8.245647178254336,0.44059453214068167,5,Narrow,Positive,High,-0.02454894419552639,0.03,0.07775188256741453,0.054084361642065454,INSUFFICIENT_LIQUIDITY,23.7,
CAN,Financials,266965120.0,False,163135995.97326535,0.023163444983313148,1.6364574746811251,1,None,Negative,Very High,0.26073582515535854,0.17785763519496198,-1.2204973593594317,0.09910761222854642,INSUFFICIENT_LIQUIDITY,23.6,
HUMA,Health Care,299725792.0,True,991077.6977964155,0.006266279496570632,302.4241113148011,1,Narrow,Stable,Very High,0.4,0.1739892192785612,-2.6777005051467317,0.09816282171386426,INSUFFICIENT_LIQUIDITY,23.6,1.6
QBTS,Information Technology,8835118080.0,True,1036839505.3340393,3.2279980343649433,8.521201241414488,1,Narrow,Stable,Very High,0.4,0.28,-21.38368932038835,0.10973023890690847,SELL,23.6,1.33333
RYN,Financials,6341959168.0,False,1441142067.2891417,9.080361616115933,4.400648147014079,1,None,Positive,Medium,0.27780789450170096,0.03,0.05846324553941494,0.07051904903895438,SELL,23.6,
WAI,Unknown,5185897.0,True,15642478.493141301,17.530239907859006,0.3315265545849298,5,None,Stable,High,-0.1,0.21470346326966627,-0.8826771888261082,0.09,INSUFFICIENT_LIQUIDITY,23.6,
PAY,Industrials,2628997120.0,True,2926501560.102412,22.666083636049084,0.8983412672118989,5,None,Positive,Low,0.2281005116692495,0.25,0.0642350607188819,0.065,SELL,23.5,1.57143
MRT,Consumer Discretionary,154698816.0,True,-60900639.85507115,-0.7803022699724615,,,None,Negative,Very High,0.4,0.25,-2.005097080753723,0.08625574600517921,INSUFFICIENT_LIQUIDITY,23.5,1.4
TCRT,Health Care,5568093.0,True,1397830.1245469588,0.717440450875768,3.983383175265762,1,None,Positive,Very High,0.4,0.03,-4.1285081500771605,0.11,INSUFFICIENT_LIQUIDITY,23.5,
NOG,Energy,2282291456.0,True,95092851337.35934,957.4932595095778,0.024000662761737495,5,Wide,Positive,Very High,-0.07855827314304889,0.28,0.10959439289625109,0.0759204451156335,SELL,23.4,2.44444
METC,Materials,1019986624.0,True,869165556.0413294,18.01603424345679,1.1735239816055238,2,None,Negative,High,0.09279545025425262,0.05568692885627766,0.1378377396661408,0.07534023973091665,SELL,23.4,
AGNT,Real Estate,780538624.0,False,29557716287.13619,188.41042244049328,0.0264072709954151,5,None,Negative,Medium,-0.1,0.05906127772390009,-0.08833852291010585,0.075,INSUFFICIENT_LIQUIDITY,23.4,
GPMT,Financials,73317024.0,False,11384819771.539642,237.8266948457563,0.0064398932500698575,5,Narrow,Positive,Extreme,-0.07070526190076185,0.28,-0.017112070462147428,0.05177605403034702,INSUFFICIENT_LIQUIDITY,23.4,
ICU,Health Care,11751186.0,True,63545006.77903679,30.6523589116312,0.18492697688839752,5,Narrow,Stable,Medium,-0.1,0.28,,0.07365074136217876,INSUFFICIENT_LIQUIDITY,23.4,
TRON,Financials,830168640.0,False,10581400.10847074,0.1030968094119837,78.45546255598295,1,None,Stable,High,0.4,0.03,-0.7715285458541002,0.09,INSUFFICIENT_LIQUIDITY,23.4,
JZ,Unknown,17339850.0,True,782774.7813489592,0.0037597177526655277,22.151773936965828,1,None,Stable,Very High,0.4,0.03,-0.6609796234689554,0.10636951614163445,INSUFFICIENT_LIQUIDITY,23.4,
NCPL,Financials,7314241.0,False,949375.5558813363,0.6841527830770058,7.704265140058247,1,None,Stable,High,0.2226127798746974,0.03,-0.07882419639184451,0.07716536175958666,INSUFFICIENT_LIQUIDITY,23.3,
LEDS,Information Technology,15194082.0,True,14045072.287578335,1.8190742504310757,1.0818087432300272,3,None,Negative,Very High,0.2625720407345168,0.25,-0.5064220984449398,0.10327494683791026,INSUFFICIENT_LIQUIDITY,23.2,
CRGO,Industrials,84760936.0,True,316875445.39524674,6.265646826015066,0.26748975735332076,5,Narrow,Stable,High,0.0017932254389253497,0.20523487134817553,-0.64770921386306,0.09,INSUFFICIENT_LIQUIDITY,23.2,1.0
EXFY,Information Technology,110903832.0,True,319339227.12027293,3.460397437157105,0.3472916027263704,5,None,Negative,High,-0.1,0.03,-0.2520227005741326,0.09,INSUFFICIENT_LIQUIDITY,23.2,
CISO,Industrials,15814355.0,True,513002.12384711206,0.016769277237242353,30.827075103324695,1,None,Negative,High,0.29819884759041015,0.03,-0.7108279545302677,0.08417885806388076,INSUFFICIENT_LIQUIDITY,23.2,
ZG,Industrials,8097295872.0,True,11940099256.65752,46.98662134629922,0.6781598459062338,5,None,Negative,High,-0.007724115829250089,0.09044433921564661,-0.043029506981487116,0.08799744622380225,SELL,23.2,2.08
CWH,Consumer Discretionary,407161792.0,True,7120389508.7593975,113.51937868693638,0.05718251670068268,5,Narrow,Negative,Medium,-0.1,0.03,0.10593182152973196,0.04700197393672968,INSUFFICIENT_LIQUIDITY,23.1,1.5
DSS,Materials,4809361.0,True,-23715896.060371645,-2.6376126209551485,,,None,Negative,Extreme,0.3339098786840101,0.03,-0.18421895680051395,0.0542206429058419,INSUFFICIENT_LIQUIDITY,23.1,
HIND,Health Care,15160021.0,True,5344040.295758609,2.4725565392976256,2.836808886346163,1,None,Positive,Very High,0.4,0.03,-6.994555353901997,0.11,INSUFFICIENT_LIQUIDITY,23.1,1.5
GDHG,Unknown,34054564.0,True,103513596.03871076,130.40179394021297,0.32898638732698154,5,None,Stable,High,-0.1,0.03,-0.00019520171655482675,0.08973481607242066,INSUFFICIENT_LIQUIDITY,23.1,
OPFI,Financials,1196901760.0,False,2878791993.5114384,108.60719276454962,0.4157652802625958,5,Narrow,Positive,High,-0.05189985289777424,0.08586315223784671,0.2301518371425051,0.08014725160486241,SELL,23.0,
PHR,Industrials,589685440.0,True,4078599670.0575757,66.32421760488046,0.14458036770048474,5,Narrow,Positive,High,-0.07516370644307918,0.19971806975030765,-0.4595596133190118,0.08324546854109083,INSUFFICIENT_LIQUIDITY,23.0,1.95
TRAW,Health Care,20756416.0,True,47099016.42772582,5.62283664634673,0.4406974407172822,5,Narrow,Stable,Very High,0.16283103876051885,0.28,,0.11,INSUFFICIENT_LIQUIDITY,23.0,
Z,Industrials,8021791744.0,True,11943216523.13378,46.99888839839043,0.6716609155047926,5,None,Negative,High,-0.009576381383043009,0.09044433921564661,-0.043029506981487116,0.08797941559756434,SELL,22.9,2.57143
ACRE,Financials,276850752.0,False,-419033744.5531312,-7.634616362783262,,,None,Positive,Extreme,0.4,0.25,-0.011201440265006482,0.06415071920020253,INSUFFICIENT_LIQUIDITY,22.9,3.375
KROS,Health Care,203855920.0,True,4825078363.147682,127.44829112308364,0.042249245433397024,5,Narrow,Negative,Very High,-0.1,0.28,-11.216824888286016,0.11,INSUFFICIENT_LIQUIDITY,22.9,2.14286
IMDX,Health Care,169200480.0,True,12667782.816929365,0.41566422158187966,13.356755672656355,1,None,Negative,Very High,0.4,0.25,-1.356093135813769,0.11,INSUFFICIENT_LIQUIDITY,22.9,
VIRC,Consumer Discretionary,91703232.0,True,210553706.94322056,13.350688411845828,0.43553368559181604,5,None,Positive,Medium,-0.1,0.03,0.05404347946032095,0.0737199275690441,INSUFFICIENT_LIQUIDITY,22.9,3.0
BGI,Consumer Discretionary,12025259.0,True,-31882099.456323013,-1.647057883779667,,,None,Stable,High,0.13112405865596333,0.051346399157162284,-0.04593494644745834,0.04845294497839154,INSUFFICIENT_LIQUIDITY,22.8,
HIMS,Health Care,6061877248.0,True,59781142604.280594,231.5029856025538,0.10140116069922596,5,Narrow,Positive,High,-0.028445909938161575,0.28,-0.3795457166919988,0.08356402386084982,SELL,22.8,2.6875
CLPR,Financials,134645632.0,False,135634586.81934285,8.399986797506834,0.9927086826263564,3,None,Positive,High,0.05517378017369279,0.05535003429994752,0.022702635310985396,0.04788839560259486,INSUFFICIENT_LIQUIDITY,22.8,4.0
DFDV,Financials,86138064.0,False,452091986.7801397,24.49964703734567,0.1905321627430005,5,Narrow,Stable,Very High,0.17940222778594211,0.28,-3.6331406096149355,0.06384109318624691,INSUFFICIENT_LIQUIDITY,22.8,1.0
VSME,Unknown,2005305.0,True,463261.68105875386,0.27975330460411535,4.328665810254386,1,None,Stable,Medium,0.12076895557559145,0.03,-1.1067842339890077,0.061891674361947535,INSUFFICIENT_LIQUIDITY,22.8,
OLB,Industrials,6687208.0,True,25398448.2938518,6.611474392599225,0.2632919902283468,5,None,Negative,Very High,-0.1,0.03,-0.3473175567914119,0.09328071630654476,INSUFFICIENT_LIQUIDITY,22.7,1.0
MSN,Information Technology,8206634.0,True,17789793.466664888,0.8454159421856564,0.4613113702178649,5,None,Positive,Very High,-0.1,0.14859028895521742,-1.3755607049667513,0.10995137978874987,INSUFFICIENT_LIQUIDITY,22.7,
UK,Unknown,1884703.0,True,5280024.818903291,19.57036148994722,0.3569496478979563,5,None,Positive,High,-0.1,0.03,-0.7026775253141422,0.09,INSUFFICIENT_LIQUIDITY,22.6,
GO,Consumer Discretionary,846778112.0,True,2604660533.0290165,26.582237414186014,0.325101141305068,5,None,Negative,Medium,-0.08691588433153088,0.1012226989312905,0.05636100681404473,0.06339191700581802,INSUFFICIENT_LIQUIDITY,22.6,3.15385
SLDP,Information Technology,661452096.0,True,258147546.51732805,1.3961263397657901,2.5623024697451475,1,None,Negative,Very High,0.4,0.25,-0.30414179620778864,0.11,INSUFFICIENT_LIQUIDITY,22.6,
HLI,Financials,9616519168.0,False,30911215180.64641,451.68791051638937,0.3111012980822872,5,Wide,Negative,Low,-0.06025842930220554,0.08947685236761882,0.34705973228862286,0.065,SELL,22.5,2.6
FTFT,Industrials,6282450.0,True,31134826.012821767,15.618908547893287,0.2017820814997584,5,None,Negative,Very High,-0.1,0.03,-1.1363985697809948,0.0956046011884996,INSUFFICIENT_LIQUIDITY,22.5,
LMNR,Materials,214204336.0,True,-61978044.43258022,-3.4752744439037917,,,None,Negative,High,0.4,0.03,-0.017387695845645038,0.07823103198414026,INSUFFICIENT_LIQUIDITY,22.5,1.66667
LENZ,Health Care,219794304.0,True,396010685.774274,13.744088839888393,0.555021144367005,5,None,Stable,Medium,-0.1,0.04,-4.862005103929268,0.075,INSUFFICIENT_LIQUIDITY,22.5,
SILO,Health Care,6398190.0,True,7078884.646532098,0.8445066739103787,0.9038415399429391,3,None,Stable,High,-0.1,0.03,,0.09,INSUFFICIENT_LIQUIDITY,22.5,
REXR,Financials,7882587136.0,False,7220479764.119228,31.04902046298611,1.0916985288388987,3,Narrow,Positive,High,0.18151920261706844,0.17331822441811892,0.017055748167909866,0.07640474053778054,SELL,22.5,2.41176
EPM,Energy,157614192.0,True,406516933.9616591,12.199289798687365,0.38771863809950285,5,Narrow,Negative,High,-0.05793330461132054,0.090623920511302,0.13868936563344514,0.08105331610116807,INSUFFICIENT_LIQUIDITY,22.4,
OSRH,Health Care,13620739.0,True,-2312213.456195492,-0.1024897186724344,,,None,Stable,Medium,0.4,0.03,-0.1011958115383508,0.06737195260636333,INSUFFICIENT_LIQUIDITY,22.4,
CPOP,Communication Services,21885918.0,True,127915975.88419744,9.048758645150343,0.17109604839205825,5,None,Negative,Very High,0.02005465959649466,0.25,-0.24725494929919928,0.09245311555521762,INSUFFICIENT_LIQUIDITY,22.4,
MSEX,Utilities,993980352.0,True,1645301593.3878524,90.71520060582525,0.6041326137375749,5,Narrow,Stable,Low,0.00802873548374794,0.080796999913655,0.04794612686912135,0.05865295995054352,INSUFFICIENT_LIQUIDITY,22.4,
URG,Materials,643677568.0,True,63912754.41738833,0.17349173890770125,10.07119117095787,1,None,Negative,Very High,0.4,0.25,-0.3153171238511869,0.10362287401243381,INSUFFICIENT_LIQUIDITY,22.4,
SLAI,Unknown,15639003.0,True,1225445.0693714786,0.000709531252680535,12.76189638432437,1,None,Positive,Very High,0.3840757289899873,0.03,-0.8806764033048815,0.11,INSUFFICIENT_LIQUIDITY,22.3,
AMBO,Consumer Discretionary,,True,2236804.352851441,0.03880557196915361,,,None,Positive,Very High,,0.03,-0.24149009890005152,0.04345,INSUFFICIENT_LIQUIDITY,22.2,
GDTC,Unknown,15264357.0,True,9746416.705630945,0.8368016163189897,1.566150664498173,1,Narrow,Stable,Medium,0.3425678432286271,0.28,-0.6282106056357865,0.07435560528284846,INSUFFICIENT_LIQUIDITY,22.2,
GETY,Industrials,317571104.0,True,6875915714.951872,16.594670308084293,0.04618600884089267,5,Narrow,Negative,Medium,-0.1,0.03,0.061429431802881074,0.04783497228372249,INSUFFICIENT_LIQUIDITY,22.2,
SKYA,Health Care,51209824.0,True,43788020.975754656,1.7303658020224522,1.169493913149324,2,None,Positive,Medium,0.08193860079302617,0.04,-1.1840349348938404,0.07320738535333662,INSUFFICIENT_LIQUIDITY,22.2,
INTA,Information Technology,1876449792.0,True,6598926271.416071,83.83847378244278,0.28435683546398083,5,Narrow,Positive,High,0.033859308482515504,0.2222402531194957,-0.28565385620264505,0.09,SELL,22.1,
PRZO,Unknown,17346216.0,True,4580458.629016343,0.26213745907538855,3.7870041855885326,1,None,Stable,High,0.4,0.25,,0.09,INSUFFICIENT_LIQUIDITY,22.1,
BNZI,Information Technology,4383710.0,True,382140287.0651406,2020.3039338912713,0.011471467804839802,5,Narrow,Stable,Extreme,-0.1,0.28,-1.0053893063269084,0.07028806563722315,INSUFFICIENT_LIQUIDITY,22.1,
MRDN,Information Technology,154992112.0,True,889891821.5103557,76.78712448778106,0.17416961056787997,5,None,Positive,Very High,-0.09743650639579665,0.25,0.01232163926637498,0.10336218732337704,INSUFFICIENT_LIQUIDITY,22.1,1.5
AKA,Consumer Discretionary,94693304.0,True,1370873413.4180424,127.81313108134975,0.06907516264678164,5,None,Positive,Very High,-0.1,0.03,-0.09571613423274362,0.07407664361765887,INSUFFICIENT_LIQUIDITY,22.0,
CNXC,Industrials,1697154176.0,True,31689449351.964226,502.9113399346827,0.05355581149897148,5,None,Negative,High,-0.1,0.16102460014404157,0.059787066381635626,0.05591948620069272,SELL,22.0,1.75
NHTC,Industrials,20501060.0,True,156299481.79240933,13.595988325714103,0.1311652461345245,5,None,Stable,High,-0.1,0.03,,0.09,INSUFFICIENT_LIQUIDITY,22.0,
LPSN,Information Technology,25569656.0,True,1420739313.0604706,164.4235282274149,0.01799742976416933,5,None,Positive,Very High,-0.1,0.03,-0.3090245300507372,0.047527262969513796,INSUFFICIENT_LIQUIDITY,22.0,
EEIQ,Consumer Discretionary,5763180.0,True,79261053.19305812,81.88935869549394,0.0727113729609734,5,Narrow,Positive,High,-0.1,0.18283567347584295,-0.9366150259059279,0.0869086292931178,INSUFFICIENT_LIQUIDITY,22.0,
GSUN,Unknown,4131894.0,True,14627462.38344207,5.13463191621764,0.28247510687002025,5,None,Stable,Extreme,0.12288482555372574,0.25,-0.17679383020739012,0.09103350757877085,INSUFFICIENT_LIQUIDITY,22.0,
ENTX,Health Care,58162472.0,True,6714670.692399164,0.14536729996731107,8.661999175304075,1,None,Stable,Very High,0.4,0.03,-1.426230817413091,0.10955334404955355,INSUFFICIENT_LIQUIDITY,21.9,
NYC,Financials,24119418.0,False,-270792932.2691386,-106.33667362865643,,,None,Negative,Very High,0.2922921055391027,0.03,-0.056670717488070003,0.047749489118895004,INSUFFICIENT_LIQUIDITY,21.9,
SYM,Industrials,26571960320.0,True,2092148503.6566057,19.25228160986316,12.70080028906083,1,None,Stable,Very High,0.4,0.25,,0.11,SELL,21.9,2.3
ATXG,Information Technology,3905115.0,True,14781178.977724949,36.99525151441911,0.2641950960667589,5,None,Stable,High,-0.1,0.03,-0.10419736701754799,0.06786302283877327,INSUFFICIENT_LIQUIDITY,21.9,
BRN,Energy,15403250.0,True,2739339.632095825,0.272395500661397,5.622979282862863,1,None,Negative,Very High,0.4,0.03,-0.33079326592483127,0.11,INSUFFICIENT_LIQUIDITY,21.8,
ERIE,Financials,11881304064.0,False,61159817395.19551,1169.2825087355284,0.1942665065074794,5,Wide,Positive,Low,-0.07843203577463426,0.11689839618589212,0.3064423306902392,0.0648882446645259,SELL,21.8,
NAVI,Financials,734057344.0,False,-33254188348.58174,-335.9008924099166,,,None,Negative,High,0.2820262697059427,0.03,0.004788956368580557,0.04418579515869429,INSUFFICIENT_LIQUIDITY,21.8,
JOBY,Industrials,9393789952.0,True,2973735263.119289,3.5991138482348517,3.158919379442815,1,Narrow,Negative,High,0.4,0.28,-5.644489700367096,0.09,SELL,21.8,3.0
MTEK,Unknown,11541365.0,True,-1386888.0743812674,-0.1726380658172903,,,None,Positive,Very High,0.4,0.03,-1.7064677585856827,0.09299968805890965,INSUFFICIENT_LIQUIDITY,21.7,
KRUS,Consumer Discretionary,553700480.0,True,189591350.55787417,15.91065378968397,2.920494412697265,1,None,Positive,Very High,0.4,0.25,-0.028237094325298917,0.11,INSUFFICIENT_LIQUIDITY,21.7,1.72727
SG,Consumer Discretionary,881701248.0,True,255640693.9876653,2.167251656474804,3.448986287146217,1,None,Positive,High,0.38816737690484315,0.14489666359559455,-0.5398172758212161,0.09,INSUFFICIENT_LIQUIDITY,21.7,2.8
HNST,Consumer Discretionary,357755488.0,True,159795907.0285922,1.4368930963232758,2.238827606116263,1,None,Positive,Medium,0.23667938157044388,0.03875246660808704,-0.2982973415199183,0.075,INSUFFICIENT_LIQUIDITY,21.7,
IMA,Health Care,63727084.0,True,138699431.43770254,28.475078648141135,0.4594617536599153,5,None,Stable,High,-0.1,0.03,,0.09,INSUFFICIENT_LIQUIDITY,21.6,
EVH,Industrials,474670080.0,True,-152866344.20824528,-1.338490685488278,,,None,Positive,Extreme,0.21785231711659203,0.11034695241455354,-0.06876518365948842,0.07351907897517358,INSUFFICIENT_LIQUIDITY,21.6,
SOS,Unknown,16332023.0,True,12223741.262838088,0.7559368808309352,1.336090371092169,2,None,Positive,Very High,0.04817984540069155,0.03,-0.07617345723135573,0.09706557308069351,INSUFFICIENT_LIQUIDITY,21.6,
AHG,Industrials,1147983616.0,True,179882192.03424037,0.210317602465887,6.381863613166792,1,None,Negative,Very High,0.4,0.23381159369722607,-3.0368112693344456,0.11,SELL,21.5,
ALIT,Industrials,397371328.0,True,-1018478953.9310504,-1.9305180792698673,,,None,Negative,Very High,0.1979270276055276,0.03,-0.011416536784271831,0.05445789939098042,INSUFFICIENT_LIQUIDITY,21.5,2.5
GTLB,Information Technology,5256167936.0,True,25916841876.110703,155.38420233650717,0.20280896727795233,5,Narrow,Stable,High,0.04200675976482626,0.28,,0.09,SELL,21.5,2.51852
SVC,Financials,1016115008.0,False,981569084.0322952,5.914812709970384,1.0351945925454271,3,None,Positive,High,0.03144824058901097,0.03,0.02592659076781681,0.050898206171159595,SELL,21.5,
ACDC,Energy,1253780736.0,True,639117839.3401515,3.7974916181827187,1.9617364104473265,1,None,Stable,Very High,0.1018757315814155,0.03,-0.01493500439002028,0.08076322188655148,SELL,21.5,
PI,Information Technology,3683429120.0,True,632121013.495148,21.586620684190414,5.827094877978255,1,None,Positive,High,0.4,0.13762709327626557,-0.22381805147302353,0.08670176489400772,SELL,21.5,1.75
ICMB,Unknown,17318968.0,True,74743235.7621913,5.182657236094369,0.23171284763618386,5,Narrow,Positive,Medium,-0.0349920101102634,0.03,0.07030240062089532,0.04726870575937447,INSUFFICIENT_LIQUIDITY,21.4,
LODE,Materials,298338432.0,True,5142795.406525633,0.1401014231505259,58.01094704670573,1,None,Negative,Very High,0.4,0.13685564055249494,-0.3047961990864515,0.10742668030236101,INSUFFICIENT_LIQUIDITY,21.4,
VNRX,Health Care,15442672.0,True,24666397.63840182,4.617785928167651,0.6260610984377433,4,Narrow,Negative,Extreme,0.241483008945856,0.28,-13.187802169566012,0.09704171330589995,INSUFFICIENT_LIQUIDITY,21.4,1.5
BNC,Materials,92655016.0,True,9527363.677770888,12.787755359821766,9.725147389532466,1,None,Stable,High,0.4,0.03,,0.09,INSUFFICIENT_LIQUIDITY,21.4,
BUR,Financials,974858368.0,False,1304622865.9750586,5.809203686904436,0.7472338508120531,4,Narrow,Positive,Very High,-0.015954775606019822,0.03,0.06398251970585624,0.06435988124021652,INSUFFICIENT_LIQUIDITY,21.3,
KUST,Information Technology,1178496.0,True,402538.5977713519,5.198822631518917,2.927659624504887,1,None,Negative,Very High,0.05887758647360053,0.03,-0.8972729735615014,0.07580552079169198,INSUFFICIENT_LIQUIDITY,21.3,
ABR,Financials,1094790016.0,False,-9145890400.05671,-43.60723379755366,,,None,Negative,Extreme,0.4,0.03,-0.006345870069454685,0.05172630452482228,SELL,21.3,
DYAI,Health Care,25893344.0,True,2414768.246911877,0.07401742089519764,10.722910587015408,1,None,Stable,Very High,0.4,0.051895009335365665,-5.153943427027051,0.0991820876855648,INSUFFICIENT_LIQUIDITY,21.3,
GSHD,Financials,1365492224.0,False,16115010317.7691,422.93284827360316,0.08473418242210803,5,Wide,Positive,Medium,-0.025927300615340397,0.22087932793873583,0.6273870667398994,0.06943472679244149,SELL,21.3,2.38462
DXLG,Consumer Discretionary,40294084.0,True,487970366.7141859,9.019118119070418,0.08257485853357374,5,None,Negative,High,-0.1,0.03,-0.016960364765364437,0.09,INSUFFICIENT_LIQUIDITY,21.3,2.0
MYSE,Communication Services,7814466.0,True,3732350.3137001656,0.8893394161982702,2.093711828526867,1,None,Stable,Very High,0.4,0.03,-2.1574180412670474,0.11,INSUFFICIENT_LIQUIDITY,21.3,
NTRB,Health Care,43518420.0,True,4447217.170424474,0.3820306743903313,9.785539660489817,1,None,Negative,Very High,0.4,0.051667718241491564,-0.6815917293726718,0.10974903563277669,INSUFFICIENT_LIQUIDITY,21.3,
ASAN,Information Technology,1807197056.0,True,5439397827.356857,22.968199150238185,0.33224211821957567,5,Narrow,Stable,Very High,-0.054808639946034854,0.16174582609817797,,0.11,SELL,21.2,2.66667
CNVS,Communication Services,54514856.0,True,640778988.8040297,35.96158924928898,0.08507591065329445,5,Narrow,Positive,Very High,-0.1,0.182396568342217,-0.22177452709119214,0.11,INSUFFICIENT_LIQUIDITY,21.2,
AZ,Industrials,285896512.0,True,13420262.408113495,0.3631160333296525,21.30334737919546,1,None,Stable,Very High,0.4,0.03,-3.4996558781296154,0.10999115566714102,INSUFFICIENT_LIQUIDITY,21.2,
BFRG,Health Care,12441449.0,True,2911089.6180509576,0.28161643223869637,4.273811744871613,1,None,Stable,Medium,0.4,0.25,,0.075,INSUFFICIENT_LIQUIDITY,21.1,
CG,Financials,15651688448.0,False,35170650420.92139,94.82156807822435,0.44502129646967054,5,Narrow,Positive,High,-0.1,0.03,0.20470407581015332,0.08251902618304709,SELL,21.1,
SCKT,Information Technology,7211662.0,True,13338143.292062197,1.6829768171187611,0.5406796015073408,5,None,Negative,Very High,-0.07776287221981742,0.03,-0.025896096183660317,0.10635322977690104,INSUFFICIENT_LIQUIDITY,21.1,
ABTS,Financials,5893279.0,False,27619851.09388924,11.65397019567098,0.21337113585322187,5,None,Positive,Very High,0.013975465665881592,0.25,-0.5577504943822218,0.09393707924239077,INSUFFICIENT_LIQUIDITY,20.9,
LEU,Materials,3182664704.0,True,3554755624.595961,178.4068067551298,0.8953258789376686,4,Narrow,Stable,Medium,0.11763984477597211,0.1379804573069799,1.7461035682233201,0.06629002310359737,SELL,20.9,1.75
TW,Financials,22354206720.0,False,48430460821.78421,225.36462291075168,0.4615732813747044,5,Narrow,Positive,Low,0.10420769034366295,0.20042120707854627,0.07957655369766878,0.065,SELL,20.8,2.33333
IMCC,Unknown,1703945.0,True,5000962.075008443,1.1825241596432592,0.34072343969877505,5,None,Negative,Extreme,0.05324952944806005,0.077975818916229,-0.5242622950819672,0.05519526717837762,INSUFFICIENT_LIQUIDITY,20.8,
HY,Industrials,617919488.0,True,2750273384.5316358,155.646484693358,0.22467566005451128,5,None,Positive,Medium,-0.1,0.03,0.0515272080754519,0.060978338656838924,INSUFFICIENT_LIQUIDITY,20.8,
UPLD,Information Technology,20771528.0,True,1030179668.5922992,36.00056977887516,0.02016301489271623,5,None,Negative,Extreme,-0.1,0.03,-0.048612438194934535,0.05096106705015305,INSUFFICIENT_LIQUIDITY,20.7,
EU,Materials,268041552.0,True,15364517.75096025,0.08222426585452541,17.445490730306062,1,None,Stable,High,0.4,0.25,-0.23960125577411354,0.07645641495464331,INSUFFICIENT_LIQUIDITY,20.7,1.16667
RPID,Health Care,99145400.0,True,26129886.26914696,0.5848315056649327,3.7943295649574487,1,None,Negative,Very High,0.4,0.1464262519081056,-2.027579203899269,0.09934387288495977,INSUFFICIENT_LIQUIDITY,20.7,1.0
FEMY,Health Care,925185.0,True,87351299.92506737,2.2086732517711822,0.01059154243604448,5,Narrow,Positive,Very High,-0.1,0.28,-4.803705431531773,0.058263487704199216,INSUFFICIENT_LIQUIDITY,20.7,
FLL,Consumer Discretionary,88849704.0,True,809061583.7946041,22.454313426826758,0.10981822123265739,5,None,Negative,High,-0.025127837430488797,0.13091953595570524,0.04636174673745887,0.05057971677620994,INSUFFICIENT_LIQUIDITY,20.7,2.25
RXST,Health Care,206983040.0,True,1508601975.1846066,36.92961283233105,0.13720188850652382,5,Narrow,Positive,Very High,-0.1,0.28,-1.509493670886076,0.11,INSUFFICIENT_LIQUIDITY,20.7,3.11111
DCGO,Health Care,55236888.0,True,212677194.18992966,2.146765823932837,0.2597217262076118,5,None,Negative,High,-0.1,0.03,0.05177281742550566,0.07906322467507473,INSUFFICIENT_LIQUIDITY,20.6,
NXXT,Consumer Discretionary,92238040.0,True,12460154.748655837,0.10204066552270485,7.40264000412598,1,None,Stable,Very High,0.4,0.25,-1.2780076382589627,0.10121372089870197,INSUFFICIENT_LIQUIDITY,20.6,
NVVE,Information Technology,1787455.0,True,4974372.508121248,12.208996546986018,0.35933275947504323,5,None,Stable,Very High,-0.1,0.03,-8.440959905872491,0.09293970194713504,INSUFFICIENT_LIQUIDITY,20.5,
LPCN,Health Care,16900718.0,True,21350896.392179456,3.7403654844418637,0.7915694821220951,4,None,Negative,Very High,-0.1,0.03,-3.2591534678129195,0.11,INSUFFICIENT_LIQUIDITY,20.5,
REKR,Information Technology,103027200.0,True,150766265.86583316,1.2598735718593141,0.6833571118069864,4,None,Positive,Very High,0.18350199564699732,0.25,-0.9453130995162404,0.10083718483526564,INSUFFICIENT_LIQUIDITY,20.5,
HLNE,Financials,4468250624.0,False,24707830131.42156,453.6094266999002,0.18084350589401274,5,Wide,Negative,Low,-0.02333556348128024,0.1873312161685457,0.32401536294630673,0.06373596643304821,SELL,20.4,1.57143
HAIN,Consumer Staples,65839912.0,True,1114164489.174179,12.3621610524502,0.05909352940228841,5,None,Negative,Medium,-0.09952803067441376,0.03,0.030346389261963987,0.04614541271816832,INSUFFICIENT_LIQUIDITY,20.4,3.0
RPC,Financials,883476096.0,False,3296370713.810709,27.92138434012408,0.2680147873837508,5,Narrow,Stable,Medium,-0.016928558146942108,0.15493999979276615,0.0620456231099535,0.06563040288655927,INSUFFICIENT_LIQUIDITY,20.4,
HSDT,Financials,74151080.0,False,16068826.241651125,0.7288163154683094,4.614592185196268,1,None,Positive,Very High,0.4,0.25,-21.046185185185184,0.10900454029300818,INSUFFICIENT_LIQUIDITY,20.3,
MSAI,Health Care,9511534.0,True,31851066.3493818,34.11221042039782,0.2986252923423586,5,None,Negative,Very High,-0.1,0.03,-1.904386302708196,0.11,INSUFFICIENT_LIQUIDITY,20.3,
MDBH,Financials,31315896.0,False,193916547.20888302,31.556801824065584,0.16149161301983758,5,Narrow,Stable,Medium,-0.0340210181478417,0.28,-0.5770068039373133,0.075,INSUFFICIENT_LIQUIDITY,20.3,
NXPL,Communication Services,17111534.0,True,28366739.57799529,10.6903107510817,0.6032252650309449,4,None,Positive,Very High,0.09281863299447513,0.25,-1.4205794205794207,0.10532792995084532,INSUFFICIENT_LIQUIDITY,20.2,
BGDE,Financials,39010652.0,False,24351533.30048172,20.699517438761102,1.601979288886433,1,None,Negative,Very High,0.09034823153275118,0.03,-1.1705585883780762,0.0837807354524398,INSUFFICIENT_LIQUIDITY,20.1,
ZTEK,Unknown,55707560.0,True,4636735.414289492,0.04502652720001651,12.014392675570926,1,Narrow,Positive,Very High,0.4,0.28,-0.5626500321380683,0.10971340145048411,INSUFFICIENT_LIQUIDITY,20.1,
BQ,Consumer Discretionary,3166899.0,True,10116898.17476393,0.05245209655200352,0.31303062908151663,5,None,Positive,High,-0.0664293411758419,0.03,-0.7146075641473095,0.07683564731657047,INSUFFICIENT_LIQUIDITY,20.1,
EQH,Financials,11485990912.0,False,189139955251.79254,634.4849220120515,0.06072746975491919,5,None,Stable,High,-0.1,0.08993985210837133,,0.0730750635076561,SELL,20.1,1.16667
TGL,Industrials,7356432.0,True,276509.0165282077,4.699648965995497,26.604673121932514,1,None,Stable,High,0.4,0.03,-2.088861842544387,0.08974519002633798,INSUFFICIENT_LIQUIDITY,20.1,
HSCS,Health Care,6177999.0,True,-1622731.5475104495,-1.7295171232513582,,,None,Stable,High,0.4,0.03,-2.8902943550909903,0.07573835836833374,INSUFFICIENT_LIQUIDITY,20.0,
SES,Information Technology,435754336.0,True,374831805.4866048,1.132705836984609,1.1625329804505407,2,None,Positive,Medium,0.3039492450264717,0.25,-6.196073310109166,0.075,INSUFFICIENT_LIQUIDITY,20.0,2.0
ASBP,Health Care,6916550.0,True,-285915.9602797746,-5.73761288519076,,,None,Stable,Medium,0.4,0.04,,0.07003906557625136,INSUFFICIENT_LIQUIDITY,20.0,
FAMI,Consumer Staples,15749338.0,True,18784111.382483914,10.230757875759943,0.8384393426609563,3,None,Negative,Very High,-0.007766035032701957,0.03,0.01927997594284394,0.09565167791000931,INSUFFICIENT_LIQUIDITY,20.0,
BTCT,Financials,10278333.0,False,-1678521.681736012,-0.20412795036003303,,,None,Negative,Very High,0.4,0.03,-0.091675494539942,0.09841663108822304,INSUFFICIENT_LIQUIDITY,20.0,
BMR,Information Technology,26866650.0,True,23545169.021748785,1.5165890281126235,1.1410684703593823,3,None,Stable,High,0.08924038486026059,0.031307780134908425,-0.6635706914344686,0.09,INSUFFICIENT_LIQUIDITY,19.9,
EJH,Consumer Discretionary,5600269.0,True,174336955.4788699,3618.2734818068247,0.032123246529212036,5,None,Negative,High,-0.1,0.03,-0.06890338437877216,0.09,INSUFFICIENT_LIQUIDITY,19.9,
BZAI,Information Technology,236217088.0,True,50005344.01546438,0.4795513491666924,4.723836874853792,1,None,Stable,Medium,0.4,0.04,,0.075,INSUFFICIENT_LIQUIDITY,19.8,
VRME,Financials,8872424.0,False,8615520.904563088,0.6827142685519921,1.0298186375824179,3,None,Negative,Very High,0.25801853393376095,0.25,-0.3569604055332386,0.10747436248864724,INSUFFICIENT_LIQUIDITY,19.8,
PRSO,Information Technology,14685108.0,True,13230012.263007205,1.8728782931776904,1.109984458673665,3,None,Negative,Very High,0.1274169242975235,0.10297765233441315,-2.1488,0.11,INSUFFICIENT_LIQUIDITY,19.8,
JZXN,Unknown,1488301.0,True,4645928.227572221,13.394014482746137,0.3203452414885297,5,None,Negative,High,-0.1,0.03,-0.8343784858234876,0.09,INSUFFICIENT_LIQUIDITY,19.8,
RVSN,Unknown,10062318.0,True,20354798.285764232,11.274622893645953,0.4943462400724157,5,None,Stable,Very High,-0.1,0.25,-19.960334880636605,0.11,INSUFFICIENT_LIQUIDITY,19.8,
BBAI,Information Technology,2011587584.0,True,185351318.66316164,0.5165847501647998,10.852836648309212,1,None,Negative,High,0.4,0.03,-0.41034021251558256,0.08764805819113097,SELL,19.8,
WHLR,Financials,1548780.0,False,1499808995.4264474,42089.26854763561,0.0010326514941055068,5,Narrow,Positive,High,-0.1,0.07144838981672832,0.03430994614227591,0.04360349121103003,INSUFFICIENT_LIQUIDITY,19.7,
BX,Financials,140987924480.0,False,99913907781.68301,128.0593146285443,1.4110940870020399,1,Narrow,Positive,Medium,0.12254437773414151,0.07349090549709743,0.14218232466380867,0.0724409408800217,HOLD,19.6,2.0
CDLX,Information Technology,3475425.0,True,1893180023.0142283,35.64371018967181,0.0018357604442004404,5,None,Stable,Extreme,-0.1,0.03,-0.4604571354128495,0.044948032072724735,INSUFFICIENT_LIQUIDITY,19.6,
SCNX,Health Care,14627094.0,True,6890628.28811139,0.4489794882720433,2.1227518578003357,1,None,Positive,Very High,0.4,0.03,-0.7175957863153088,0.11,INSUFFICIENT_LIQUIDITY,19.5,
WKHS,Consumer Discretionary,35730352.0,True,7630537.601618359,0.805333783811964,4.682547136970003,1,None,Positive,Very High,0.4,0.25,-2.0549770957495275,0.08992937928533576,INSUFFICIENT_LIQUIDITY,19.4,3.0
LCID,Consumer Discretionary,1996163456.0,True,-435796775.50654626,-1.3905443088465868,,,None,Negative,Extreme,0.4,0.25,-1.250188052618344,0.08072082059209226,SELL,19.3,
KITT,Industrials,7704504.0,True,-229846.60631765996,-0.03439864287869633,,,None,Stable,Very High,0.4,0.03,-2.476042714156959,0.07702354929303559,INSUFFICIENT_LIQUIDITY,19.3,
HTOO,Unknown,9628727.0,True,-1674951.2336266476,-3.1729648904762207,,,None,Negative,Medium,0.4,0.03,-1.5896045688771943,0.06938817364383365,INSUFFICIENT_LIQUIDITY,19.3,
CDIO,Health Care,5800559.0,True,5340598.250373131,3.049301365907223,1.08612532305622,3,Narrow,Negative,Very High,0.4,0.28,-3.4166602133881447,0.11,INSUFFICIENT_LIQUIDITY,19.3,
TANH,Unknown,5747153.0,True,65320096.781145886,28.353936113079552,0.08798445322663498,5,None,Positive,High,-0.1,0.03,0.02024967185651948,0.09,INSUFFICIENT_LIQUIDITY,19.3,
NOTV,Industrials,5794921.0,True,387539916.2482624,11.941942445712511,0.014953094525333253,5,None,Negative,Extreme,0.14080299859857048,0.25,-0.06315019826647333,0.04474107296235445,INSUFFICIENT_LIQUIDITY,19.2,1.0
PETS,Consumer Discretionary,35894512.0,True,311726752.1928656,14.899927026394966,0.115147358215159,5,Narrow,Negative,Medium,-0.1,0.03,0.8053074727841386,0.075,INSUFFICIENT_LIQUIDITY,19.1,
FLD,Financials,33110746.0,False,15885628.054949865,0.37626758626010526,2.084320864461062,1,None,Stable,Medium,0.32132955496356963,0.25,-0.3519747795872284,0.059625862902782864,INSUFFICIENT_LIQUIDITY,19.0,
EBON,Financials,13157891.0,False,206293097.26867485,32.84599747360368,0.06378250738493321,5,None,Negative,Very High,-0.1,0.03,-0.6838375488692636,0.11,INSUFFICIENT_LIQUIDITY,19.0,
ASPN,Industrials,467428832.0,True,101534536.82346398,1.2332856368819323,4.603643712018,1,None,Positive,Very High,0.4,0.15940116247346073,-0.2117062649313104,0.09646617150030219,INSUFFICIENT_LIQUIDITY,19.0,
BIRD,Consumer Discretionary,33727176.0,True,172367722.23697758,21.125804712595738,0.19566990595623593,5,None,Negative,High,-0.1,0.03,-2.766931298262112,0.074175168013825,INSUFFICIENT_LIQUIDITY,19.0,
ZCMD,Unknown,19538.0,True,22263822.446622305,6.513146177364209,0.0008775671853673157,5,None,Negative,Very High,-0.1,0.03,-0.08043163218983364,0.11,INSUFFICIENT_LIQUIDITY,18.9,
HHH,Financials,3883349248.0,False,35943694091.4543,641.3248776264908,0.1080397924075165,5,Narrow,Stable,Medium,0.08205662757416998,0.2739640745817826,0.03256383456704953,0.057073624376095464,SELL,18.9,
FWRD,Industrials,327635456.0,True,225077962147.88092,7327.233613773062,0.0014556532006662502,5,Wide,Negative,Very High,-0.1,0.234514356125428,0.11686347064916225,0.05406925019635649,INSUFFICIENT_LIQUIDITY,18.9,
IPDN,Information Technology,6840620.0,True,13242223.052055482,4.299079700795158,0.5165764066282048,5,None,Positive,Very High,-0.0870122630114491,0.03,-1.867602942977947,0.11,INSUFFICIENT_LIQUIDITY,18.8,
SLNG,Utilities,91865720.0,True,17407317.00109399,0.9361245761968506,5.277419834097727,1,None,Positive,Very High,0.2967228837457123,0.03,-0.08285429038166844,0.06333620855571355,INSUFFICIENT_LIQUIDITY,18.8,
CWST,Utilities,5464093696.0,True,6193808923.487376,97.44055570655827,0.8821863514839402,5,Narrow,Negative,Low,0.18901073491067377,0.2014041763484598,0.06374152762594983,0.06124053715790752,SELL,18.8,1.72727
PRHI,Financials,19684000.0,False,19403497.983735457,11.112313527894791,1.0144562602320297,3,None,Negative,High,0.03262239308388018,0.03,-0.10848262291473112,0.07219996705468922,INSUFFICIENT_LIQUIDITY,18.8,
HCAT,Information Technology,142615440.0,True,357764452.42961353,5.118515602445387,0.3986294307091846,5,None,Positive,Very High,-0.06391685269899378,0.04909440385034344,-0.5303479404811754,0.07552885805500617,INSUFFICIENT_LIQUIDITY,18.8,2.5
GRNQ,Industrials,27634970.0,True,5722168.914526638,0.7143240099691119,4.829457223788732,1,None,Negative,Very High,0.35306233009696364,0.03,-0.3084923094612837,0.10997285883670639,INSUFFICIENT_LIQUIDITY,18.7,
WALD,Materials,220606976.0,True,1302801647.1395092,11.421049157565081,0.1693327426200103,5,Narrow,Stable,Very High,-0.06255149599016757,0.15204531241314234,-0.08466205901549478,0.08455938660830867,INSUFFICIENT_LIQUIDITY,18.7,2.0
AMZE,Consumer Discretionary,6188517.0,True,-4156077.339012309,-0.6140346168150027,,,None,Positive,Extreme,0.4,0.03742934233449127,-3.1616513935866752,0.08600570755970158,INSUFFICIENT_LIQUIDITY,18.6,1.0
VTGN,Health Care,21549490.0,True,82060592.53919543,2.657658304469495,0.26260461121709666,5,None,Stable,Very High,-0.1,0.03,,0.11,INSUFFICIENT_LIQUIDITY,18.6,
FRHC,Financials,9102560256.0,False,6213873193.580258,101.67021513834064,1.4648770537197529,1,Narrow,Stable,High,0.2089247682633174,0.14127437590742142,-0.03318416208997497,0.08065598306851757,SELL,18.6,
GBR,Energy,3828422.0,True,884811.9268785942,0.17241074179239949,4.326820066164525,1,Narrow,Positive,Very High,0.35323525913123255,0.07173948574707256,-0.057515526652927085,0.11,INSUFFICIENT_LIQUIDITY,18.6,
STKS,Consumer Discretionary,58078312.0,True,1254776773.4797099,40.45692582738282,0.04628577228038653,5,None,Negative,Very High,-0.01666438296786127,0.25,0.028153051946371334,0.053079237827460365,INSUFFICIENT_LIQUIDITY,18.5,
SCNI,Health Care,1632622.0,True,2188769.878683717,0.0002343571954405312,0.7459084739332336,5,None,Positive,Medium,0.08620161037548846,0.25,-0.8845279097387173,0.0701855112211944,INSUFFICIENT_LIQUIDITY,18.5,
SPT,Information Technology,434563040.0,True,6760589841.155039,115.31741019276095,0.06427886474558785,5,Narrow,Stable,High,-0.1,0.21797422645190345,-0.595156391748511,0.0860763906097702,INSUFFICIENT_LIQUIDITY,18.5,
AXON,Industrials,39182282752.0,True,59671666004.31654,724.4344543440153,0.6566312854272516,5,Narrow,Positive,Medium,0.22899119500161091,0.28,0.02861790481275194,0.0736063895670587,SELL,18.4,
PWP,Financials,1471800832.0,False,3221919263.802703,31.947974462067982,0.45680872532569056,5,None,Stable,High,-0.1,0.03,,0.09,SELL,18.4,
REE,Unknown,12465280.0,True,10035062.99015542,0.3122265950659117,1.2421725715352927,2,None,Stable,Very High,0.4,0.25,-7.763385763677565,0.09141478484303231,INSUFFICIENT_LIQUIDITY,18.4,
GV,Unknown,1345763.0,True,-45925683.75179667,-10.59779286551207,,,None,Stable,Very High,0.4,0.03,-0.021565267336568845,0.04525911697573176,INSUFFICIENT_LIQUIDITY,18.4,
AEYE,Information Technology,83580944.0,True,152375817.68721408,12.272536862694432,0.5485184281115317,5,Narrow,Positive,Very High,0.03348925100409911,0.13334536111573086,-1.120653983353151,0.10105296437523693,INSUFFICIENT_LIQUIDITY,18.3,
CTNT,Industrials,5208528.0,True,537608.6761741751,32.94719929879092,9.6883257857106,1,None,Stable,Medium,0.4,0.25,-0.3019826830287039,0.07130364327504311,INSUFFICIENT_LIQUIDITY,18.3,
DUO,Real Estate,38548412.0,False,20171292.071411848,3.0851615333313522,1.9110531870505945,1,None,Negative,Very High,0.2883327144352995,0.03,-0.6017990927536059,0.11,INSUFFICIENT_LIQUIDITY,18.3,
ONCO,Health Care,1180850.0,True,7540170.973659337,402.06096757240323,0.15660785466604865,5,None,Stable,High,-0.1,0.25,-2.457759683539021,0.09,INSUFFICIENT_LIQUIDITY,18.3,
OLOX,Industrials,9083962.0,True,-6370740.891953245,-29.689489148300833,,,None,Positive,Extreme,0.4,0.03,-0.5405868860417924,0.09574095254302575,INSUFFICIENT_LIQUIDITY,18.2,
TOMZ,Materials,22568482.0,True,4326222.7544603115,0.21538816711868694,5.2166712813694165,1,None,Negative,Very High,0.26808759241751756,0.03,-0.4327626152427548,0.10239355979300227,INSUFFICIENT_LIQUIDITY,18.2,
ENVX,Information Technology,1588157056.0,True,-2122077.301815808,-0.01022018643414458,,,None,Positive,Very High,0.4,0.25,-1.3331649941684662,0.09336838601524229,SELL,18.1,1.58333
XAIR,Health Care,5239540.0,True,-830163.1276435191,-0.2452239582879562,,,None,Positive,Extreme,0.4,0.25,-6.041452846219201,0.07533186578879855,INSUFFICIENT_LIQUIDITY,18.1,2.0
QRHC,Utilities,26552624.0,True,53480723.210226074,2.5469436713127953,0.49648962104766114,5,None,Negative,High,-0.025955058701684797,0.048129841588617814,-0.0068342799715469344,0.0496991006242624,INSUFFICIENT_LIQUIDITY,18.0,
AMST,Information Technology,7901530.0,True,2616858.545466504,0.7422297211613854,3.019471577357042,1,None,Positive,Very High,0.4,0.03,-7.297795478306992,0.11,INSUFFICIENT_LIQUIDITY,18.0,
SST,Information Technology,30314658.0,True,-151296787.10575512,-19.2636601866253,,,None,Negative,Very High,0.19131468586943712,0.03,-0.25426937814095135,0.04946446059662025,INSUFFICIENT_LIQUIDITY,17.9,
MSTR,Financials,42384224256.0,False,-5986206399.098281,-31.089262468765256,,,None,Positive,High,0.4,0.03,-0.0016158672242342193,0.08324281986540284,SELL,17.8,1.21429
OIO,Unknown,671682688.0,True,20947999.636853173,1.4977044423691337,32.06428774317569,1,None,Stable,High,0.4,0.03,-0.09699595736909072,0.08975871510313699,INSUFFICIENT_LIQUIDITY,17.8,
SBFM,Health Care,3976821.0,True,21417555.361472934,51.520597268069345,0.18568043517953137,5,None,Stable,Very High,-0.1,0.25,-0.44749989076655433,0.11,INSUFFICIENT_LIQUIDITY,17.7,1.0
FTEK,Industrials,42384736.0,True,46350159.6060913,1.4982111906807802,0.9144463872445832,3,None,Negative,High,-0.002548893342132985,0.03,-0.22335469489287346,0.08991668067176226,INSUFFICIENT_LIQUIDITY,17.7,
LVO,Consumer Discretionary,81096880.0,True,22911517.210129816,2.4106921341788685,3.539568299045025,1,None,Positive,Very High,0.3342832148054483,0.1191549687511928,-2.566366320890437,0.10707892005977844,INSUFFICIENT_LIQUIDITY,17.6,1.0
TLRY,Materials,590844864.0,True,173884902.77172264,1.9530475292369518,3.3979077802727096,1,None,Negative,Very High,0.31353728480030874,0.13264489119248987,-0.17118006857628204,0.0898344315505969,INSUFFICIENT_LIQUIDITY,17.6,
YYAI,Information Technology,8175633.0,True,117764255.08228207,18262.48631949172,0.06942372279506775,5,Narrow,Stable,Medium,-0.1,0.13656981983265415,0.15732264788377526,0.075,INSUFFICIENT_LIQUIDITY,17.6,
BIOX,Materials,26815438.0,True,1235599587.0754085,19.541894366748284,0.02170236885840223,5,None,Negative,High,-0.1,0.030441572637216335,0.09959253241278306,0.04717066125813887,INSUFFICIENT_LIQUIDITY,17.5,
NUWE,Health Care,491910.0,True,16013001.44383975,23.202372608422504,0.03071941270505782,5,None,Positive,High,-0.1,0.03,-10.871937639198219,0.09,INSUFFICIENT_LIQUIDITY,17.5,
MLP,Real Estate,339287456.0,False,171818231.03872713,8.721737616179043,1.9746883316679356,1,Narrow,Negative,Very High,0.3367869413074057,0.24986132315393167,-0.05831634353794583,0.10918874651336517,INSUFFICIENT_LIQUIDITY,17.5,
LRHC,Real Estate,1102500.0,False,70651408.6052023,7600.194557358251,0.01560478441641175,5,None,Stable,High,-0.034981382513381065,0.25,-0.9780535437451785,0.049563282692440556,INSUFFICIENT_LIQUIDITY,17.4,
CNET,Information Technology,2457847.0,True,920595.6824479916,0.34661464879141446,2.6698441529339396,1,None,Negative,Very High,0.24281417114985687,0.03,-0.8035267131670131,0.11,INSUFFICIENT_LIQUIDITY,17.4,
CMCT,Financials,8498089.0,False,-153166131.90458167,-16666.608477103553,,,None,Negative,Very High,0.09434463853822683,0.03,0.0016390965056358392,0.04454123061483963,INSUFFICIENT_LIQUIDITY,17.4,3.0
MGRX,Health Care,6128769.0,True,2179314.9305610023,0.21638200316960302,2.8122456805370133,1,None,Stable,High,0.38111877145400064,0.03,-1.1107746932088411,0.09,INSUFFICIENT_LIQUIDITY,17.3,
ELAB,Health Care,6997376.0,True,4630105.964472683,227.50127577008072,1.511277723164792,1,None,Stable,Medium,0.4,0.04,-1.7922217402169023,0.06966360885458132,INSUFFICIENT_LIQUIDITY,17.3,
PLCE,Consumer Discretionary,78185816.0,True,938939397.1205993,42.62481374253674,0.08327035401834103,5,None,Negative,High,-0.1,0.03,0.11730370120203086,0.052232573975264866,INSUFFICIENT_LIQUIDITY,17.3,3.0
SNTI,Health Care,30067144.0,True,16476452.548006618,0.7328277370618435,1.8248554361076732,1,None,Stable,Very High,0.4,0.03,-1.902582394070333,0.11,INSUFFICIENT_LIQUIDITY,17.2,
BETR,Financials,483444896.0,False,-479152319.2746634,-31.197995217003154,,,None,Positive,Extreme,0.4,0.03,-0.9024556560218986,0.08390244526446114,INSUFFICIENT_LIQUIDITY,17.2,
CDZI,Utilities,348117216.0,True,940514202.3876138,11.602119342588741,0.370134991174254,5,Narrow,Negative,Very High,0.1754247672548236,0.28,-0.27536964284055077,0.06127466956699854,INSUFFICIENT_LIQUIDITY,17.1,
EZGO,Industrials,3043786.0,True,3315993.9501283783,2197.4389342324707,0.9179106010980992,3,None,Positive,Very High,0.1754138008304088,0.1783350306756158,-0.05813527487979042,0.05744661052469818,INSUFFICIENT_LIQUIDITY,17.1,
GNS,Unknown,47189996.0,True,-706439.7390136821,-0.006963276960645407,,,None,Positive,Very High,0.4,0.03,-0.5037407132497866,0.09973855197187736,INSUFFICIENT_LIQUIDITY,17.1,
ADTX,Health Care,50668.0,True,1344107.6638412613,971.5140389161841,0.03769638501665732,5,None,Positive,Very High,-0.1,0.03,-6.4956202887924,0.045219021773630415,INSUFFICIENT_LIQUIDITY,17.0,
POLA,Information Technology,6843499.0,True,-4795703.7045912435,-1.8875773929321067,,,None,Negative,Extreme,0.4,0.03,-0.20312748301339478,0.0959687464662179,INSUFFICIENT_LIQUIDITY,17.0,
GPGI,Financials,3446452736.0,False,365520494.6522384,3.3073627289990752,9.42889054491734,1,Narrow,Stable,High,0.4,0.03,0.6110644529688974,0.09,SELL,17.0,2.0
ELF,Materials,2946467072.0,True,47767364974.58375,804.8222205086138,0.061683684531641386,5,Wide,Positive,Medium,-0.005315529637232048,0.28,0.06964044995688597,0.06800509166550225,SELL,17.0,1.76471
LGVN,Health Care,23066506.0,True,5585691.5338523835,0.3177922411428945,4.129570324498623,1,None,Negative,Very High,0.4,0.10748525690986901,-12.038340579710145,0.11,INSUFFICIENT_LIQUIDITY,16.9,
EDBL,Materials,1821314.0,True,140733.9073609662,0.4890958506756592,12.941543613427433,1,None,Negative,Very High,0.10320275317261418,0.03,-1.9562817190557036,0.07757098330834493,INSUFFICIENT_LIQUIDITY,16.9,
OCG,Unknown,3295130.0,True,40377555.73491646,1122.596634089092,0.0816079611562653,5,None,Negative,Very High,-0.1,0.03,-0.018167070391222208,0.11,INSUFFICIENT_LIQUIDITY,16.9,
CLGN,Health Care,5351026.0,True,8271594.388289377,0.6778179181569608,0.646915908688147,4,None,Negative,Very High,-0.1,0.03,-5.139509132420091,0.11,INSUFFICIENT_LIQUIDITY,16.9,
JELD,Materials,160241456.0,True,2266985914.8754463,26.586862833141456,0.07068480441300141,5,None,Negative,Medium,-0.1,0.03,0.05883968458238828,0.04724111031727741,INSUFFICIENT_LIQUIDITY,16.7,
ZS,Information Technology,21148370944.0,True,67745412873.5672,438.75426072878423,0.3121742129385064,5,Narrow,Stable,High,0.13214828365535258,0.28,-18.068868064852,0.08653514366107441,SELL,16.7,1.51064
LYEL,Health Care,279309024.0,True,247312376.8967381,14.468634932237647,1.1293774598131887,3,None,Negative,Very High,0.4,0.03,-1.8149750296609,0.11,INSUFFICIENT_LIQUIDITY,16.7,1.83333
RC,Financials,283071808.0,False,-3187114242.711426,-19.054882999627704,,,None,Negative,Very High,0.18256370861042687,0.03,0.013893974369240718,0.046478002907989355,INSUFFICIENT_LIQUIDITY,16.6,
CRDF,Health Care,102554848.0,True,60795083.663405396,0.909547787486803,1.6868937719997121,1,Narrow,Stable,Very High,0.4,0.12114523374453716,-29.296078066914497,0.11,INSUFFICIENT_LIQUIDITY,16.5,2.125
UGRO,Industrials,3765112.0,True,-175534.70143491682,-0.33228216903272345,,,None,Stable,Very High,0.18627296598417453,0.03,-0.6376515708250451,0.11,INSUFFICIENT_LIQUIDITY,16.5,
CAPS,Industrials,3992311.0,True,40346972.73946382,7.581945223892534,0.0989494559054012,5,None,Positive,Very High,0.10791799510700095,0.25,-4.395917091007792,0.05316213907642737,INSUFFICIENT_LIQUIDITY,16.5,
MSB,Financials,322621056.0,False,94458111.99849997,7.199545731939227,3.4154933776902436,1,None,Stable,High,0.3162026967516136,0.03,,0.09,INSUFFICIENT_LIQUIDITY,16.4,
VSEE,Health Care,7727307.0,True,379845702.8148914,18.857086431014448,0.020343278712213617,5,Narrow,Stable,High,-0.1,0.28,-5.028405411810029,0.07770214949279688,INSUFFICIENT_LIQUIDITY,16.4,
ANGX,Communication Services,510769888.0,True,2329556076.5921383,15.005102717372784,0.21925631803085643,5,None,Stable,Medium,-0.0076487117096668,0.25,-4.748489722117877,0.06995738088584551,INSUFFICIENT_LIQUIDITY,16.4,1.2
GNLN,Industrials,1805972.0,True,32466368.92003923,34.66777247201199,0.05562593108111019,5,None,Positive,Very High,-0.1,0.03,-1.1564262865480666,0.11,INSUFFICIENT_LIQUIDITY,16.4,
ICCM,Unknown,12251249.0,True,11126992.745796518,5.250294351122437,1.1010386435839274,3,None,Negative,High,0.10292174754979688,0.03,-9.338491416816456,0.0899506573945131,INSUFFICIENT_LIQUIDITY,16.4,
NXGL,Health Care,5117956.0,True,2975494.768847005,0.37883698291264656,1.7200352874366478,1,None,Positive,Very High,0.3164513073775169,0.25,-0.8979503105590062,0.09522112778988033,INSUFFICIENT_LIQUIDITY,16.3,
RNAC,Health Care,171588048.0,True,133625305.92130248,5.144712328608415,1.2840984483961095,2,None,Stable,Very High,0.36190241894347197,0.03,,0.11,INSUFFICIENT_LIQUIDITY,16.3,1.125
GOSS,Health Care,41071848.0,True,385344972.7732477,1.686270085017599,0.10658462131843693,5,None,Stable,Medium,-0.1,0.03,,0.0488587053448669,INSUFFICIENT_LIQUIDITY,16.3,2.71429
RGNX,Health Care,314321536.0,True,566055228.9718286,10.975805731135063,0.5552842194761232,5,None,Negative,Very High,-0.1,0.03,-1.3371427786165588,0.11,INSUFFICIENT_LIQUIDITY,16.2,1.54545
BTBT,Financials,572672320.0,False,58947899.42233761,0.22858505694548514,9.714889344860907,1,None,Stable,Very High,0.4,0.25,-0.07222801044000116,0.09925291773965325,INSUFFICIENT_LIQUIDITY,16.2,
NEXR,Unknown,979094.0,True,12403234.989812031,273.45801066675557,0.07893859955118354,5,None,Positive,Very High,0.016037665287100246,0.25,-0.7246200394883715,0.06504651164332302,INSUFFICIENT_LIQUIDITY,16.1,
GWRS,Utilities,208248704.0,True,306657919.8588227,11.32563785474517,0.6790912300451013,5,Narrow,Stable,Medium,0.006148009957235918,0.05454161919385973,0.03782044819386518,0.05657414922765275,INSUFFICIENT_LIQUIDITY,16.1,
ASPI,Materials,844812160.0,True,140056422.55884987,1.6871504510315487,6.03194158871951,1,None,Negative,High,0.4,0.25,-0.7811230931833605,0.08101682094604715,INSUFFICIENT_LIQUIDITY,16.1,1.0
SVRN,Unknown,16788552.0,True,47496890.754522674,127.24990075069675,0.3534663371286338,5,None,Negative,Very High,0.005189039484929325,0.25,-0.041137649531212774,0.11,INSUFFICIENT_LIQUIDITY,16.1,
BNBX,Industrials,3893700.0,True,3268759.6643611705,6.3143573125811,1.1911857706923108,3,None,Positive,Very High,0.09277641427020311,0.03,-8.482387694155344,0.11,INSUFFICIENT_LIQUIDITY,16.1,
OPAL,Utilities,366115040.0,True,-34101192.35641539,-1.1657598678948102,,,None,Stable,High,0.3460642200338645,0.18926344878588716,0.06365005618290924,0.054434877857825914,INSUFFICIENT_LIQUIDITY,16.1,2.66667
SOUN,Information Technology,3198167552.0,True,1025687640.083782,2.504998787108253,3.118071649706885,1,None,Stable,Very High,0.4,0.25,-2.0321652563150567,0.10999309219850095,SELL,16.0,
INMB,Health Care,33497424.0,True,24879301.24546959,1.0049179450333054,1.3463972990841024,2,None,Negative,Very High,0.4,0.03,-1.0556514049773285,0.11,INSUFFICIENT_LIQUIDITY,16.0,1.25
CETY,Utilities,9245024.0,True,-561699.4582219844,-0.1280534305499223,,,None,Stable,High,0.4,0.03,-0.35851482371873444,0.062000908754009675,INSUFFICIENT_LIQUIDITY,16.0,
SXTP,Health Care,3776188.0,True,6013722.200187682,8.972878989135783,0.6279285730694626,5,None,Stable,High,0.06674721889083388,0.25,-7.9329738828137035,0.0882900476915538,INSUFFICIENT_LIQUIDITY,16.0,2.0
BARK,Consumer Discretionary,78725616.0,True,1218394468.1835775,139.724484769624,0.06461422639037974,5,None,Positive,Medium,-0.1,0.03,-0.675546679601475,0.06392668198291726,INSUFFICIENT_LIQUIDITY,15.8,
CPNG,Consumer Discretionary,27195222016.0,True,18438461280.357765,9.93987131016591,1.4749181942297263,1,None,Stable,Medium,0.2670798030038112,0.17825594840991982,,0.07323865538474068,SELL,15.7,1.88235
CHAI,Communication Services,16555515.0,True,20637015.56367185,1.1105238477683053,0.802224282330015,3,None,Stable,Very High,0.21426121658770614,0.25,-3.7541426293503686,0.11,INSUFFICIENT_LIQUIDITY,15.7,
LGHL,Unknown,3482547.0,True,8589518.94149431,0.0009256540983231368,0.4054414483186581,5,None,Positive,Very High,-0.1,0.03,-0.7412230939914395,0.05416895473687297,INSUFFICIENT_LIQUIDITY,15.6,
INUV,Information Technology,20897466.0,True,431494178.85463405,29.803703794199716,0.048430470268383714,5,None,Negative,Medium,-0.1,0.08936558574212054,-0.37838905886171603,0.075,INSUFFICIENT_LIQUIDITY,15.6,
SQFT,Financials,2959494.0,False,103162048.3739225,84.46123332068882,0.02868781733833919,5,None,Negative,Very High,-0.0906914540672458,0.03,-0.008355749934075774,0.0455224647365427,INSUFFICIENT_LIQUIDITY,15.6,
ACHR,Industrials,4226271488.0,True,1884433622.16671,3.018436929278621,2.242727702523509,1,None,Stable,Medium,0.4,0.04,-49.730257537688445,0.07441172113198181,SELL,15.6,1.88889
INO,Health Care,88032368.0,True,58680135.765654385,1.2515381751565082,1.5002072993076738,1,None,Negative,Very High,0.4,0.03,-4.4391009956194445,0.11,INSUFFICIENT_LIQUIDITY,15.5,2.0
DOMH,Financials,70102712.0,False,2507508540.455859,175.5331826207312,0.02795711793956861,5,Narrow,Positive,Very High,-0.1,0.28,-0.46860914023372285,0.11,INSUFFICIENT_LIQUIDITY,15.5,
LXEH,Unknown,2491667.0,True,-9580274.0020749,-0.005011476372231617,,,None,Negative,Extreme,0.4,0.03,-0.6338639855542633,0.05918418013237944,INSUFFICIENT_LIQUIDITY,15.5,
AKAN,Materials,8352953.0,True,3511658.809853164,184.71968512425858,2.3786345577090016,1,None,Stable,High,0.4,0.03,-2.4551589854232656,0.08811349284905051,INSUFFICIENT_LIQUIDITY,15.4,
PAVM,Health Care,39016732.0,True,-9560886.272228861,-14.260061318886954,,,None,Positive,Very High,0.4,0.03,-14.867506198347108,0.09526031186550632,INSUFFICIENT_LIQUIDITY,15.4,
AMBR,Financials,137641872.0,False,6190345.581398815,0.13513986798901065,22.23492536726802,1,None,Negative,Very High,0.4,0.03,-0.23244577833281163,0.11,INSUFFICIENT_LIQUIDITY,15.4,
WTO,Unknown,1993616.0,True,13106852.76015213,1818.3682310079355,0.15210485968538953,5,None,Stable,Very High,-0.1,0.03,-0.8131915334652716,0.05578413842221,INSUFFICIENT_LIQUIDITY,15.3,
LEXX,Health Care,15789604.0,True,6651680.174623834,0.3695641702545895,2.3737767880418175,1,None,Negative,Very High,0.4,0.25,-3.777994292619269,0.11,INSUFFICIENT_LIQUIDITY,15.3,
SOBR,Communication Services,2862693.0,True,5390216.603750134,3.6668040384584897,0.5310905313171161,5,None,Positive,Very High,-0.1,0.25,-4.233891980603325,0.10743193277861253,INSUFFICIENT_LIQUIDITY,15.2,
WNW,Unknown,3884975.0,True,17824785.333061464,0.8063964422519304,0.21795353646106116,5,None,Negative,Very High,-0.1,0.03,-0.19967409097119815,0.11,INSUFFICIENT_LIQUIDITY,15.2,
VMAR,Unknown,604921.0,True,28011887.049298808,163198.76917725385,0.021595153476643137,5,None,Stable,High,-0.1,0.25,-1.0544743670525194,0.06988423848861769,INSUFFICIENT_LIQUIDITY,15.2,
TPG,Financials,15829825536.0,False,189757654904.00677,507.203064549398,0.0834212751206684,5,Narrow,Negative,Medium,-0.038820372022870864,0.28,0.022251033553471886,0.07190376000517677,SELL,15.2,
ORBS,Financials,337686464.0,False,50089734.669090286,0.7920880386101128,6.741630121039189,1,None,Positive,Very High,0.4,0.03,-0.39217297803716755,0.10843167925751172,INSUFFICIENT_LIQUIDITY,15.2,
SCLX,Health Care,49231036.0,True,18414467.759795874,1.6688841544132567,2.673497634695999,1,None,Stable,Extreme,0.08070181369666962,0.03,-1.486830127734547,0.07152619920798368,INSUFFICIENT_LIQUIDITY,15.1,
UONEK,Communication Services,21277166.0,True,3338374019.3031797,748.7955721718762,0.006373511738640115,5,None,Negative,High,-0.1,0.03,0.04318940056663832,0.0455936632162617,INSUFFICIENT_LIQUIDITY,15.1,
LFT,Financials,53488252.0,False,312798229.78333974,5.975782161015147,0.1709992158109358,5,Narrow,Negative,Very High,0.025268024781852083,0.06314454339588574,0.02678517027783672,0.04686752789107597,INSUFFICIENT_LIQUIDITY,15.1,
SXTC,Unknown,6419635.0,True,18688628.79915646,1969.5723672459085,0.3435048696718595,5,None,Negative,High,-0.1,0.03,-0.6168016745211335,0.08480044041924685,INSUFFICIENT_LIQUIDITY,15.0,
RENX,Utilities,4469730.0,True,-6449078.911436057,-27.65340790715728,,,None,Stable,Medium,0.38142876448510754,0.25,-0.475025494096935,0.04807291628401405,INSUFFICIENT_LIQUIDITY,15.0,
ARAY,Health Care,40673688.0,True,41608835.930947155,0.4048812464088739,0.9775252561138913,3,None,Negative,Medium,0.028784807440011995,0.03,0.010607680398534462,0.05069210253132719,INSUFFICIENT_LIQUIDITY,15.0,
ONFO,Information Technology,2944828.0,True,62258173.76738432,11.83541893258429,0.047300263110877344,5,None,Negative,Very High,-0.1,0.25,-0.7629682257563359,0.09629201626473977,INSUFFICIENT_LIQUIDITY,14.9,
RCON,Energy,50760420.0,True,88431517.83451514,9.72319633950043,0.5740082409869938,5,None,Negative,Very High,-0.1,0.25,-0.22722256978333957,0.09331598702163965,INSUFFICIENT_LIQUIDITY,14.8,
PRFX,Unknown,1381322.0,True,4142858.921315565,6.393567203132792,0.33342240859154365,5,None,Negative,Medium,-0.1,0.04,-3.218688205033169,0.075,INSUFFICIENT_LIQUIDITY,14.8,
DJT,Information Technology,2290408192.0,True,256334852.0459276,1.0070630665223719,8.935219591558415,1,Narrow,Stable,Very High,0.4,0.19245685424304504,-0.5524220587234266,0.09053122906788488,SELL,14.8,
MVST,Information Technology,416446720.0,True,-28199750.082019,-0.08685150733149022,,,None,Positive,Very High,0.4,0.24936584217816904,-0.23149157725284097,0.07881510837895891,INSUFFICIENT_LIQUIDITY,14.7,
CRVL,Financials,3034627840.0,False,4459491690.276203,86.3824056227836,0.6804873852813587,5,Wide,Positive,Low,0.05292859903282342,0.1012793139508557,0.5300613915174639,0.065,SELL,14.6,
BAFN,Financials,22177288.0,False,686123029.690474,166.14536315756982,0.03232261131069261,5,Wide,Stable,High,-0.1,0.0484913418803162,1.3592831157868486,0.0781716048896069,INSUFFICIENT_LIQUIDITY,14.6,
WING,Consumer Discretionary,3873285632.0,True,25537416456.15723,909.6465219119908,0.15167100550870824,5,Wide,Positive,Medium,0.0619825690675363,0.24423180520737856,0.440508890224974,0.06749428054137928,SELL,14.6,1.5
GENK,Consumer Discretionary,63292064.0,True,1023592888.3605304,198.21705816431648,0.06183323928849654,5,None,Stable,Medium,-0.1,0.08361167255949731,0.013835506452193929,0.06905146389274483,INSUFFICIENT_LIQUIDITY,14.6,
BAER,Industrials,108935136.0,True,7946112801.778927,146.38197566768423,0.013709236039993324,5,Narrow,Stable,High,-0.1,0.28,-0.2731763251102376,0.05918644707111509,INSUFFICIENT_LIQUIDITY,14.5,
TRDA,Health Care,247287312.0,True,406355222.4945989,9.822108456403981,0.6085496095802899,5,None,Positive,High,-0.1,0.03,-4.249657951834596,0.09,INSUFFICIENT_LIQUIDITY,14.5,1.25
VTSI,Consumer Discretionary,37878064.0,True,81138713.7287664,7.197945095926638,0.46683096464432805,5,None,Negative,Medium,-0.1,0.03,0.06831593095576406,0.06976121689537733,INSUFFICIENT_LIQUIDITY,14.5,
EVGN,Materials,6445501.0,True,14260739.6380867,1.811108585833357,0.45197522453784617,5,None,Positive,Very High,-0.1,0.25,-1.897860314897053,0.11,INSUFFICIENT_LIQUIDITY,14.4,1.0
IVDA,Information Technology,3482845.0,True,4883604.755635679,1.341423016615511,0.7131709411947799,4,None,Negative,High,-0.1,0.03,-10.348128628590885,0.08362229761456096,INSUFFICIENT_LIQUIDITY,14.4,
SNAL,Information Technology,32281902.0,True,11906892.165008895,0.3180300942210119,2.711194621789529,1,Narrow,Stable,High,0.14405689919078724,0.07963728702168571,0.5224340795989075,0.07561271065622782,INSUFFICIENT_LIQUIDITY,14.2,
UAVS,Industrials,55649684.0,True,35678878.35844475,1.4241385241160074,1.5597374850442407,1,None,Negative,Very High,0.2841055799216671,0.03,-1.211415673948794,0.10962618862500155,INSUFFICIENT_LIQUIDITY,14.2,
KVYO,Information Technology,4662779392.0,True,28045239539.307686,96.4095527362287,0.16625921078209138,5,Narrow,Stable,High,0.0072400595982961,0.28,-0.5512805381801015,0.09,SELL,14.1,1.26087
SEAT,Communication Services,94271984.0,True,3056234094.3701296,293.11920783793374,0.030845799467278327,5,None,Stable,Very High,-0.1,0.03,0.03526916167433827,0.056045843554279884,INSUFFICIENT_LIQUIDITY,14.0,
BAOS,Industrials,3928286.0,True,935341.5172294069,0.6095467196720512,4.199841370920915,1,None,Negative,High,0.4,0.03,-0.5121502083191135,0.08269908302328866,INSUFFICIENT_LIQUIDITY,14.0,
MDIA,Communication Services,59793180.0,True,8103755.118460104,0.10207269143566233,7.378453460889135,1,None,Negative,Extreme,0.3346979398924158,0.25,-0.0946029271358573,0.08458451779636449,INSUFFICIENT_LIQUIDITY,13.9,
BKKT,Financials,350055200.0,False,5960755198.535128,493.03133077980374,0.05872665263724084,5,None,Negative,Very High,-0.1,0.25,-2.0571442817478127,0.11,INSUFFICIENT_LIQUIDITY,13.8,
SHFS,Financials,2490000.0,False,31047072.18879386,10.626561512130777,0.08020079912394255,5,None,Negative,Very High,-0.1,0.03,-0.2539072058895071,0.11,INSUFFICIENT_LIQUIDITY,13.8,
AIMD,Information Technology,14360857.0,True,-10580191.133246986,-2.477323680198507,,,None,Negative,Extreme,0.4,0.03,-0.5512768282438776,0.09529116839387566,INSUFFICIENT_LIQUIDITY,13.7,
OPAD,Real Estate,29209308.0,False,93652994.57773435,3.0223317706694535,0.31188867085030086,5,None,Negative,High,-0.025394537956943297,0.03,-0.23019003764755291,0.054842170943431245,INSUFFICIENT_LIQUIDITY,13.7,
FRGT,Industrials,2414367.0,True,-2289224.4867678387,-20.211047329011695,,,None,Negative,Extreme,0.19264242765452588,0.03,-1.6463790104303409,0.08123026623655319,INSUFFICIENT_LIQUIDITY,13.6,
WLDS,Unknown,5478774.0,True,6719093.315816791,5.424227218454541,0.815403766919404,3,None,Stable,Very High,-0.1,0.25,-1.3712765055131468,0.11,INSUFFICIENT_LIQUIDITY,13.6,
OWL,Financials,15278694400.0,False,87069912288.92508,131.5483766702828,0.1754761662019428,5,Narrow,Positive,High,0.08556645922329931,0.28,0.041407350718215045,0.08168139392894538,SELL,13.5,
OTLK,Health Care,115407616.0,True,-16528929.839986976,-0.4750222105219483,,,None,Stable,Very High,0.4,0.03,-27.093062506175013,0.09628889191933196,INSUFFICIENT_LIQUIDITY,13.5,2.0
PAR,Information Technology,555173824.0,True,-131414596.30443686,-3.246969493352034,,,None,Positive,Very High,0.4,0.18913358942804087,-0.09130984023451111,0.08237425483183577,INSUFFICIENT_LIQUIDITY,13.4,1.6
SPRC,Unknown,6557899.0,True,5921126.010060584,47.679880903978614,1.1075425499909097,3,None,Stable,Very High,0.10592572681449874,0.03,-2.936234381732012,0.10657330834598538,INSUFFICIENT_LIQUIDITY,13.4,
APRE,Health Care,9180590.0,True,15552092.132813672,2.3784605206971134,0.5903122179060197,5,None,Stable,High,-0.1,0.03,,0.09,INSUFFICIENT_LIQUIDITY,13.4,
NYXH,Unknown,64805908.0,True,196887494.14431927,5.166507081983984,0.32915197728351925,5,Narrow,Negative,Very High,0.061855832160660706,0.28,-1.0749029844195765,0.09387034753045373,INSUFFICIENT_LIQUIDITY,13.4,2.0
ZNB,Unknown,2668397.0,True,-2500604.364561691,-649.3963020785245,,,None,Negative,Extreme,0.29088694563496953,0.03,-1.0519151887886942,0.08000683513208119,INSUFFICIENT_LIQUIDITY,13.3,
HOOD,Financials,74264657920.0,False,52471943632.63869,57.110340023673785,1.415321270352291,1,Narrow,Positive,Very High,0.3284173068086056,0.28,-0.6698990127068587,0.11,SELL,13.3,1.85185
MERC,Materials,56265300.0,True,5307054206.187355,79.28740912947998,0.010601983287527338,5,Narrow,Negative,High,-0.1,0.03,0.06416687059508575,0.045013603046505486,INSUFFICIENT_LIQUIDITY,13.3,
GIPR,Financials,1658341.0,False,352561655.8772757,68.24814438690409,0.004703690751263255,5,Narrow,Stable,High,-0.030077000945409563,0.20611871503448714,-0.01512803893717079,0.04477927551860986,INSUFFICIENT_LIQUIDITY,13.3,
SPWR,Industrials,138630752.0,True,33253646.81065929,0.38174785953810947,4.1688886872871525,1,None,Stable,Extreme,0.33760023452312027,0.25,-1.161620082815735,0.09196996122943384,INSUFFICIENT_LIQUIDITY,13.2,
EZRA,Financials,1975741.0,False,43884772.71731801,321.97546354008307,0.04502110590219199,5,None,Negative,Very High,-0.1,0.03,-0.5208720877755113,0.061875799224461944,INSUFFICIENT_LIQUIDITY,13.2,
CYCU,Information Technology,7240528.0,True,-1095866.5700073177,-0.621365304660477,,,None,Stable,Very High,0.2553366025152999,0.03,0.02360696138887571,0.07231125416807896,INSUFFICIENT_LIQUIDITY,13.0,
AEI,Real Estate,52898332.0,False,38880016.32935898,1.8202553098650482,1.3605532351604375,2,None,Stable,Very High,0.4,0.03,-0.09264477091782268,0.10882629414414866,INSUFFICIENT_LIQUIDITY,13.0,
LOCL,Materials,32142740.0,True,-475247952.96415883,-28.127962983036372,,,None,Positive,Extreme,0.4,0.25,-0.2780579665640044,0.0486343792138847,INSUFFICIENT_LIQUIDITY,13.0,
FMC,Materials,1455527424.0,True,8957898875.08155,71.57043571596452,0.16248536004898237,5,Narrow,Negative,Very High,-0.1,0.03,0.09043641733444673,0.0609649844019,SELL,13.0,
DDC,Consumer Staples,48481644.0,True,11855418.871870581,1.2907685677515868,4.089407934377812,1,None,Stable,High,0.35272361485113024,0.1616020607584263,-0.425769305033532,0.07389926601185572,INSUFFICIENT_LIQUIDITY,12.8,
ARQQ,Information Technology,211265280.0,True,76889317.89109966,5.576437756140168,2.7476544960279203,1,Narrow,Stable,Very High,0.4,0.28,-2.0614026440268693,0.11,INSUFFICIENT_LIQUIDITY,12.8,
MARA,Financials,4697252352.0,False,-2659962722.2246127,-7.489317401107521,,,None,Stable,Extreme,0.4,0.25,-0.14087212407674757,0.09525396093497263,SELL,12.8,2.23077
SINT,Health Care,12590312.0,True,4646381.572675022,1.6752664207245176,2.709702550914579,1,None,Positive,Very High,0.4,0.03,-2.1858465317777296,0.10996301988868737,INSUFFICIENT_LIQUIDITY,12.6,1.25
ARBE,Information Technology,111611272.0,True,19971970.63029432,0.1793099824469914,5.588395560261007,1,None,Stable,Very High,0.4,0.03,-1.6514015997589664,0.09791816948446777,INSUFFICIENT_LIQUIDITY,12.5,1.66667
AURE,Financials,91632000.0,False,52075614.259382755,10.149801360426245,1.7595951829505334,1,Narrow,Stable,High,0.35170263350712216,0.28,-1.1774574561030606,0.09,INSUFFICIENT_LIQUIDITY,12.5,
UCAR,Unknown,34752580.0,True,3642896.036831344,0.7975759036382024,9.539822067013588,1,None,Stable,High,0.4,0.25,-0.14351149832131724,0.08663068205995561,INSUFFICIENT_LIQUIDITY,12.4,
COIN,Financials,40151420928.0,False,97562371729.95938,339.6912065080112,0.4115461751907199,5,Narrow,Negative,High,0.049557088509948666,0.19497852728442885,0.13664402879594648,0.08254313906103204,SELL,12.4,2.0
PSQH,Information Technology,25274384.0,True,54818699.70923333,1.2037831596762105,0.4610540588167752,5,None,Stable,Very High,0.11901034939062671,0.25,-1.881927501876784,0.08560730431498181,INSUFFICIENT_LIQUIDITY,12.4,
SUIG,Financials,94653000.0,False,89993930.6220964,2.237964840098848,1.0517709288359458,3,Narrow,Stable,Medium,0.19004904913964238,0.18100286599786308,-0.04944165114060216,0.075,INSUFFICIENT_LIQUIDITY,12.3,1.0
CRMT,Consumer Discretionary,64177940.0,True,1471743671.5080376,191.5936246933301,0.04360673753347239,5,None,Negative,High,-0.1,0.06584404298878024,0.04396140081443689,0.0470024804718301,INSUFFICIENT_LIQUIDITY,12.2,2.33333
ACVA,Industrials,988150464.0,True,3379521749.333791,19.8114814363234,0.2923935803031288,5,None,Positive,Medium,0.006865811639394592,0.22647486215189394,-0.4234691715114375,0.06991194021207803,INSUFFICIENT_LIQUIDITY,12.2,2.23077
AIFC,Financials,88894072.0,False,-8867476.688615581,-0.15209050407197272,,,None,Positive,Very High,0.4,0.03,-0.2627914648287687,0.10025278451626066,INSUFFICIENT_LIQUIDITY,12.2,
LOOP,Materials,57572644.0,True,7724443.013428438,0.16105685546869544,7.4533068468385,1,Narrow,Negative,Very High,0.4,0.28,-3.9338172331027064,0.10666742944173842,INSUFFICIENT_LIQUIDITY,11.9,1.0
MXCT,Industrials,122118704.0,True,199944899.71288615,1.8786895741869056,0.6107617857487646,5,None,Positive,High,-0.1,0.03,-0.7812712240916379,0.09,INSUFFICIENT_LIQUIDITY,11.9,
RETO,Unknown,8306730.0,True,-965976.0285971488,-8.09258980691363,,,None,Stable,Very High,0.4,0.25,-0.19331594755037135,0.09488910586438667,INSUFFICIENT_LIQUIDITY,11.8,
BTAI,Health Care,34119752.0,True,-80550257.27196719,-6.598153446262057,,,None,Stable,Extreme,0.4,0.03,,0.06518531239793948,INSUFFICIENT_LIQUIDITY,11.8,
PW,Financials,3260939.0,False,-6240541.360443573,-18.28001011301741,,,None,Negative,Very High,0.12747136580346907,0.03,0.04536968989899019,0.052256835306606755,INSUFFICIENT_LIQUIDITY,11.8,
SER,Health Care,28195310.0,True,517564.71579017595,0.05079143432680824,54.476878233389,1,None,Negative,Very High,0.4,0.03,-21.016951835012968,0.10370430145681091,INSUFFICIENT_LIQUIDITY,11.7,
PLUR,Health Care,25463328.0,True,18455089.740212828,2.9122787006728315,1.3797455530393077,2,Narrow,Positive,Extreme,0.30023284923870586,0.28,-2.374312047578401,0.0876408019376889,INSUFFICIENT_LIQUIDITY,11.7,
VRAX,Unknown,1577479.0,True,4196700.852989199,1.1250162124298888,0.3758855003630777,5,None,Stable,High,-0.1,0.03,-4.037048038673656,0.08906122040042311,INSUFFICIENT_LIQUIDITY,11.6,
GOVX,Health Care,8597267.0,True,22317183.87292097,23.284831620577304,0.38523081805279547,5,None,Stable,Very High,-0.004211736301470002,0.25,-23.12017204699543,0.11,INSUFFICIENT_LIQUIDITY,11.6,1.0
CREG,Industrials,7941180.0,True,-1703535.4020756402,-0.11224261836956342,,,None,Positive,Very High,0.4,0.03,-0.015314507551658786,0.09259808542273439,INSUFFICIENT_LIQUIDITY,11.6,
PAVS,Unknown,933280.0,True,5020165.345344192,71.28136895966685,0.18590622734479126,5,None,Negative,Very High,-0.1,0.03,-0.17225620222764423,0.11,INSUFFICIENT_LIQUIDITY,11.5,
GGRP,Information Technology,17033568.0,True,25586182.16947101,1.3031984298506722,0.6657330854278118,4,Narrow,Stable,Very High,-0.05989262072775706,0.03235997039363968,-0.5325822973155732,0.11,INSUFFICIENT_LIQUIDITY,11.5,
BCAB,Health Care,5526314.0,True,38142384.53600418,32.4185994157165,0.14488643191102757,5,Narrow,Stable,Very High,-0.1,0.28,,0.11,INSUFFICIENT_LIQUIDITY,11.4,
UONE,Communication Services,28324380.0,True,3186663572.2462964,714.7669970776685,0.008888412396804721,5,None,Negative,High,-0.1,0.03,0.04318940056663832,0.046260794699665764,INSUFFICIENT_LIQUIDITY,11.4,
FRMM,Financials,74023768.0,False,-12689443.149721265,-1.5541954401066238,,,None,Negative,Medium,0.25073092033563127,0.04,-0.47455166175158053,0.06117802071764265,INSUFFICIENT_LIQUIDITY,11.3,2.0
ATLN,Information Technology,74694648.0,True,1232900813.6391194,22.479256998765354,0.060584474577095836,5,None,Stable,Extreme,-0.08432490602209947,0.25,-0.8079111090703808,0.08636107186655637,INSUFFICIENT_LIQUIDITY,11.3,
AMCI,Consumer Discretionary,107577736.0,True,7514928.339803409,0.41088598195132126,14.31520450171242,1,None,Stable,Medium,0.4,0.03,-0.15249930643163528,0.075,INSUFFICIENT_LIQUIDITY,11.2,
BTOG,Financials,2624855.0,False,55304.91534847072,0.1436190018712197,47.461513745406755,1,None,Negative,Very High,0.4,0.03,-0.7602611333675169,0.11,INSUFFICIENT_LIQUIDITY,11.1,
GOCO,Financials,19749880.0,False,2360105840.3931947,182.38839570271983,0.008368217925645937,5,None,Positive,Extreme,-0.1,0.03,-0.1941947603310173,0.04620419556200928,INSUFFICIENT_LIQUIDITY,11.0,2.5
CELU,Health Care,25249562.0,True,-7838870.113994174,-0.3062227778516428,,,None,Negative,Extreme,0.17938794478358522,0.06563323941715397,-1.6321810427328884,0.0750877370619152,INSUFFICIENT_LIQUIDITY,11.0,
QSI,Health Care,228648160.0,True,170801762.30114534,0.8636602144016653,1.3386756490068532,1,None,Positive,High,0.4,0.25,-13.226225496823035,0.09,INSUFFICIENT_LIQUIDITY,10.9,
XXII,Consumer Staples,2061183.0,True,6890322.932973651,37.43377646712149,0.2991417122318325,5,None,Negative,Very High,-0.1,0.03,-1.0062390697093297,0.09298508982613282,INSUFFICIENT_LIQUIDITY,10.9,
SLND,Industrials,60182956.0,True,28014210.604214907,0.5183045976701428,2.1483009766102463,1,None,Negative,Very High,0.040162831040573596,0.03,-0.11936081569640727,0.05459638895774331,INSUFFICIENT_LIQUIDITY,10.9,
AIOS,Materials,46980000.0,True,18936163.19187066,81.6782686041537,2.4809672119940656,1,None,Negative,High,0.23501082030844722,0.03,0.0948642869553256,0.09,INSUFFICIENT_LIQUIDITY,10.8,
SPCE,Industrials,457499680.0,True,-17063689.247168325,-0.3330020148934141,,,None,Positive,Very High,0.4,0.03,-2.102029312288613,0.08239963255077756,INSUFFICIENT_LIQUIDITY,10.8,
ISPR,Consumer Staples,97578976.0,True,33818239.25989413,0.5948307198096283,2.8853949269831225,1,None,Stable,High,0.26651168861645413,0.05016145851558851,,0.08908700387003649,INSUFFICIENT_LIQUIDITY,10.7,
HYFM,Industrials,4574027.0,True,-69694215.37626205,-14.994629965772413,,,None,Negative,Extreme,0.1499328396464884,0.03,-0.1269425941417867,0.04681853008856426,INSUFFICIENT_LIQUIDITY,10.5,
CRIS,Health Care,18448616.0,True,36544775.801145345,2.776108095235969,0.5048222514864027,5,None,Positive,High,-0.1,0.03,-8.637121881570826,0.09,INSUFFICIENT_LIQUIDITY,10.3,
CYN,Information Technology,18606032.0,True,34724261.70171785,7.647705540826589,0.5358222490034839,5,None,Positive,Very High,-0.1,0.03,-8.767834732296896,0.11,INSUFFICIENT_LIQUIDITY,10.2,
AGIG,Energy,47104420.0,True,-480550.083496836,-0.014629847968547126,,,None,Negative,Very High,0.4,0.03,-0.3094405544269463,0.10219294249677512,INSUFFICIENT_LIQUIDITY,10.1,
SNES,Materials,8114241.0,True,12136207.085504394,3.7046001415466425,0.6685977705251692,4,None,Positive,Very High,-0.1,0.25,-6.192756916996047,0.10835229532413784,INSUFFICIENT_LIQUIDITY,10.0,1.0
CETX,Industrials,6139250.0,True,167701533.14219996,1266.666161683132,0.03660819245340063,5,None,Positive,Extreme,-0.1,0.14641651879954196,-0.17524002017730417,0.06807141424542601,INSUFFICIENT_LIQUIDITY,10.0,
AVX,Financials,35945068.0,False,16577811.10946118,0.9958721780948986,2.168263817379706,1,None,Positive,High,0.4,0.25,-0.9994085464966578,0.08272425229440532,INSUFFICIENT_LIQUIDITY,10.0,
REED,Consumer Staples,19682762.0,True,3516494.661784565,0.4235768881192272,5.597267703517944,1,None,Negative,High,0.24534503775995498,0.03,-1.0404761529026558,0.07519225275441384,INSUFFICIENT_LIQUIDITY,9.8,
AIM,Health Care,7511861.0,True,-1425654.6311107539,-0.8807856528819071,,,None,Negative,Very High,0.4,0.03,-1.0696999169730756,0.08515171388790711,INSUFFICIENT_LIQUIDITY,9.7,1.5
AMOD,Financials,11255945.0,False,-994979.2721524821,-0.03643798936744721,,,None,Stable,Medium,0.4,0.04,,0.0722009058203481,INSUFFICIENT_LIQUIDITY,9.7,
NCRA,Materials,3191358.0,True,8319349.842292653,0.581508922651148,0.3836066592339051,5,None,Stable,High,-0.1,0.03,-1.6263646738951725,0.0898923403660673,INSUFFICIENT_LIQUIDITY,9.6,
SPWH,Consumer Discretionary,49555140.0,True,1203171731.1727066,31.344024674951978,0.04118708802416728,5,Narrow,Negative,High,-0.1,0.03,0.12043982762444472,0.059645497561188636,INSUFFICIENT_LIQUIDITY,9.4,1.0
BNRG,Materials,697291.0,True,71187.28586219343,0.8707030208785081,9.795162037078331,1,None,Positive,High,0.3352481991064197,0.03,-2.376237145179782,0.0492294184898895,INSUFFICIENT_LIQUIDITY,9.4,
AI,Information Technology,1515387392.0,True,4977729767.00644,38.56044873696783,0.30443343912406473,5,Narrow,Positive,High,-0.029037997551852823,0.20732403184319562,-2.9907325339279645,0.09,SELL,9.3,3.5
CRVO,Health Care,27220634.0,True,34222488.62247664,3.7849366298681493,0.7954019446184296,4,None,Negative,High,-0.09654614468065431,0.03,-2.1037950857480556,0.09,INSUFFICIENT_LIQUIDITY,9.3,1.0
FNGR,Information Technology,46022260.0,True,164943.96570471558,0.0027676512886294327,279.0175427356314,1,None,Positive,High,0.4,0.03,-0.37144781019883305,0.08942436666031238,INSUFFICIENT_LIQUIDITY,9.2,
ATYR,Health Care,46084072.0,True,78293044.53388703,0.8419932490004908,0.5886100390444486,5,None,Positive,Very High,-0.1,0.03,-107.08726337448559,0.10874049221221894,INSUFFICIENT_LIQUIDITY,9.2,
IVF,Health Care,2839795.0,True,20630353.959109947,176.2028130395527,0.13765129796747883,5,None,Positive,Very High,-0.07818499211806546,0.25,-1.8365672857606286,0.08418741357316287,INSUFFICIENT_LIQUIDITY,9.2,
XBP,Industrials,28125640.0,True,1097338851.641211,1097338.851641211,0.02563077025654792,5,None,Stable,High,0.16349119913851118,0.25,-0.06446707220312087,0.04425365056334725,INSUFFICIENT_LIQUIDITY,9.2,
DEVS,Financials,7684492.0,False,-5279906.421915063,-2.093849098980564,,,None,Stable,Medium,0.4,0.04,-0.09351894027865985,0.058157200977674565,INSUFFICIENT_LIQUIDITY,9.1,
KXIN,Consumer Discretionary,9145304.0,True,857685.382733531,0.38499814061785287,10.662772368642896,1,None,Negative,Very High,0.4,0.03,-1.4041960745183215,0.11,INSUFFICIENT_LIQUIDITY,9.0,
INTZ,Information Technology,15684180.0,True,12799885.092473611,0.6464588430542227,1.2253375625397112,2,None,Positive,Very High,0.1065603817322428,0.046009231069134335,-3.0947410718628,0.10927394719615971,INSUFFICIENT_LIQUIDITY,8.9,
BEEP,Real Estate,83620704.0,False,20923284.763896585,0.5166496118537504,3.9965380648209057,1,None,Positive,Very High,0.11170625874856419,0.06909435711092878,-0.009205892614186957,0.06255474379633888,INSUFFICIENT_LIQUIDITY,8.8,1.66667
OXBR,Financials,7451643.0,False,7720973.539155369,1.0448118424442927,0.9651170234181593,3,None,Positive,Very High,-0.019691416164640818,0.03,-0.12183906015369667,0.10896257987331767,INSUFFICIENT_LIQUIDITY,8.7,
AIFA,Communication Services,12800360.0,True,33573862.29079561,0.8485711407842925,0.38125968019798734,5,None,Positive,Very High,-0.1,0.08405620575114287,-0.7202188812842324,0.061992819235953456,INSUFFICIENT_LIQUIDITY,8.7,
TRNR,Information Technology,1727689.0,True,-6446975.063127112,-46.20295166213101,,,None,Stable,Very High,0.33266180342156726,0.25,-1.2601743550502842,0.04867728353496906,INSUFFICIENT_LIQUIDITY,8.7,
SRXH,Consumer Staples,71302776.0,True,-3161489.40611652,-0.14978362464683093,,,None,Negative,Very High,0.4,0.03,-1.9195638306529514,0.10608895154016429,INSUFFICIENT_LIQUIDITY,8.6,
WKSP,Industrials,7869807.0,True,9353683.780600507,1.5226270584566783,0.8413591034926732,3,None,Positive,Very High,0.20826813914633402,0.25,-0.6974677226859073,0.09329589519350587,INSUFFICIENT_LIQUIDITY,8.3,
CBUS,Materials,104456808.0,True,21262834.431751795,0.4646864897093705,4.912647386465777,1,None,Negative,Very High,0.4,0.03,-1.3930869410614277,0.10966530014514099,INSUFFICIENT_LIQUIDITY,8.1,
SLMT,Unknown,43860232.0,True,180418372.19111222,77.9648460118224,0.24310291389582023,5,Narrow,Stable,High,0.05316200276694738,0.28,-2.9854398772276762,0.08691860165671889,INSUFFICIENT_LIQUIDITY,8.1,
SGLY,Industrials,2765692.0,True,12682435.298128622,3.42141662562797,0.2180726284019045,5,None,Positive,Very High,-0.1,0.03,-0.09803183097235164,0.0824406327646059,INSUFFICIENT_LIQUIDITY,7.9,
ARQ,Materials,111608264.0,True,-11114319.569600828,-0.2676730304320801,,,None,Positive,Very High,0.4,0.06855375416499343,-0.08864007703788057,0.09647603621202117,INSUFFICIENT_LIQUIDITY,7.9,
FEED,Health Care,5293809.0,True,6080030.914762083,9.673352459472492,0.870687842581003,3,None,Positive,Very High,0.02964206678341441,0.08768592960768672,-7.256110201854883,0.0987235403508326,INSUFFICIENT_LIQUIDITY,7.8,
NCL,Materials,8468334.0,True,-2045094.1850431042,-0.1429668801920089,,,None,Stable,High,0.2791782721208088,0.03,-0.7685376004976766,0.07439250451420384,INSUFFICIENT_LIQUIDITY,7.6,
BRTX,Health Care,10318660.0,True,8532657.55880035,0.9487988932422582,1.2093137371202263,2,Narrow,Stable,Very High,0.3153817719009817,0.28,-25.338529898003227,0.11,INSUFFICIENT_LIQUIDITY,7.5,
BTCS,Financials,64707980.0,False,-64858200.675420016,-1.9540936346969169,,,None,Positive,Extreme,0.4,0.25,-0.20134554847240863,0.08629218510046155,INSUFFICIENT_LIQUIDITY,7.4,
CXAI,Information Technology,26922586.0,True,18173291.9047831,0.776165731327161,1.4814369427981366,1,None,Stable,High,0.10591436526645237,0.03,-1.1272324436278869,0.07511235881250439,INSUFFICIENT_LIQUIDITY,7.3,2.0
ALBT,Information Technology,4302216.0,True,-63803.00192161254,-0.0198715021873547,,,None,Positive,Very High,0.39107213132823804,0.03,-0.5995854436179593,0.0981255226078114,INSUFFICIENT_LIQUIDITY,7.2,
SNBR,Consumer Discretionary,11008203.0,True,12966357098.99651,566.637114844929,0.0008489819396422411,5,Wide,Negative,Medium,-0.1,0.03,0.5972811132424285,0.04402961290067653,INSUFFICIENT_LIQUIDITY,7.2,3.0
OMEX,Industrials,57467068.0,True,-510397.6394021404,-0.013002110162623688,,,None,Stable,Very High,0.4,0.03,,0.10467770393663292,INSUFFICIENT_LIQUIDITY,7.1,
TPET,Energy,12008406.0,True,10951087.495547634,1.2011796382151336,1.0965491787808506,3,Narrow,Stable,Medium,0.2917011708780758,0.28,-0.3869672597855703,0.07380474157121884,INSUFFICIENT_LIQUIDITY,6.9,
YHC,Consumer Staples,15642203.0,True,10194687.814956196,1.4000713055637195,1.5343484061426564,1,None,Stable,High,0.4,0.18168857947570505,-1.0454114096252614,0.09,INSUFFICIENT_LIQUIDITY,6.8,
ENSC,Health Care,3733870.0,True,46288594.715848796,18.100027769018332,0.0806650109583378,5,None,Negative,Very High,-0.1,0.25,-15.177660100820216,0.10494839169049576,INSUFFICIENT_LIQUIDITY,6.6,
RKDA,Energy,2200866.0,True,4510983.0570724625,3.297364844500238,0.4878905489457364,5,None,Positive,Very High,-0.1,0.03,-5.778510838831291,0.11,INSUFFICIENT_LIQUIDITY,6.5,
USEG,Energy,51556552.0,True,22872746.906487703,0.6763004270880967,2.2540603544813553,1,None,Negative,Very High,0.18819805934674905,0.03,-0.3316229516502697,0.10692220473107497,INSUFFICIENT_LIQUIDITY,6.4,2.0
NFE,Utilities,143788496.0,True,3816891119.9454365,13.706430205024263,0.03767162632662561,5,None,Positive,Very High,-0.04990138236191094,0.03,0.036397313611189086,0.04382231178559252,INSUFFICIENT_LIQUIDITY,6.4,3.0
NXTT,Information Technology,122785648.0,True,57021689.00617683,24.60287468273364,2.1533148200275045,1,None,Positive,High,0.4,0.25,-0.07740137243681523,0.09,INSUFFICIENT_LIQUIDITY,6.2,
EMPD,Consumer Discretionary,93325568.0,True,-89993686.87332532,-4.869033392459736,,,None,Stable,Extreme,0.4,0.03,-9.037292111275367,0.08740688935794544,INSUFFICIENT_LIQUIDITY,5.9,
SBEV,Consumer Staples,2741197.0,True,-8222564.52655797,-3.774594128874567,,,None,Stable,Extreme,0.4,0.03,-2.9338770937650205,0.06575185200934458,INSUFFICIENT_LIQUIDITY,5.8,
VIVK,Utilities,3006952.0,True,161287465.6569066,444.77388854944076,0.018643432629764537,5,None,Positive,Extreme,0.006365454842584772,0.25,-0.4136501237355408,0.04581353658152269,INSUFFICIENT_LIQUIDITY,5.4,
ZSTK,Industrials,11714871.0,True,-32286082.853991583,-11.727600019611907,,,None,Negative,Extreme,0.3330000372951121,0.12101277788107215,-1.3056861834606779,0.05989835534457763,INSUFFICIENT_LIQUIDITY,5.4,
NWTG,Consumer Discretionary,4799988.0,True,40324779.630122855,10.894337353239129,0.11903321094442831,5,None,Stable,High,-0.1,0.25,-8.0975,0.08960575196633415,INSUFFICIENT_LIQUIDITY,5.3,3.0
TRUG,Consumer Discretionary,1781883.0,True,54235372.924825825,183.0340650758685,0.03285462796521782,5,None,Stable,High,-0.1,0.03,,0.06549302100961375,INSUFFICIENT_LIQUIDITY,5.3,
CODX,Health Care,20748318.0,True,13354685.750003131,10.03960738986854,1.5536358090638813,1,None,Negative,Very High,0.3780623894902194,0.03,-1.5514089536405993,0.11,INSUFFICIENT_LIQUIDITY,5.2,3.0
BIAF,Industrials,7845387.0,True,7996830.722065097,4.6463972791912855,0.9810620322814602,3,None,Stable,Very High,0.2402426592640151,0.25,-3.5412303631271547,0.10371129687296214,INSUFFICIENT_LIQUIDITY,5.1,
ORGN,Materials,7209043.0,True,33550359.398233425,6.791628470977572,0.2148723032868491,5,None,Positive,High,-0.1,0.03,-0.3486092682586174,0.054240369378267414,INSUFFICIENT_LIQUIDITY,4.9,
AIIO,Consumer Discretionary,58163572.0,True,-22810711.43085343,-1.4441398323668322,,,None,Stable,High,0.4,0.03,-1.9252422587493516,0.07523745047465016,INSUFFICIENT_LIQUIDITY,4.5,
REFR,Financials,25732424.0,False,3541449.2976056896,0.10524922840959972,7.266071553642524,1,None,Positive,Very High,0.4,0.03,-2.9838835885801185,0.11,INSUFFICIENT_LIQUIDITY,4.4,
AUID,Information Technology,20165608.0,True,49978784.45752777,3.8424395746710935,0.4034833623682232,5,Narrow,Positive,Very High,0.14625525027165842,0.28,-3.571305504374459,0.11,INSUFFICIENT_LIQUIDITY,4.3,
SEGG,Information Technology,24929674.0,True,-6292482.548028062,-7.285030003903955,,,None,Negative,Very High,0.4,0.03,-0.4093866507267855,0.09487917029391356,INSUFFICIENT_LIQUIDITY,4.1,
FCUV,Health Care,2024657.0,True,7955687.783388101,10.719047513258673,0.2544917617591268,5,None,Negative,Very High,-0.1,0.03,-1.2563924625216618,0.11,INSUFFICIENT_LIQUIDITY,4.1,
IPW,Consumer Discretionary,2010169.0,True,63511292.32919554,484.732177565226,0.03165057624053328,5,None,Negative,Very High,-0.1,0.03,-0.038274713918547136,0.06672454363613303,INSUFFICIENT_LIQUIDITY,4.0,
SRFM,Industrials,110436560.0,True,-7050934.216464207,-0.2008710614108877,,,None,Stable,Very High,0.4,0.25,-4.26064601085879,0.08095794639109764,INSUFFICIENT_LIQUIDITY,3.8,
MVIS,Information Technology,129495776.0,True,55588083.76117605,0.2035179681959758,2.3295599926839485,1,None,Stable,Very High,0.4,0.03,-6.036169006096697,0.10138623399496073,INSUFFICIENT_LIQUIDITY,3.7,
SDOT,Consumer Discretionary,10671060.0,True,156518888.8276766,3816.193552207922,0.06817745819642619,5,None,Positive,Extreme,-0.1,0.25,-0.9467079248922323,0.0902671147732359,INSUFFICIENT_LIQUIDITY,3.7,
PAPL,Financials,24523332.0,False,15069430.188323045,22.632889051580076,1.627356289755572,1,None,Stable,High,0.1883076279862944,0.09254209628780674,-2.7927023112311478,0.09,INSUFFICIENT_LIQUIDITY,3.5,
EP,Energy,107438952.0,True,82893669.90099862,2.4340362480338626,1.296105626983535,2,None,Negative,Very High,0.08487782344606443,0.03,-0.666223772957114,0.1013368264881853,INSUFFICIENT_LIQUIDITY,3.0,
DBGI,Consumer Discretionary,19767580.0,True,-6769974.605495224,-0.48506746837288944,,,None,Positive,Very High,0.4,0.03,-1.4818068984850714,0.08931959614656082,INSUFFICIENT_LIQUIDITY,2.4,
TONX,Financials,175810208.0,False,101784951.20038453,4.053710573743179,1.7272711331745063,1,None,Negative,Very High,0.3972539294631491,0.25,-2.1246493817311527,0.11,INSUFFICIENT_LIQUIDITY,2.3,
HWH,Industrials,7775455.0,True,2388451.8494713265,0.36408194767591473,3.2554371995068956,1,None,Stable,High,0.36462830646441113,0.03,-2.521008948153208,0.08590241592262497,INSUFFICIENT_LIQUIDITY,1.5,
MOBX,Information Technology,34425860.0,True,4931017.276311319,1.0845718916135128,6.981492473243269,1,None,Stable,High,0.4,0.25,-18.23704463827604,0.08522605921919423,INSUFFICIENT_LIQUIDITY,1.2,
SMR,Materials,3634110720.0,True,1264876719.456873,7.725302602000976,2.8730947957999065,1,None,Positive,Very High,0.4,0.25,-17.019719555365576,0.11,SELL,1.1,2.52941
CENN,Consumer Discretionary,6374716.0,True,10382254.712641208,12.406884579657136,0.6140011179111493,4,None,Positive,Very High,0.1897565184474762,0.24972556813127117,-0.5794713595687099,0.0765819467717549,INSUFFICIENT_LIQUIDITY,0.2,
OPTT,Utilities,66423228.0,True,11749489.105083413,0.09257835455694503,5.653286488113088,1,None,Positive,Very High,0.4,0.25,-1.7365489826571119,0.065,INSUFFICIENT_LIQUIDITY,0.0,
ISPC,Industrials,4340214.0,True,8021475.150203408,69.7146604844965,0.5410742935343933,5,None,Negative,Very High,-0.1,0.03,-1.7362941579986955,0.11,INSUFFICIENT_LIQUIDITY,0.0,
FFAI,Consumer Discretionary,91900616.0,True,-77786400.44528045,-0.6257977183953923,,,None,Positive,Very High,0.4,0.03,-1.181332246893461,0.0733331131508983,INSUFFICIENT_LIQUIDITY,0.0,1.0
