ticker,sector,mcap_B,bucket,my_fv,fwd_growth,mature_margin,uncertainty,moat,star,ms_fv,ratio,stance,reasoning,risk
NVDA,Information Technology,4967.7,HYPERGROWTH,287.1,0.21,0.4,Medium,Wide,5,280.0,1.03,aligned,"Kept baseline: g1=0.21 is a sensible deceleration of the 68% 5yr CAGR, and the model's conservative 0.40 mature margin (vs 0.66 OPM TTM) still lands the FV right on MS 280 and AV PT 298. No override needed.",AI capex digestion / hyperscaler in-housing could compress growth and the still-elevated margin faster than modeled.
AAPL,Information Technology,4514.0,COMPOUNDER,180.86,0.036,0.315,Low,Wide,1,,,independent,No MS anchor. Kept baseline low-single-digit growth (5yr rev CAGR 3.3%; AV QoQ 16.6% is iPhone-cycle noise) and stable 31.5% margin; FV $181 vs a ~$300 price implies the market pays a large premium for buyback/services optionality the DCF won't credit. Conservative intrinsic floor.,"Services growth and a hardware AI cycle could re-rate growth above the modeled ~4%, making the FV look too low."
GOOGL,Communication Services,4494.2,COMPOUNDER,455.82,0.129,0.32,Low,Wide,5,,,independent,Class-A share; no MS cache (MS keys GOOG). Kept baseline 12.9% growth (AV QoQ +21.8% on cloud/AI) and 32% margin; FV $456 brackets AV PT 431 and the GOOG-class MS of 433. Coherent with the GOOG read.,Generative-AI search disruption and the DOJ antitrust remedy are qualitative risks the Low-uncertainty model under-weights.
GOOG,Communication Services,4460.4,COMPOUNDER,389.74,0.11,0.32,Low,Wide,4,433.0,0.9,below,"Kept baseline. g1=0.11 decelerates the 14.5% 3yr CAGR for scale; 32% margin held. FV sits 10% below MS 433 and below AV PT 407 — a deliberately conservative read that does not fully credit cloud-margin expansion, which I can defend.",AI search cannibalization and antitrust remedies; offset by Gemini/Cloud momentum that could push growth above the modeled 11%.
MSFT,Information Technology,3095.2,COMPOUNDER,673.27,0.115,0.44,Low,Wide,5,600.0,1.12,above,"Kept baseline. 11.5% growth (AV QoQ +18.3% on Azure/Copilot) and a high 44% margin justify sitting 12% above MS 600 and ~20% above AV PT 561 — I credit more durable Azure/AI operating leverage than MS. A defensible premium, not a bug.",Heavy AI capex could depress near-term FCF margin below the modeled 44% if monetization lags the build-out.
AMZN,Consumer Discretionary,2646.6,COMPOUNDER,293.41,0.11,0.13,Low,Wide,5,280.0,1.05,aligned,"Kept baseline. The 13% mature margin captures the retail/AWS/ads mix shift (OPM TTM already 13.1%, up from a 5.9% peak in the trough years); FV $293 lands within 5% of both MS 280 and AV PT 313.",AWS growth re-acceleration vs. AI-capex drag is the swing factor; consumer-retail margins remain thin and economically sensitive.
AVGO,Information Technology,1826.3,COMPOUNDER,480.6,0.22,0.399,Medium,Wide,5,650.0,0.74,below,OVERRIDE g1 0.275->0.22: the baseline extrapolated the AI/VMware peak (AV QoQ +47.9%); I decelerated to a still-strong 22% that credits the VMware software annuity but normalizes the custom-AI-silicon surge. FV $481 is 26% below MS 650 and below AV PT 517 — I am more conservative than the Street on the durability of hyperscaler ASIC demand.,Custom-AI-accelerator demand is concentrated in a few hyperscalers; a single design loss or capex pause would hit the growth thesis hard.
META,Communication Services,1505.3,COMPOUNDER,810.31,0.12,0.38,Medium,Wide,5,850.0,0.95,below,"Kept baseline. 12% growth decelerates the 22% 3yr CAGR; 38% margin is below the 41% OPM TTM to absorb Reality Labs / AI-capex drag. FV $810 sits 5% under MS 850 and at AV PT 829 — a tight, defensible read.","Open-ended AI and metaverse spend, plus EU/regulatory and ad-targeting (privacy) exposure, could pressure the modeled 38% margin."
TSLA,Consumer Discretionary,1468.5,OPTIONALITY,34.99,,,Medium,None,1,400.0,0.09,out-of-model,"Model flags out_of_model: the market prices >=40% growth and FV is <18% of price — the gap is robotaxi/FSD/energy optionality the auto-DCF cannot value. I do not force a number; the $35 fundamentals-only floor (8.7% growth, 7.2% auto margin) is context, not my fair value.",Valuation is entirely a bet on autonomy/AI execution; any delay or auto-margin erosion removes the support beneath a 10x+ premium to fundamentals.
BRK.A,Financials,1054.8,FINANCIAL,341.22,0.04,0.119,Medium,None,1,,,dcf-na,Insurance/conglomerate holding co — dcf_applicable=false; a single-stage operating DCF is invalid for a float-funded book that should be valued on book value + look-through earnings. Baseline FV is reference-only. No override.,"Key-man (succession) risk and a large low-yielding cash pile; intrinsic value tracks book growth and underwriting, not the DCF."
BRK.B,Financials,1052.8,FINANCIAL,341.24,0.04,0.119,Medium,None,1,,,dcf-na,"Same entity as BRK.A (B-class). dcf_applicable=false — value on book value + look-through earnings, not the operating DCF. AV PT 520 is on the B-share dollar basis; baseline FV is reference-only. No override.","Succession and cash-deployment drag; value is book-value-driven, so the DCF output should not be read as a fair value."
LLY,Health Care,1008.9,HYPERGROWTH,3304.76,0.28,0.327,Medium,Wide,5,,,independent,"No MS anchor. Kept baseline 28% growth (AV QoQ +55.5% on GLP-1/Zepbound) and 32.7% margin; FV $3,305 sits well above AV PT 1,215 — but the AV PT looks stale/lagging given the incretin ramp, so I trust the trajectory-driven model here while flagging the gap. Wide moat from the patent-protected obesity/diabetes franchise.","GLP-1 competition (oral entrants, Novo), IRA/pricing pressure, and patent cliffs could decelerate the 28% growth that drives most of the FV."
MU,Information Technology,974.4,CYCLICAL,766.49,,,Medium,Narrow,2,,,out-of-model,"Model flags out_of_model (revenue collapsed >45% in a year — the memory down-cycle trough reads as a restructuring discontinuity). AV confirms the up-cycle snapping back violently (QoQ rev +196%, OPM TTM 0.68, FwdPE 8.8 vs TrailingPE 44.8). I do not force a number; a memory cyclical must be valued on mid-cycle through-cycle earnings the single-trough DCF cannot capture.","Pure DRAM/NAND commodity cyclicality — HBM/AI demand is lifting the current peak, but the next glut would compress margins from 68% toward low-cycle levels."
WMT,Consumer Staples,946.1,STABLE,57.12,0.053,0.043,Low,Narrow,1,70.0,0.82,below,Kept baseline. Low-single-digit growth and a thin 4.3% retail margin are structurally right; FV $57 is 18% below MS 70 because the model does not credit the high-margin ads/membership flywheel MS bakes in. AV PT 137.93 is on a pre-split share basis and not comparable.,Retail-media and automation could lift margins above the modeled 4.3% (upside); consumer trade-down and wage inflation are the downside.
JPM,Financials,837.0,FINANCIAL,2178.83,0.164,0.351,Medium,Narrow,5,,,dcf-na,Money-center bank — dcf_applicable=false; an operating-margin DCF is invalid for a balance-sheet-driven NII/credit model. Value on normalized P/E or P/B x ROE. AV PT 342 at ~14x earnings is the right anchor; the baseline FV is not usable. No override.,"Credit-cycle / net-interest-margin sensitivity and regulatory capital (Basel) requirements drive value, none of which the DCF captures."
AMD,Information Technology,760.5,HYPERGROWTH,290.02,0.22,0.22,Medium,Narrow,1,450.0,0.64,below,OVERRIDE margin 0.098->0.22: the baseline used the data-center-ramp trough margin (OPM TTM 14.4% and rising). I set a structural 22% margin at scale and kept 22% growth (AV QoQ +37.8%). FV $290 lifts the indefensible baseline $131 to a defensible 0.64x MS; I stay below MS 450 / AV PT 483 because I credit less MI300/AI-share capture than the Street.,"NVDA's CUDA lock-in caps AMD's AI-GPU share; if data-center traction stalls, the 22% structural margin and growth both prove optimistic."
ASML,Industrials,632.8,COMPOUNDER,1604.1,0.14,0.328,Low,Wide,3,1400.0,1.15,above,"OVERRIDE g1 0.167->0.14: trimmed the baseline growth to a more durable mid-teens rate given the lumpier 12.2% 3yr CAGR. FV $1,604 sits 15% above MS 1,400 and below AV PT 1,697 — a defensible premium justified by ASML's EUV-lithography monopoly (wide moat, ROIC 50%).",China-export controls and the inherent order-lumpiness of the WFE cycle can swing revenue sharply year to year despite the structural monopoly.
XOM,Energy,621.4,CYCLICAL,113.42,0.03,0.143,Medium,Narrow,1,156.0,0.73,below,Kept baseline. Low 3% growth and a 14.3% margin are a reasonable mid-cycle read (OPM TTM 6.4% is a trough; peak 12.6%). FV $113 is 27% below MS 156 — MS uses a higher mid-cycle oil/refining margin than the model; I am comfortable being conservative on a commodity name. AV PT 169.91 is the bullish anchor.,Crude/refining price cyclicality and long-run energy-transition demand decline; upside if mid-cycle oil normalizes higher than modeled.
V,Financials,615.3,FINANCIAL,354.64,0.1,0.65,Medium,Wide,4,330.0,1.07,dcf-na,"Payments network — dcf_applicable=false (financial tag), though it is really an asset-light toll-road with a 65% operating margin. The baseline FV $355 nonetheless lands within 7% of MS 330 and at AV PT 399, so the number is usable; I keep it and flag the dcf-na status. No override.",Regulatory pressure on interchange fees and account-to-account / stablecoin payment rails are the structural threats to the network moat.
ORCL,Information Technology,614.6,COMPOUNDER,259.04,0.11,0.342,Low,Wide,5,,,independent,"OVERRIDE g1 0.084->0.11: the baseline trailing growth missed the OCI/AI-cloud re-acceleration (AV QoQ +21.7%, large RPO backlog). Lifting to 11% raises FV from $200 to $259, landing right at AV PT 251. No MS anchor; the AV PT is my cross-check.",OCI growth depends on AI-capex commitments converting to revenue; heavy data-center spend and customer concentration could pressure margins and the re-acceleration thesis.
JNJ,Health Care,560.3,STABLE,145.28,0.048,0.287,High,Wide,1,190.0,0.76,below,"OVERRIDE uncertainty Low->High (4th lever): the model cannot see the multi-billion-dollar talc litigation overhang, which warrants a higher cost of equity. That cut the baseline $240 (1.26x MS, indefensibly high) to $145, now a defensible 0.76x MS 190 and below AV PT 253. Growth/margin kept.",Talc and other product-liability litigation outcomes are the dominant qualitative risk; pharma patent cliffs (Stelara) add a secondary drag.
INTC,Information Technology,498.4,TURNAROUND,29.98,0.03,0.288,Medium,Narrow,1,,,independent,"No MS anchor. Turnaround: revenue has been shrinking (5yr CAGR -9.6%) with a negative OPM TTM, but the model looks through to a normalized 28.8% margin (the peak) on flat 3% growth, giving FV $30. AV PT 89 is on a different share basis; I treat $30 as a recovery-weighted intrinsic, contingent on foundry execution.","Foundry (IFS) turnaround execution and the capex/cash burn are existential; if 18A/external-foundry traction fails, the normalized-margin assumption collapses."
CSCO,Information Technology,479.4,STABLE,76.56,0.03,0.264,Low,Wide,1,,,independent,No MS anchor. Mature networking compounder: low 3% growth and a 26.4% margin are structurally right; FV $76.56 vs AV PT 125.82 (different share basis) reflects a conservative no-re-rating read. Splunk/AI-networking is modest upside not credited. Kept baseline.,Secular share loss in core switching/routing and slow software-transition; AI-data-center networking is the swing upside to the modeled 3% growth.
MA,Financials,433.9,FINANCIAL,845.76,0.146,0.45,Low,Wide,5,550.0,1.54,dcf-na,"Payments network — dcf_applicable=false; like V it is an asset-light toll-road (55% op margin, 82% ROIC) but the financial tag voids the DCF. The baseline runs hot at 1.54x MS 550 and above AV PT 647, so I do not adopt the number — I flag dcf-na and lean on AV PT / MS as the real anchors. No DCF override (would be a P/E call, not a lever).",Same as V: interchange-fee regulation and alternative payment rails; the model's 1.54x-MS overshoot shows the DCF is the wrong tool here.
COST,Consumer Staples,431.0,STABLE,595.6,0.08,0.036,Low,Wide,1,740.0,0.8,below,"Kept baseline. 8% growth and the structurally thin 3.6% retail margin are right; FV $596 is 20% below MS 740 and far below AV PT 1,082 because the DCF will not pay COST's premium multiple for its high-renewal membership-fee annuity and pricing power. Conservative defensible floor.","Valuation risk — the market awards COST a far richer multiple than fundamentals support, so any membership-growth or comp deceleration de-rates it sharply."
CAT,Industrials,416.5,CYCLICAL,313.59,0.04,0.2,Medium,Narrow,1,680.0,0.46,below,"Normalized to mid-cycle: 3yr rev CAGR is only 0.4% (late-cycle plateau) so I used 4% through-cycle growth and a ~20% mid-cycle operating margin (recent 20.9% sits above its own peak). Cut FV from baseline $426 to $314. Cached MS $680 and AV PT $937 both look split/stale-basis vs the ~$870 price, so I anchor to my own mid-cycle math.","A construction/mining capex downturn would push volumes and margins below mid-cycle, compressing earnings faster than the model's smooth normalization assumes."
ABBV,Health Care,401.5,STABLE,118.24,0.04,0.32,Medium,Wide,1,,,independent,"Humira biosimilar erosion is largely lapped (3yr CAGR 6.1% > 5yr 2.1% confirms re-acceleration) with Skyrizi/Rinvoq driving the next leg; set 4% long-run growth and restored the 32% structural op margin (opm_peak, vs the depressed 23% TTM hit by a one-time IPR&D charge). FV $118.",Skyrizi/Rinvoq concentration plus the long-dated patent cliffs on those two drugs; any immunology pricing/reimbursement shock hits the whole thesis.
BAC,Financials,382.0,FINANCIAL,524.24,0.134,0.348,Medium,Narrow,5,,,dcf-na,"Bank: DCF invalid (dcf_applicable=false) — the $524 model FV is a per-share artifact, not usable intrinsic value. Value on normalized P/B x ROE; AV PT $63 vs ~$51 price and 12x forward P/E imply modest undervaluation on a normalizing-rate book. No lever changes.",A rate-cut path compresses net interest income and a credit cycle would lift charge-offs from today's benign levels.
LRCX,Information Technology,379.3,CYCLICAL,102.43,0.07,0.3,Medium,Wide,1,220.0,0.47,below,"Semi-cap (WFE) cyclical: smoothed to ~7% mid-cycle growth (AV QoQ +23.8% is an up-cycle reading) and held the 30% structural op margin. FV $102. Cached MS $220 and AV PT $316 reflect a pre-split share basis (stock ~$290 post 10:1 split), so on a like basis my number isn't truly half MS; I keep the mid-cycle figure.",WFE spending is lumpy and China-exposed; export controls or a memory-capex air-pocket would drop revenue well below the smoothed mid-cycle path.
CVX,Energy,373.0,CYCLICAL,101.68,0.03,0.13,Medium,Narrow,1,192.0,0.53,below,"Integrated oil: normalized off the trough — AV OpM TTM 7.3% is a low-price-deck reading, so I used a ~13% mid-cycle margin and 3% long-run growth, lifting FV from $91 to $102. MS $192 / AV PT $216 embed a higher long-run crude deck than I'll underwrite; I stay conservative on commodity prices.",Oil-price cyclicality plus the energy-transition demand tail; a sustained sub-$60 Brent environment guts the cash flows underpinning the dividend.
ARM,Information Technology,366.3,OPTIONALITY,,0.2,0.3,High,Narrow,1,,,out-of-model,"Even after decelerating to 20% growth and a 30% FCF-equivalent margin (the 0.97 gross is a data artifact; GAAP op margin 18% is SBC-suppressed vs AV's 29.5% TTM), the model self-ejects to out-of-model: FV would be <18% of the ~$350 price and the market prices >=40% growth on the royalty/v9+AI-licensing ramp. I do not force a number.",Valuation prices flawless royalty-rate expansion and AI-licensing adoption for years; RISC-V share loss or a large licensee renegotiation breaks the implied trajectory.
UNH,Health Care,362.8,TURNAROUND,446.29,0.05,0.075,High,Narrow,3,427.0,1.05,above,"Looked through the trough: a medical-cost spike and the DOJ Medicare-billing probe crushed margin to ~8% TTM and stalled QoQ growth to 2%, but normalized I underwrite ~7.5% op margin and 5% long-run growth. Applied the 4th lever (uncertainty -> High) for the regulatory/legal overhang the model can't see, taming the explosion (raw baseline was $537). FV $446, just above MS $427 and near the AV PT.",An adverse DOJ outcome or sustained elevation in the medical-loss ratio would keep margins below the normalized 7.5% and reset the earnings base lower.
AMAT,Information Technology,359.7,CYCLICAL,183.84,0.06,0.29,Medium,Wide,1,,,independent,"Semi-cap equipment: set ~6% mid-cycle growth (AV QoQ +11.4% is a moderate up-cycle, 5yr trend 5.3%) and held the durable 29% op margin. Raised uncertainty to Medium (cyclical China/WFE exposure) from the Low baseline, trimming FV from $204 to $184 vs the elevated AV PT $511.",WFE capex cyclicality and China demand/export-control exposure can swing revenue sharply around the smoothed mid-cycle assumption.
NFLX,Communication Services,346.0,COMPOUNDER,61.45,0.1,0.3,Medium,Narrow,1,80.0,0.77,below,"Decelerated the 16% 3yr CAGR to ~10% sustainable (subscriber base maturing; growth shifts to price + ad-tier) and lifted mature margin to 30% (AV OpM TTM 32.3% already exceeds the model's 26.7% recent). FV $61. MS $80 and the share price sit on a pre-split basis vs my figure; on a like basis I'm modestly below, reflecting a more conservative ad-revenue ramp.","Content-cost inflation and saturation in mature markets; the ad tier must scale materially to justify the multiple, and that monetization is still early."
GE,Industrials,342.7,RESTRUCTURING,,0.03,0.155,Medium,None,1,307.0,,out-of-model,"The cached 10yr history shows revenue collapsing >45% in a year — that is the GE Vernova / HealthCare spin-offs, not an operating decline, so the model correctly self-ejects (out_of_model=true). GE Aerospace continuing-ops is a wide-moat franchise (AV +24.7% QoQ, 20% OpM) but the discontinuity makes the cached-history DCF meaningless; I do not force a number.",Aftermarket/services demand on the LEAP installed base drives the thesis; a wide-body air-travel downturn or a fleet issue would hit the high-margin services stream.
KO,Consumer Staples,342.0,STABLE,68.4,0.06,0.3,Low,Wide,1,74.0,0.92,below,"Wide-moat staple, already well-calibrated via the standing override (6% organic growth on pricing + ~30% long-run op margin, Low uncertainty -> low WACC). FV $68 vs MS $74 — aligned within ~8%, the gap is just a marginally more conservative terminal multiple. No new lever change.",FX translation drag and secular pressure on sugary-beverage volumes in developed markets; pricing power offsets but is not unlimited.
PG,Consumer Staples,341.2,STABLE,145.09,0.04,0.23,Low,Wide,3,148.0,0.98,aligned,"Nudged growth from the 3% baseline to 4% (AV QoQ +7.4% and durable pricing support a touch more than the 1-3% recent CAGRs) and held the structural 23% op margin, Low uncertainty. FV $145 — essentially on top of MS $148 (ratio 0.98), a clean aligned read.","Volume softness if consumers trade down to private label, plus FX; the premium-pricing strategy depends on continued brand strength."
MS,Financials,334.3,FINANCIAL,1564.64,0.167,0.339,Medium,Narrow,5,,,dcf-na,"Investment bank / wealth manager: DCF invalid — the $1,565 figure is a per-share model artifact, not intrinsic value. Value on P/E to the fee-based wealth-management franchise; AV PT $203 vs ~$200 price and 18x forward P/E imply fair-to-full. No lever changes.",Capital-markets cyclicality (IB/trading) and asset-price beta in wealth fees; a market drawdown hits both fee streams at once.
PLTR,Information Technology,324.9,OPTIONALITY,,0.28,0.334,High,Narrow,1,,,out-of-model,"Model self-ejects (out_of_model=true): the market prices >=40% growth (AV QoQ +84.7% commercial/AIP ramp) — pure optionality a DCF cannot bound. AV now shows real GAAP profitability (OpM TTM 46.2%, profit margin 43.7%) far above the cached 10.8%, but at ~150x earnings the value is the growth option, not current cash flow. I do not force a number.",Any deceleration of the US-commercial AIP land-grab or government-budget timing slips would collapse a valuation that requires hypergrowth to persist for many years.
HD,Consumer Discretionary,309.9,STABLE,439.68,0.04,0.145,Low,Wide,5,325.0,1.35,above,"Wide-moat retailer with elite ~42% ROIC; set a normalized 4% growth (housing-turnover trough now, AV QoQ +4.8% recovering) and held the 14.5% op margin, Low uncertainty -> low WACC. FV $440, 35% above MS $325 — the gap is my higher reinvestment-driven terminal value off that ROIC and a less punitive housing-cycle assumption than MS.",A prolonged housing-turnover / big-ticket-remodel slump would keep comps negative longer than the normalization assumes.
GS,Financials,306.4,FINANCIAL,7533.51,0.136,0.291,Medium,Narrow,5,,,dcf-na,"Investment bank: DCF invalid — the $7,534 model output is a meaningless per-share artifact. Value on normalized P/B x through-cycle ROE; AV PT $948 vs ~$1,045 price and ~18x forward P/E suggest fair-to-slightly-rich on still-cyclical trading/IB earnings. No lever changes.",Trading and investment-banking revenue are highly cyclical; a capital-markets freeze sharply lowers normalized ROE.
MRK,Health Care,298.3,STABLE,104.87,0.05,0.31,High,Narrow,3,,,independent,"Set 5% long-run growth (AV QoQ slowed to +4.9%) and held the 31% structural op margin, but applied the 4th lever (uncertainty -> High) for the 2028 Keytruda patent cliff — Keytruda is ~half of revenue and the loss-of-exclusivity is a qualitative risk the cached model rates too benignly. That cut FV from $144 to $105 vs the ~$80 price.","Keytruda LOE in 2028 is the dominant risk; the subcutaneous reformulation and pipeline (Winrevair, oncology) must offset a large revenue hole."
BABA,Consumer Discretionary,290.4,ADR,,0.042,0.151,Medium,Narrow,3,258.0,,out-of-model,"Chinese ADR mislabeled 'Industrials' with a broken $16 model FV (ratio 0.06 vs MS $258 — a data/share-basis artifact, ADS vs ordinary shares). VIE structure, RMB translation, and regulatory/delisting risk are not capturable in the cached DCF, so I treat it out-of-model and do not report a forced number. AV shows cloud/AI re-acceleration but a thin 1% TTM op margin from reinvestment.","ADR/VIE legal structure, China regulatory and US delisting risk, plus RMB exposure — governance and political tail risks dominate the fundamentals."
AZN,Health Care,288.4,COMPOUNDER,239.8,0.1,0.3,Medium,Narrow,5,,,independent,"Wide oncology pipeline driving durable double-digit growth; decelerated the 13% 3yr CAGR to a still-strong 10% and lifted mature margin to 30% (AV OpM TTM 27.9% vs the depressed 18% cached recent, R&D-heavy). FV $240 (ADR basis) vs ~$80 price reflects the share/ADR-ratio basis; the per-fundamental math is sound.",Pipeline/trial-readout dependence and China-business regulatory scrutiny; a major oncology trial miss would dent the growth premium.
NVS,Health Care,284.6,STABLE,178.05,0.05,0.3,Low,Narrow,5,,,independent,"AV OVERVIEW returned empty, so I leaned on the model + 10yr trajectory: post-Sandoz-spin pure-play branded pharma with 5% durable growth and a 30% structural op margin (vs 25.8% recent), Low uncertainty given the diversified Entresto/Cosentyx/Kisqali base. Trimmed growth from the 8% baseline for Entresto LOE; FV $178 (ADR basis).","Entresto loss-of-exclusivity and pipeline reliance (pelacarsen, Kisqali expansion) must backfill; ADR/FX exposure as a Swiss filer."
PM,Consumer Staples,277.9,STABLE,185.33,0.07,0.354,Medium,Wide,3,171.0,1.08,above,"The out_of_model flag (revenue 'collapse') is a FALSE positive from the historical Altria/PMI spin in the cached series — PM is a stable wide-moat smoke-free-transition compounder, so I override the OOM and keep the DCF. 7% growth (IQOS/Zyn ramp, AV QoQ +9.1%) and a 35.4% op margin. FV $185, 8% above MS $171 — aligned-to-modestly-above on a stronger smoke-free mix.","Regulatory/excise-tax risk on next-gen products (Zyn FDA scrutiny, IQOS US rollout) and FX; combustible-volume decline must keep being offset by smoke-free growth."
RY,Financials,269.7,FINANCIAL,990.83,0.159,0.307,High,Narrow,5,,,dcf-na,Royal Bank of Canada is a bank (sector mislabeled 'Unknown'); a DCF is invalid for a bank so the $991 figure is a per-share artifact. Value on P/B x ROE; AV PT $187 vs ~$195 price and ~17x forward P/E imply roughly fair. Kept uncertainty High for Canadian-housing/credit cyclicality. No DCF number stands.,Canadian residential mortgage and consumer-credit concentration; a housing correction would lift provisions and compress book-value growth.
IBM,Information Technology,267.7,TURNAROUND,181.18,0.04,0.17,Medium,Narrow,1,,,independent,"Post-Kyndryl mix shift toward software (Red Hat) + consulting is lifting growth off the historical flatline; set 4% durable growth (AV QoQ +9.5%) and held the 17% op margin, Medium uncertainty. FV $181 vs ~$280 price — well below, because the model won't underwrite the AI/watsonx and software-margin expansion the market is paying for.","Software/consulting re-acceleration is the entire bull case; if hybrid-cloud and watsonx adoption stalls, growth reverts to the low-single-digit IBM of the prior decade."
TXN,Information Technology,259.4,CYCLICAL,163.07,0.04,0.4,Low,Wide,1,,,independent,"Analog semi at a cyclical trough (5yr CAGR -0.9%) with heavy 300mm-fab capex pressuring near-term margin; looked through to a 40% mid-cycle op margin (opm_peak 42.8%) and a 4% recovery growth (AV QoQ +18.6% inflecting), lifting FV from $159 to $163. Below the ~$220 price because I won't pay peak multiples mid-investment-cycle.",The elevated capex cycle plus auto/industrial end-market softness could keep free cash flow and margins depressed longer than the mid-cycle normalization assumes.
DELL,Information Technology,256.2,CYCLICAL,159.43,0.06,0.07,Medium,Narrow,1,,,independent,"Thin-margin hardware: the AI-server boom (AV QoQ +87.5%) is dilutive to op margin, so I held a realistic ~7% mature op margin and set 6% blended growth (AI-server volume vs flat PC/legacy). FV $159 vs ~$345 price — far below, because the model values low-margin server revenue conservatively while the market pays for AI-backlog optionality.","AI-server margins are razor-thin and customer-concentrated; if hyperscaler ordering normalizes or pricing compresses, the high-growth revenue adds little to intrinsic value."
KLAC,Information Technology,252.0,COMPOUNDER,1181.18,0.09,0.381,Low,Wide,1,,,independent,"Wide-moat process-control semicap; decelerated baseline 12.1% to 9% because ForwardPE 38 < trailing 54 signals normalization and 3yr CAGR already cooled to 7.6%, held real 38% op margin. FV below AV PT $1855 which bakes in a richer AI-capex cycle.",WFE spending is cyclical and China-export-control exposed; a downcycle compresses both growth and margin.
GEV,Industrials,320.0,RESTRUCTURING,,,,High,,,,,out-of-model,GE Vernova is a 2024 GE spin-off with <3y standalone history so the 10yr-trajectory model errors out; AV shows 16% QRev growth and a still-thin 5.5% op margin inflecting upward. Out-of-model pending a clean multi-year base.,Margin-ramp execution on gas/grid backlog and lumpy renewables losses make near-term earnings hard to model.
WFC,Financials,250.8,FINANCIAL,617.56,0.077,0.367,Medium,Narrow,5,,,dcf-na,"Bank balance-sheet entity; enterprise DCF invalid (dcf_applicable=false) so I bucket FINANCIAL and keep the model fv as a flag, not a defensible value. Real value sits on normalized P/B x ROE; AV ForwardPE 11.6 and PT $96 frame the market view.",Asset-cap removal and credit-cycle normalization swing earnings; the raw DCF number is not a usable fair value.
RTX,Industrials,243.7,COMPOUNDER,123.25,0.07,0.14,Low,None,1,,,independent,Aero/defense duopoly the model mis-tags moat=None with a depressed 8% recent margin (GTF powder-metal charges); I normalized growth to 7% and lifted margin to mid-cycle 14% (AV TTM 13.2%). FV still well below AV PT $215 because the model cannot credit the aftermarket/installed-base moat.,Further GTF remediation costs and defense-budget timing; my FV understates the moat the model can't see.
LIN,Materials,234.8,COMPOUNDER,276.43,0.1,0.29,Medium,None,1,540.0,0.51,below,"Wide-moat (model says None) industrial-gas compounder; baseline 3% growth far too low for a pricing-power oligopoly, so I set 10% (pricing + volume + project backlog) and 29% margin (AV TTM 28.5%). Stays 0.51x MS deliberately: the cached low ROIC (0.07) caps reinvestment value vs MS's richer long-run economics.",Industrial-production cyclicality and energy-cost pass-through lag; if MS's margin-expansion thesis is right my FV is too low.
SNDK,Information Technology,191.0,RESTRUCTURING,,,,Very High,,,,,out-of-model,"SanDisk is a 2025 spin-out of WDC's NAND flash business with <3y standalone history; the model errors. AV shows a violent up-cycle (QRev +251%, 70% op margin TTM) that is a NAND-pricing spike, not a structural base. Out-of-model until a normalized cycle is visible.","NAND is deeply commodity-cyclical; the TTM 70% margin is a peak that mean-reverts hard, so any point estimate now is unreliable."
MRVL,Information Technology,230.5,HYPERGROWTH,,,,High,None,,,,out-of-model,"Custom-silicon/AI-networking name flagged out-of-model: GAAP op margin is negative (heavy amortization/SBC) so the DCF reads $16, but AV shows 29% adj profit margin and 28% QRev growth on a 65x ForwardPE. The market prices AI-ASIC optionality the fundamentals can't yet support; forcing a number would be indefensible.",AI-accelerator design-win concentration (a few hyperscalers) and the gap between GAAP losses and the priced-in growth.
QCOM,Information Technology,227.6,COMPOUNDER,145.41,0.05,0.26,Medium,Wide,1,,,independent,"Wide-moat but Negative-trend modem/licensing franchise; decelerated baseline 8.8% to 5% for the Apple in-house-modem loss and licensing maturity (AV QRev -3.5%), held 26% margin. FV $145 sits just below AV PT $180, reflecting handset-share and royalty erosion.",Apple modem insourcing and Huawei/licensing renewals shrink the high-margin QTL royalty stream faster than auto/IoT replaces it.
C,Financials,225.9,FINANCIAL,1801.13,0.138,0.314,Medium,Narrow,5,,,dcf-na,"Money-center bank; enterprise DCF invalid (dcf_applicable=false) so the $1801 raw number is meaningless and kept only as a placeholder flag. Real value is a P/B-vs-ROE turnaround; AV ForwardPE 12.4 and PT $147 frame the market, with the Fraser plan trading below tangible book.",Execution on the multi-year simplification/ROTCE-uplift plan and regulatory consent-order overhang.
PANW,Information Technology,221.7,HYPERGROWTH,142.26,0.16,0.4,Medium,Narrow,1,285.0,0.5,below,Cybersecurity platform consolidator; decelerated 21% trend to 16% and used FCF-equivalent 40% margin (GAAP op margin near-zero is SBC-suppressed; software-reinvestment floor applies). Held 0.50x MS deliberately because 67x ForwardPE / 234x trailing prices perfection I won't underwrite.,Platformization-driven deferred billings and a stretched multiple; any growth wobble de-rates it sharply.
AXP,Financials,212.0,FINANCIAL,2238.13,0.136,0.394,Low,Wide,5,310.0,7.22,dcf-na,"Closed-loop card network with lending; the model treats it as an operating DCF and explodes to $2238 (7.2x MS) because growth 13.6% sits near WACC with Low uncertainty on a balance-sheet entity. dcf_applicable=false, so I bucket FINANCIAL and keep fv as a flagged artifact, not a value. AV PT $361, ForwardPE 17.7.",The DCF number is a model artifact; true value rests on spend-volume growth and credit normalization at a premium card franchise.
BHP,Materials,210.1,CYCLICAL,46.58,0.04,0.35,Medium,Wide,4,,,independent,Low-cost iron-ore/copper major; normalized growth to mid-cycle 4% (3yr CAGR -2.4% is a commodity trough) and trimmed the 37% trailing margin to a 35% mid-cycle figure (gross=1.0 is a data artifact so margin comes from opm). FV $46.58 below AV PT $68 which embeds spot-price optimism.,Iron-ore/copper price swings (China demand) dominate earnings; a sustained downcycle takes margin well below mid-cycle.
MCD,Consumer Discretionary,198.8,STABLE,295.81,0.04,0.45,Low,Wide,4,300.0,0.99,aligned,"Wide-moat franchised QSR; nudged baseline growth 3.3% to 4% (unit growth + low-single SSS + pricing) and held the real 45% op margin. Lands at $296, essentially on top of MS $300 (0.99x) and just below AV PT $331.",Low-income consumer traffic softness and FX on the heavily-international franchise base.
TTE,Energy,197.0,CYCLICAL,100.71,0.03,0.128,Medium,Narrow,4,,,independent,Integrated-energy major (sector mis-tagged Unknown; AV confirms ENERGY). Kept conservative 3% growth and 12.8% mid-cycle margin since 3-5yr revenue CAGR is negative on lower realizations; the model normalizes through the trough. FV $100.71 essentially matches AV PT $97.,Oil and gas price cyclicality plus European energy-transition capex allocation pressure returns.
ADI,Information Technology,195.5,CYCLICAL,95.39,0.07,0.286,Medium,Wide,1,,,independent,Wide-moat analog/mixed-signal semi in a cyclical recovery (AV QRev +37% off a -5.4% 3yr trough). Normalized growth from the 4.3% trough to 7% and held the 28.6% margin. FV is on the model's pre-split price basis; AV PT $451 / EPS $6.74 confirm a recovering name I keep conservatively below.,Analog demand is industrial/auto-cyclical; an inventory-correction relapse would stall the recovery.
ANET,Information Technology,194.3,COMPOUNDER,155.56,0.16,0.42,Medium,Wide,3,,,independent,Wide-moat data-center networking compounder; decelerated the unsustainable 32% 5yr CAGR to 16% (law of large numbers + AI-pull-forward fades) and held best-in-class 42% margin. FV $155.56 is on the post-4:1-split basis and brackets AV PT $188 from below.,Hyperscaler-capex concentration (Microsoft/Meta) and white-box competition; AI-buildout digestion would crimp growth.
PEP,Consumer Staples,194.0,STABLE,195.84,0.035,0.16,Low,Wide,5,,,independent,"Wide-moat snacks/beverages staple; trimmed growth to 3.5% (3yr CAGR only 1.3% as volumes soften) and lifted mature margin from 15.3% to a structural 16% (AV TTM op margin 17%). FV $196 sits just above AV PT $171, fair for a Low-uncertainty compounder.",GLP-1/volume headwinds on snacking and N.A. beverage share loss could keep organic growth below the 3.5% assumed.
TMUS,Communication Services,192.7,COMPOUNDER,178.37,0.05,0.22,Medium,Narrow,3,240.0,0.74,below,Narrow-moat wireless leader compounding FCF on post-merger synergies; raised growth from 3.9% to 5% and margin from 20.7% to 22% (AV TTM 24%). Stays 0.74x MS deliberately because I keep margin/growth below MS's fuller synergy-capture and fixed-wireless ramp.,Postpaid-add competition from cable MVNOs and AT&T/Verizon promo intensity; spectrum/capex needs.
STX,Information Technology,191.7,CYCLICAL,,,,Medium,Wide,,,,out-of-model,"HDD/mass-storage duopolist flagged out-of-model (model FV <18% of price): the DCF reads $83 off a -3.9% 5yr CAGR trough, but AV shows a sharp up-cycle (QRev +44%, 35.7% op margin TTM) on HAMR/nearline-cloud demand. The market prices a structural margin re-rating the trough-anchored model can't capture.","HDD is a feast-or-famine duopoly cycle; if the cloud-storage up-cycle peaks, margins revert toward the model's depressed base."
VZ,Communication Services,189.4,STABLE,102.24,0.03,0.224,Low,Narrow,5,,,independent,Narrow-moat telco run as a STABLE FCF/dividend machine; kept the baseline 3% growth and 22.4% margin since the model already reflects low-growth maturity. FV is on the model's price basis (AV PT $52 reflects a different per-share scale); the $102 captures durable wireless cash flow with a Negative-trend caveat.,High leverage plus subscriber-share pressure from T-Mobile/cable caps growth; dividend sustainability hinges on FCF holding.
AMGN,Health Care,188.7,STABLE,376.57,0.04,0.35,Medium,Wide,3,,,independent,"Wide-moat but Negative-trend biopharma; cut the 11% baseline growth to 4% for the patent-cliff/biosimilar erosion and trimmed margin from 41.4% to a sustainable 35% (recent op margin only 24.7% post-Horizon amortization). FV $377 sits just above AV PT $352, with MariTide obesity optionality as upside I don't fully price.","Legacy-drug LOEs (Enbrel, Prolia) and binary obesity-pipeline (MariTide) readouts drive the trajectory more than base growth."
APP,Information Technology,187.2,HYPERGROWTH,297.66,0.22,0.45,High,Narrow,1,,,independent,"AppLovin's AXON ad-engine drove a 72% 3yr CAGR; I decelerated to a sustainable 22% and used a 45% mature margin (below the 59% TTM peak which won't hold as ad-tech mix normalizes), keeping High uncertainty. FV $298 is deliberately well below AV PT $648 as a hypergrowth margin-of-safety stance.","Ad-engine durability, gaming-spend concentration, and short-seller/accounting scrutiny make the 59% margin and growth runway uncertain."
NEE,Utilities,179.0,STABLE,93.57,0.07,0.325,Medium,Narrow,3,88.0,1.06,aligned,"Regulated FPL utility plus the NextEra Energy Resources renewables-development engine; baseline 7% growth and 32.5% margin already match the rate-base-plus-renewables profile, so no override needed. FV $93.57 lands at 1.06x MS $88, essentially aligned and just below AV PT $98.5.",Rising-rate sensitivity on a capital-intensive balance sheet and IRA/tax-credit policy risk to the renewables backlog.
TJX,Consumer Discretionary,177.5,STABLE,134.62,0.056,0.112,Low,Wide,1,125.0,1.08,aligned,"Wide-moat off-price retailer with a structural sourcing/treasure-hunt advantage; baseline 5.6% growth and 11.2% margin (very high 0.78 ROIC) already capture the model well, so no override. FV $134.62 is 1.08x MS $125 (aligned) and below AV PT $178; I stay near MS rather than chase the market's richer multiple.",Tariff/sourcing-cost pressure and the rare risk that off-price loses its inventory-availability edge in a tight retail environment.
WDC,Information Technology,176.4,RESTRUCTURING,,,,Medium,None,,,,out-of-model,"Western Digital just spun off its NAND flash unit (SanDisk), so reported revenue collapsed >45% and the model flags a spin-off/restructuring discontinuity plus FV <18% of price. AV shows the remaining HDD business in a strong up-cycle (QRev +45%, 37% op margin TTM). Out-of-model until the post-spin continuing business has a clean comparable base.",The reported financials straddle the spin and the HDD business is cyclical; a normalized post-separation FV is not yet computable.
TMO,Health Care,175.7,COMPOUNDER,496.78,0.07,0.22,Low,Wide,4,,,independent,"Baseline 3% growth / 18% margin under-modeled a wide-moat life-sciences tools franchise; lifted growth to 7% (post-bioprocessing-destock normalization, AV target $603, QRev +6.2%) and margin to 22% (op margin understated by deal amortization). FV $497 sits between price ~$460 and AV target $603.","Recovery in bioprocessing/China demand could stall, keeping growth near the modeled 3% trough."
DIS,Communication Services,173.1,TURNAROUND,140.11,0.06,0.18,Medium,Narrow,5,,,independent,"Looked through the streaming-loss trough: held margin at structural ~18% (vs recent 9.1%, peak 15.3%) as DTC inflects to profit, growth 6%. FV $140 modestly above AV target $130 on normalized-margin recovery.",Linear-TV/ESPN decline and parks cyclicality could cap margin recovery below 18%.
CRWD,Information Technology,170.8,HYPERGROWTH,420.41,0.32,0.32,Very High,Wide,2,530.0,0.79,below,"Valued on FCF margin (~32%), not GAAP op margin (SBC-suppressed); set growth 32% (rev_cagr 25-35% platform consolidation) and adopted MS's Very High uncertainty (high WACC). Land at 0.79x MS $530 by design - margin of safety on a name trading ~$690 at extreme multiples.",Any post-outage churn or SMB-budget softness deflates the 30%+ growth the multiple requires.
APH,Information Technology,170.8,COMPOUNDER,156.19,0.13,0.22,Low,Wide,5,,,independent,"Baseline growth 26.7% (driven by +58% QRev AI/datacenter spike + M&A) exploded FV to $619; decelerated to a sustainable 13% blended secular+acquisition rate, lifted margin to 22%. FV $156 now sane vs price ~$140 and AV target $182.",Datacenter/AI connector demand is a cyclical surge that could normalize faster than 13%.
BA,Industrials,169.8,RESTRUCTURING,,,,Very High,Narrow,,,,out-of-model,"Model FV negative (-$7.79) with negative margins and ROIC; flagged out_of_model. Boeing is a recovery/restructuring story where the market (AV target $270, fwd PE 833x) prices a return to ~$10B FCF the trailing fundamentals can't yet show. No forced DCF number.","737/787 production-rate ramp, certification, and balance-sheet repair could slip again, deferring FCF recovery."
BLK,Financials,162.0,FINANCIAL,,,,Medium,Wide,,,,dcf-na,"Asset manager - DCF invalid; model also errored (<3y clean history). Value on normalized P/E (AV fwd PE 18.7, ProfitMargin 24%, QRev +27% on private-markets/GIP scaling). Kept no DCF number per FINANCIAL rule; AV analyst target $1251 is the forward anchor.",Fee compression in passive and a market drawdown directly shrink AUM-based revenue.
UNP,Industrials,161.7,STABLE,286.06,0.03,0.42,Low,Wide,4,,,independent,"Kept the baseline: wide-moat railroad, 3% volume-linked growth, structural ~42% op margin (gross=1.0 is a COGS-fold artifact but op margin is correct). FV $286 essentially aligned with AV target $292.",Freight-volume softness and a potential UNP/NSC merger review could pressure near-term margin/regulatory posture.
GILD,Health Care,160.4,STABLE,142.89,0.04,0.36,Medium,Wide,4,,,independent,"Nudged growth from 3% to 4% (HIV franchise durable + oncology/lenacapavir optionality, AV QRev +4.4%, ProfitMargin 31%), held structural 36% margin. FV $143 sits below AV target $158, conservative.",HIV patent/IRA pricing exposure plus oncology pipeline execution risk.
ABT,Health Care,158.6,STABLE,86.37,0.06,0.21,Low,Wide,2,,,independent,"Baseline 3% growth / 19.2% margin under-rated a diversified wide-moat medtech-diagnostics compounder; lifted to 6% (AV QRev +7.8%, fwd PE 16.6 vs trailing 25.5) and 21% margin. FV $86 conservative vs AV target $117.",Diagnostics post-COVID normalization and ongoing infant-formula litigation overhang.
T,Communication Services,158.1,STABLE,38.07,0.02,0.192,Medium,Narrow,5,,,independent,"Cut growth to 2% reflecting flat-to-declining telecom revenue (rev_cagr_5 -1.6%); held 19% op margin. FV $38 runs above AV target $30 and price ~$22 - the model is structurally generous for a high-leverage telecom, so this is flagged as an upper-bound, not a buy thesis.",Heavy net debt and fiber/5G capex intensity leave little FCF cushion; model likely overstates intrinsic value.
DE,Industrials,157.5,CYCLICAL,386.23,0.06,0.22,Medium,Narrow,1,,,independent,Normalized through the ag downcycle trough (AV QRev -11%): set growth 6% and mid-cycle margin 22% (vs trailing 24.3% peak). FV $386 lands well below AV target $644 because the DCF anchors on trough volumes the Street looks past; kept deliberately conservative.,Prolonged farm-income weakness extends the equipment downcycle below mid-cycle assumptions.
SCHW,Financials,154.5,FINANCIAL,,0.076,0.411,Medium,Narrow,,,,dcf-na,"Broker/asset-gatherer - DCF invalid (dcf_applicable=false); the model's $242 is not credible for this structure. Value on normalized P/E (AV fwd PE 14.8, ProfitMargin 38%, QRev +15.8% as cash-sorting headwind fades). AV target $116 is the anchor.",Net-interest-margin sensitivity to client cash levels and rate path drives earnings volatility.
UBS,Financials,154.1,FINANCIAL,,0.131,0.34,High,Narrow,,,,dcf-na,"Swiss global bank (ADR) - DCF invalid; the model's $414 is an artifact of mis-bucketing (sector 'Unknown', dcf_applicable=true). Value on P/B x ROE; AV target $49 with fwd PE 15 and ProfitMargin 18% as Credit Suisse integration synergies land. No DCF number.",Credit Suisse integration execution plus Swiss capital-rule (TBTF) tightening on the larger balance sheet.
ETN,Industrials,153.7,COMPOUNDER,308.79,0.1,0.2,Low,Narrow,1,,,independent,"Lifted growth from 8.8% to 10% (electrification/datacenter-power secular demand, AV QRev +16.8%) and margin to 20%. FV $309 deliberately below price ~$390 and AV target $452 - disciplined on a richly-priced industrial.",Datacenter/reshoring capex is a cyclical tailwind that could decelerate from current order-book peaks.
GLW,Information Technology,152.8,CYCLICAL,47.41,0.08,0.18,Low,Narrow,1,,,independent,Lifted growth to 8% and margin to 18% on the optical-fiber/AI-connectivity 'Springboard' ramp (AV QRev +20%). FV $47 below price ~$60; ignored AV target $198 as a clear data artifact (inconsistent with fwd PE 56). Kept conservative on a cyclical display/optical mix.,Display-glass pricing and the durability of the AI-optical surge are the swing factors below 18% margin.
CRM,Information Technology,152.1,COMPOUNDER,314.44,0.09,0.3,Low,Narrow,4,280.0,1.12,above,"Decelerated growth 10.8%->9% (AV QRev +13.3%, maturing) and used FCF-equivalent ~30% margin. Trimmed from baseline $370 (1.32x MS) to $314 (1.12x MS); I sit above MS $280 because Salesforce's ~33% FCF conversion is richer than the GAAP op margin MS appears to weight.",Seat-based growth stalling and uncertain Agentforce/AI monetization could undercut the 9% growth assumption.
BUD,Consumer Staples,151.9,STABLE,75.76,0.035,0.275,Medium,Narrow,3,,,independent,"Global brewer ADR: nudged growth to 3.5% (EM volume + premiumization, AV QRev +12%), held 27.5% structural margin. FV $76 conservative vs AV target $93; ADR FX/disclosure caveat applied.",EM currency translation and persistent volume softness in core US/China beer markets.
ISRG,Health Care,149.5,COMPOUNDER,571.02,0.167,0.32,Low,Wide,5,,,independent,"Kept the baseline 16.7% growth (da Vinci 5 install base + razor/blade procedure compounding, AV QRev +23%) and 32% margin; tested a deceleration but reverted because FV $571 lands almost exactly on AV target $565, the cleanest anchor in the slice.",Procedure-growth deceleration or competitive surgical-robotics entry would compress the premium multiple.
PFE,Health Care,148.4,TURNAROUND,31.33,0.01,0.25,High,Narrow,4,,,independent,"Baseline 3% growth / 31.7% margin overstated value post-COVID cliff (rev_cagr_5 -6.3%); cut growth to 1% and margin to 25%, set uncertainty High for patent-cliff/litigation/IRA risk. FV $31 now aligned with AV target $29 (was a $59 over-valuation).","2026-2030 patent expirations (Eliquis, Ibrance) and Seagen/oncology pipeline must replace lost COVID revenue."
WELL,Real Estate,146.1,REIT,,0.246,0.182,Medium,None,,,,dcf-na,"Senior-housing REIT - DCF invalid (dcf_applicable=false); model's $105 ignores FFO economics. Value on AFFO multiple: AV QRev +38% on senior-housing RevPOR recovery, fwd PE 70 reflecting FFO basis. AV target $237 is the forward anchor; no DCF number forced.",Rate sensitivity (cap rates / cost of capital) and senior-housing occupancy/labor-cost normalization.
SCCO,Materials,144.3,CYCLICAL,132.52,0.097,0.45,Medium,Wide,1,131.87,1.0,aligned,"No override needed: baseline FV $132.52 matches MS $131.87 exactly (ratio 1.00). Low-cost wide-moat copper miner; current ~45-49% margin reflects elevated copper but the model's normalized output ties to MS, so I left it as the cleanest calibration in the slice.",Copper-price and Peru/Mexico permitting/political risk drive the cyclical earnings swing.
UBER,Industrials,143.9,HYPERGROWTH,68.41,0.18,0.12,High,None,3,,,independent,"Decelerated growth 25%->18% (AV QRev +14.5%, scale maturing) and lifted structural margin 6.4%->12% as the now-GAAP-profitable platform (ProfitMargin 15.9%) scales operating leverage; cut uncertainty Very High->High given profitability inflection. FV $68 near price ~$70, below AV target $104.",Driver-classification/regulatory rulings and autonomous-vehicle disruption to the rides network are the key tail risks.
IBKR,Financials,143.2,FINANCIAL,,0.171,0.45,Medium,Narrow,,,,dcf-na,"Electronic broker - DCF invalid (dcf_applicable=false); model's $104 not credible for a broker. Value on normalized P/E: extremely high ~77% pretax op margin, AV fwd PE 33.8, QRev +16.8% on account growth. AV target $87 (split-adjusted) is the anchor.",Net-interest income is rate-sensitive; account-growth and trading-volume cyclicality drive earnings.
COP,Energy,142.7,CYCLICAL,98.03,0.05,0.26,High,Narrow,2,124.0,0.79,below,"Mid-cycle normalized E&P: growth 5%, margin 26% (vs trailing 22.6%), uncertainty High for commodity exposure. Lifted from baseline $90 to $98 (0.79x MS $124); I sit below MS because I use a more conservative mid-cycle oil deck than the MS/AV ($143 target) assumption.",Oil-price realization and the pace of Marathon-acquisition synergy capture drive the cyclical FCF swing.
SHOP,Information Technology,142.1,HYPERGROWTH,,,,High,Narrow,,,,out-of-model,"Flagged out_of_model (market prices >=40% growth, extreme optionality). The DCF's $34 cannot capture what the market pays for GMV/merchant-network compounding plus the FCF-margin inflection (AV QRev +34%, fwd PE 61, target $150). No forced number per OPTIONALITY rule.",Consumer-spending softness and take-rate ceiling could compress the 25-35% GMV growth the valuation requires.
BX,Financials,141.0,FINANCIAL,153.67,0.073,0.45,Medium,Narrow,2,,,dcf-na,"Alt-asset manager; DCF invalid (fee-related earnings + carry, lumpy) and the model's 'rev collapse' flag is a perf-fee artifact, not a spin. Kept baseline but the real anchor is the AV PT $143.65; forward PE 19 vs trailing 30 signals an earnings recovery off the fundraising trough.",Carry/realization income is rate- and exit-window dependent; FRE multiple de-rates if private-market deal flow stays frozen.
HON,Industrials,135.6,STABLE,212.14,0.05,0.185,Low,Wide,3,,,independent,"Lifted growth from the depressed 3.9% trend to 5% mid-single-digit organic (aerospace strength), held the structural 18.5% op margin. Result $212 sits below the AV PT $248, a defensible conservative wide-moat industrial value as the Solstice/Aero portfolio reshape plays out.",Short-cycle/process automation softness and break-up execution could keep organic growth at the low end.
PLD,Real Estate,135.4,REIT,78.5,0.118,0.384,Medium,Narrow,1,,,dcf-na,"Industrial-logistics REIT; DCF invalid, value on FFO/AFFO. Baseline kept but it understates Prologis vs the AV PT $152 (~33x P/AFFO) which reflects the mark-to-market rent embedded in rolling leases that a straight DCF misses.",Logistics rent growth is decelerating off the 2021-22 peak; new supply and a soft-landing demand dip pressure occupancy.
DHR,Health Care,130.4,COMPOUNDER,141.99,0.06,0.26,Low,Narrow,1,,,independent,"Raised margin to the structural ~26% segment op margin (baseline 20.4% reflected the bioprocessing destock trough) and growth to 6% post-destock normalization, lifting FV from $89 to $142. Still well below the AV PT $244 / premium ~$200 price: my view discounts the rich multiple on a Narrow-moat life-sciences/diagnostics compounder.",Bioprocessing recovery slower than expected and China diagnostics/VBP pressure cap the normalization.
SONY,Communication Services,128.9,STABLE,23.12,0.04,0.1,Low,Narrow,4,,,independent,"Diversified entertainment/sensor conglomerate; set 4% blended growth and a 10% structural op margin (gaming + music + imaging mix). FV $23 sits just under the AV PT $29.38 / ADR ~$25, a defensible conservative read given the hardware-heavy console cycle.","Console cycle maturity, FX (JPY) translation, and capital-intensive image-sensor competition compress the blended margin."
BKNG,Consumer Discretionary,128.5,COMPOUNDER,,0.12,0.32,High,Wide,5,,,out-of-model,"Directionally a wide-moat travel-platform compounder (real ~32% op margin, decelerate the 25% trailing CAGR to ~12%), but the model's per-share FV is unusable: gross=100% artifact, a spurious COVID-2020 'rev collapse' flag, and a distorted share base (~480M vs ~33M actual). Forced no number; AV growth/margin signal confirms the high-teens compounding thesis.",Travel demand is macro-cyclical and high-base; alternative-accommodation and Google travel competition pressure take rate.
CB,Financials,126.5,FINANCIAL,620.52,0.087,0.2,Low,Narrow,5,,,dcf-na,"P&C insurer (Chubb); DCF invalid, value on P/B x ROE / normalized P/E. Baseline kept per SOP but it overshoots the basis-adjusted reality; the real anchor is the AV PT $345.78 at ~12x earnings, a fair multiple for a best-in-class underwriter compounding book value.",Catastrophe-loss volatility and reserve adequacy; a soft pricing cycle would compress underwriting margins.
SPGI,Financials,125.6,FINANCIAL,842.22,0.143,0.446,Medium,Wide,5,,,dcf-na,"Ratings/indices/data wide-moat duopolist; flagged FINANCIAL/dcf_applicable=false so kept the baseline, but the genuine anchor is the AV PT $533.76 (~22x fwd) - SPGI is actually a high-ROIC software-like compounder and the model's $842 overstates basis. Treated as dcf-na pending a non-bank multiple.",Ratings revenue is tied to debt-issuance cycles; a prolonged high-rate freeze in issuance dents the most profitable segment.
ENB,Energy,123.0,CYCLICAL,57.75,0.05,0.28,Medium,Narrow,3,55.0,1.05,aligned,"Fee-based midstream; raised margin to 28% to capture the regulated, cash-generative pipeline asset base the baseline (18%/$25.69) badly understated, plus a 5% DCF-per-share growth guide. Now $57.75 vs Morningstar $55 (ratio 1.05) and the AV PT $52 - the midstream undervaluation is fixed.",Rate-sensitive (bond-proxy) high-payout name; pipeline regulatory/permitting and Mainline tariff risk cap re-rating.
UL,Consumer Staples,122.8,STABLE,66.59,0.04,0.2,High,Wide,4,,,aligned,Unilever ADR; baseline FV was a $1442 gross=1.0/0.28-growth artifact. Fixed with 4% organic growth (price+volume) and a 20% structural op margin from opm_recent; FV $66.59 lands right on the AV PT $67.40.,"EM FX translation, slow volume recovery, and ice-cream spin-off execution; private-label trade-down in staples."
CVS,Health Care,122.4,TURNAROUND,121.08,0.04,0.03,Low,Narrow,5,,,independent,"Cut mature_margin to 3% so the $405B-revenue base doesn't inflate intrinsic (true blended PBM+retail+Aetna op margin is thin), bringing FV from $256 to $121. Above the AV PT $103 but supported by forward PE 13 vs trailing 42 - the market is pricing a sharp medical-loss-ratio recovery I'm partly crediting.",Aetna MLR/Medicare-Advantage cost pressure and PBM regulatory/pricing reform; heavy debt load limits flexibility.
PDD,Consumer Discretionary,121.1,ADR,68.27,0.15,0.23,High,Narrow,5,,,out-of-model,"China ADR (Pinduoduo/Temu), out_of_model flagged; decelerated the 43% CAGR to a conservative 15% on the real 23.7% op margin gives a $68 fundamental floor. That sits far below the AV PT/price ~$120, the gap being the China VIE governance/disclosure discount plus Temu-margin uncertainty - I won't force my floor as the number.",VIE/regulatory and US-Temu tariff/scrutiny risk; Temu's loss-funded expansion could erase the modeled margin.
LMT,Industrials,120.8,STABLE,728.25,0.04,0.11,Low,Wide,5,,,independent,"Held 4% growth and an 11% mature margin (recent 10.3% depressed by classified-program charges, peak 13.5%) - a normalized through-cycle level. FV $728 sits modestly above the AV PT $625; defensible for a wide-moat prime defense contractor with backlog visibility and a 5-star value setup.",Fixed-price classified-program write-downs and F-35 sustainment/budget timing; margin normalization could lag.
MO,Consumer Staples,120.5,STABLE,93.74,0.02,0.45,Low,Wide,5,,,independent,"Set growth to 2% (pricing offsetting secular volume decline) and held the real 45% op margin; FV $93.74. Above the AV PT $70.36 / ~$58 price - I credit the durable FCF and pricing power more than the market's terminal-decline discount, but flag it as a stated above-consensus view.",Accelerating cigarette volume decline and menthol/nicotine regulation; smoke-free transition (NJOY) execution unproven.
PGR,Financials,119.0,FINANCIAL,868.41,0.174,0.146,Low,Narrow,5,,,dcf-na,"Auto/P&C insurer (Progressive); dcf_applicable=false so kept baseline, but the $868 DCF is a basis artifact - the real anchor is the AV PT $231.19 at ~10-12x earnings. Best-in-class underwriting (low combined ratio) justifies the premium-to-peers multiple, not a DCF.",Auto-severity/loss-cost inflation and a hardening-to-softening pricing turn; cat exposure in homeowners.
LOW,Consumer Discretionary,118.2,STABLE,314.04,0.03,0.125,Low,Wide,5,,,independent,Kept the baseline: 3% growth (housing-turnover trough) and a 12.5% structural op margin are appropriately conservative for a wide-moat home-improvement duopolist. FV $314 sits above the AV PT $264; AV's +10.3% QoQ rev hints at the demand recovery I'm crediting via the high-ROIC terminal value.,Big-ticket discretionary/DIY demand stays soft if rates keep housing turnover frozen; Pro-segment share fight with HD.
SYK,Health Care,117.2,COMPOUNDER,326.08,0.09,0.23,Low,Wide,4,,,independent,Slightly trimmed growth to 9% (from 10.3% trend) and set a 23% structural op margin for the MedTech mix; FV $326 sits below the AV PT $390. A defensible conservative read on a wide-moat ortho/MedTech compounder trading at a premium multiple.,Hospital capex cycles and procedure-volume normalization; integration of large M&A (e.g. Inari) could pressure margins near-term.
BMY,Health Care,116.9,TURNAROUND,64.91,0.02,0.25,Medium,Narrow,4,,,aligned,Set low 2% growth (Revlimid/Eliquis LOE cliff offset by the Opdualag/Cobenfy growth portfolio) on a 25% normalized op margin. FV $64.91 lands essentially on the AV PT $63.08; forward PE 9 vs trailing 16 confirms the market is pricing the patent-cliff trough I'm valuing through.,Loss-of-exclusivity erosion outpaces the new-product ramp; pipeline (Cobenfy uptake) and IRA Medicare price negotiation drag.
NOW,Information Technology,116.0,COMPOUNDER,147.0,0.18,0.3,Medium,Narrow,5,,,independent,"ServiceNow: decelerated the 22% CAGR to 18% and used a 30% FCF-equivalent mature margin (GAAP op margin SBC-suppressed; 77% gross). FV $147 matches the AV PT $141.86 on the same (split-adjusted) basis, so the ratio is internally consistent - a high-growth wide-workflow-moat SaaS compounder.",Enterprise IT-budget cyclicality and a rich multiple; AI-agent monetization must sustain the high-teens growth to justify it.
VRT,Industrials,115.4,HYPERGROWTH,144.32,0.2,0.19,High,Narrow,1,,,independent,"Vertiv data-center thermal/power infra; even with growth pushed to 20% and a 19% margin, the fundamental FV is $144 - far below the ~$330 price / AV PT $377. The gap is AI-buildout optionality the DCF can't capitalize; I hold the disciplined fundamental floor and flag the market is pricing 25%+ perpetual growth.",AI-capex demand is the entire bull case; any hyperscaler digestion/air-cooling pause de-rates a name priced for perfection.
BMO,Financials,115.1,FINANCIAL,26702.36,0.155,0.301,Medium,Narrow,5,,,dcf-na,"Bank of Montreal; DCF invalid for a bank and the $26,702 baseline is a gross per-share/units artifact. The real anchor is the AV PT $153.30 at ~16x earnings / ~1.5x book - a fair multiple for a Canadian Big-Six bank digesting the Bank of the West acquisition.","Canadian/US credit-cycle PCL build (commercial real estate), NIM pressure, and integration of the US franchise."
VRTX,Health Care,113.4,COMPOUNDER,455.35,0.09,0.37,Medium,Wide,3,,,independent,"Set 9% growth (CF franchise durable, diversifying into Journavx/pain + Casgevy) on the real 37% op margin. FV $455 sits below the AV PT $548 / ~$450 price - a conservative read on a wide-moat biotech whose value hinges on pipeline diversification beyond cystic fibrosis.","Single-franchise concentration (CF) before new launches scale; binary pipeline outcomes (pain, kidney, T1D) drive the upside."
COF,Financials,112.4,FINANCIAL,3266.7,0.201,0.37,Medium,Narrow,5,,,dcf-na,"Capital One (consumer-credit bank); DCF invalid and the $3,267 baseline is a basis artifact. Real anchor is the AV PT $255.19; trailing PE 56 vs forward 9 reflects the Discover-acquisition integration charges normalizing - a card franchise that should re-rate as synergies and credit normalize.",Subprime/card credit-loss cycle (charge-offs) and Discover integration execution; CRE and regulatory capital overhang.
PH,Industrials,111.3,COMPOUNDER,523.87,0.06,0.2,Low,Narrow,1,,,independent,Parker Hannifin: 6% blended growth and a 20% structural op margin (Win-Strategy + aerospace mix lifted the recent margin above the 16.4% peak). FV $524 is well below the AV PT $1033 / ~$700 price; a deliberately conservative DCF on a Narrow-moat diversified industrial with aerospace-cycle tailwinds.,Industrial short-cycle softness and aerospace-aftermarket dependency; high leverage from the Meggitt deal in a downturn.
ACN,Information Technology,109.7,COMPOUNDER,335.33,0.04,0.15,Low,Wide,5,,,independent,"Cut growth to 4% (from 6%) to reflect the GenAI-driven consulting derate, holding the 15% op margin; the very high ROIC (0.52) still yields $335. Above the cautious AV PT $238 / ~$280 price - a stated above-market view that the wide-moat, capital-light franchise compounds even at decelerated bookings.",GenAI is both opportunity and threat to billable hours; discretionary-IT-spend weakness and a bookings slowdown could validate the market's caution.
SBUX,Consumer Discretionary,108.6,TURNAROUND,103.49,0.05,0.16,Low,Wide,4,83.0,1.25,above,"gross_margin=1.0 is a data artifact so I set mature_margin from opm_peak (~15-16%), looking THROUGH the 8.4% TTM trough; 5% growth normalizes the Back-to-Starbucks recovery. My $103 sits at AV PT ($106) and above MS $83 because I credit the margin recovery MS still discounts.",China competition and a stalled US traffic recovery could keep margins below the normalized 16% longer than modeled.
SNY,Health Care,107.8,ADR,,,,Medium,Narrow,,,,out-of-model,"Sanofi is a foreign (French) ADR; the cached model FV of $291 is built on a local-share/EUR basis that doesn't reconcile to the ~$50 ADR (AV PT $55.9), and roic_median 0.07 shows the DCF inputs are distorted, so I do not force a clean number.","Patent cliffs (Dupixent dependency), pipeline execution, and EUR/USD translation drive the ADR; disclosure differs from US GAAP."
EQIX,Real Estate,106.6,REIT,,,,Medium,Narrow,,,,dcf-na,"Equinix is a data-center REIT (dcf_applicable=false, out_of_model true at <18% of price); REITs must be valued on AFFO/FFO multiples not net-income DCF, so the model FV is not meaningful. AV PT $1,197 and 12% revenue growth anchor a healthy interconnection franchise.","Hyperscaler capex digestion, rising cap rates, and heavy power/build capital needs pressure AFFO growth."
NEM,Materials,106.4,CYCLICAL,51.26,0.06,0.26,Medium,None,5,72.0,0.71,below,Cut the baseline 25% growth and 61% AV TTM op margin to mid-cycle (6% / 26%): the trailing numbers ride a gold-price spike that is not a durable through-cycle assumption. My $51 sits deliberately below MS $72 because I normalize gold harder than Morningstar.,If gold prices hold near records my mid-cycle margin is too conservative; conversely a gold reversion plus high all-in sustaining costs would pressure FCF.
FTNT,Information Technology,106.0,COMPOUNDER,82.42,0.14,0.32,Medium,Narrow,1,,,independent,"Decelerated from the 19% trailing CAGR to 14% as the firewall refresh cycle matures, holding the structural ~32% op margin (asset-light security, gross>76%). My $82 lands below AV PT $108/price ~$106, i.e. I see the name fairly-to-fully valued.",A weaker hardware-refresh cycle or share loss to Palo Alto/platformization could push growth below 14%.
MDT,Health Care,104.9,STABLE,99.72,0.04,0.22,Low,Narrow,5,,,independent,"Lowered the baseline 28.4% margin to the ~22% structural op margin that AV TTM (21.3%) confirms, with 4% growth matching MDT's low-single-digit organic trajectory. My $99 sits just above AV PT $98.58 - a fair value on a slow, stable medtech compounder.",Diabetes/spine portfolio drag and FX could keep organic growth and margin recovery below plan.
SO,Utilities,104.4,STABLE,98.3,0.045,0.26,Medium,Narrow,5,81.0,1.21,above,"Normalized the baseline 7.1% growth to a regulated-utility 4.5% rate-base trajectory and trimmed margin to 26%; raised uncertainty to Medium for rate-case/capex risk. My $98 is ~21% above MS $81, a modest premium for Vogtle nuclear now in rate base and Southeast load growth.","Adverse rate-case outcomes, rising rates lifting the discount rate, or further nuclear cost issues would close the gap to MS."
PWR,Industrials,104.3,OPTIONALITY,266.47,0.16,0.06,Medium,Narrow,1,,,independent,"Quanta is a ~6%-op-margin grid/electrical EPC; even at 16% growth a clean DCF yields ~$266, far below the ~$700 price and AV PT $761. The market is pricing a grid/data-center capex supercycle as optionality beyond mid-cycle fundamentals - I flag the gap rather than chase it.","If the electrification/AI-datacenter capex cycle sustains, intrinsic value re-rates higher; if it stalls, the priced-in optionality unwinds sharply."
CDNS,Information Technology,103.8,COMPOUNDER,310.94,0.14,0.38,Low,Wide,1,,,independent,"Held the durable mid-teens growth (14%) and a high ~38% structural margin for the EDA duopoly (wide moat, gross>88%, ROIC ~29%). My $311 is below AV PT $384/price, i.e. richly valued at ~90x trailing PE but supported by a sticky design-tool franchise.",A semiconductor design slowdown or AI-design hype unwind would compress the premium multiple.
MAR,Consumer Discretionary,103.5,RESTRUCTURING,,,,Medium,Narrow,,,,out-of-model,"The >45% revenue-collapse flag is a data artifact - Marriott is an asset-light fee/franchise model (AV shows 59% op margin, +12.6% growth), not a real decline. The cached revenue base is corrupted, so a DCF off it would be garbage; AV PT $377 is the clean anchor.",RevPAR is travel-cycle sensitive; a consumer/travel downturn would hit fee revenue despite the capital-light model.
GSK,Health Care,103.3,ADR,47.43,0.05,0.27,Medium,Narrow,5,,,independent,"UK pharma ADR; set 5% growth and a 27% structural op margin (AV TTM 36% is flattered by one-offs). My $47 sits just below AV PT $57.94, reflecting a patent-cliff (Trelegy/Shingrix maturation) and Zantac-litigation overhang that justify a discount to consensus.","Zantac/legal liabilities, vaccine demand softness, and GBP/USD translation are the swing factors."
SPOT,Communication Services,102.2,HYPERGROWTH,336.77,0.14,0.13,Medium,None,1,,,independent,"The baseline 8.7% margin used a depressed historical opm; AV TTM op margin is now 15.8% and expanding on price hikes/ad scale, so I lifted mature_margin to 13% (still conservative) and decelerated growth to 14%. My $337 is well below AV PT $604/price - I demand margin of safety on a no-moat platform priced at ~33x.",Music-label royalty economics cap structural margin; competition from Apple/YouTube and a stalled price-hike runway are the key threats.
ADBE,Information Technology,101.6,COMPOUNDER,424.19,0.08,0.33,Medium,Wide,5,380.0,1.12,above,"Raised uncertainty to Medium - the GenAI competitive threat is a qualitative risk the model can't see (MS cut to Narrow moat for it) - and decelerated growth to 8% from the 10.7% trailing. That pulled the baseline $747 down to $424, ~12% above MS $380 and defensible vs a forward PE of 10.7.","GenAI image/video tools (Midjourney, OpenAI) eroding Creative Cloud pricing power is the existential question the low forward multiple is pricing."
TT,Industrials,101.0,COMPOUNDER,345.88,0.09,0.17,Low,Narrow,1,,,independent,"Held ~9% growth (matching trailing) and the 17% structural margin (AV TTM 15.5%, peak rising) for a quality HVAC/decarbonization compounder. My $346 is below AV PT $520/price - the market pays a premium for the energy-efficiency secular tailwind that my mid-cycle DCF stays conservative on.",Commercial-construction and data-center cooling demand are cyclical; a building slowdown would dent the growth premium.
HWM,Industrials,100.8,RESTRUCTURING,,,,Medium,Narrow,,,,out-of-model,"The >45% revenue-collapse flag is a post-Arconic-spin data artifact, not a real decline - AV shows a healthy aerospace-parts business (28% op margin, +19% growth). The cached revenue base is corrupted so a clean DCF isn't trustworthy; AV PT $303 is the anchor for the commercial-aero-cycle franchise.",Highly levered to the commercial aerospace build rate (Boeing/Airbus ramp); an OEM production cut would hit engine/fastener demand.
BN,Financials,99.6,OPTIONALITY,,,,Medium,None,,,,out-of-model,"Brookfield Corp is an alternative-asset-manager/conglomerate; the model returns a negative FV (dcf_applicable=false) because consolidated revenue and a 1.7% net margin obscure the sum-of-parts (asset-mgmt stake + insurance + carried interest). It must be valued on SOTP/distributable earnings, not net-income DCF; AV PT $54.4.","Real-estate/infrastructure marks, rate sensitivity, and a complex inter-company structure make the SOTP opaque and cycle-exposed."
CM,Financials,99.3,FINANCIAL,,,,High,Narrow,,,,dcf-na,Canadian Imperial Bank of Commerce - DCF is invalid for a bank (dcf_applicable=false); the $669 model FV is a local-share-basis artifact. Value on normalized P/B x ROE or ~13x earnings; AV PT $111 with a 34% profit margin anchors a healthy Big-Five Canadian franchise.,"Canadian housing/mortgage credit, US office-CRE exposure, and rate-cycle NIM pressure are the bank-specific risks."
BNS,Financials,98.8,FINANCIAL,,,,Medium,Narrow,,,,dcf-na,Bank of Nova Scotia - DCF invalid (dcf_applicable=false); the $554 model FV is a local-share artifact. Value on P/B x normalized ROE / ~13.6x forward earnings (AV PT $79.88). Scotiabank is mid-pack among Canadian banks given its Latin America exposure.,"Latin American (Mexico/Peru/Chile) credit and FX, plus Canadian consumer-mortgage stress, are the dominant risks."
BNY,Financials,97.7,FINANCIAL,,,,High,Narrow,,,,dcf-na,"Bank of New York Mellon - custody/trust bank, DCF invalid (dcf_applicable=false); the $1,129 model FV is a basis artifact. Value on ~16-18x earnings / a fee-and-NII franchise; AV PT $142.85 with a 28.7% profit margin reflects the scale custodian's recovering returns.","Net-interest-income sensitivity to rates, deposit betas, and fee compression in custody/asset-servicing are the key swing factors."
DUK,Utilities,96.8,STABLE,164.92,0.045,0.26,Medium,Narrow,5,131.0,1.26,above,"Normalized the baseline 6.3% growth to a 4.5% regulated rate-base trajectory, margin 26%, and lifted uncertainty to Medium for rate-case risk. My $165 is ~26% above MS $131, a premium for constructive Carolinas/Florida jurisdictions and Southeast load growth (AV PT $138.56 sits between us).","Rate-case denials, rising long rates lifting the discount rate, and large multi-year capex execution risk would compress the gap to MS."
CNQ,Energy,95.3,CYCLICAL,50.91,0.02,0.26,Medium,Narrow,5,41.0,1.24,above,"Canadian Natural is a cyclical oil producer; gross_margin=1.0 is an artifact and the 42% baseline margin is a peak, so I cut to a mid-cycle 26% with 2% volume growth. My $51 is ~24% above MS $41, a premium I justify by CNQ's long-life, low-decline reserves and sub-$40 breakevens.","Oil-price reversion, Canadian heavy-oil differentials, and transition/regulatory pressure on oil sands are the cyclical risks."
GD,Industrials,93.7,STABLE,420.6,0.07,0.115,Low,Narrow,5,,,independent,"AV OVERVIEW returned empty so I valued off the model+financials: a defense prime with steady 7% growth (backlog-driven) and an ~11.5% structural op margin (Gulfstream + combat/marine). My $420 is above the ~$340 price, supported by a record book-to-bill and submarine demand.",Defense-budget/continuing-resolution timing and Gulfstream G700 delivery cadence are the main earnings swing factors.
MCK,Health Care,93.2,STABLE,1021.64,0.06,0.017,Low,Narrow,5,,,independent,"Drug distributor with a structurally razor-thin ~1.7% op margin on ~$400B revenue (by design); set 6% growth on the distribution/oncology platform. That trims the baseline $1,837 to $1,022, just above AV PT $949 - a small premium for aggressive buybacks driving EPS faster than revenue.","Opioid-settlement tail liabilities, branded-drug pricing/policy, and the thin-margin model's sensitivity to any volume disruption."
CME,Financials,93.0,FINANCIAL,,,,Low,Wide,,,,dcf-na,"CME is a derivatives exchange the model flags dcf_applicable=false; though capital-light (64% op margin) it is valued like financial-market infrastructure on a P/E basis, not net-income DCF. The $190 model FV is below AV PT $305 - I respect the dcf-na flag and anchor to the exchange's ~21x earnings and wide regulatory moat.","Trading-volume cyclicality, a sustained low-volatility regime, and competitive/clearing fee pressure are the revenue swing factors."
ADP,Industrials,92.7,COMPOUNDER,292.21,0.07,0.25,Low,Wide,5,,,independent,"Wide-moat payroll/HCM compounder; held ~7% growth and the ~25% structural op margin (high ROIC ~43%, sticky recurring base + float income). My $292 sits above AV PT $246.80, reflecting the durable switching-cost moat and client-funds float that benefits from higher rates.","A weakening labor market shrinks pays-per-control, and rate cuts would erode the interest earned on client float."
UPS,Industrials,92.3,TURNAROUND,170.39,0.02,0.1,Low,Wide,5,,,independent,"Cut growth to 2% (rev CAGR is negative as Amazon volume glides down) and fixed mature_margin to 10% from the 35% gross-margin artifact, using opm_recent 9.3%/peak 11.3%. Result sits above the ~$113 AV target because the model takes a normalized-recovery view of margin.",Negative moat trend: parcel pricing pressure and Amazon insourcing could keep margins below the assumed 10% normalization.
PNC,Financials,91.7,FINANCIAL,1209.43,0.101,0.367,Medium,Narrow,5,,,dcf-na,"Bank: DCF invalid (dcf_applicable=false), so no override applied; valued on normalized P/E-equivalent. AV ForwardPE 12.5 and 31% profit margin support a constructive read; per-share figure is share-count distorted, judge on P/E not the absolute.",Commercial real-estate credit exposure and NIM compression if rate cuts accelerate.
FCX,Materials,91.1,CYCLICAL,36.38,0.04,0.2,Medium,Narrow,1,31.0,1.17,above,Copper miner: pulled mature_margin to a mid-cycle 20% off the trailing 27% peak so I don't capitalize spike copper prices. $36 lands just 17% above MS's $31 (vs 66% at baseline) and well below the bullish $68 AV target.,Copper price is the swing factor; a demand slowdown takes margins below mid-cycle and the FV with it.
CEG,Utilities,91.0,CYCLICAL,171.43,0.1,0.15,Medium,None,1,262.39,0.65,below,"Independent-power/nuclear name: lifted growth to 10% and margin to 15% to capture the data-center PPA and Calpine demand tailwind (AV QoQ rev +64%), moving from $90 to $171. I stay below MS's $262 because MS capitalizes more long-dated data-center optionality than I will model from fundamentals.",Merchant power price volatility and execution on the contracted-nuclear/data-center pipeline; thin moat.
AMT,Real Estate,90.4,REIT,104.47,0.032,0.446,Medium,Narrow,1,,,independent,"Tower REIT: kept model levers (low single-digit growth, ~45% margin) since they reflect the AFFO economics; DCF per-share is share-count distorted so I read it as a REIT on AFFO-multiple basis. AV PT $216 and ForwardPE 29 imply the market pays up for the contracted-escalator annuity.",Carrier consolidation/churn (Sprint decommissioning) and rate sensitivity on a levered REIT balance sheet.
ELV,Health Care,90.2,STABLE,553.48,0.06,0.055,High,Narrow,4,,,independent,"Managed care: applied the 4th-lever uncertainty override to High (per UNH-class rule) for regulatory/MLR risk the model can't see, and normalized growth to 6% with a thin ~5.5% structural margin. $553 vs ~$385 price and $411 AV PT keeps it defensible, not a low-WACC explosion.",Medicaid redetermination and medical-cost-ratio spikes; political/regulatory pressure on managed-care margins.
CMI,Industrials,89.9,CYCLICAL,399.23,0.05,0.105,Low,Narrow,1,,,independent,Engine maker: normalized growth to 5% (3yr CAGR is flat after a strong 5yr) and held margin at the mid-cycle ~10.5%. $399 brackets the $725 AV target conservatively and reflects a through-cycle truck/engine view rather than a peak.,Heavy-truck cycle downturn and the secular diesel-to-electrification transition pressuring core demand.
SNPS,Information Technology,89.0,COMPOUNDER,676.85,0.13,0.32,Low,Wide,5,,,independent,"Wide-moat EDA: decelerated trailing ~14% growth to a sustainable 13% and set a 32% FCF-equivalent margin (gross 78%, model floors ROIC for asset-light software). $677 sits above the ~$480 price and $560 AV target as a defensible secular-compounder premium.",Ansys integration execution and China/export-control exposure in the EDA franchise.
WM,Industrials,88.5,STABLE,148.46,0.06,0.175,Low,Narrow,1,,,independent,"Waste-services annuity: normalized growth from a recent-elevated ~11% to a steadier 6% and held the structural 17.5% margin. $148 is below the ~$230 price and $256 AV target, reflecting a disciplined view of a pricey defensive compounder.",Acquisition-driven growth (Stericycle) integration and commodity/recycling price swings.
NET,Information Technology,88.4,HYPERGROWTH,,0.22,0.15,High,Narrow,1,,,out-of-model,"Cloudflare: even after decelerating to 22% growth and a 15% FCF margin, the model flags out_of_model because the market prices >=40% growth and FV is <18% of price. ForwardPE 222 confirms fundamentals can't anchor it; I decline to force a number.",Valuation is pure optionality on edge/AI-inference expansion; any growth deceleration de-rates it sharply.
WMB,Energy,88.0,CYCLICAL,22.09,0.035,0.3,Medium,Narrow,1,,,independent,"Gas-midstream: trimmed margin from the trailing 35% peak to a normalized 30% and held ~3.5% growth on the contracted-pipeline base. $22 is below the ~$60 price and $83 AV target, a conservative read that does not capitalize peak spreads.","Natural-gas throughput/basis volatility and rate-sensitivity on a high-yield, debt-funded model."
JCI,Industrials,87.6,TURNAROUND,51.81,0.04,0.13,Low,None,1,,,independent,Building-tech in margin recovery: looked through the depressed 8.3% trailing op margin to a 13% normalized level (AV OperatingMarginTTM already 14%) and set 4% growth. $52 is below the ~$95 price and $152 AV target.,Cyclical commercial-construction demand and execution on the data-center HVAC pivot.
MNST,Consumer Staples,87.6,STABLE,59.0,0.07,0.28,Low,Wide,1,,,independent,"Energy-drink franchise: decelerated growth to 7% (3yr CAGR slowed to ~8%) and used the recent 27% margin instead of the 34% peak. $59 is just below the ~$60 price and under the $89 AV target, reflecting maturing volume growth and a negative moat trend.",Category-growth deceleration and aluminum/input-cost pressure on the margin assumption.
CSX,Industrials,87.3,CYCLICAL,30.99,0.03,0.37,Medium,Narrow,1,,,independent,"Class-I rail: fixed the gross=1.0 artifact, setting mature_margin to 37% off opm_recent 36% (below the 40% peak), with 3% volume-linked growth. $31 is just under the ~$33 price and $46 AV target, a defensible normalized-OR view.",Freight-volume cyclicality (coal/intermodal) and service-metric/regulatory scrutiny on rails.
KKR,Financials,87.1,FINANCIAL,,0.091,0.45,Very High,None,,,,out-of-model,"Alt-asset manager: model flags out_of_model (revenue >45% swing from realization timing + FV <18% of price), so I don't force a DCF number. Earnings are fee-plus-carry and lumpy; AV ForwardPE 15.7 vs trailing 31.8 is the better lens.",Carried-interest/realization timing makes GAAP earnings lumpy; sensitive to credit and fundraising cycles.
USB,Financials,86.4,FINANCIAL,392.44,0.107,0.369,Medium,Narrow,5,,,dcf-na,"Super-regional bank: DCF invalid, no override; read on P/E. AV ForwardPE 11.0 and 29% profit margin with a 5-star model read make it a constructive value name; the per-share DCF figure is share-count distorted and ignored.",CRE and securities-portfolio mark exposure; deposit-cost pressure if rates stay higher for longer.
CMCSA,Communication Services,85.1,STABLE,108.2,0.03,0.19,Low,Narrow,5,,,independent,Cable/media: set growth to 3% and corrected margin to the real ~19% op level (AV 13% TTM blends in media). Per-share $108 is share-count distorted (stale shares ~4x vs the ~$34 price); the levers are right and the stance is model-above on a cheap 7x-forward annuity.,Broadband subscriber losses to fixed-wireless and the secular decline of the legacy video/media segments.
DDOG,Information Technology,83.3,HYPERGROWTH,163.2,0.22,0.3,Medium,Narrow,1,,,independent,"Observability platform: decelerated trailing ~35% growth to 22% and used a 30% FCF-equivalent margin (GAAP op margin ~0 is SBC-suppressed; gross 79%). $163 sits above the ~$120 spot but under the $225 AV target, a disciplined hypergrowth read demanding a margin of safety.",Usage-based revenue is sensitive to customer cloud-optimization; rich multiple leaves no room for a growth stumble.
SNOW,Information Technology,82.6,HYPERGROWTH,90.16,0.2,0.22,Very High,Narrow,1,,,independent,Data-cloud: decelerated 40% trailing growth to 20% and used a 22% FCF margin against the deeply GAAP-negative (-39%) result; kept Very High uncertainty. $90 is far under the ~$200 price and $290 AV target — the market prices much more growth than I will underwrite.,Storage-deflation and consumption-model headwinds; valuation embeds aggressive AI/data-warehouse expansion.
HCA,Health Care,82.6,STABLE,1175.25,0.06,0.15,Low,Wide,5,,,independent,"Hospital operator: fixed the gross=1.0 artifact, setting mature_margin to the real 15% op level with 6% growth. Per-share $1175 is share-count distorted (stale shares ~3x vs the ~$365 price); levers and the model-above stance are right vs the $507 AV target.",Payor-mix/reimbursement pressure and labor-cost inflation; ACA-subsidy policy risk to volumes.
SLB,Energy,82.0,CYCLICAL,40.12,0.06,0.13,Medium,Narrow,2,,,independent,"Oilfield-services leader: set a mid-cycle 13% margin and 6% growth (trimming the strong 5yr CAGR), avoiding a peak-of-cycle capitalization. $40 brackets the ~$36 price and $62 AV target on a normalized-activity view.",Upstream capex cyclicality; an oil-price downturn cuts service pricing and the assumed mid-cycle margin.
AEM,Materials,81.8,CYCLICAL,105.17,0.12,0.3,Medium,None,1,,,independent,"Gold miner: normalized margin to a mid-cycle 30% off the spike 63% AV TTM / 38% peak and set 12% growth, so I don't capitalize record gold prices. $105 is below the ~$165 price and $251 AV target — a deliberate cyclical-peak haircut.",Fair value swings directly with the gold price; a gold pullback collapses the spike margins the market is paying for.
EPD,Energy,81.8,CYCLICAL,46.19,0.03,0.12,Medium,Narrow,4,37.0,1.25,above,Midstream MLP: trimmed growth to 3% and margin to 12% off the trailing peak. $46 is 25% above MS's $37 (down from 63% at baseline); I sit modestly above MS because I credit the durable contracted-distribution cash yield more than MS's wide-moat-but-low-FV read.,"Distribution sustainability vs. capex, hydrocarbon-throughput cyclicality, and MLP rate-sensitivity."
MELI,Industrials,81.5,ADR,4036.63,0.22,0.15,Medium,Narrow,5,,,independent,LatAm e-commerce/fintech ADR: decelerated 40%+ trailing growth to 22% and expanded margin to 15% as the marketplace+credit mix scales (op margin 12.7% and rising). $4037 brackets the ~$2500 price and $2217 AV target; FX/Argentina risk kept at Medium per ADR bucket.,"Argentina/Brazil currency and macro volatility, plus credit losses in the Mercado Credito book."
NGG,Utilities,81.5,ADR,7.8,0.03,0.27,Medium,None,1,,,out-of-model,"National Grid (UK regulated utility ADR): set 3% RAB-linked growth and a 27% margin off opm_recent. The $7.80 per-share is on a local/ordinary-share basis vs the ~$70 ADR (5:1 ratio), so the absolute DCF is currency/share-basis distorted; treat as out-of-model and read on the regulated-RAB framework.","UK/US rate-regulation outcomes (RIIO price controls), heavy capex funding needs, and GBP/USD translation."
INTU,Information Technology,81.2,,1427.34,0.167,0.346,,Wide,5,,,independent,Kept baseline 16.7% growth and 34.6% margin (about 0.42 of 82% gross) appropriate for Intuit's still-scaling TurboTax/QuickBooks/Credit Karma platform with wide moat.,Generative-AI tax/accounting disruption and decelerating SMB attach could pressure the moat (negative trend noted).
MMM,Industrials,80.2,,129.75,0.03,0.208,,Wide,2,,,independent,"Kept 3% growth and 20.8% margin reflecting a mature, low-growth diversified industrial with flat-to-declining revenue and stable operating margins.","Litigation overhang (PFAS, earplugs) and weak organic growth limit upside."
ICE,Financials,80.0,,176.02,0.102,0.39,,Narrow,5,,,dcf-na,Exchange/data operator flagged dcf_applicable=false; kept model fair value rather than forcing a DCF on a transaction-and-fee business.,Mortgage-tech (ICE/Black Knight) integration and rate-sensitive volumes could disappoint.
SPG,Real Estate,79.9,,86.49,0.067,0.45,,Narrow,1,,,dcf-na,"REIT flagged dcf_applicable=false; kept fair value as FFO/cap-rate dynamics govern a mall landlord, not a free-cash DCF.",Secular pressure on Class-B retail real estate and rate sensitivity weigh on the equity (1-star).
CP,Industrials,79.8,,152.12,0.119,0.408,,Wide,5,,,independent,"Gross margin 0.97 is a rail data artifact (COGS in opex), but mature_margin 0.408 already aligns with opm_peak 0.40, so no override needed; kept 11.9% growth from the KCS network synergies.",Cyclical freight volumes and KCS integration execution drive variance.
MRSH,Financials,79.7,,566.5,0.084,0.42,,Wide,5,,,dcf-na,Marsh McLennan is an insurance-broker/consultant flagged dcf_applicable=false; kept fair value rather than forcing a margin model on a fee-and-commission business with 100% gross artifact.,Soft P&C pricing cycle and slowing organic brokerage growth are the main risks.
MDLZ,Consumer Staples,79.6,,50.86,0.06,0.153,,None,1,,,independent,Kept 6% growth and 15.3% margin consistent with a mature global snacking staple with steady pricing-led growth.,Cocoa cost inflation and volume elasticity from price increases pressure margins.
ABNB,Consumer Discretionary,79.3,,233.51,0.162,0.346,,Wide,5,,,independent,"Kept 16.2% growth and 34.6% margin (about 0.42 of 82.5% gross) for a wide-moat, asset-light marketplace still expanding internationally and into new verticals.",Regulatory restrictions on short-term rentals and travel-demand cyclicality (High uncertainty).
FDX,Industrials,79.0,,279.54,0.03,0.06,,Narrow,1,,,independent,"Overrode the data-artifact margin (gross 1.0, baseline 0.42) down to 0.06 from opm_peak 0.063; this corrected an absurd $2157 fair value to $280, consistent with FedEx's thin parcel-delivery margins.",Freight-recession volumes and DRIVE cost-cutting execution are key swing factors.
MCO,Financials,78.8,,410.99,0.09,0.434,,Wide,3,,,dcf-na,Moody's is a ratings/analytics duopoly flagged dcf_applicable=false; kept fair value reflecting high-margin recurring fees and issuance-tied cyclicality.,Bond-issuance volumes are rate-sensitive and the negative moat trend signals competitive/regulatory pressure.
HLT,Consumer Discretionary,78.1,,433.4,0.154,0.281,,Wide,5,,,out-of-model,Flagged out_of_model (apparent >45% revenue collapse is a fee-accounting/reimbursable-costs artifact); did not force a clean number on the model output.,Asset-light fee growth depends on RevPAR cycle and unit-growth pipeline; data artifact reduces confidence.
EMR,Industrials,77.4,,96.76,0.088,0.176,,Narrow,1,,,independent,Kept 8.8% growth and 17.6% margin for a mid-cycle automation industrial; margins near opm_recent/peak so no normalization needed.,Cyclical process/factory automation demand and portfolio-reshaping (AspenTech) execution.
NOC,Industrials,77.3,,541.65,0.038,0.117,,Narrow,3,,,independent,Kept 3.8% growth and 11.7% margin appropriate for a prime defense contractor with steady backlog-driven revenue and program-margin caps.,"Fixed-price program cost overruns (e.g., B-21) and budget-cycle timing."
CI,Health Care,76.6,,1328.64,0.149,0.043,,Narrow,5,,,independent,Kept 14.9% growth (PBM/Evernorth-led) and the correctly low 4.3% margin characteristic of a high-revenue managed-care/pharmacy-services model.,PBM regulatory reform and medical-cost-ratio (MLR) inflation pressure the thin margin.
MPC,Energy,76.5,,226.61,0.03,0.05,,Narrow,2,,,independent,"Kept 5% margin which already sits at the mid-cycle refining level (opm_recent 0.049, peak 0.05), so no further cyclical normalization needed.",Refining crack spreads are highly cyclical and Renewable-fuel/regulatory shifts add volatility.
VLO,Energy,76.0,,225.74,0.03,0.05,,Narrow,3,,,independent,"Refiner at a trough (opm_recent 0.029, peak 0.039); normalized mature_margin up to 0.05 mid-cycle, lifting fair value from $172 to $226.",Crack-spread cyclicality and renewable-diesel margin compression are the key swings.
SHW,Materials,75.3,,231.21,0.03,0.162,,Wide,1,,,independent,Kept 3% growth and 16.2% margin (at opm_recent) for a wide-moat coatings leader; conservative growth given housing-cycle exposure.,Housing/repaint demand cyclicality and raw-material cost swings.
RCL,Consumer Discretionary,75.1,,571.48,0.25,0.249,,None,5,,,out-of-model,"Flagged out_of_model: the 85% 5yr CAGR and >45% revenue-collapse flag reflect COVID recovery distortion, not a sustainable growth base, so no forced number.","Post-COVID normalization, high leverage, and fuel/demand cyclicality make the trajectory unreliable."
BE,Information Technology,75.0,,3.11,0.214,0.02,,None,1,,,out-of-model,"Flagged out_of_model: market prices >=40% growth and model FV is <18% of price, indicating extreme fuel-cell optionality beyond fundamentals; did not force a number.",Bloom Energy is unprofitable with negative historical margins/ROIC; valuation is pure optionality on data-center/hydrogen demand.
ORLY,Consumer Discretionary,74.9,,102.72,0.069,0.202,,Wide,5,,,independent,Kept 6.9% growth and 20.2% margin for a wide-moat auto-parts retailer with elite 50% ROIC and consistent DIFM/DIY comp growth.,Maturing US store base and EV mix-shift slowly pressure long-term parts demand (negative moat trend).
NXPI,Information Technology,74.7,,127.46,0.03,0.245,,Narrow,1,,,independent,"Auto/industrial semi at peak margin (opm_recent=peak=0.275); normalized mature_margin down to mid-cycle 0.245, lowering fair value from $148 to $127.",Automotive/industrial chip inventory correction is a near-term cyclical headwind.
HOOD,Financials,74.3,,57.11,0.28,0.383,,Narrow,1,,,out-of-model,"Flagged out_of_model and dcf_applicable=false: rapid revenue swings, negative operating margins, and broker-transaction model make the DCF unreliable; no forced number.",Earnings are highly sensitive to crypto/options trading volumes and rate-driven net-interest income.
GM,Consumer Discretionary,74.0,,99.73,0.074,0.05,,None,5,,,independent,"Cyclical automaker at peak margin (opm_peak 0.059); normalized mature_margin down to mid-cycle 0.05, trimming fair value from $139 to $100.","EV-transition losses, pricing normalization, and labor-cost inflation pressure mid-cycle margins."
ROST,Consumer Discretionary,73.9,,208.8,0.051,0.134,,Wide,2,,,independent,Kept 5.1% growth and 13.4% margin (at opm_peak) for a wide-moat off-price retailer with strong ROIC and steady comp/store growth.,Consumer-spending softness and freight/wage cost inflation pressure off-price margins.
APO,Financials,73.8,,93.25,0.03,0.42,,None,1,,,out-of-model,"Flagged out_of_model: Apollo's Athene-driven insurance consolidation produces negative reported opm and >45% revenue-swing artifacts, making the DCF meaningless; no forced number.",Reported financials are distorted by insurance accounting; true value hinges on fee-related earnings and spread income (Very High uncertainty).
COHR,Information Technology,73.8,,60.84,0.126,0.121,,Narrow,1,,,out-of-model,Photonics/AI-optics name with opm depressed at 2% vs 12% peak; model FV sits below 18% of price so optionality dominates and I leave it flagged rather than forcing a number.,Datacom/AI optics demand and margin recovery may not materialize at the pace the market is pricing.
BAM,Financials,73.7,,50.48,0.133,0.45,,Wide,5,,,dcf-na,Asset manager (Brookfield) where DCF is not applicable; kept baseline fee-related-earnings growth of 13% and the high asset-light margin given fee-stream durability.,Fundraising and fee growth are sensitive to a prolonged higher-rate / risk-off environment.
SU,Energy,73.5,,140.69,0.038,0.274,,Narrow,5,,,independent,"Suncor integrated oil-sands; opm_recent 18.4% sits near peak 17.1% so 27% mature margin already reflects a mid-cycle integrated blend and low growth fits a mature producer, no override needed.",Crude price and oil-sands cost inflation drive earnings volatility.
PSX,Energy,73.4,,140.14,0.03,0.041,,Narrow,1,,,independent,"Refiner with structurally thin margins; opm_recent 1.7% is a trough but the 4.1% mature margin already matches peak and is a reasonable mid-cycle refining/midstream blend, so I kept baseline.",Crack spreads are cyclical and refining is capital-intensive with regulatory pressure.
EOG,Energy,73.4,,185.29,0.049,0.3,,Wide,5,,,independent,E&P whose opm_recent of 34% exceeds peak 28% on high commodity prices; I normalized the 42% mature margin down to 30% as a mid-cycle through-the-cycle level for a low-cost shale operator.,Oil and gas price cyclicality directly compresses unhedged upstream margins.
CNI,Industrials,73.0,,103.69,0.03,0.42,,Narrow,1,,,independent,Class I railroad with gross_margin reported at 1.0 (COGS in opex); the 42% mature margin closely matches opm of 38% so it is realistic for a rail and I kept it with low single-digit growth.,Volume sensitivity to North American freight cycle and regulatory/labor constraints.
CVNA,Consumer Discretionary,73.0,,120.69,0.223,0.072,,None,1,,,out-of-model,Used-auto e-tailer where the market prices in 40%+ growth (extreme optionality) and ROIC is still negative; I leave it out-of-model rather than anchor a DCF number.,High leverage and thin used-car gross margins make the equity highly sensitive to demand and rates.
MPWR,Information Technology,72.8,,958.45,0.165,0.261,,Wide,1,,,independent,"Power-analog leader; baseline 23.5% growth extrapolates recent hypergrowth on a $73B firm so I decelerated to 16.5%, a more durable rate for a maturing analog franchise; kept the 26% operating margin.",Customer concentration (notably AI/datacenter accounts) and semi cyclicality could slow growth abruptly.
ITW,Industrials,72.7,,238.44,0.03,0.263,,Wide,3,,,independent,"Diversified industrial with stable 26% margins and low organic growth; baseline 3% growth and margin near opm 26% are appropriate for this mature compounder, no override.",Late-cycle industrial demand softness across its end markets.
ECL,Materials,72.6,,136.26,0.046,0.17,,Narrow,1,,,independent,"Ecolab's water/hygiene services; opm_recent 17% above peak 14% shows margin recovery, and the 17% mature margin plus mid-single-digit growth fit this steady specialty franchise, so baseline retained.",Raw-material cost inflation and customer pricing pushback can pressure margins.
BSX,Health Care,72.2,,150.66,0.159,0.291,,Narrow,5,,,independent,Boston Scientific medtech with 14-19% revenue CAGR and 69% gross margin; the 16% growth plus margin expansion to 29% (from 16.5% opm) is justified by operating leverage on a high-gross device portfolio.,M&A integration and reimbursement/competitive pressure in cardiology could slow margin expansion.
CTAS,Industrials,72.0,,145.12,0.092,0.216,,Wide,1,,,independent,"Cintas uniform-rental compounder; 9% growth matches its consistent high-single-digit history and the 21.6% margin equals current opm, so baseline is well-calibrated and needs no override.",Employment-linked uniform demand softens in a labor-market downturn.
TRP,Energy,71.5,,7.34,0.03,0.444,,None,1,,,out-of-model,"TC Energy pipeline; per-share model FV is below 18% of price (data/ADR distortion on share count), so I leave it out-of-model rather than rely on the distorted number.",High leverage and regulatory/permitting risk on long-haul gas and liquids pipelines.
CL,Consumer Staples,70.9,,98.45,0.033,0.232,,Wide,5,,,independent,"Colgate staples compounder; low-single-digit growth and 23% margin near peak opm fit a mature, high-ROIC consumer franchise, so baseline retained.",FX exposure (large EM mix) and private-label/value competition in oral and home care.
KMI,Energy,70.5,,18.87,0.03,0.29,,Narrow,1,,,independent,"Kinder Morgan midstream with fee-based, low-growth profile; 3% growth and 29% margin matching opm are appropriate for a regulated-like pipeline operator, no override.",Volume and recontracting risk plus elevated leverage typical of midstream.
NSC,Industrials,70.4,,200.31,0.03,0.36,,Narrow,1,,,independent,"Norfolk Southern rail with gross_margin artifact at 1.0; I trimmed the 42% mature margin to 36% to align with opm_recent 33.6%/peak 35.3%, reflecting its post-incident efficiency lag versus peers.",Operating-ratio improvement and freight volume recovery may disappoint.
AEP,Utilities,70.3,,216.95,0.07,0.279,,Narrow,5,,,independent,"Regulated utility; 7% growth is consistent with its rate-base CAGR and data-center load tailwind, and 28% margin fits a regulated T&D utility, so baseline retained.","Rate-case outcomes, rising interest costs, and capex execution on the load-growth buildout."
CRH,Materials,70.2,,105.03,0.053,0.132,,Narrow,3,,,independent,"Building-materials aggregates leader; opm_recent 13.2% above peak 11.5% reflects pricing power and the 13% mature margin is a sensible mid-cycle level, with mid-single-digit growth from US infrastructure spend, so baseline kept.",Construction-cycle and infrastructure-funding sensitivity in aggregates demand.
AON,Financials,70.2,,783.88,0.107,0.42,,Narrow,5,,,dcf-na,Insurance broker where the model marks DCF as not applicable; kept baseline 11% growth (organic plus NFP M&A) and high margin given the fee-based brokerage model.,Integration of large acquisitions and slowing organic growth if insurance pricing softens.
TDG,Industrials,69.3,,1894.71,0.162,0.445,,Narrow,5,,,independent,"TransDigm aerospace-aftermarket roll-up; ~16% growth (organic price plus serial M&A) and 44.5% margin matching its proprietary sole-source parts economics are genuinely supported by history, so no override.",High leverage and the M&A-dependent model are exposed to rising rates and aero-cycle downturns.
CIEN,Information Technology,69.1,,50.21,0.06,0.095,,Narrow,1,,,out-of-model,"Optical-networking vendor whose model FV is below 18% of price; the market is pricing AI-driven datacom upside beyond fundamentals, so I leave it out-of-model.",Lumpy carrier/hyperscaler capex and thin networking-hardware margins.
RKLB,Industrials,68.8,,1.94,0.25,0.02,,None,1,,,out-of-model,Rocket Lab is pre-profit (opm -44%) with 40%+ growth priced in and FV far below price; very-high-uncertainty optionality means I keep it out-of-model rather than force a DCF.,Execution risk on Neutron and continued cash burn before reaching scale profitability.
DASH,Consumer Discretionary,68.3,,78.03,0.17,0.109,,None,1,,,independent,"DoorDash delivery platform; baseline 25% growth pins the cap on a $68B firm, so I decelerated to 17% as scale moderates volume growth, and kept the 11% mature margin as a reasonable steady-state take rate on 50% gross.",Intense delivery competition and regulatory/gig-labor cost pressure could cap the take rate.
MSI,Information Technology,68.1,,504.76,0.089,0.263,,Wide,5,,,independent,"Motorola Solutions LMR/public-safety franchise; 9% growth matches its steady high-single-digit history and the 26% margin equals current opm with software-mix expansion, so baseline is well-calibrated.",Concentration in government/public-safety budgets and lumpy large-system deal timing.
LITE,Information Technology,67.2,,-4.12,0.03,0.112,,None,,,,out-of-model,"Lumentum's model FV is negative (recent opm -13%, distorted per-share output) while the market prices 40%+ AI-optics growth; I leave it out-of-model rather than report a meaningless number.",Datacom/AI transceiver demand and margin turnaround are uncertain and customer-concentrated.
URI,Industrials,66.9,CYCLICAL,997.39,0.07,0.265,Low,Narrow,3,,,independent,"United Rentals: model's 10.5% g extrapolated the post-2021 acquisition-fueled boom; rev_cagr_3 already decelerated to 6% and AV QoQ rev +7.2%, so I cut g to 7% and kept the 26.5% recent op margin. Drops FV from $1352 to $997, just below AV PT $1083.",Construction/industrial-rental demand is cyclical; a non-resi capex downturn compresses utilization and rate.
DLR,Real Estate,66.8,REIT,101.89,0.073,0.42,Medium,None,1,,,dcf-na,"Digital Realty is a data-center REIT; DCF invalid (dcf_applicable=false), so I keep the model's $101.89 placeholder and value on FFO/AFFO conceptually. AV PT $218 and 86x forward PE show the market pricing an AI/hyperscale build-out the FFO multiple doesn't capture.",Rising rates lift cap rates and cost of capital; development-pipeline funding and tenant concentration are the swing factors.
ET,Energy,66.7,CYCLICAL,21.56,0.03,0.075,Medium,Narrow,4,,,independent,"Energy Transfer is a midstream MLP; the model overstates per-unit value because the $92B revenue base is inflated by commodity passthrough. I normalized g to 3% and cut margin to a structural take-margin 7.5%, pulling FV from a baseline $45 to $21.56, bracketing AV PT $23.59.","MLP distribution sustainability, leverage, and commodity-throughput/regulatory risk on pipeline expansion."
REGN,Health Care,66.6,STABLE,714.13,0.035,0.389,High,Wide,3,,,independent,"Regeneron: Eylea faces biosimilar erosion (moat_trend negative, 5yr rev cagr -2.8%) even as Dupixent drives AV QoQ +19%. I trimmed g to 3.5% and set uncertainty High (4th lever — biosimilar/patent litigation the model can't see), bringing FV from $873 baseline to $714, below AV PT $833.",Eylea biosimilar/HD competition and Dupixent reliance; pipeline-dependent for the next leg of growth.
B,Materials,66.3,CYCLICAL,45.32,0.05,0.33,Medium,Narrow,4,,,independent,"Barrick (gold/copper miner): baseline g of 14.2% and rev_cagr_3 +22% ride a gold-price spike (AV QoQ rev +66.7%), so I normalized to mid-cycle 5% g and held the structural ~33% margin. FV $45 vs AV PT $56 — conservative below the spot-driven PT, as a cyclical should be.",Earnings track the gold/copper price; mine-cost inflation and jurisdictional (Mali/PNG) risk.
WBD,Communication Services,65.8,RESTRUCTURING,,,,High,Narrow,,,,out-of-model,Warner Bros Discovery is splitting into Global Networks (linear/cable) and Streaming & Studios — a structural discontinuity. The model's 17.4% g is an artifact of the 2022 Discovery-merger base; GAAP unprofitable (AV EPS -$0.70). DCF is not meaningful until the split's two-company economics are visible.,"Linear-TV secular decline, heavy debt load, and split execution; streaming profitability path unproven."
HPE,Information Technology,65.2,RESTRUCTURING,,,,Low,None,,,,out-of-model,"HPE just closed the ~$14B Juniper acquisition, a structural discontinuity not in the cached financials; the model FV collapses to <18% of price (out_of_model flag fired). AV QoQ rev +40% reflects the deal. Pro-forma economics aren't yet modelable, so no forced number.","Juniper integration, server/AI-systems margin mix, and networking competition vs Cisco/Arista."
FIX,Industrials,64.9,COMPOUNDER,1706.03,0.18,0.1,Low,Wide,2,,,independent,"Comfort Systems (mechanical/electrical contractor riding data-center & re-shoring demand): the model's 28% g (and 32% 3yr cagr) is hypergrowth that can't perpetuate. I decelerated to a still-strong 18% with the recent 10.6% op margin, lifting FV from an over-cut $930 to $1706, defensibly below AV PT $2026.",Backlog is data-center/construction-cycle dependent; a non-resi capex slowdown deflates the growth premium.
RSG,Industrials,64.6,STABLE,151.3,0.06,0.199,Low,Narrow,1,,,independent,"Republic Services (waste): baseline 8.2% g overstated a stable, GDP+pricing compounder; rev_cagr_3 +5.3% and AV QoQ +2.6% support ~6%, which I set with the 19.9% recent op margin. FV $151 vs AV PT $244 — I sit well below, as the model can't justify the market's ~29x multiple on fundamentals.",Pricing power vs fuel/labor cost inflation; volume tied to economic activity and M&A multiples.
MFC,Financials,64.6,FINANCIAL,,0.053,0.198,High,Narrow,,,,out-of-model,"Manulife is a life insurer; out_of_model fired on a >45% revenue 'collapse' that is really the IFRS17 accounting transition, not a real decline. Insurance DCF is invalid; value on P/B x ROE or normalized P/E (AV forward PE 12, profit margin 20%). No forced DCF number.","Asia/HK exposure, long-duration rate sensitivity, and IFRS17-driven earnings comparability."
TRV,Financials,64.5,FINANCIAL,621.47,0.088,0.142,Low,Narrow,5,,,dcf-na,"Travelers is a P&C insurer; DCF invalid (dcf_applicable=false), so I keep $621.47 as a placeholder and value conceptually on normalized P/B x ROE. AV trailing PE 8.9 / forward 10.7 and a hard-market underwriting cycle support the franchise; the model number is not the basis.","Catastrophe loss volatility, reserve adequacy, and the underwriting/pricing cycle turning soft."
NKE,Consumer Discretionary,63.6,TURNAROUND,96.22,0.04,0.14,Low,Wide,5,97.0,0.99,aligned,"Nike is in a self-inflicted trough (rev_cagr_3 -4.9%, op margin compressed to 6.9% TTM vs 13.8% peak). The baseline already looks through to a normalized 14% margin and 4% g, landing $96.22 — within 1% of the cached MS $97, so no override needed.","DTC reset, wholesale rebuild, China weakness, and innovation pipeline execution during the turnaround."
APD,Materials,62.9,STABLE,99.37,0.04,0.22,Medium,Narrow,1,,,independent,"Air Products (industrial gases): baseline 3% g understated a contracted-volume compounder; rev_cagr_3 -2.3% reflects energy-pass-through deflation, not unit decline, so I set 4% g with the 22% peak margin. FV $99 vs AV PT $328 — far below, because the model can't credit the speculative clean-hydrogen project pipeline.",Large hydrogen-project capex overruns/timing and the take-or-pay backlog converting to returns.
STM,Information Technology,62.9,CYCLICAL,26.43,0.08,0.145,Medium,Narrow,1,,,independent,"STMicroelectronics is in a deep semi trough (rev_cagr_3 -17.4%, op margin 3.65% TTM vs 14.5% peak). I normalized through the trough — 8% recovery g and the 14.5% mid-cycle margin — lifting FV from a trough-anchored $21 to $26.43. AV PT $61 prices a full auto/IoT cyclical rebound I view as aggressive; I stay conservative.",Auto/industrial inventory correction depth and timing; China competition and capex intensity.
BKR,Energy,62.1,CYCLICAL,37.39,0.05,0.1,Medium,Narrow,1,,,independent,"Baker Hughes (oilfield services + LNG/IET): I normalized g to 5% and trimmed margin to a mid-cycle 10% (off the 11.2% recent, 9.1% peak) given oilfield-services cyclicality. FV $37 vs AV PT $71 — below, because the model can't fully credit the LNG-equipment (IET) backlog re-rating the market is paying for.",Upstream capex cycle and LNG final-investment-decision timing drive the swing in orders.
TEL,Information Technology,62.1,CYCLICAL,132.15,0.05,0.176,Low,Narrow,1,,,independent,"TE Connectivity (connectors, auto/industrial): a moderate cyclical compounder; I held g at ~5% (rev_cagr 3.7%, AV QoQ +14.5% on AI/datacom) with the 17.6% recent op margin. FV $132 vs AV PT $263 — below, not crediting the full AI-connectivity premium the market pays.",Auto-production and industrial-capex cyclicality; AI/datacom is the offsetting growth lever.
RELX,Communication Services,61.9,COMPOUNDER,40.99,0.06,0.299,Low,Wide,5,,,independent,"RELX (analytics/risk/STM publishing, ADR): wide-moat data compounder; I set 6% g (rev_cagr 7.2%) with the 29.9% recent op margin. FV $40.99 vs AV PT $52.45 — below the PT, conservative on a name where the market pays up for recurring, AI-leveraged analytics revenue.","ADR/FX (GBP), and whether generative-AI augments or disrupts its data-and-analytics franchise."
PCAR,Industrials,61.4,CYCLICAL,129.42,0.04,0.15,Low,Narrow,4,,,independent,"PACCAR (Class-8 trucks): the truck cycle is rolling over (rev_cagr_3 -10%, AV QoQ -8.9%). I normalized to mid-cycle 4% g and trimmed margin to 15% (off a peak-cycle 16.6% recent), giving $129.42, essentially in line with AV PT $126.",Heavy-truck build cycle and freight-recession timing; EPA-2027 pre-buy is a near-term swing.
GWW,Industrials,61.4,COMPOUNDER,1179.93,0.06,0.154,Low,Wide,2,,,independent,"W.W. Grainger (MRO distribution): a wide-moat, high-ROIC (25%) compounder; I trimmed g from 6.7% to 6% (rev_cagr_3 +4.3%, AV QoQ +10.1%) and kept the 15.4% recent margin. FV $1180 vs AV PT $1277 — modestly below the PT, defensible on its share-gain durability.",B2B demand softening and gross-margin pressure from price/cost and e-commerce competition (Amazon Business).
TFC,Financials,61.3,FINANCIAL,219.2,0.046,0.375,High,Narrow,5,,,dcf-na,"Truist is a regional bank; DCF invalid (dcf_applicable=false) and the 0.893 gross-margin / -2.5% recent op margin are bank-accounting artifacts, so the model number isn't meaningful — I keep $219 as a placeholder and value on P/B x ROE. AV forward PE 10.9, profit margin 29.6% frame a normalized franchise.","Regional-bank deposit/funding cost, CRE credit exposure, and net-interest-margin sensitivity to rates."
RACE,Consumer Discretionary,61.1,COMPOUNDER,399.6,0.1,0.28,Low,Wide,5,,,independent,"Ferrari (luxury-auto, ADR): wide-moat pricing power with deliberate volume scarcity; I decelerated g from 13.9% to 10% (rev_cagr 14.6%, but AV QoQ only +3.2% as it caps volume) and held the 28% margin. FV $399.60 vs AV PT $437 — below the PT, conservative on the multiple a true luxury brand commands.","Order-book/pricing durability, EV-transition reception (Elettrica), and ADR/FX (EUR)."
IMO,Energy,60.5,CYCLICAL,83.65,0.03,0.11,Medium,Narrow,1,,,independent,"Imperial Oil (Canadian integrated, oil-sands): a price-taker cyclical (rev_cagr_3 -5.5%). I held g at the 3% floor and a mid-cycle 11% margin to avoid anchoring on either trough or peak. FV $83.65 vs AV PT $109 — below the PT, appropriately conservative for a commodity producer.","Crude price and WCS differential, oil-sands cost structure, and Canadian energy regulation/egress."
AFL,Financials,60.2,FINANCIAL,143.91,0.03,0.292,Low,Narrow,5,,,dcf-na,"Aflac is a supplemental-insurer; DCF invalid (dcf_applicable=false), so I keep $143.91 as a placeholder and value on normalized P/E and book. Revenue 'decline' (5yr cagr -5.5%) is largely yen translation; AV QoQ +27.9% and forward PE 14.5 frame the real economics.","Japan/yen FX translation, Japan-segment sales trend, and investment-portfolio (rate/credit) risk."
MDLN,Unknown,,OPTIONALITY,,,,Very High,,,,,out-of-model,"Model errored with '<3y history' — insufficient operating history for a 3-stage DCF (recent listing/spin). No fundamentals basis exists, so no number is forced; out-of-model pending a longer track record.",No multi-year financial history to anchor growth or margin; valuation is speculative until it seasons.
SRE,Utilities,59.8,STABLE,60.55,0.05,0.3,Medium,Narrow,1,,,independent,"Sempra (regulated utility + LNG): I set rate-base-driven 5% g and a 30% structural margin (recent op 22.2%, gross-margin 0.736 is a passthrough artifact). FV $60.55 vs AV PT $103.50 — well below; the model can't fully credit the regulated rate-base CAGR plus the LNG-export growth option the market pays for.","Regulatory rate-case outcomes (California/Texas), LNG project execution, and rate-sensitivity of a capital-intensive utility."
F,Consumer Discretionary,59.4,,-7.02,0.062,0.031,,None,,,,out-of-model,"Auto OEM with ~3% operating margins; capital-intensive, cyclical, heavy pension/finance-arm distortions push DCF fair value negative, so model flags it out-of-model.",EV transition losses and cyclical demand can swing margins below the already-thin 3% base.
D,Utilities,58.8,,104.56,0.086,0.301,,Narrow,5,,,independent,Regulated utility; kept baseline ~8.6% growth (rate-base expansion + recent rev CAGR) and ~30% operating margin consistent with regulated returns.,Rising rates and regulatory rate-case outcomes pressure the equity value of a heavily leveraged utility.
NU,Financials,58.2,,20.8,0.18,0.242,,None,5,,,independent,"Decelerated the capped 25% hypergrowth to 18% for a now-$58B LatAm digital bank scaling off 40-75% historicals; held the ~24% margin, lowering FV from 28.5 to 20.8.",Credit-cycle deterioration in Brazil/Mexico and FX could compress both growth and the 24% margin sharply.
NUE,Materials,57.9,,165.88,0.03,0.1,,Narrow,1,,,independent,"Cyclical steelmaker; normalized margin from the 0.117 (near-peak) baseline to a mid-cycle 0.10 between recent 0.092 and peak 0.133, keeping 3% growth given flat/negative rev CAGR.",Steel pricing is highly cyclical; a downturn drives margins and volumes below mid-cycle assumptions.
NBIS,Information Technology,57.8,,9.37,0.25,0.219,,None,1,,,out-of-model,"Nebius is a post-Yandex-spinoff AI-cloud buildout with revenue collapse, negative recent margins, and market pricing >40% growth; model flags out-of-model so no number is forced.",Pre-profit AI infrastructure bet dependent on GPU demand and capital access; extreme valuation optionality.
LHX,Industrials,57.3,,112.34,0.056,0.092,,None,1,,,independent,Defense prime; kept baseline ~5.6% growth (steady backlog-driven rev CAGR) and ~9% operating margin in line with recent and peak levels.,Defense budget timing and program execution/charges can dent the mid-single-digit margin.
MPLX,Energy,57.3,,60.97,0.047,0.388,,Narrow,3,,,independent,Midstream MLP with stable fee-based ~39% margins (recent and peak aligned) and ~5% growth; baseline fits a toll-road logistics business so no override.,Volume exposure to Marathon/Permian throughput and MLP structure/distribution sustainability.
ALL,Financials,56.9,,669.31,0.081,0.134,,Narrow,5,,,dcf-na,P&C insurer where DCF is not applicable; retained model fair value driven by ~8% premium growth and underwriting margin normalization toward peak 0.134.,Catastrophe losses and auto-claims severity can swing underwriting margins well below normalized.
O,Real Estate,56.7,,196.86,0.233,0.45,,Narrow,5,,,dcf-na,"Net-lease REIT; DCF not applicable so fair value kept. Headline 23% growth reflects acquisition-driven rev CAGR, not organic FFO/share growth.",Rate-sensitive net-lease REIT; rising cap rates and tenant credit pressure the per-share FFO and value.
TRGP,Energy,56.7,,69.24,0.05,0.14,,Narrow,1,,,independent,"Midstream gatherer/processor; recent opm 0.165 sits above peak 0.083 due to mix, so normalized margin to mid-cycle 0.14 with 5% growth.",Permian NGL volumes and commodity-linked processing spreads add cyclicality to fee-plus margins.
OXY,Energy,56.6,,23.72,0.04,0.19,,Narrow,1,,,independent,Fixed the gross_margin 0.88 artifact (COGS in opex inflated baseline 0.37 margin) by setting mature_margin to recent opm 0.19; kept conservative 4% growth on declining rev CAGR.,Oil-price cyclicality plus heavy debt/Berkshire-preferred load make equity value highly leveraged to crude.
KEYS,Information Technology,56.4,,87.78,0.03,0.208,,Wide,1,,,independent,Test-and-measurement leader in a soft cycle; kept conservative 3% growth (flat-to-negative recent rev CAGR) and ~21% margin between recent 0.164 and peak 0.181.,Cyclical capex from semis/comms customers can keep growth and margins depressed longer than modeled.
TER,Information Technology,56.0,,79.9,0.03,0.246,,Wide,1,,,independent,"Semiconductor ATE supplier; kept 3% growth and ~25% margin near peak given strong ROIC (0.48) and structural test demand, though near-term is cyclical.",Semi-test demand is lumpy and concentrated; a capex air-pocket compresses the near-peak margin.
CARR,Industrials,55.8,,32.96,0.037,0.116,,Narrow,1,,,independent,"HVAC/climate franchise post-portfolio reshaping; kept ~3.7% growth and ~11.6% margin at peak, reflecting steady but not accelerating fundamentals.",Construction/residential HVAC demand is cyclical and portfolio transformation adds integration risk.
TGT,Consumer Staples,55.7,,208.81,0.03,0.06,,Narrow,5,,,independent,Big-box retailer with flat sales; kept 3% growth and 6% margin (recovery toward peak from depressed recent 0.052) as a reasonable normalized retail margin.,Discretionary mix and shrink/promotional pressure keep retail margins volatile around the 6% assumption.
FLEX,Information Technology,55.7,,47.46,0.03,0.045,,Narrow,1,,,independent,Contract manufacturer with thin ~4.5% margins (above peak on mix improvement) and low-single-digit growth; baseline fits an EMS model so no override.,"Low-margin, customer-concentrated EMS is exposed to demand swings and pricing pass-through timing."
OKE,Energy,55.6,,126.43,0.07,0.186,,Narrow,5,,,independent,"Decelerated the capped 26.8% growth (driven by acquisition-inflated rev CAGR) to 7% organic for a mature midstream operator, cutting FV from an absurd 926 to 126.",Integration of recent large acquisitions plus NGL volume/spread cyclicality could undercut the 7% organic assumption.
AJG,Financials,55.5,,594.03,0.156,0.392,,Narrow,5,,,dcf-na,"Insurance broker where DCF is not applicable; kept FV reflecting ~15.6% acquisition-plus-organic growth and high broker margins (gross 0.93 is fee-based, not an artifact here).",Roll-up acquisition pace and a softening P&C rate environment could slow the mid-teens growth.
MET,Financials,54.4,,380.41,0.047,0.093,,None,5,,,dcf-na,"Life insurer; DCF not applicable so model fair value retained, built on ~4.7% premium growth and margin normalization toward peak 0.093.",Spread/interest-rate sensitivity and long-tail reserve assumptions make life-insurer value uncertain.
PSA,Real Estate,54.4,,236.03,0.067,0.45,,Narrow,1,,,dcf-na,"Self-storage REIT; DCF not applicable so FV kept, reflecting ~6.7% growth and high ~45-50% NOI-style margins typical of storage.",Storage demand softening and new-supply competition pressure occupancy and rate growth.
FANG,Energy,54.2,,272.06,0.08,0.42,,Narrow,5,,,independent,"Permian E&P; decelerated capped 26.6% growth (acquisition/price-inflated) to 8% and set mid-cycle 0.42 margin between recent 0.399 and peak 0.502, cutting FV from an absurd 1471 to 272.",Pure-play oil cyclicality; a crude downturn compresses margins below mid-cycle and shrinks the value sharply.
FAST,Industrials,53.7,,34.12,0.071,0.202,,Wide,1,,,independent,Industrial distributor with wide moat and high ROIC (0.30); kept ~7% growth and ~20% margin (recent equals peak) as durable steady-compounder assumptions.,Industrial production cyclicality drives fastener/MRO volumes; rich multiple leaves little margin for a slowdown.
COR,Health Care,53.5,,977.15,0.1,0.02,,Wide,5,,,independent,"Cencora drug distributor; held razor-thin ~2% margin (correct given pass-through gross 0.031) and trimmed growth to 10%, but huge gross-revenue base structurally inflates the DCF fair value.",Pharma distribution is high-volume/low-margin with opioid-litigation tails; small margin shifts swing value materially.
SE,Consumer Discretionary,53.0,,83.99,0.18,0.12,,None,3,,,independent,"Decelerated the 0.25 cap to 0.18 as Shopee/SeaMoney/Garena scale slows from hypergrowth, and lifted mature margin from a depressed 3.9% to 12% to reflect the recent swing to GAAP profitability and operating leverage.","Profitability is thin and gaming/fintech are competitive across SE Asia, so margin recovery could stall."
WPM,Materials,52.8,,55.66,0.12,0.45,,Narrow,1,,,independent,"Cut the 0.28 cap to 0.12 since the 3y CAGR of 51% is a metals-price spike, not durable; a streaming royalty model grows with new deals plus metal prices, so kept the high ~45% margin which is structural to the asset-light model.",Revenue and cash flow are highly sensitive to gold/silver prices and counterparty mine performance.
CVE,Energy,52.6,,19.86,0.03,0.09,,Narrow,1,,,independent,Kept baseline 3% growth and 9% margin which already reflect a flat-volume integrated oil/gas producer at roughly mid-cycle opm with peak and recent margins aligned.,Crude and heavy-oil differential swings drive earnings volatility cycle to cycle.
DAL,Industrials,52.2,,346.4,0.142,0.1,,Wide,5,,,out-of-model,Engine flags out-of-model on a false revenue-collapse trigger and a 0.897 gross-margin artifact (COGS in opex); I reset margin to a realistic ~10% airline operating margin but the data distortion and out-of-model flag mean the fv is not reliable.,"Airlines are capital-intensive, fuel-sensitive and economically cyclical; the data artifact undermines any clean DCF."
AME,Industrials,51.9,,148.4,0.069,0.258,,Narrow,1,,,independent,"Kept baseline ~7% growth and 25.8% margin, consistent with AMETEK's steady acquisitive mid-single-digit organic growth and stable, slightly expanding instrument/electromechanical margins.",Growth depends on continued bolt-on M&A; industrial demand softness could pressure organic results.
CTVA,Materials,51.5,,32.95,0.03,0.107,,None,1,,,independent,"Kept baseline 3% growth and ~10.7% margin for Corteva, an ag seed/crop-protection firm with flat revenue and stable margins; recent and peak opm are aligned so no normalization needed.","Ag input demand is tied to farm income and commodity prices, and generic crop-chem competition pressures pricing."
MT,Materials,51.1,,85.36,0.03,0.079,,None,5,,,independent,"Kept baseline 3% growth and used the peak 7.9% margin rather than the depressed 5.3% recent, appropriate for ArcelorMittal as a deeply cyclical steelmaker valued near mid-cycle rather than at trough.","Steel pricing and global demand are highly cyclical, and the business has no durable moat or pricing power."
DVN,Energy,51.1,,76.56,0.052,0.261,,Narrow,3,,,independent,"Kept baseline ~5% growth and 26.1% margin, a fair mid-cycle setting for Devon's shale E&P portfolio where recent and peak opm are equal.",Earnings track oil and gas prices and depend on continued capital discipline and inventory depth.
AZO,Consumer Discretionary,51.0,,5029.19,0.057,0.199,,Wide,5,,,independent,"Kept baseline ~5.7% growth and 19.9% margin for AutoZone, whose durable distribution moat and buyback-driven per-share math support steady mid-single-digit revenue growth and stable best-in-class retail margins.",Mature US store base means growth leans on share gains and buybacks; commercial/DIFM competition is intensifying.
EA,Communication Services,50.9,,159.59,0.03,0.316,,Wide,1,,,independent,"Kept baseline 3% growth given flat-to-declining recent revenue, but the 31.6% mature margin (above recent 20%) credits EA's franchise live-services mix shift toward higher-margin recurring bookings.",Hit-driven release slate and sports-license dependence make bookings lumpy year to year.
ETR,Utilities,50.7,,42.37,0.03,0.223,,Narrow,1,,,independent,"Kept baseline 3% growth and 22.3% margin for Entergy, a regulated utility whose rate-base growth and stable allowed returns fit low-single-digit top line and steady margins.","Regulated returns cap upside, and large Gulf-Coast capex/storm exposure pressures the balance sheet."
ODFL,Industrials,50.4,,177.04,0.03,0.42,,Wide,1,,,independent,"Kept baseline 3% near-term growth reflecting the freight-recession trough, but the 42% mature margin is a gross-margin artifact (1.0 gross); the real operating margin is ~26.6%, so the fv likely overstates value.",LTL volumes are cyclical and the 1.0 gross-margin data artifact inflates the modeled margin and fair value.
VST,Utilities,50.2,,195.14,0.099,0.18,,Narrow,4,,,independent,"Kept baseline ~10% growth and 18% margin for Vistra, an IPP riding power-demand/data-center tailwinds with aligned recent and peak opm; growth is justified rather than capped extrapolation.","Merchant power prices and weather drive volatile earnings, and leverage is elevated from acquisitions."
LNG,Energy,50.0,,493.5,0.031,0.38,,Narrow,5,,,independent,"Kept baseline 3% growth, but trimmed the mature margin from a peak-inflated 45.6% recent to a more normalized 38% since Cheniere's take-or-pay margins fluctuate with gas spreads versus the 28% mid-cycle peak.",Cash flows hinge on long-term LNG contracts and global gas-price spreads; large capex on expansions adds execution risk.
ROK,Industrials,49.7,,217.39,0.03,0.176,,Wide,1,,,independent,"Kept baseline 3% growth reflecting the recent factory-automation destocking decline, with the 17.6% peak margin (above recent 14.4%) crediting normalized through-cycle profitability.",Automation orders are cyclical and tied to industrial capex; competition from Siemens/Schneider is intense.
EW,Health Care,49.5,,67.3,0.063,0.318,,Wide,1,,,independent,"Kept baseline ~6.3% growth and 31.8% margin for Edwards Lifesciences, whose TAVR/structural-heart leadership supports mid-single-digit growth and high, stable device margins.",TAVR growth is maturing and facing competition; pipeline categories like TMTT must offset slowing core growth.
NDAQ,Financials,49.4,,73.17,0.12,0.26,,Narrow,2,,,dcf-na,Nasdaq is flagged dcf_applicable=false; kept the model fv but the exchange/fintech mix with the Adenza-driven SaaS growth warrants a market-based rather than DCF lens.,Software-integration execution and trading-volume sensitivity create earnings variability; leverage rose post-Adenza.
XEL,Utilities,49.3,,50.62,0.03,0.203,,Narrow,1,,,independent,"Kept baseline 3% growth and 20.3% margin for Xcel Energy, a regulated multi-state utility with steady rate-base-driven growth and stable allowed margins.",Wildfire liability exposure in its western territories and regulated-return caps limit upside.
ADSK,Information Technology,48.6,,384.46,0.137,0.38,,Wide,5,,,independent,"Kept baseline ~13.7% growth, consistent with Autodesk's subscription base and billings-model transition, and the 38% mature margin sits at ~42% of the 90% gross, appropriate for a still-scaling design-software platform.","Construction/manufacturing software demand is macro-sensitive, and the transacted-model shift adds near-term billings noise."
EBAY,Consumer Discretionary,48.6,,112.55,0.03,0.317,,Wide,3,,,independent,"Kept baseline 3% growth given eBay's low-single-digit GMV trajectory, with the 31.7% mature margin reflecting its high-margin marketplace and growing advertising take rate.","GMV is roughly flat in a competitive marketplace landscape, limiting top-line growth beyond ads and focus categories."
CAH,Health Care,48.2,,307.33,0.066,0.02,,Narrow,5,,,independent,"Kept baseline ~6.6% growth and the intentionally thin ~2% margin that is correct for Cardinal Health, a high-volume low-margin drug distributor where pennies-on-revenue economics are structural.",Razor-thin distribution margins mean small cost or generic-deflation swings move earnings sharply; opioid-settlement overhang lingers.
MCHP,Information Technology,47.9,,11.06,0.05,0.18,,None,1,,,out-of-model,"Microchip is flagged out-of-model (fv <18% of price); I normalized the cyclical semi from a -21% 3y trough toward 5% recovery growth and an 18% margin between trough opm 10.4% and peak 23.5%, but the data distortion means the number is not reliable.",Deep inventory-correction trough with declining revenue; recovery timing and pace are uncertain.
FITB,Financials,47.1,,204.32,0.075,0.371,,Narrow,5,,,dcf-na,"Fifth Third is flagged dcf_applicable=false as a regional bank; kept the model fv but a bank should be valued on ROTCE/P-TBV rather than DCF, so I treat the number as directional only.",Net interest margin and credit costs swing with rates and the economic cycle; CRE exposure is a watch item.
EXC,Utilities,46.8,,78.58,0.07,0.211,,Narrow,5,,,out-of-model,"Exelon is flagged out-of-model on a false revenue-collapse trigger (the 2022 generation spin-off of Constellation), but as a pure regulated T&D utility its 7% growth and 21% margin are otherwise reasonable; I keep the fv with the out-of-model caveat.",Post-spin pure-wires utility faces regulated-return caps and heavy grid capex; the spin distorts historical comparability.
HEI,Industrials,46.3,COMPOUNDER,220.64,0.14,0.21,Low,Narrow,1,,,independent,"Decelerated the hot 23.9% baseline to a still-strong 14% since HEICO's aerospace-aftermarket roll-up cannot compound at peak rates at $46B; at a defensible 14%/21% margin the DCF lands at $221, far under the AV PT of $386 and a 57x PE, so the market prices a premium my fundamentals will not pay.",A serial-acquirer model is exposed if aerospace M&A multiples stay rich or aftermarket demand softens.
GRMN,Consumer Discretionary,45.6,COMPOUNDER,307.07,0.1,0.25,Low,Wide,5,,,independent,"Trimmed growth to 10% (between the 9.8% 5y and 17.7% 3y) and held the structural ~25% op margin; the wide-moat fitness/aviation/marine franchise gives a $307 FV, above the AV PT of $262 and supportive of a cheap-quality 5-star read.",Consumer wearables face cyclical demand and Apple/Whoop competition in the largest segment.
ON,Information Technology,45.6,CYCLICAL,55.26,0.06,0.22,Medium,Narrow,1,,,independent,"Analog/power semis are mid-cycle: 5y/3y revenue is negative on the auto/industrial inventory correction, so I set 6% normalized growth and a 22% mid-cycle margin rather than the trough; the $55 FV sits below the AV PT of $105 because forward PE 38 prices a SiC/auto recovery I only partly credit.",A deeper or longer auto/industrial inventory downcycle would push margins and growth below the mid-cycle assumption.
CCJ,Materials,45.1,CYCLICAL,16.33,0.18,0.155,High,None,1,,,out-of-model,"Cameco trades on the uranium-price/nuclear-renaissance thesis (forward PE 92, AV PT $129) that a normalized-margin DCF cannot capture; the model flags >=40% implied growth and FV <18% of price, so this is optionality beyond fundamentals.",Uranium spot prices and the durability of the reactor-build cycle drive the equity far more than the cash-flow model.
STT,Financials,44.8,FINANCIAL,,0.05,,Medium,Narrow,,,,dcf-na,"State Street is a custody/asset-servicing bank where DCF is invalid (the model's $1839 is an artifact); on the AV forward anchor it is cheap at 13.3x forward PE with a $161 PT, a reasonable narrow-moat scale custodian valued on P/E rather than DCF.",Fee compression in custody and rate-sensitive NII can pressure earnings.
MSCI,Financials,44.8,FINANCIAL,652.7,0.11,0.54,Low,Wide,5,,,dcf-na,"The model buckets MSCI as financial and disables DCF, but it is really a wide-moat index/data compounder; its 54% op margin and 11% recurring-subscription growth justify the premium, and the disabled-DCF value of $653 lines up closely with the AV PT of $688 at a 31x forward PE.",Index/ESG fee pressure and a passive-flows slowdown would dent the highest-margin segment.
DEO,Consumer Staples,44.7,STABLE,30.19,0.04,0.3,Medium,Narrow,5,,,independent,"Diageo is a spirits ADR in a destocking trough (QoQ rev -4%, 3y CAGR negative); I used a low 4% normalized growth and the structural ~30% margin, giving a $30 FV per ADR (PT $101 reflects share count differences) at a cheap 12x forward PE supporting 5-star.",Premium-spirits demand and a weak US/LatAm consumer could prolong the volume slump.
FERG,Industrials,0.0,RESTRUCTURING,,0.05,0.08,Medium,Narrow,,,,out-of-model,"Ferguson's US re-listing/redomicile left under three years of clean cached history so the model returns no FV; on the AV anchor it is a steady plumbing/HVAC distributor at 18x forward PE with a $285 PT, but DCF is not yet runnable on the available history.",Distribution margins are thin (8%) and tied to US residential/commercial construction cycles.
IDXX,Health Care,44.3,COMPOUNDER,494.3,0.09,0.31,Low,Wide,1,,,independent,"IDEXX is a wide-moat companion-vet diagnostics razor/blade compounder; I held ~9% growth and lifted margin to the recent 31%, but even so the $494 FV is well under the AV PT of $709 and a 38x forward PE, so the market pays up for durable recurring consumables.",Vet-visit volumes have softened and a richer entrant in point-of-care diagnostics could erode pricing.
WAB,Industrials,44.2,COMPOUNDER,102.31,0.07,0.155,Medium,None,1,,,independent,"Wabtec is a freight/transit rail-equipment compounder with improving margins; at 7% growth and the recent 15.5% op margin the FV is $102, below the AV PT of $300 because the market credits the locomotive-modernization and aftermarket backlog far more than my normalized run-rate.",North American rail capex and freight volumes are cyclical and concentrate the order book.
CLS,Information Technology,42.7,HYPERGROWTH,239.15,0.16,0.07,Medium,Narrow,1,,,independent,"Celestica is an AI-server/networking EMS riding hyperscaler capex (QoQ rev +53%); I decelerated to 16% durable growth and lifted the thin EMS margin to 7% for operating leverage, giving $239 against an AV PT of $441 and 37x forward PE that prices a longer AI-build runway than I underwrite.",EMS margins are razor-thin and revenue is highly concentrated in a few hyperscaler customers whose capex can swing fast.
AU,Materials,42.5,CYCLICAL,56.95,0.06,0.3,High,None,1,,,independent,"AngloGold's 47% 5y revenue CAGR and 56% TTM op margin are a gold-price spike, not durable; I normalized to mid-cycle 6% growth / 30% margin with High uncertainty, yielding $57 well under the AV PT of $120 because the price discounts elevated spot gold I will not assume forward.",The equity is a leveraged bet on the gold price plus African/operational jurisdiction risk.
MSTR,Financials,42.4,OPTIONALITY,,0.03,,Very High,None,,,,out-of-model,"MicroStrategy is a levered bitcoin-holding vehicle wrapped around a tiny ($490M) software business; the DCF is negative and meaningless, and the equity is a leveraged BTC proxy that no cash-flow model can value.","Net asset value tracks the bitcoin price and the convertible-debt stack, so a BTC drawdown is amplified."
FNV,Materials,42.2,CYCLICAL,68.7,0.1,0.6,High,None,1,,,independent,"Franco-Nevada is an asset-light gold/PGM streaming-royalty company; I kept the structural ~60% margin but used 10% growth (new deals plus metal price) rather than the 78% TTM spike, giving $69 far below the AV PT of $297 and a 25x forward PE that capitalizes peak metal prices.","Cash flows ride commodity prices and counterparty mine output, both outside the company's control."
HUM,Health Care,42.0,TURNAROUND,407.41,0.05,0.035,High,Narrow,3,,,independent,"Humana's 1.3% TTM op margin is a Medicare Advantage medical-cost-ratio trough; I looked through it to a normalized ~3.5% margin on 5% growth and set uncertainty High for regulatory/MA-star-rating risk, giving $407 vs the AV PT of $290 as the trough should mean-revert.","MA reimbursement, star-rating cuts, and utilization trends are regulatory-driven and could keep margins depressed."
CCEP,Consumer Staples,41.9,STABLE,70.77,0.05,0.13,Medium,Narrow,1,,,independent,"Coca-Cola Europacific's 15.5% 5y CAGR is the Amatil/API acquisition, not organic; I normalized to 5% organic growth and the structural 13% bottler margin, giving $71 below the AV PT of $104 since flat QoQ volumes do not support the implied 18x forward PE premium.",A bottler carries low margins and FX/input-cost exposure across Europe and Asia-Pacific.
BDX,Health Care,41.7,STABLE,105.49,0.05,0.15,Medium,None,1,,,independent,"Becton Dickinson is a steady medtech/diagnostics name growing low-single-digits; at 5% growth and the recent 15% op margin the FV is $105, under the AV PT of $181, though the 11x forward PE vs 26x trailing signals an expected earnings rebound I only partly credit pending the diagnostics-unit separation.","Hospital capex, the planned business separation, and litigation/recall overhangs could disrupt the recovery."
YUM,Consumer Discretionary,41.6,STABLE,200.1,0.06,0.32,Low,Wide,5,,,independent,"Yum Brands is a wide-moat, capital-light franchisor (KFC/Taco Bell/Pizza Hut) with 64% ROIC; at 6% unit-plus-comp growth and the structural 32% margin the FV is $200, modestly above the AV PT of $174, supporting a cheap-quality 5-star read.",Pizza Hut/KFC international comps are soft and a weak global QSR consumer could slow net unit growth.
KDP,Consumer Staples,41.5,STABLE,22.22,0.05,0.215,Medium,None,1,,,independent,"Keurig Dr Pepper is a stable beverage maker; at 5% growth and the steady 21.5% margin the FV is $22, just under the AV PT of $33, with the 13x forward PE vs 23x trailing reflecting an EPS recovery from coffee-cost normalization that I credit only modestly.",Coffee/aluminum input costs and a maturing single-serve coffee category pressure both margin and volume.
ARES,Financials,41.4,FINANCIAL,,0.14,,Medium,Narrow,,,,dcf-na,"Ares Management is an alternative-asset manager where the model disables DCF (the $339 is an artifact and the 100% gross margin a data fold); on the AV anchor it grows fee-related earnings ~28% QoQ at a 21x forward PE with a $145 PT, a narrow-moat private-credit compounder valued on fee-earnings multiples.","Fundraising, private-credit spreads, and carried-interest realizations swing with the credit cycle."
GFS,Information Technology,41.4,CYCLICAL,24.47,0.06,0.15,High,None,1,,,independent,"GlobalFoundries is a trailing-edge foundry in a utilization trough (3y CAGR negative); I used a 6% normalized recovery and 15% margin with High uncertainty, giving $24 below the AV PT of $79 because the 39x forward PE prices a demand rebound and capacity fill I do not fully assume.","Foundry utilization, smartphone/auto chip demand, and heavy fab capex make earnings volatile."
BIDU,Information Technology,41.4,ADR,16.26,0.03,0.16,High,Narrow,3,,,out-of-model,"Baidu is a Chinese ADR where the cached series shows a >45% revenue break (USD/RMB scale artifact; actual RevenueTTM is ~128B RMB), so the model marks it out-of-model; the AI-cloud/Apollo optionality and China disclosure/VIE risk sit outside a clean DCF (AV PT $180, forward PE 20).","China regulatory, VIE-structure, and ADR-delisting risk dominate, and ad/cloud growth has stalled."
DHI,Consumer Discretionary,41.3,CYCLICAL,193.85,0.03,0.14,Medium,Narrow,5,,,independent,"D.R. Horton is the scale homebuilder; I normalized down from peak (QoQ rev -2%) to 3% mid-cycle growth and a 14% through-cycle margin below the recent 16% peak, giving $194 above the AV PT of $165 and a cheap 12x forward PE that supports a 5-star read at a cyclical low.","Mortgage rates and affordability drive order pace, and a recession would compress gross margins via incentives."
CCI,Real Estate,41.2,REIT,15.37,0.03,0.45,High,None,,,,out-of-model,"Crown Castle is a tower REIT where DCF is invalid and the model FV ($15) is <18% of price, an artifact; it should be valued on AFFO multiples, with the small-cell/fiber-divestiture restructuring and declining revenue (QoQ -4.8%) making the forward anchor (AV PT $99) the better reference.","Carrier consolidation, the fiber-unit sale, and rate sensitivity on a levered REIT balance sheet pressure AFFO and the dividend."
AMP,Financials,40.9,FINANCIAL,,0.08,,Low,Narrow,,,,dcf-na,"Ameriprise Financial is a wealth-management/asset-manager where DCF is invalid (the model's $2636 is an artifact); on the AV anchor it is cheap at 10.5x forward PE with a $541 PT and 26% ROIC, a narrow-moat advice-led franchise best valued on normalized P/E.",Advisory and asset-management fees plus rate-sensitive cash sweep revenue move with markets and rates.
XYZ,Financials,40.6,FINANCIAL,64.07,0.1,0.13,High,None,3,,,dcf-na,"Block is flagged non-DCF (fintech/payments) but a decelerated 10% growth and a normalized 13% margin (it just turned GAAP-profitable, ProfitMargin 3.3%) yields ~$64, right at the ~$66 price and below AV's $90 PT and 18.9x forward PE.",Cash App/Square take-rate compression and crypto/Bitcoin exposure make the margin path volatile.
ALNY,Health Care,40.5,HYPERGROWTH,450.35,0.28,0.33,Very High,Narrow,4,,,independent,"Alnylam just inflected to GAAP profit with revenue +96% YoY on its RNAi franchise; holding a 28% near-term growth and a 33% steady-state margin lands FV at $450, essentially on top of AV's $446 PT.","Single-platform biotech concentration and pipeline/label-expansion (TTR, complement) outcomes drive a Very High uncertainty."
HLN,Health Care,40.3,ADR,,0.04,0.2,Low,Narrow,,,,out-of-model,"Haleon is a UK consumer-health ADR; the model produces a stuck ~$4 per-share FV regardless of inputs (ADR-to-ordinary share-ratio distortion) versus a ~$10 ADR price and AV's $11.74 PT, so the per-share DCF is unusable.","Slow ~3% organic growth and FX translation; the real risk to the FV is the ADR share-count artifact, not the business."
COIN,Financials,40.2,OPTIONALITY,,0.2,0.42,Very High,Narrow,,,,out-of-model,"Coinbase revenue is crypto-cycle driven (QoQ rev -31%, flagged as a >45% collapse by the model) so a steady-state DCF is meaningless; the market prices option value on crypto adoption and stablecoin/custody rails that fundamentals cannot capture.",Transaction revenue swings violently with crypto prices and the regulatory regime can re-rate the whole model.
VIK,Consumer Discretionary,,RESTRUCTURING,,,,High,None,,,,out-of-model,"Viking Holdings has under 3 years of public financial history (2024 IPO), so the model cannot build a normalized trajectory and returns a data error.",Newly public cruise operator with a leveraged balance sheet and no long fundamental track record to anchor a fair value.
AIG,Financials,40.0,FINANCIAL,67.08,0.03,0.14,Medium,None,3,,,dcf-na,AIG is a P&C insurer so DCF is invalid; the baseline $67 is reasonable and aligns with AV's $88 PT given a 9.4x forward PE and a ~1.0x price-to-book on a post-restructuring (Corebridge spin) leaner book.,Catastrophe/reserve volatility and reinvestment yields on the float drive earnings swings.
VTR,Real Estate,39.9,REIT,,0.06,0.22,Medium,None,,,,dcf-na,Ventas is a healthcare REIT (DCF invalid; the 150x trailing PE is a GAAP-depreciation artifact) best valued on FFO/AFFO; AV's $97 PT against a ~$65 price reflects the senior-housing occupancy recovery tailwind.,Senior-housing operating (SHOP) occupancy and interest-rate sensitivity on its cost of capital.
TEVA,Health Care,39.8,TURNAROUND,21.69,0.03,0.17,High,None,1,,,independent,"Looking through the depressed opm_recent (2.7%, a charge artifact) to Teva's true ~17-19% operating margin and a modest 3% growth on the Austedo/Uzedy branded pivot gives $21.69; I stay below AV's optimistic $41 PT given the deleveraging is unproven.",Opioid/price-fixing litigation and a still-large net-debt load justify the High uncertainty override.
TTWO,Communication Services,39.8,TURNAROUND,177.64,0.12,0.18,Medium,Narrow,1,,,independent,"Take-Two's opm_recent of -67% is an impairment/Zynga-amortization artifact; normalizing to an 18% margin and 12% growth gives $178, below AV's $279 PT which prices in the GTA VI release optionality I am haircutting.",The valuation hinges on the timing and monetization of GTA VI; any slip resets the growth case.
PEG,Utilities,39.6,STABLE,75.43,0.05,0.2,Medium,Narrow,3,,,independent,"The baseline 28% margin is a utility gross-margin artifact (purchased-power excluded); resetting to the real ~20% operating margin with 5% rate-base growth gives $75, just under AV's $90 PT and the ~$85 price.",Regulated allowed-ROE outcomes and nuclear/clean-energy capex execution.
WCN,Industrials,39.4,COMPOUNDER,107.66,0.09,0.18,Low,Narrow,1,,,independent,"Waste Connections is a roll-up solid-waste compounder; decelerating its 11% CAGR to 9% on an 18% margin gives $108, well below AV's $204 PT and ~$185 price because the market pays a premium multiple for its defensiveness that I will not fully underwrite.",Acquisition pace and pricing power versus landfill/regulatory cost inflation.
KR,Consumer Staples,39.2,STABLE,68.02,0.03,0.025,Medium,Narrow,4,,,independent,"Kroger is a thin-margin (2.5%) grocer with flat ~3% growth; the baseline $68 is defensible and sits right at AV's $75 PT after the failed Albertsons merger, so no override is needed.",Grocery margin compression from Walmart/Costco/discounters and wage inflation.
AXON,Industrials,39.2,HYPERGROWTH,303.92,0.22,0.2,High,Narrow,1,,,independent,"Axon's opm_recent of 2.8% is SBC/growth-investment suppressed; normalizing to a 20% margin at scale and decelerating the 34% CAGR to 22% gives $304, far under AV's $662 PT and ~$760 price where the market prices extreme TASER/cloud optionality.",The stock embeds flawless execution on cloud/AI attach; a growth deceleration would compress the rich multiple sharply.
ED,Utilities,39.2,STABLE,116.96,0.04,0.19,Low,Narrow,4,,,independent,"Con Ed's baseline 31.9% margin is a gross-margin artifact; using its real ~19% operating margin with 4% rate-base growth gives $117, right on AV's $110 PT and the ~$100 price.",New York regulatory rate-case outcomes and clean-energy transition capex.
JD,Consumer Discretionary,39.0,ADR,28.31,0.05,0.025,High,Narrow,5,,,independent,"JD.com is a thin-margin (1-2.5%) Chinese e-commerce ADR; a 5% growth and 2.5% structural margin gives $28, below AV's $41 PT and the ~$33 price, with High uncertainty applied for VIE/geopolitical/disclosure risk.","China consumer demand, VIE-structure/ADR-delisting risk, and a costly food-delivery price war weigh on the margin."
ADM,Consumer Staples,39.0,CYCLICAL,35.6,0.02,0.025,Medium,None,1,,,independent,"Archer-Daniels is a no-moat ag-commodity processor in a down-cycle (rev -7.6% 3y); valuing at mid-cycle 2.5% margin and 2% growth gives $36, below AV's $74 PT and the ~$60 price which still embeds peak crush margins.","Crop crush/oilseed spreads are cyclical, plus a lingering accounting-restatement overhang in the nutrition segment."
TKO,Communication Services,38.9,COMPOUNDER,100.97,0.15,0.21,Medium,Narrow,1,,,independent,"TKO (UFC/WWE) is a live-sports media-rights compounder; decelerating its 21% CAGR to 15% on a 21% margin gives $101, below AV's $234 PT and ~$185 price that fully capitalize the next rights-renewal cycle.",Valuation rests on media-rights renewal economics; a soft renewal or talent/regulatory event would reset it.
STLD,Materials,38.7,CYCLICAL,161.5,0.03,0.11,Medium,Narrow,1,,,independent,"Steel Dynamics is a low-cost mini-mill steelmaker; using a mid-cycle 11% margin (between the 11% trough and 15% peak) and 3% growth gives $162, below AV's $256 PT and ~$215 price that reflect a steel-price upswing I normalize away.",Steel and scrap spreads are deeply cyclical; new-capacity ramp timing adds earnings volatility.
ESLT,Industrials,38.6,ADR,450.58,0.12,0.09,Low,Narrow,1,,,independent,"Elbit Systems is an Israeli defense ADR riding the global rearmament cycle; a 12% growth on its true ~9% operating margin gives $451, near the ~$430 price but far below AV's euphoric $880 PT.",Foreign-ADR/disclosure and Israel-specific geopolitical exposure; defense-manufacturing margins are structurally thin.
CBRE,Real Estate,38.3,CYCLICAL,94.4,0.08,0.05,Medium,Narrow,1,,,dcf-na,"CBRE is a capital-light real-estate-services firm the model flags non-DCF; the $94 override FV understates it, and on a 17.8x forward PE the ~$140 price and AV's $179 PT reflect a cyclical recovery in transactions/leasing.",Commercial-real-estate transaction volumes are cyclical and rate-sensitive; brokerage revenue troughs in a frozen CRE market.
A,Health Care,38.3,COMPOUNDER,119.41,0.05,0.22,Low,Wide,1,,,independent,"Agilent is a wide-moat life-sciences tools maker in a soft instruments cycle; a 5% recovery growth on its 22% margin gives $119, modestly below AV's $161 PT and the ~$135 price.",Pharma/biotech capex and China demand drive the near-term instruments cycle.
CRDO,Information Technology,38.2,HYPERGROWTH,,0.4,0.3,Very High,Narrow,,,,out-of-model,Credo is an AI-datacenter connectivity (AEC) name with revenue +157% YoY; the market prices >40% growth and a 122x trailing PE as pure AI-capex optionality that the DCF cannot capture (model flags FV <18% of price).,Hyperscaler customer concentration and the durability of the AEC/active-copper cycle versus optical alternatives.
CCL,Consumer Discretionary,38.0,CYCLICAL,,0.06,0.14,High,None,,,,out-of-model,"Carnival's 5y CAGR of 93% is a COVID-trough rebound artifact (model flags the >45% revenue swing), so a steady-state DCF is distorted; on an 11.7x forward PE the ~$27 price and AV's $35 PT capture the post-pandemic earnings and deleveraging.",A leveraged balance sheet and fuel/discretionary-demand cyclicality mean a consumer slowdown re-impairs the recovery.
PCG,Utilities,37.7,STABLE,32.48,0.05,0.16,High,Narrow,5,,,independent,"PG&E's baseline 32.8% margin is a gross-margin artifact; using its real ~16% operating margin with 5% rate-base growth gives $32, above AV's $23 PT and the ~$18 price, so I see value the Street still discounts for wildfire overhang.",California wildfire liability and the credibility of the state recovery fund keep the uncertainty High despite strong rate-base growth.
CMG,Consumer Discretionary,37.6,COMPOUNDER,41.82,0.085,0.165,Low,Wide,5,36.0,1.16,independent,"Chipotle is a wide-moat compounder with elite unit economics (ROIC 49%); trimming growth to 8.5% pulls FV to $41.82 (ratio_vs_ms 1.16, down from 1.32) which now matches AV's $42.88 PT, with my modest premium to MS justified by the unit-growth runway.",Same-store-traffic deceleration and food/labor cost inflation against an already-rich valuation.
TRI,Industrials,37.6,COMPOUNDER,71.14,0.045,0.29,Medium,Narrow,2,,0.58,overvalued,"Wide-moat legal/tax/news-data compounder, but gross_margin==1.0 was a missing-COGS artifact forcing a phantom 42% mature_margin; corrected to the real ~29-30% OPM, FV falls to $71 vs AV PT $123 and a ~$180 price.",Market pays a rich subscription-compounder multiple my conservative DCF will not earn back unless AI/legal-data growth re-accelerates.
HSY,Consumer Staples,37.4,STABLE,224.19,0.045,0.22,Low,Wide,5,,1.03,fair-undervalued,"Wide-moat US confection leader; mature margin held near the real ~22% OPM (gross 45% is clean here), FV $224 lands right on the AV PT of $217 with a low-WACC stable profile.",Record cocoa input costs compressing gross margin and GLP-1 demand-suppression overhang on snacking volumes.
JBL,Information Technology,37.3,CYCLICAL,222.54,0.05,0.045,Medium,Narrow,1,,0.7,overvalued,EMS contract manufacturer with structurally thin ~4.5% operating margins (no real wide moat despite the model tag); FV $222 is well below the AV PT $316 that prices in an AI-server-hardware up-cycle.,Cyclical end-market demand and customer concentration; AI hardware tailwind may fade and compress already-thin margins.
LYV,Communication Services,37.3,RESTRUCTURING,,0.1,0.05,High,Narrow,,,,out-of-model,"Live Nation flagged out_of_model on a revenue-collapse artifact; GAAP-unprofitable (EPS -1.77, OPM -10%) with deferred-event accounting and a DOJ antitrust breakup case make DCF unreliable.",DOJ antitrust suit could force a Ticketmaster divestiture; thin GAAP margins and event-timing volatility distort any normalized estimate.
IRM,Real Estate,37.1,REIT,,0.117,0.194,Medium,Narrow,,,,dcf-na,"Iron Mountain is a records-storage/data-center REIT (dcf_applicable=false); value on AFFO multiple, not DCF. AV PT $131 vs a ~135x trailing GAAP P/E reflects FFO-based pricing the model cannot replicate.",High leverage funding the data-center build-out; rising-rate sensitivity and secular decline in physical records storage.
WEC,Utilities,36.8,STABLE,69.74,0.045,0.22,Low,Narrow,1,,0.56,overvalued,Regulated WI/IL utility; mature margin held to the real ~22-29% OPM rather than the inflated 64% gross artifact. FV $70 is conservative vs AV PT $124 and a ~$105 price given a low-growth rate-base story.,Rate-case regulatory outcomes and rising capex/interest costs on the grid and renewable build-out.
VMC,Materials,36.5,CYCLICAL,147.97,0.06,0.18,Low,Narrow,1,,0.45,overvalued,"Aggregates leader with local-monopoly pricing power, but on mid-cycle ~18% margins the DCF gives $148 against an AV PT $326 / ~$280 price; the market pays a premium multiple for durable aggregates pricing that a normalized DCF will not justify.",Construction-cycle and infrastructure-funding sensitivity; my conservative DCF understates the structural pricing moat if it is more durable than modeled.
SYY,Consumer Staples,36.5,STABLE,99.81,0.05,0.04,Low,Narrow,5,,1.15,fair-undervalued,Sysco is the scale leader in foodservice distribution on structurally thin ~4% margins; FV $99 sits slightly above the AV PT $87 and looks fairly-to-undervalued for a steady low-growth distributor.,Restaurant/foodservice demand sensitivity to consumer spending and food inflation squeezing already-narrow distribution margins.
PYPL,Financials,36.4,FINANCIAL,,0.064,0.194,Medium,Wide,,,,dcf-na,"PayPal is a payments financial (dcf_applicable=false); the model still leaked a $176 DCF FV that is meaningless. At fwd PE ~8 and AV PT $51 vs a ~$70 price it is a cheap, decelerating payments name better valued on normalized P/E.",Branded-checkout share loss to Apple Pay/Shop Pay and unbranded (Braintree) margin compression.
EME,Industrials,36.4,COMPOUNDER,937.37,0.1,0.09,Low,Wide,5,,0.94,fair,EMCOR is a best-in-class electrical/mechanical contractor riding datacenter/electrification demand; decelerating the unsustainable 15% trailing growth to a still-strong 10% gives FV $937 right against the AV PT $1000.,Construction-cycle exposure and backlog conversion; current ~9% margins are near a peak that may normalize lower.
PRU,Financials,36.3,FINANCIAL,,0.03,0.078,Medium,None,,,,dcf-na,"Prudential is a life insurer/asset manager (dcf_applicable=false); the model leaked an absurd $699 DCF FV against a ~$110 price. Value on P/B x ROE or normalized P/E (fwd PE ~10, AV PT $100).","Rate-sensitive spread income, variable-annuity reserve volatility, and equity-market sensitivity of AUM-driven fees."
ASTS,Communication Services,36.3,OPTIONALITY,,0.25,0.113,Very High,None,,,,out-of-model,"AST SpaceMobile is pre-revenue direct-to-cell satellite optionality (OPM -10x, model FV $1.21 vs AV PT $82); the ~$36B cap is pure venture-stage optionality on constellation deployment that fundamentals cannot value.","Massive capital needs and dilution, launch/technical execution risk, and dependence on carrier partnerships before any material revenue."
HIG,Financials,36.2,FINANCIAL,,0.067,0.153,Low,Narrow,,,,dcf-na,The Hartford is a P&C/group-benefits insurer (dcf_applicable=false); model leaked $264 DCF vs a ~$120 price. At fwd PE ~10 and AV PT $148 it is a well-run insurer best valued on P/B x ROE.,P&C underwriting-cycle softening and catastrophe-loss volatility; reserve adequacy in long-tail lines.
PAYX,Industrials,36.0,STABLE,142.2,0.067,0.394,Low,Wide,5,,1.39,fair-undervalued,"Paychex is a wide-moat payroll/HR-outsourcing compounder with genuine ~39-44% operating margins and high ROIC; baseline FV $142 is sound and sits above the AV PT $102, leaving a margin of safety.",SMB-employment-cycle sensitivity and float-income decline if rates fall; Paycom/competitive pressure on net new clients.
WAT,Health Care,35.9,COMPOUNDER,324.86,0.05,0.27,Low,Wide,1,,0.81,overvalued,Waters is wide-moat analytical instruments (LC/MS) with a recurring razor-and-blade base; using the real ~27% peak margin and modest 5% growth gives FV $325 vs AV PT $400 and a ~$365 price.,Pending BD Biosciences merger (the 91% QoQ growth is M&A noise) adds integration risk; pharma/biotech capex cyclicality on instrument demand.
RKT,Financials,35.8,FINANCIAL,,0.045,0.409,Very High,None,,,,out-of-model,"Rocket Companies is a rate-cyclical mortgage originator (dcf_applicable=false, flagged out_of_model on revenue collapse) mid-acquisition of Mr. Cooper/Redfin; GAAP near-breakeven and gain-on-sale accounting make DCF invalid (AV PT $20).",Mortgage origination volumes swing violently with rates; integration of large acquisitions and heavy insider/super-voting control.
WDAY,Information Technology,35.6,HYPERGROWTH,215.12,0.12,0.28,Medium,Narrow,5,,1.26,fair-undervalued,"Workday is a sticky HCM/financials SaaS leader; valuing on a ~28% FCF margin (GAAP OPM is SBC-suppressed) and decelerated 12% growth gives FV $215, above the AV PT $171 with fwd PE 14 vs trailing 45 confirming the deceleration.",Enterprise software-spend cyclicality and competition from SAP/Oracle/AI-native entrants; heavy SBC dilution if growth slows.
MLM,Materials,34.6,CYCLICAL,277.95,0.05,0.22,Low,Narrow,1,,0.41,overvalued,"Martin Marietta is an aggregates major with local pricing power, but at mid-cycle ~22% margins the DCF yields $278 versus an AV PT $683 and a ~$560 price; the market capitalizes aggregates pricing durability far above a normalized DCF.",Construction/infrastructure-cycle exposure; my conservative DCF materially understates value if aggregates pricing power compounds as the bulls expect.
UI,Information Technology,34.3,COMPOUNDER,318.0,0.08,0.3,Medium,Wide,1,,0.39,overvalued,"Ubiquiti runs a capital-light, community-driven networking model at genuine ~28-37% margins; even crediting a 30% mature margin and 8% growth, FV $318 is far below AV PT $826 / ~$400+ price because the founder-controlled premium multiple exceeds a defensible DCF.",Founder super-voting control and minimal float drive a valuation the DCF cannot support; hardware-demand cyclicality and disclosure thinness.
UAL,Industrials,34.3,CYCLICAL,,0.05,0.08,High,None,,,,out-of-model,"United Airlines is a capital-intensive cyclical with a gross_margin==1.0 missing-COGS artifact that forced a phantom 42% margin and an absurd $3470 DCF; flagged out_of_model. Real OPM is ~8%, no durable moat, AV PT $132.","Fuel-cost, demand-cycle, and labor-cost volatility on top of heavy debt; DCF is structurally unsuitable for airlines."
TWLO,Information Technology,34.3,HYPERGROWTH,,0.135,0.113,Very High,None,,,,out-of-model,Twilio is a usage-based CPaaS name flagged out_of_model on extreme priced-in growth; GAAP OPM only just turned positive and the moat is weak. Fwd PE 42 vs trailing 342 shows nascent profitability the model cannot anchor (AV PT $195).,Usage/volume revenue is volatile and competitive (low switching costs); GAAP margins remain SBC-dependent and thin.
HEI.A,Industrials,34.0,COMPOUNDER,194.81,0.12,0.22,Low,Narrow,1,,0.61,overvalued,"HEICO is a serial-acquirer aerospace-aftermarket (PMA parts) compounder; even on a strong 12% decelerated growth and 22% margin the DCF gives $194 versus AV PT $320, reflecting the rich ~40x premium the market pays for its acquisition machine.",Aerospace-cycle and acquisition-pipeline dependence; the premium multiple compresses sharply if the M&A compounding engine slows.
KVUE,Consumer Staples,34.0,STABLE,19.5,0.03,0.197,Medium,Narrow,4,,1.0,fair,"Kenvue is the J&J consumer-health spin (Tylenol, Neutrogena) with strong brands but flat ~0% growth; baseline FV $19.50 lands exactly on the AV PT $19.50, and uncertainty lifted to Medium for the Tylenol/autism-litigation and activist/breakup overhang.",Tylenol product-liability and political-litigation risk plus a contested activist breakup/sale process create event-driven volatility.
SATS,Communication Services,33.7,RESTRUCTURING,,0.03,0.1,Extreme,None,,,,out-of-model,"EchoStar/DISH is a deeply distressed, debt-laden wireless/satellite restructuring (model FV negative, EPS -50, declining revenue); flagged out_of_model and Extreme uncertainty. AV PT $137 hinges on spectrum-asset monetization, not earnings.",Severe leverage and refinancing risk against a costly 5G build-out; equity value depends entirely on spectrum sales/strategic outcomes.
EQT,Energy,33.6,CYCLICAL,28.65,0.05,0.3,High,None,1,,0.41,overvalued,"EQT is the largest US natural-gas E&P, a commodity-price-taker with no moat; valued on a mid-cycle gas deck (margin trimmed from the current 35% trough/peak toward 30%) the DCF gives $28.65 vs an AV PT $70 that assumes a structurally higher gas price.",Henry Hub gas-price swings drive everything; my mid-cycle stance is far below the bull LNG-export-demand gas deck embedded in the AV target.
ROP,Information Technology,33.5,COMPOUNDER,497.84,0.09,0.291,Medium,Wide,4,,,fair,"Wide-moat vertical-software/measurement compounder; baseline 13.1% growth is too hot for a $33B serial acquirer, so I decelerated to 9% giving FV $498 vs AV PT $454.",Acquisition-driven model means capital-deployment misses or multiple compression hit the thesis.
HBAN,Financials,33.5,FINANCIAL,,0.07,,Medium,Narrow,,,,dcf-na,Regional bank (dcf_applicable=false); the model's $141 FV is a DCF-leak artifact (~9x the ~$16 price) so I suppress it and value on normalized P/E - AV PT $19.84 vs ~$16 price implies modest upside.,Net-interest-margin compression and credit normalization on CRE exposure.
RDDT,Communication Services,,HYPERGROWTH,,0.4,0.3,Very High,Narrow,,,,out-of-model,"Reddit has <3y public history so the model errors out; AV shows 69% QoQ rev growth, fwd PE 40, and a newly-positive 27.6% op margin - a hypergrowth social/ads platform whose value rests on data-licensing and ad-load optionality DCF can't anchor.",Ad-spend cyclicality and Google-traffic dependence; rich multiple leaves no margin of safety.
ZTS,Health Care,33.3,COMPOUNDER,173.35,0.051,0.361,Low,Wide,5,,,fair,Wide-moat animal-health leader with durable 36% margins and steady mid-single-digit growth; baseline $173 stands - above the 12-mo AV PT $124 because that PT is a price target not an intrinsic-value estimate for a Low-uncertainty franchise.,Slowing companion-animal demand and generic/parasiticide competition.
LVS,Consumer Discretionary,33.3,RESTRUCTURING,,0.1,0.235,High,Narrow,,,,out-of-model,Model flags >45% rev collapse (COVID Macau shutdown then divesting Las Vegas) so it's out-of-model; AV PT $69 vs ~$45 price reflects a Macau/Singapore recovery the discontinuity-distorted history can't capture cleanly.,Macau concession/regulatory risk and China consumer weakness.
QSR,Consumer Discretionary,33.2,STABLE,76.03,0.08,0.3,Medium,Narrow,4,,,fair,"Asset-light franchisor (Burger King/Tim Hortons/Popeyes); baseline 14.3% growth overstates a mature royalty model, so I set 8% growth / 30% margin for FV $76, right against AV PT $86.",Burger King US traffic softness and franchisee health in a value-conscious consumer environment.
NTAP,Information Technology,33.1,STABLE,163.05,0.03,0.278,Low,Narrow,3,,,fair,"Mature enterprise-storage vendor with low-single-digit growth and improving 27% margins; baseline $163 lands almost exactly on AV PT $169.88, so no override needed.",Storage hardware cyclicality and cloud-native displacement of on-prem capacity.
KMB,Consumer Staples,32.9,STABLE,120.24,0.03,0.162,Low,Wide,5,,,fair,"Wide-moat consumer-tissue staple with flat-to-declining revenue but stable ~16% margins; baseline $120 sits right on AV PT $114, so the model is well-calibrated here.",Private-label share gains and input-cost inflation pressuring volume/margin.
HAL,Energy,32.7,CYCLICAL,31.46,0.04,0.12,Medium,None,2,,,fair,"No-moat oilfield-services name; I applied mid-cycle 4% growth / 12% margin (vs trailing 16.7% peak opm) for FV $31, below the AV PT $44 which embeds a fuller activity recovery.",North American frac pricing and global E&P capex are highly oil-price dependent.
ALC,Health Care,32.6,STABLE,47.87,0.055,0.188,Medium,Narrow,2,,,cautious,"Eyecare (surgical + vision) leader with genuinely thin ~11-19% margins; baseline $48 is conservative vs AV PT $89 which assumes margin expansion my model treats as unproven, so I keep the cautious model FV.",Premium-IOL and contact-lens demand sensitivity plus FX on a Swiss-domiciled reporter.
MTB,Financials,32.6,FINANCIAL,,0.05,,Medium,Narrow,,,,dcf-na,Regional bank (dcf_applicable=false); the $1600 model FV is a pure DCF-leak artifact (~8x the ~$190 price) so I null it and lean on AV PT $233 / ~12x earnings - well-run franchise at a fair multiple.,CRE concentration and deposit-cost pressure on net interest income.
NTR,Materials,32.3,CYCLICAL,58.79,0.03,0.14,High,None,3,,,fair,"Cyclical potash/nitrogen + ag-retail; trailing margins are at a trough (opm 9.8%) so I normalized to mid-cycle 14% margin with High uncertainty, lifting FV to $59 vs AV PT $82.",Fertilizer pricing is commodity-driven; potash oversupply and crop-price weakness cap upside.
RPRX,Health Care,32.2,FINANCIAL,25.91,0.05,0.63,Medium,Narrow,3,,,cautious,"Royalty Pharma is a quasi-financial royalty aggregator - baseline $11.57 is broken (low book ROIC on intangible-heavy acquired royalties), and even raising margin to the true ~63% only gets FV to $26; a reinvestment-DCF structurally understates the PV-of-royalty-portfolio plus deployment optionality (AV PT $59).",Royalty concentration in a few drugs and patent-cliff/deployment-pace risk.
EXR,Real Estate,32.1,REIT,,0.04,,Medium,Wide,,,,dcf-na,Self-storage REIT (dcf_applicable=false); the $503 model FV is a DCF-leak artifact (~3x the ~$150 price) so I null it and value on FFO/AFFO multiple - AV PT $154 vs ~$150 price suggests roughly fair on a ~33x P/FFO.,New-supply pressure on storage rates and rate-sensitivity of the REIT multiple.
PUK,Financials,31.9,ADR,,0.06,,High,Narrow,,,,out-of-model,"Prudential PLC ADR is both an insurer (dcf_applicable path invalid) and flagged out-of-model on a rev-collapse from the M&G/Jackson demergers; value rests on Asia life-insurance embedded value, not DCF (AV PT $38.66).","China/HK new-business volatility, FX, and embedded-value assumption sensitivity."
ACGL,Financials,31.9,FINANCIAL,,0.08,,Medium,Narrow,,,,dcf-na,Arch Capital is a specialty insurer/reinsurer (dcf_applicable=false); the $760 model FV is a DCF-leak artifact (~8x the ~$95 price) so I null it and value on P/B x ROE - AV PT $108.92 / ~7x earnings looks attractive after a strong hard market.,P&C pricing cycle softening and catastrophe-loss volatility (mortgage + reinsurance mix).
VG,Energy,,HYPERGROWTH,,0.3,0.25,Very High,Narrow,,,,out-of-model,"Venture Global is a newly-public LNG exporter with <3y history so the model errors out; AV shows 59% rev growth and a 25% op margin, but value hinges on contracted SPA ramp, project-finance leverage, and ongoing customer arbitration - not a DCF the short record can anchor.","LNG-customer litigation/arbitration, heavy project debt, and commissioning-timeline slippage."
RVMD,Health Care,31.7,OPTIONALITY,,,,Very High,None,,,,out-of-model,"Revolution Medicines is a clinical-stage RAS(ON)-inhibitor oncology biotech with ~$0.7M revenue and -$7.12 EPS; the DCF crashes on null revenue (logged as a structural bug) and value is pure pipeline optionality (AV PT $186), so it is out-of-model.",Binary clinical-trial outcomes for daraxonrasib and cash-runway/dilution risk before commercialization.
NTRS,Financials,31.5,FINANCIAL,,0.06,,Medium,Narrow,,,,dcf-na,Northern Trust is a custody/wealth bank (dcf_applicable=false); the $1573 model FV is a DCF-leak artifact (~13x the ~$120 price) so I null it and value on normalized P/E - AV PT $171 / ~16x earnings on a fee-and-NII franchise.,Fee compression in custody/asset-servicing and rate sensitivity of net interest income.
KGC,Materials,31.3,CYCLICAL,16.69,0.06,0.3,High,None,2,,,cautious,"No-moat gold miner whose baseline 25% growth and 30%+ margins are entirely a record-gold-price spike; I normalized to mid-cycle gold (6% growth, 30% margin, High unc) for a deliberately sub-AV-PT FV $17 vs AV PT $41 - gold miners are chronically overvalued at cycle peaks.",Earnings are a direct lever on the gold price; a gold pullback compresses FCF sharply.
CQP,Energy,31.2,CYCLICAL,88.51,0.02,0.32,Very High,Narrow,4,,,cautious,Cheniere Energy Partners is a contracted-LNG MLP; even after trimming growth to 2% and applying Very-High uncertainty the model FV $88 stays well above AV PT $60 - the reinvestment-DCF structurally overvalues fixed-fee infrastructure MLPs (flagged in structural notes).,"MLP distribution/leverage structure, contract-roll exposure, and LNG-spread sensitivity post-contract."
TS,Energy,31.0,CYCLICAL,21.65,0.04,0.2,High,None,2,,,cautious,"Tenaris (steel OCTG pipes, ADR) is at a cyclical trough (rev_cagr_3 -10%); I applied mid-cycle 4% growth / 20% margin for FV $22, well below AV PT $64 which prices a fuller drilling-activity recovery the trough-distorted model won't extrapolate.",OCTG demand tracks rig count and global drilling capex; ADR/FX and Argentine-domicile governance overhang.
NTRA,Health Care,30.8,OPTIONALITY,,0.3,0.1,Very High,None,,,,out-of-model,Natera (genetic-testing/Signatera) is flagged out-of-model for pricing >=40% growth; it's still GAAP-unprofitable (opm -13.4%) and the market is paying for MRD/oncology TAM optionality DCF can't value (AV PT $259 vs ~$160 price).,Reimbursement-rate and coverage-decision risk on Signatera; profitability not yet proven.
CNC,Health Care,30.8,TURNAROUND,95.18,0.04,0.022,Extreme,Narrow,3,,,cautious,"Centene is a managed-care insurer in an earnings trough (negative TTM EPS from 2025 ACA-marketplace losses); the baseline $393 was absurd, so I cut growth to 4%, used a thin 2.2% margin, and pulled the uncertainty lever to Extreme for the heavy Medicaid/ACA regulatory risk - FV $95, looking through the trough but heavily haircut (AV PT $61, ~$30 price).","Medicaid redetermination, ACA risk-adjustment, and political/policy risk to government-program economics."
IQV,Health Care,30.6,COMPOUNDER,150.78,0.06,0.16,Medium,Narrow,4,,,fair,"IQVIA is a scaled CRO + healthcare-data leader the model undervalues at baseline ($94, no moat, 13.4% margin); I lifted growth to 6% and margin to 16% to reflect its R&D-services economics for FV $151, still conservative vs AV PT $227.",Biopharma R&D-spend cyclicality and biotech-funding pressure on clinical-trial bookings.
BIP,Industrials,30.6,OPTIONALITY,,0.06,0.25,Medium,Narrow,,,,out-of-model,"Brookfield Infrastructure is an LP whose value is in per-unit distributable cash flow, not GAAP EPS; the model emits $287 vs a ~$40 per-unit price (AV PT $44), a >6x scale failure, so DCF is invalid here.","LP structure, high leverage and FX/interest-rate sensitivity in a rising-rate world."
DTE,Utilities,30.3,STABLE,187.51,0.05,0.145,Medium,Narrow,5,,1.18,fair,"Cached gross_margin=1.0 is a regulated-utility artifact, so I derived mature_margin from the true op margin (~0.10-0.17) rather than gross; FV falls from $770 to $188 (AV PT $159, price ~$135), mildly bullish on rate-base growth.",Regulatory rate-case outcomes and capex funding cost; clean-energy transition spend.
AEE,Utilities,30.2,STABLE,135.08,0.065,0.22,Medium,Narrow,4,,1.13,fair,"Utility gross-margin artifact (0.839) corrected to a real op margin ~0.22 (opm_recent 0.208, AV TTM 0.278); FV $135 sits just above AV PT $120 on regulated rate-base growth.",Missouri/Illinois rate-case risk and interest-rate sensitivity of the regulated return.
TECK,Materials,30.2,RESTRUCTURING,,0.07,0.24,High,None,,,,out-of-model,"Teck sold its Elk Valley coal business in 2024, collapsing revenue >45% (model flags spin-off/restructuring); it is now a pure copper/zinc cyclical whose AV opmTTM 0.398 reflects a cycle peak, so a trailing-DCF is invalid. Anchor AV PT $48 at mid-cycle.",Copper/zinc price cycle and QB2 ramp execution; commodity beta dominates.
EL,Consumer Staples,30.2,TURNAROUND,99.67,0.04,0.13,Medium,Wide,4,,1.04,fair,"Estee Lauder op margin collapsed to 0.062 from a 0.167 peak (China/travel-retail destocking); looking through the trough to a normalized ~0.13 margin gives $100, right at AV PT $95.",China prestige-beauty demand and travel-retail recovery slower than expected; margin recovery stalls.
VICI,Real Estate,30.0,REIT,,0.05,0.45,Medium,Narrow,,,,dcf-na,"Casino/experiential net-lease REIT (dcf_applicable=false); value on AFFO multiple, ~14x AFFO supports ~$33-34, in line with AV PT $34. DCF path is invalid for a REIT.",Tenant (gaming operator) concentration and rate-driven cap-rate expansion on the net-lease portfolio.
FSLR,Information Technology,30.0,CYCLICAL,221.96,0.12,0.2,Medium,None,1,,0.91,fair,"First Solar's TTM op margin 0.331 is inflated by IRA 45X credits that normalize; using a mid-cycle 0.20 margin and 12% growth gives $222, right at AV PT $244 and above price ~$170.",IRA/45X credit policy reversal and module ASP/pricing pressure from oversupply.
RBLX,Information Technology,29.9,HYPERGROWTH,73.49,0.2,0.18,Medium,Narrow,5,,1.13,fair,"GAAP op margin is -0.16 (heavy infra/SBC), so I value on a normalized ~0.18 FCF/bookings margin and a decelerated 20% growth (bookings still +39% YoY); FV $73 vs AV PT $65, price ~$50.",Bookings deceleration and child-safety/regulatory scrutiny of the platform.
ZM,Information Technology,29.8,STABLE,104.26,0.05,0.34,Medium,Narrow,3,,0.92,fair,"Zoom is now a slow-growth, highly cash-generative platform (FCF/profit margin ~0.34-0.42); a 5% growth, 0.34 margin DCF gives $104, between price ~$80 and AV PT $114.",Enterprise seat saturation and competition from Teams/Google bundling; growth near zero.
Q,Information Technology,29.6,RESTRUCTURING,,0.17,0.23,High,,,,,out-of-model,"Qnity Electronics is a 2025 spin-off from DuPont (electronics/semis materials) with <3y standalone history, so the model has no usable trajectory; anchor AV PT $173 (fwdPE ~39, opmTTM 0.228).",No standalone track record; semiconductor-materials demand cycle and post-spin cost structure.
AMRZ,Materials,29.5,RESTRUCTURING,,0.05,0.12,High,,,,,out-of-model,"Amrize is the 2025 Holcim North America building-materials spin-off with <3y history; opmTTM is -0.035 on spin transition costs, so DCF is not usable. Anchor AV PT $65.",US construction/cement demand cycle and a freshly levered post-spin balance sheet.
RJF,Financials,29.5,FINANCIAL,,0.1,0.18,Low,Narrow,,,,dcf-na,"Raymond James is a wealth-manager/broker-dealer (dcf_applicable=false); the $1056 DCF is meaningless. On EPS $10.5 at ~14x normalized P/E (in line with peers) the value is ~$145-150, vs price ~$150 and AV PT $174.",Rate-cut compression of net interest income on cash sweep balances; market-linked fee revenue.
CBOE,Financials,29.5,FINANCIAL,,0.09,0.4,Medium,Narrow,,,,dcf-na,"Cboe is an exchange operator (dcf_applicable=false); value on P/E. EPS $11.63 at ~24x supports ~$280, between price ~$230 and AV PT $328; the toll-booth model warrants a premium multiple.",Trading-volume/volatility (VIX-complex) dependence and competitive pressure on options market share.
GEHC,Health Care,29.4,STABLE,92.55,0.04,0.13,Low,Narrow,5,,1.16,fair,GE HealthCare margin trued to ~0.13 (AV opmTTM 0.111 vs baseline 0.148) with 4% growth; FV $93 sits just above AV PT $80 and price ~$75 on a wide installed base and recurring service.,Tariff exposure on imaging hardware and China hospital-capex weakness.
FISV,Financials,29.0,COMPOUNDER,83.08,0.03,0.25,High,Narrow,4,,1.19,fair,"Fiserv is a payments processor mis-tagged dcf_applicable=false; the DCF should apply. After a guidance-cut de-rating (fwdPE 6.75) I cut growth to 3% and margin to 0.25, giving $83 vs AV PT $70 and price ~$70.",Clover/merchant-acquiring growth deceleration and loss of management credibility post guidance cut.
DOV,Industrials,28.9,COMPOUNDER,189.55,0.05,0.2,Low,Narrow,1,,0.76,fair,"Dover is a quality diversified industrial; lifting margin to a structural ~0.20 (with ongoing portfolio upgrade) gives $190 vs price ~$180, but well below the bullish AV PT $251, so I stay conservative.",Short-cycle industrial demand and the gap to the optimistic street PT if margin expansion stalls.
BIIB,Health Care,28.8,TURNAROUND,183.84,0.0,0.28,High,Wide,3,,0.84,fair,"Biogen is a melting-franchise pharma (rev_cagr_5 -2.6%, MS-tox legacy decline) with a Leqembi-launch binary; using zero growth, a normalized 0.28 margin (vs 0.438 peak) and High uncertainty gives $184, between market ~$135 and AV PT $219.",Leqembi commercialization disappoints and the pipeline fails to offset legacy MS revenue erosion.
MTZ,Industrials,28.8,CYCLICAL,195.23,0.07,0.065,Medium,Narrow,2,,0.41,fair,"MasTec is a thin-margin (0.04-0.06) cyclical infra/E&C roll-up; a mid-cycle 0.065 margin gives $195 (above price ~$130) but far below the speculative AV PT $473 (fwdPE 42), which prices a margin-recovery hypergrowth I deliberately decelerate.",Construction-margin cyclicality and project execution; the street PT bakes in aggressive margin expansion.
CPRT,Industrials,28.7,COMPOUNDER,57.21,0.09,0.36,Low,Wide,5,,1.38,overvalued,"Copart is a wide-moat salvage-auction duopolist with 37% margins; even at a decelerated 9% growth FV is $57, above both AV PT $41 and price ~$50, so the stock looks fairly-to-richly valued and I trimmed growth to avoid over-crediting.",Total-loss frequency normalization and used-vehicle-value cyclicality compressing per-unit fees.
FTS,Utilities,28.5,STABLE,43.85,0.04,0.3,Medium,Narrow,3,,0.78,fair,"Fortis is a regulated Canadian utility ADR; correcting the gross-margin artifact (0.708) to a real ~0.30 op margin (AV opmTTM 0.288) gives $44, in line with price ~$45 USD though below AV PT $56.",FX (CAD/USD) translation and Canadian/US regulatory rate-base outcomes; rate-sensitivity.
RMD,Health Care,28.4,COMPOUNDER,276.18,0.09,0.28,Low,Wide,5,,1.02,fair,"ResMed is a wide-moat sleep-apnea device leader; decelerating growth to 9% for the GLP-1 demand overhang gives $276, right on AV PT $271 and above price ~$230.",GLP-1 weight-loss drugs reduce the addressable sleep-apnea pool; supplier-rebate dynamics.
ATO,Utilities,28.4,STABLE,175.78,0.065,0.33,Medium,Narrow,3,,0.94,fair,"Atmos is a pure-play regulated gas utility whose genuinely high op margin (~0.33, AV opmTTM 0.393) is real, not an artifact; FV $176 sits between price ~$155 and AV PT $187 on steady rate-base growth.",Pipeline-replacement capex funding and gas-demand/decarbonization policy in its Texas-heavy footprint.
PBA,Energy,28.4,ADR,,0.04,0.34,High,Narrow,,,,out-of-model,"Pembina is a Canadian midstream/pipeline ADR valued on fee-based distributable cash flow; the model emits $9.31 vs a ~$38 price (a >4x scale failure from the GAAP-DCF/unit mismatch), so DCF is invalid. Anchor AV PT $41.","Western-Canada egress/volume risk, FX (CAD/USD), and commodity-linked marketing revenue."
TPR,Consumer Discretionary,28.3,TURNAROUND,125.15,0.06,0.2,Medium,Wide,3,,0.76,fair,"Tapestry's cached 0.29 margin is gross-derived; using the real op margin ~0.20 (AV opmTTM 0.224) with a Coach-led brand reacceleration (rev +21% YoY) gives $125, between price ~$85 and the bullish AV PT $165.",Consumer-discretionary/handbag demand and the durability of the Coach brand-heat turnaround.
IR,Industrials,28.3,OPTIONALITY,48.84,0.08,0.22,Medium,None,1,,0.52,overvalued,"Ingersoll Rand's DCF gives only ~$49 vs price ~$90 / AV PT $93 because acquired growth carries low incremental ROIC (~6-8%, goodwill-heavy); the market prices continued M&A roll-up optionality the fundamentals-only DCF cannot, so on a strict DCF the stock screens expensive.","Stretched multiple (fwdPE 21, trailing 49) that depends on sustained accretive M&A; short-cycle industrial demand."
CASY,Consumer Staples,28.2,COMPOUNDER,426.44,0.109,0.048,Low,Narrow,1,,,overvalued,"Casey's is a high-quality convenience/fuel compounder (16% 5y rev CAGR, stable 5% op margin, 11% ROIC) but the thin retail margin caps DCF at ~$426 while the market pays 38x fwd; AV PT $843 reflects a quality premium a fundamentals DCF cannot reach.",Fuel-margin volatility and slowing 3y revenue (2.8%) could compress the premium multiple sharply.
EIX,Utilities,28.2,STABLE,95.39,0.03,0.18,Very High,Narrow,4,,,undervalued,Baseline FV ($514) was a gross=1.0 data artifact (margin defaulted to 0.42); corrected to real ~16-18% regulated op margin and Very-High uncertainty for California wildfire litigation gives $95 vs AV PT $75 — modestly above PT on the regulated rate base.,Catastrophic wildfire liability could force equity dilution or impair the rate base.
MDB,Information Technology,28.2,HYPERGROWTH,265.44,0.2,0.2,High,Narrow,1,,,fairly-valued-to-rich,MongoDB is GAAP-unprofitable but FCF-positive; valued on a ~20% mature FCF margin (not the -11% GAAP op margin which is SBC-suppressed) with decelerated 20% growth gives $265 vs AV PT $396 (which prices fuller hypergrowth).,AI-driven database disruption or growth deceleration below 20% would compress the rich SaaS multiple.
VEEV,Health Care,28.2,COMPOUNDER,286.07,0.13,0.31,Low,Wide,5,,,undervalued,"Wide-moat vertical SaaS for life sciences with 25% op / 30%+ FCF margin and 75% ROIC; decelerated 13% growth and 31% mature margin yields $286, above AV PT $248 — a high-quality compounder the model fairly rewards.",Loss of a large pharma customer or the Salesforce-platform migration could dent retention.
DXCM,Health Care,28.1,COMPOUNDER,73.19,0.13,0.22,Medium,Wide,3,,,fairly-valued,"DexCom is the wide-moat CGM leader (21% op margin, 15% quarterly rev growth); decelerated 13% growth at a 22% mature margin gives $73 vs AV PT $83 — close to fair.",CGM price competition from Abbott and GLP-1-driven diabetes-population shifts pressure volume.
FOXA,Communication Services,28.1,STABLE,83.94,0.03,0.17,Medium,Narrow,5,,,fairly-valued,Baseline $280 was a gross=1.0 artifact (margin defaulted to 0.42); corrected to ~17% real op margin and low-single-digit media growth gives $84 vs AV PT $74 — slight premium for live-sports rights value.,Accelerating cord-cutting and sports-rights cost inflation erode the cable/affiliate base.
ONC,Health Care,28.0,ADR,46.9,0.25,0.22,Very High,Narrow,5,,,out-of-model,"ONC = BeiGene (oncology ADR) just inflected to its first profitable year (FY25 rev $5.3B, +8% op margin, 87% gross, 37% ROIC, 46% 5y CAGR); model FV $47 is an ADR per-ordinary-share unit mismatch vs AV PT $412 (ADS = 13 ordinary), so DCF unit is not comparable.",Oncology pipeline binary outcomes and China/US biotech geopolitical exposure.
TSEM,Information Technology,28.0,CYCLICAL,37.18,0.05,0.14,Medium,Narrow,1,,,out-of-model,"Tower Semiconductor (Israeli analog foundry, ADR) — model FV $37 is flagged out-of-model (<18% of price) vs AV PT $314; a normalized 13% op-margin / low-growth DCF cannot reach the AI/analog-cycle foundry multiple the market is paying.",Deeply cyclical foundry utilization; a downcycle would crush utilization and margins.
CNP,Utilities,27.9,STABLE,35.88,0.04,0.21,Medium,Narrow,2,,,fairly-valued,CenterPoint regulated utility; using the AV TTM op margin (~22%) and ~4% rate-base growth gives $36 vs AV PT $46 — slightly conservative but defensible for a regulated T&D utility.,Texas/Houston storm-restoration costs and regulatory rate-case outcomes.
TDY,Information Technology,27.9,COMPOUNDER,436.08,0.07,0.2,Low,Narrow,1,,,overvalued,Teledyne is a disciplined serial-acquirer in defense/instrumentation (19% op margin); 7% growth at a 20% margin gives $436 vs AV PT $737 — the market pays a defense/quality premium the DCF does not reach.,Acquisition-driven model means integration missteps or a defense-budget slowdown.
EXPE,Consumer Discretionary,27.5,CYCLICAL,213.09,0.07,0.12,High,Narrow,3,,,fairly-valued,"Expedia OTA; baseline tripped the >45% revenue-collapse out-of-model flag (a data-classification quirk, not a real spin-off). Normalized at 7% travel growth and 12% margin gives $213 vs AV PT $286.",Google travel disintermediation and consumer-travel cyclicality; the OOM flag indicates messy underlying data.
NRG,Utilities,27.3,CYCLICAL,157.66,0.06,0.07,High,Narrow,3,,,undervalued-vs-PT,"NRG is a Texas independent power producer (thin 6% op margin, volatile); crediting some data-center power-demand growth (6%) gives $158 vs AV PT $199 — the gap is power-demand optionality the DCF only partly captures.",Merchant-power price volatility (ERCOT) and commodity exposure can swing earnings sharply.
CPNG,Consumer Discretionary,27.2,HYPERGROWTH,19.66,0.17,0.05,Medium,None,5,,,undervalued,Coupang (Korean e-commerce) is inflecting from breakeven; modeling 17% growth toward a 5% mature retail/logistics margin gives $20 vs AV PT $26 — the value rests on margin expansion executing.,Thin retail margins and Farfetch/new-market investment could delay sustained profitability.
CW,Industrials,27.1,COMPOUNDER,344.63,0.09,0.19,Low,Narrow,1,,,overvalued,"Curtiss-Wright (defense/nuclear/aerospace, 17-19% margin) modeled at 9% growth gives $345 vs AV PT $788 — the market pays a defense/nuclear-tailwind premium beyond the DCF.",Defense-budget or nuclear-program timing slippage; rich multiple leaves little margin of safety.
STRL,Industrials,27.1,HYPERGROWTH,318.23,0.15,0.16,Medium,Narrow,1,,,overvalued-vs-PT,Sterling Infrastructure is riding a data-center/e-infrastructure construction supercycle (+91% quarterly rev growth); even at 15% sustained growth and 16% margin the DCF reaches $318 vs AV PT $938 — the market prices the supercycle the model cannot.,Construction backlog is cyclical; a data-center capex pause would sharply reset growth and the multiple.
CFG,Financials,27.1,FINANCIAL,,0.086,0.361,Medium,Wide,,,,dcf-na,"Citizens Financial is a bank — DCF is invalid (dcf_applicable=false). On normalized earnings it trades ~12x fwd P/E (25% profit margin, +14% rev growth); AV PT $73 implies modest upside on a value-priced regional bank.",Commercial-real-estate credit exposure and NIM compression if rates fall.
OTIS,Industrials,27.0,STABLE,93.35,0.04,0.16,Low,Narrow,5,,,fairly-valued,"Otis is an elevator oligopoly with a high-margin recurring service/maintenance annuity (15-16% op margin); 4% growth at a 16% margin gives $93, essentially matching AV PT $95.",China new-equipment property weakness drags the units segment; service offsets but caps growth.
AVB,Real Estate,26.9,REIT,,0.063,0.42,Medium,None,,,,dcf-na,"AvalonBay is a coastal apartment REIT — DCF invalid (dcf_applicable=false); value on FFO/AFFO multiple. With low-single-digit same-store growth, AV PT $195 anchors the FFO-based value.",Apartment supply waves in Sunbelt expansion markets and rate-sensitivity of the REIT multiple.
PPL,Utilities,26.9,STABLE,43.32,0.045,0.25,High,Narrow,4,,,fairly-valued,"PPL regulated utility; using AV TTM op margin (~27%) and ~4.5% rate-base growth gives $43, essentially matching AV PT $41.",Pennsylvania/Kentucky rate-case and data-center-load capex execution risk.
TPL,Energy,26.9,OPTIONALITY,168.83,0.1,0.55,Medium,Wide,1,,,out-of-model,"Texas Pacific Land is a unique Permian land/royalty + water perpetuity (76% op margin, no capex, 120% ROIC); even at a 55% margin the DCF reaches only $169 vs AV PT $445 — the market prices the irreplaceable-acreage scarcity the DCF structurally cannot.",Permian oil-price and drilling-activity cyclicality drives royalty volume; extreme valuation multiple.
JBHT,Industrials,26.9,CYCLICAL,206.19,0.05,0.095,Low,Wide,1,,,fairly-valued,"J.B. Hunt is in a freight recession (negative recent rev CAGR, trough 7.2% margin); normalizing to a mid-cycle ~9.5% margin and 5% growth gives $206 vs AV PT $246 — fair on a look-through basis.",Prolonged freight downturn keeps intermodal volumes and pricing depressed.
FE,Utilities,26.9,STABLE,50.26,0.03,0.17,Medium,Narrow,3,,,fairly-valued,"FirstEnergy regulated T&D utility; baseline $200 was inflated by an over-high mature margin, corrected to ~17% op margin and 3% rate-base growth gives $50, matching AV PT $52.",Lingering HB6 bribery-settlement overhang and Ohio regulatory rate-case outcomes.
VRSN,Information Technology,26.8,COMPOUNDER,119.45,0.055,0.45,Low,Wide,1,,,overvalued,"VeriSign runs the .com/.net registry monopoly (68% op margin, 50% net margin, Berkshire-owned); the model mislabels moat as None (should be Wide). DCF $119 at 5.5% growth vs AV PT $306 — the gap is the regulated-monopoly perpetuity premium the market pays.",ICANN/NTIA price-cap regulation on .com pricing is the key governor on the monopoly's cash flows.
KHC,Consumer Staples,26.8,STABLE,23.92,0.01,0.13,High,None,3,,,fairly-valued,"Kraft Heinz is in structural brand decline (negative rev CAGR, recent goodwill writedown drove negative GAAP EPS); flat ~1% growth at a deflated 13% margin gives $24, matching AV PT $23 — a value trap priced for stagnation.","Private-label share loss and further brand impairments; the 11x P/E reflects no growth, not safety."
FTI,Industrials,26.6,CYCLICAL,35.93,0.1,0.13,High,None,1,,,undervalued-vs-PT,TechnipFMC is an offshore energy-services name in a subsea capex recovery; modeling 10% growth and a mid-cycle 13% margin gives $36 vs AV PT $76 — the offshore-capex upcycle is optionality the conservative DCF only partly credits.,Offshore E&P capex is deeply cyclical and oil-price dependent; backlog can reverse.
SYM,Industrials,26.6,HYPERGROWTH,28.06,0.2,0.05,Very High,None,1,,,out-of-model,"Warehouse-automation robotics growing 70%+ but GAAP-unprofitable (OpM ~1%, EPS -0.08); market prices >=40% growth optionality DCF cannot capture, AV PT $64.87 vs ~$5 fundamental floor.",Customer concentration (Walmart/GreenBox) and contract-timing lumpiness could stall the revenue ramp.
ES,Utilities,26.6,STABLE,78.27,0.05,0.15,Medium,Narrow,3,,,fair,"Regulated utility; baseline mature_margin 0.279 was a gross-margin artifact giving FV $270, fixed to net-margin 0.15 -> $78, matching AV PT $72.17.",Offshore-wind divestiture losses and rate-case/interest-rate pressure on a leveraged balance sheet.
FICO,Information Technology,26.4,COMPOUNDER,1175.8,0.13,0.45,Medium,Wide,3,,,fair,Wide-moat credit-score monopoly with pricing power; decelerated growth to 13% and held 45% structural margin; my FV $1176 sits below AV PT $1527 as a conservative anchor.,Regulatory/political pushback on FICO score pricing in mortgage and consumer lending.
MTSI,Information Technology,26.4,HYPERGROWTH,39.79,0.13,0.16,High,None,1,,,out-of-model,"Analog/RF semis riding the datacenter/AI cycle (QRevG 22.5%, FwdPE 56); market prices >=40% growth optionality vs my decelerated $40, AV PT $398.",Cyclical semis correction would compress both growth and the rich multiple sharply.
EQR,Real Estate,26.3,REIT,68.2,0.04,0.3,Medium,None,3,,,dcf-na,"Coastal apartment REIT; DCF invalid (dcf_applicable=false) so valued on ~17.5x FFO/sh ~$3.9 -> $68, aligned with AV PT $70.83 vs broken DCF $31.",Rent-control regulation and supply gluts in core coastal markets pressuring same-store NOI.
NVT,Industrials,26.3,CYCLICAL,74.37,0.12,0.17,Medium,Narrow,1,,,fair,"Electrical/datacenter-power enclosures with a QRevG spike of 53.5% on AI buildout; decelerated to 12% with 17% margin -> $74, well below AV PT $183 which prices an extended AI-capex supercycle.",Datacenter capex is cyclical; a hyperscaler digestion period would deflate the growth premium.
XYL,Industrials,26.1,COMPOUNDER,117.48,0.1,0.14,Low,Narrow,4,,,fair,"Water-infrastructure secular grower (Evoqua-boosted); 10% growth and 14% margin give $117 vs AV PT $150.65, leaving modest upside.",Municipal/utility capex deferral in a tighter budget environment slows the water-spend cycle.
XPO,Industrials,25.7,CYCLICAL,95.35,0.08,0.12,Medium,Narrow,1,,,fair,"LTL freight at a cyclical trough (OpM ~8% vs mid-cycle ~12%); normalized to mid-cycle gives $95 vs AV PT $224, reflecting disciplined cyclical caution below the market's recovery bet.","Prolonged freight recession keeps tonnage and pricing depressed, delaying margin normalization."
CINF,Financials,25.6,FINANCIAL,170.0,0.07,0.24,High,Narrow,3,,,dcf-na,"P&C insurer; DCF invalid, valued on normalized EPS (~$11 ex investment gains) at ~15x -> $170, aligned with AV PT $181.5 vs inflated DCF $259.",Equity-heavy investment portfolio and catastrophe-loss volatility swing reported earnings.
WRB,Financials,25.5,FINANCIAL,69.0,0.1,0.16,Low,Narrow,3,,,dcf-na,"High-quality specialty P&C with ~20% ROE; DCF invalid, ~15x EPS $4.59 -> $69, matching AV PT $67.38 vs DCF $149.",Soft-market pricing cycle in specialty lines compresses underwriting margins.
PPG,Materials,25.4,CYCLICAL,120.44,0.04,0.14,Medium,Narrow,3,,,fair,"Coatings franchise with flat-to-low organic growth; 4% growth and 14% margin yield $120, an excellent match to AV PT $122.75.",Soft industrial/architectural demand and raw-material cost swings on a cyclical end-market base.
TEAM,Information Technology,25.2,HYPERGROWTH,184.22,0.18,0.25,High,Narrow,5,,,fair,"Atlassian is GAAP-unprofitable (OpM -2.7%) but FCF-rich; valued on ~25% FCF margin with decelerated 18% growth -> $184, above AV PT $143 reflecting durable cloud-migration economics.",SBC dilution and cloud-transition execution; AI-native competition in collaboration software.
HUBB,Industrials,25.2,STABLE,332.85,0.06,0.18,Low,Narrow,1,,,fair,"Electrical/utility-grid products with grid-modernization tailwinds; 6% growth and 18% margin give $333, conservative vs AV PT $550.",Utility-capex timing and post-pandemic price/cost normalization could slow earnings growth.
CTSH,Information Technology,25.2,STABLE,106.83,0.04,0.155,Low,Wide,5,,,fair,"IT-services compounder with eroding (negative-trend) moat; modest 4% growth and 15.5% margin -> $107, above AV PT $72 because the market over-discounts near-term AI-disruption to staffing-heavy revenue.",Generative-AI productivity could structurally shrink labor-arbitrage IT-services demand.
FOX,Communication Services,25.2,STABLE,51.37,0.03,0.105,Medium,Narrow,3,,,fair,"News/sports media; gross_margin=1.0 artifact inflated baseline to $283, fixed to ~10.5% net margin -> $51, matching AV PT $51.5.",Cord-cutting erodes affiliate fees; sports-rights cost inflation pressures margins.
SMCI,Information Technology,25.0,CYCLICAL,26.1,0.12,0.05,Very High,Narrow,1,,,fair,"Thin-margin AI-server assembler (gross 14.5%, OpM ~6%); decelerated to 12% growth at 5% margin with Very High uncertainty for accounting/governance overhang -> $26 vs AV PT $37.62.",Auditor-resignation/restatement history and brutal server-margin competition; commoditization risk.
WTW,Financials,24.9,FINANCIAL,280.8,0.05,0.18,Medium,None,3,,,dcf-na,"Insurance broker; DCF invalid (gross_margin=1.0 inflated to $524), valued on ~16.5x recurring-fee EPS $17.02 -> $281, below AV PT $334.",Organic-growth execution post Aon-deal-collapse; talent retention versus AON/MMC.
ILMN,Health Care,24.6,TURNAROUND,61.57,0.05,0.22,High,Narrow,1,,,fair,Sequencing leader in a trough (OpM -19% on GRAIL writedowns); looked through to peak ~22% margin and 5% growth -> $62 vs AV PT $144 which prices a faster recovery.,China/BGI competitive pressure and slow installed-base refresh; GRAIL-divestiture overhang.
BG,Consumer Staples,24.5,CYCLICAL,129.42,0.03,0.035,Medium,Narrow,2,,,fair,"Ag-trading/oilseeds processor on razor-thin margins; normalized 3% growth and 3.5% margin give $129, just below AV PT $142.",Crush-margin cyclicality and Viterra-merger integration; commodity-price swings.
DOW,Materials,24.5,CYCLICAL,37.0,0.03,0.08,High,None,3,,,fair,"Commodity chemicals at a deep trough (EPS -4, OpM ~0); mid-cycle ~8% margin -> $37, aligned with AV PT $42.5 vs trough-distorted baseline $11.",Prolonged petrochemical oversupply and a contested dividend on weak free cash flow.
RF,Financials,24.4,FINANCIAL,27.7,0.05,0.3,Medium,Narrow,3,,,dcf-na,"Regional bank; DCF invalid (roic_median 1.149 artifact gave $125), valued on ~11.5x EPS $2.41 -> $28, matching AV PT $30.73.","NIM compression, deposit-cost pressure, and CRE credit exposure in a rate-cut cycle."
AWK,Utilities,24.3,STABLE,164.41,0.07,0.36,Low,Narrow,5,,,fair,"Largest regulated water utility with predictable rate-base growth; gross_margin=1.0 artifact corrected to opm 0.36 -> $164, modestly above AV PT $135.73.",Rising interest costs on a capital-intensive model; regulatory lag on rate cases.
STZ,Consumer Staples,24.3,TURNAROUND,142.0,0.04,0.27,Medium,Narrow,3,,,fair,Beer (Modelo/Corona) strong but wine/spirits and QRevG -11% weigh; normalized 4% growth at 27% margin -> $142 vs AV PT $176.,"Slowing beer volume, GLP-1 demand drag, and Canopy cannabis-investment losses."
ATI,Materials,24.2,CYCLICAL,51.97,0.08,0.12,Medium,Narrow,1,,,fair,Specialty/aero metals levered to the aerospace upcycle; mid-cycle 8% growth and 12% margin -> $52 vs AV PT $179.56 which prices a sustained aero supercycle.,Aerospace build-rate cuts (Boeing/Airbus) and titanium price/volume cyclicality.
WSM,Consumer Discretionary,24.1,TURNAROUND,173.95,0.04,0.17,Medium,Wide,2,,,fair,Williams-Sonoma home retail through a soft-housing trough; normalized 4% growth and 17% margin -> $174 vs AV PT $207.,Housing-cycle and discretionary-spend weakness; margin give-back from elevated pandemic-era levels.
IHG,Consumer Discretionary,24.1,ADR,,0.05,0.35,Medium,Wide,,,,out-of-model,"UK-listed asset-light hotel franchisor (ADR); cached series shows a >45% revenue 'collapse' (COVID/franchise reclassification) that the model flags out-of-model, inflating raw FV to $327 vs AV PT $138.67. Franchise economics and ADR disclosure put it outside the DCF.",Travel-demand cyclicality and FX/ADR translation distort the trailing data.
FCNCA,Financials,24.0,FINANCIAL,,0.05,0.4,High,Narrow,,,,dcf-na,"Bank holding co (post-SVB acquisition); DCF invalid (raw FV $50,336 is garbage). Value on normalized earnings: AV EPS $173, fwd PE 12.8, AV PT $2,212 imply a fairly-valued, well-capitalized acquirer.",Integration of SVB book and CRE/credit-cost normalization could pressure returns.
CRS,Materials,24.0,CYCLICAL,176.35,0.13,0.18,Medium,None,1,,,fairly-valued,"Specialty aerospace alloys riding an up-cycle (opm TTM 22.8% vs cached trough 11.7%, QRev +11.6%); I normalize to mid-cycle ~18% margin / low-teens growth for $176, far below the Street's super-cycle extrapolation (AV PT $459, 52x trailing).",Aerospace/defense demand peak; margins mean-revert if build rates stall.
FTAI,Information Technology,24.0,RESTRUCTURING,,0.2,0.39,High,Narrow,,,,out-of-model,FTAI Aviation (engine aftermarket); the 2022 spin of FTAI Infrastructure creates a >45% revenue discontinuity the model flags out-of-model (raw FV $609 vs AV PT $350). Continuing-business growth is real but the discontinuity breaks the DCF base.,High leverage and engine-leasing residual-value risk; growth multiple leaves no margin of safety.
P,Information Technology,24.0,HYPERGROWTH,40.55,0.11,0.2,High,Narrow,1,,,overvalued,"Early-profitability software (gross 69%, opm_recent 2.7% SBC-suppressed, ROIC negative); I use a look-through FCF-style ~20% mature margin and decelerated 11% growth for $40 vs a frothy market price (AV PT $93.7).","GAAP losses, negative ROIC and SBC dilution; path to the assumed mature margin is unproven."
SYF,Financials,23.8,FINANCIAL,,0.05,0.38,High,Wide,,,,dcf-na,"Private-label consumer-credit lender; DCF invalid (raw FV $645). On normalized earnings (AV EPS $9.66, fwd PE 7.6, AV PT $89.4) it screens cheap, but the low multiple prices in credit-cycle risk.",Consumer credit losses spike in a downturn; retail-partner concentration.
VRSK,Industrials,23.8,COMPOUNDER,164.22,0.07,0.44,Medium,Narrow,3,,,fairly-valued,"Verisk insurance data/analytics; durable 44% margins and ~7% recurring organic growth give $164, modestly below AV PT $220 which pays a premium multiple for the data moat.",Insurance-industry data-spend cyclicality; rich starting multiple.
KEY,Financials,23.6,FINANCIAL,,0.05,0.37,High,Narrow,,,,dcf-na,"KeyCorp regional bank; DCF invalid (raw FV $110). Normalized earnings (AV EPS $1.63, fwd PE 12.2, AV PT $25, QRev +11.8% on NII recovery) point to roughly fair value.",NIM/deposit-cost pressure and CRE exposure in a regional-bank stress scenario.
BEP,Utilities,23.5,CYCLICAL,26.23,0.07,0.2,High,Narrow,1,,,fairly-valued,Brookfield Renewable partnership; GAAP EPS negative and opm depressed (6.3%) make DCF awkward (it is an FFO/distribution story). On a normalized ~20% margin I get $26 vs AV PT $35.54; better valued on FFO/AFFO multiple.,"Rate sensitivity, partnership leverage and reliance on asset rotation to fund distribution growth."
HPQ,Information Technology,23.4,STABLE,80.81,0.02,0.07,Low,Narrow,5,,,model-artifact,"Per-share FV $80.81 is ~3.5x the real share price (~$24; AV PT $22.91, EPS $2.70, fwd PE 8.5): shares_outstanding is None, so the per-share FV divides equity_value by a stale/too-low buyback-shrunk count and forces star=5. On AV anchors HPQ is a fairly-valued declining PC/print business, not a 5-star bargain. Logged in STRUCTURAL_NOTES.",Secular PC/print decline; the model's per-share FV is unreliable here (share-count artifact).
UTHR,Health Care,23.3,COMPOUNDER,927.06,0.12,0.45,Medium,Wide,5,,,undervalued,"United Therapeutics (pulmonary-hypertension franchise); 48% operating margins and a deep PAH pipeline support $927 with decelerated 12% growth, well above AV PT $665 (which reflects patent-cliff caution).",Tyvaso/Remodulin patent and competitive erosion; single-disease concentration.
MTD,Health Care,23.3,COMPOUNDER,951.69,0.04,0.25,Low,Wide,1,,,fairly-valued,"Mettler-Toledo wide-moat lab/precision instruments; low-single-digit growth post-China-destock and ~25% margin give $952, in line with AV PT $1,328 only after a richer multiple — my DCF is conservative and the model rates it rich (star 1).",China/pharma capex cyclicality keeps near-term growth muted; premium valuation.
LPLA,Financials,23.1,FINANCIAL,,0.15,0.41,Medium,Wide,,,,dcf-na,"LPL Financial advisor-platform; classified Financials so DCF invalid (raw FV $13,968). High-growth platform (QRev +35%) on AV EPS $10.92, fwd PE 11.7, AV PT $416.5 looks reasonably valued for the growth.",Cash-sweep/interest-rate revenue sensitivity and advisor-recruiting competition.
CHD,Consumer Staples,22.9,STABLE,69.44,0.04,0.185,Low,Narrow,1,,,overvalued,"Church & Dwight staples compounder; low-single-digit growth and ~18.5% margin yield $69 vs AV PT $102.26 (26x fwd) - the market pays a premium staples multiple my DCF will not, so model rates it rich (star 1).",Private-label competition and input-cost pressure on a high starting multiple.
DG,Consumer Staples,22.9,TURNAROUND,291.28,0.05,0.075,Low,Wide,5,,,undervalued,"Dollar General; margins are in a trough (opm_recent 5.2% vs peak 8.8% on shrink/markdown pressure). Looking through to a partial margin recovery (~7.5%) gives $291 vs AV PT $131 - the Street prices the trough as permanent, I price a recovery, so this is my biggest divergence above the analyst PT.","If margin compression is structural (shrink, labor, mix) rather than cyclical, my recovery thesis fails."
BCE,Communication Services,22.8,STABLE,32.05,0.01,0.21,High,Narrow,4,,,fairly-valued,"BCE (Canadian telecom); declining revenue (-1% 5yr CAGR), heavy capex/leverage and a stretched payout warrant a High uncertainty override. Near-zero growth at ~21% margin gives $32 vs AV PT $27.26 (ADR/FX).","Dividend sustainability and high leverage in a no-growth, capital-intensive telecom market."
MKL,Financials,22.8,FINANCIAL,,0.05,0.19,Medium,Narrow,,,,dcf-na,"Markel specialty insurer/holding company; DCF invalid (raw FV $3,662) and TTM op margin is distorted by investment marks. Value on book/P-B and earnings (AV EPS $138, AV PT $2,005) - a fairly-valued compounder.",Underwriting-cycle softening and equity-portfolio mark volatility swing reported results.
PFG,Financials,22.7,FINANCIAL,,0.04,0.13,Medium,None,,,,dcf-na,"Principal Financial (insurer/asset manager); DCF invalid (raw FV $985). Normalized earnings (AV EPS $6.97, fwd PE 9.4, AV PT $101.5) imply roughly fair value with no economic moat.",Equity-market-sensitive AUM fees and spread compression in the insurance book.
TROW,Financials,22.7,FINANCIAL,,0.03,0.43,Medium,Wide,,,,dcf-na,"T. Rowe Price asset manager; DCF invalid (raw FV $224). Wide brand moat but negative moat trend on active-to-passive outflows; AV EPS $9.32, fwd PE 10.8, AV PT $97.4 reflect the structural fee/outflow headwind.",Persistent active-equity outflows and fee compression erode the earnings base.
CPAY,Financials,22.7,FINANCIAL,,0.12,0.43,Medium,Wide,,,,dcf-na,"Corpay (FleetCor) payments network; model classifies it Financials so DCF invalid (raw FV $772), but it is really a wide-moat payments compounder (43% margins, QRev +25%). AV EPS $16.71, fwd PE 13.4, AV PT $395 leave upside for the growth.",Fuel-price/spread exposure in the fleet-card business and acquisition-integration risk.
DRI,Consumer Discretionary,22.7,COMPOUNDER,254.71,0.05,0.11,Low,Wide,5,,,fairly-valued,"Darden Restaurants (Olive Garden/LongHorn) scale-advantaged operator; ~11.5% margin and mid-single-digit unit+comp growth give $255, modestly above AV PT $225.58.",Discretionary dining demand softens in a consumer slowdown; wage/food inflation.
ROL,Industrials,22.7,COMPOUNDER,42.94,0.1,0.19,Low,Wide,2,,,fairly-valued,"Rollins (Orkin pest control) wide-moat recurring-revenue compounder; steady ~10% growth and 19% margin give $43, below AV PT $62.94 because the Street pays a 38-43x multiple my DCF won't.",Premium valuation leaves little margin of safety; M&A-driven growth must continue.
PHM,Consumer Discretionary,22.6,CYCLICAL,149.79,0.02,0.13,Medium,Wide,5,,,fairly-valued,"PulteGroup homebuilder at peak-cycle margins (opm 21%); I normalize to mid-cycle ~13% margin and low growth for $150, in line with AV PT $137.5 - close to fair once cycle margins mean-revert.",Mortgage-rate-driven demand and gross-margin compression off the current peak.
TW,Financials,22.4,FINANCIAL,,0.18,0.42,Low,Narrow,,,,dcf-na,"Tradeweb electronic fixed-income trading platform; classified Financials so DCF invalid (raw FV $238), but it is a network-effect growth name (46.5% margin, QRev +21%). AV EPS $4.05, fwd PE 30.3, AV PT $135.9 price the growth richly.",Rich multiple is vulnerable to a slowdown in electronic-trading volume growth or rate-volatility normalization.
NI,Utilities,22.3,STABLE,40.9,0.05,0.22,Medium,Narrow,2,,,fairly-valued,"NiSource regulated gas/electric utility; ~5% rate-base growth and a normalized ~22% margin give $41, just below AV PT $51.36 - the model's raw 27% margin overstated returns so I trimmed to the regulated-utility norm.",Regulatory rate-case outcomes and rising capex/rate sensitivity.
LEN,Consumer Discretionary,22.3,CYCLICAL,152.78,0.025,0.095,Medium,Narrow,5,,,fair-to-rich,"Homebuilder deep cyclical; QRev -13% confirms past the housing peak. Even at conservative mid-cycle inputs (g=2.5%, m=9.5%) the DCF holds $153, still ~1.7x AV PT of $91.5 (fwd PE 14.8, EPS $6.95) - a structural cycle-peak overshoot, so the street anchor is the better read.","A housing downturn compresses both volume and margin simultaneously, and the model extrapolates super-cycle margins the business will not repeat."
FN,Information Technology,22.3,HYPERGROWTH,600.87,0.16,0.105,Low,Wide,3,,,undervalued,"Fabrinet is an AI-datacom optical contract manufacturer; QRev +39% and fwd PE 12.8 vs trailing 53 signal a sharp earnings ramp the baseline's 3% growth missed. Raising g to 16% lifts FV to $601, still a margin of safety below AV PT $749.",Customer concentration (NVIDIA/Cisco datacom) and the thin 9-10% contract-manufacturing margin make earnings sensitive to a single program loss or AI capex pause.
CMS,Utilities,22.3,STABLE,71.01,0.065,0.21,Medium,Narrow,3,,,fair,"Regulated Michigan utility with a steady ~6-7% rate-base growth plan; raising g to 6.5% lifts FV to $71, just below AV PT $80 (fwd PE 18.6). Operating margin 19.8% is structurally stable.",Rate-case outcomes and rising capex/interest costs could pressure allowed returns and the regulated growth runway.
WST,Health Care,22.2,COMPOUNDER,202.14,0.09,0.22,Medium,Wide,1,,,undervalued-conservative,"West Pharma is a wide-moat med-device/drug-packaging compounder; baseline's 3% growth understated the QRev +21% GLP-1 / high-value-product reacceleration. Lifting g to 9% gives $202, still well under the very-bullish AV PT $352 (fwd PE 36.6), so MoS is intact.",GLP-1 stocking dynamics and biologics demand timing can whipsaw near-term growth; a high multiple leaves little room for a miss.
FFIV,Information Technology,22.2,STABLE,414.71,0.05,0.345,Low,Wide,4,,,fair,"F5 is a mature, cash-generative app-security/networking name; the baseline $415 lands almost exactly on AV PT $406.5 (fwd PE 22.6, EPS $12.17). No override needed - model and street agree.",Hardware-to-software/SaaS transition stalling or hyperscaler insourcing of traffic management could cap the low single-digit growth.
DGX,Health Care,22.2,STABLE,160.85,0.045,0.155,Medium,Narrow,1,,,fair-conservative,"Quest is a scale clinical-lab with steady M&A-fueled mid-single-digit growth (QRev +9.2%); FV $161 sits below AV PT $223 (fwd PE 18.7, EPS $9.05) - defensibly conservative given reimbursement pressure.",PAMA lab-fee cuts and payer reimbursement pressure structurally cap pricing and margin expansion.
L,Financials,22.1,FINANCIAL,135.02,0.066,0.142,Medium,None,5,,,dcf-na,"Loews is an insurance (CNA)-led holding company; dcf_applicable=false so the $135 DCF output is not a reliable per-share value. AV PT $60 (fwd PE 12.2, P/B-driven) is the better anchor - value on book/SOTP, not operating-margin DCF.","CNA underwriting cycle, energy-pipeline (Boardwalk) exposure, and the conglomerate discount drive value more than any DCF can model."
SBAC,Real Estate,22.1,REIT,108.77,0.038,0.45,Medium,Narrow,1,,,dcf-na,"SBA Communications is a tower REIT; dcf_applicable=false, so value on AFFO multiple, not the operating-margin DCF. The $109 output materially understates a tower REIT; AV PT $235 (fwd PE 23.3, AFFO-based) is the realistic anchor.",Carrier consolidation/churn and high leverage make AFFO-per-share sensitive to rates and lease renewals.
EXE,Energy,22.0,CYCLICAL,63.99,0.03,0.2,Very High,None,1,,,out-of-model,"Expand Energy: the >45% rev 'collapse' is a Chesapeake/Southwestern merger accounting artifact, not a real decline, so the name trips the out_of_model gate. AV shows it is actually healthy (PT $130, OpM 34%, EPS $13.44, QRev +41%) - a mid-cycle gas producer, not a distressed one.",Natural-gas price is the dominant swing factor; trough Henry Hub prices can erase the modeled margin entirely.
FWONK,Communication Services,22.0,RESTRUCTURING,,,,High,Narrow,1,,,out-of-model,Liberty Media Formula One tracking stock; the -21% 5yr rev CAGR and split-off/reattribution history produce a nonsensical $5.5M DCF output - a pure tracking-stock/restructuring artifact. AV returns empty. F1 itself is a wide-moat growing asset but cannot be valued via this DCF.,"Tracking-stock structure, MotoGP acquisition integration, and reattribution events drive value independent of any operating-margin model."
RIVN,Consumer Discretionary,22.0,OPTIONALITY,3.31,,,Very High,None,1,,,out-of-model,"Rivian is a cash-burning EV maker (OpM -64%, gross margin still negative); the model FV $3.31 reflects fundamentals only, while the market prices R2 launch, VW JV, and software optionality the DCF cannot capture (AV PT $18.15).",Cash runway vs. R2 ramp execution; a capital raise or demand shortfall before profitability is the binary risk.
LEN.B,Consumer Discretionary,21.8,CYCLICAL,153.03,0.025,0.095,Medium,Narrow,5,,,fair-to-rich,"Class-B shares of Lennar (same economics, fewer votes, typically trades at a discount to LEN). Same conservative cyclical override as LEN yields $153, again ~1.7x the LEN AV PT $91.5 - the homebuilder cycle-peak overshoot applies identically.",Identical to LEN plus a structurally wider B-share liquidity discount; housing-cycle downturn hits volume and margin together.
RL,Consumer Discretionary,21.8,COMPOUNDER,385.99,0.06,0.16,Medium,Wide,3,,,fair,"Ralph Lauren's elevation/AUR strategy is working (QRev +16.6%), but the baseline $606 over-margined the model at 22%; normalizing to a sustainable 16% operating margin gives $386, right in line with AV PT $427 (fwd PE 20.2, EPS $15.1).",Luxury is discretionary - a consumer slowdown or loss of brand pricing power (over-distribution) would compress AUR and margin.
LH,Health Care,21.7,TURNAROUND,241.79,0.045,0.125,Medium,Narrow,3,,,fair-conservative,"Labcorp post-COVID normalization: opm_recent 8.4% is a trough vs the 12.7% peak. Looking through to a normalized 12.5% margin gives $242, below AV PT $310 (fwd PE 14.8, EPS $11.3) - defensibly conservative.",Reimbursement (PAMA) cuts and the Fortrea spin-overhang could delay the margin recovery the thesis assumes.
AKAM,Information Technology,21.7,TURNAROUND,78.7,0.06,0.2,Low,Narrow,1,,,undervalued-conservative,"Akamai is shifting from declining legacy CDN to growing security/compute; opm_recent 13.5% is depressed vs the 19.6% peak. Recovering margin to 20% gives $79 - the model stays bearish vs AV PT $159 (fwd PE 22.3 vs trailing 50), where the street prices the security mix-shift more fully.",CDN price erosion outpacing security/compute growth would stall the mix-shift and keep margins compressed.
CHRW,Industrials,21.7,CYCLICAL,140.69,0.03,0.06,Low,Wide,1,,,fair-conservative,"C.H. Robinson is a freight-brokerage cyclical at a soft-market trough (rev CAGR negative, opm 3.8% vs 5.2% peak). Normalizing to a 6% mid-cycle margin gives $141, below AV PT $197 (fwd PE 29.9) which prices a fuller freight-cycle recovery.",A prolonged freight recession or structural margin loss to digital brokers (Uber Freight) would keep net revenue per load depressed.
SNX,Industrials,21.7,CYCLICAL,191.1,0.04,0.022,Medium,Narrow,5,,,fair-conservative,"TD Synnex is a razor-thin (2% margin) IT distributor; the baseline $466 extrapolated too much growth. Decelerating to 4% and holding the structural 2.2% margin gives $191 - conservative vs AV PT $248 (fwd PE 18.4, EPS $12.02, QRev +18%).",Distribution margins are wafer-thin and volume-driven; a tech-spending downturn or vendor channel shift hits the whole model.
SW,Materials,,RESTRUCTURING,,,,High,Narrow,,,,out-of-model,"Smurfit WestRock - product of the 2024 Smurfit Kappa / WestRock merger, so <3y of combined history; the model errors out ('<3y history') and cannot build a DCF base. A cyclical packaging name to be revisited once combined financials season.",Merger-integration and containerboard price cyclicality dominate; no clean trailing base to value yet.
AER,Industrials,21.6,FINANCIAL,213.1,0.097,0.45,High,Narrow,5,,,dcf-na,"AerCap is the largest aircraft lessor - a spread/balance-sheet financial mis-tagged 'IT' with dcf_applicable=true. Operating-margin DCF overstates it ($377 baseline / $213 override) vs AV PT $165.5 (fwd PE 10, trailing 5.95); value on book/P/E like a lessor, not a DCF.","Leverage, residual-value/impairment risk on the aircraft book, and interest-rate sensitivity are the real drivers a margin DCF cannot capture."
OMC,Communication Services,21.5,TURNAROUND,100.69,0.01,0.13,High,Wide,3,,,fair,"Omnicom post-IPG merger: TTM EPS is -$0.37 on merger charges (QRev +69% is the IPG consolidation, not organic). Setting near-flat organic growth + a 13% normalized margin + High uncertainty for AI/agency disruption gives $100.7, essentially on AV PT $102.75 (fwd PE 7.3).",Generative-AI disintermediation of agency services plus IPG integration execution; secular ad-agency value erosion is the structural threat.
CRCL,Financials,,RESTRUCTURING,,,,Very High,None,,,,out-of-model,"Circle Internet Group (USDC stablecoin issuer) - recent 2025 IPO, so <3y history; the model errors out and cannot build a DCF. A reserve-interest-income financial whose value hinges on rates, regulation, and stablecoin float, not a traditional DCF.","Stablecoin regulation (GENIUS Act), reserve-yield dependence on rates, and competition (Tether/bank stablecoins) are binary value drivers."
WWD,Information Technology,21.3,COMPOUNDER,172.39,0.09,0.14,Low,Narrow,1,,,undervalued-conservative,Woodward is an aerospace/industrial control-systems compounder riding the aero-recovery (QRev +23.4%); decelerating the 12% trailing growth to a sustainable 9% gives $172. The model stays well below AV PT $437 (fwd PE 34) which prices a much fuller aero up-cycle.,Aerospace OEM build-rate delays (Boeing/Airbus) and industrial-cycle softness could undercut the assumed growth.
AFRM,Financials,21.3,FINANCIAL,60.07,0.28,0.42,Very High,Narrow,3,,,dcf-na,"Affirm is a BNPL lender; dcf_applicable=false and the historical operating margin is deeply negative, so the $60 output is a fee-revenue artifact rather than a balance-sheet-based value. AV PT $83 (fwd PE 34, QRev +33%, just-turned-positive EPS $1.10) is the forward anchor.",Credit losses in a consumer downturn and funding-cost/securitization access are the dominant risks a DCF cannot model for a lender.
IONQ,Information Technology,21.2,OPTIONALITY,9.63,,,Very High,None,1,,,out-of-model,"IonQ is a pre-commercial quantum-computing company (~$187M rev, OpM -402%); the $9.63 fundamentals-only FV is a fraction of price because the market prices a long-dated quantum-supremacy option the DCF cannot value (AV PT $67.64).","Pure binary R&D/technology risk - quantum advantage may arrive late or not at all, and the name burns cash until it does."
FIS,Financials,21.2,FINANCIAL,17.77,0.037,0.163,Medium,None,1,,,dcf-na,"Fidelity National Information Services (banking/payments tech) is tagged dcf_applicable=false; the $17.77 output is a fraction of the real value (post-Worldpay deconsolidation distortions). AV PT $58.76 (fwd PE 6.5, EPS $5.16, QRev +30%) is the credible anchor - value on normalized P/E.",Banking-software share loss to modern cores and the Worldpay/GTCR transaction overhang cloud the normalized earnings base.
ZS,Information Technology,21.1,HYPERGROWTH,223.13,0.22,0.25,High,Narrow,4,,,fair,"Zscaler is GAAP-unprofitable cloud security; decelerated 28% to 22% and valued on ~22-25% FCF margin (GAAP suppressed by SBC). FV $223 sits just above AV PT $194, defensible for a 25% grower with a narrowing-gap SASE moat.","Platform competition (Palo Alto, Microsoft) compressing growth before FCF margin matures."
VLTO,Industrials,21.1,COMPOUNDER,103.75,0.06,0.235,Low,Narrow,4,,,fair,"Veralto (water quality/PQ spin) is a sticky razor-blade compounder; opm 0.232 matches AV TTM 0.238. FV $104 lands right at AV PT $108, baseline was essentially correct.",Recurring-consumable demand tied to industrial/municipal capex cycles.
EXPD,Industrials,21.0,CYCLICAL,133.36,0.04,0.1,Medium,Narrow,3,,,fair,"Expeditors is an asset-light freight forwarder; the -45% revenue 'collapse' is freight-rate normalization, NOT a spin-off, so I lift the out-of-model flag and value as a normal cyclical at ~10% mid-cycle margin. FV $133 vs AV PT $146.",Ocean/air freight rate cyclicality and tariff-driven volume swings.
DLTR,Consumer Staples,20.9,TURNAROUND,91.43,0.04,0.08,Medium,Narrow,3,,,fair,Dollar Tree post-Family-Dollar divestiture; the -7% 5yr CAGR is the disposal artifact. Normalizing the continuing banner at 4% growth / 8% margin gives FV $91 vs AV PT $125 — I sit conservative pending margin recovery proof.,Low-income consumer pressure and multi-price-point execution risk.
LYB,Materials,20.8,CYCLICAL,146.17,0.02,0.1,Medium,Narrow,3,,,fair,"LyondellBasell is a deep-trough commodity chemicals name (TTM opm 3.5%, EPS negative); I normalize to a ~10% mid-cycle margin rather than the trough. FV $146 sits above AV PT $80 because AV anchors to the trough — my through-cycle view is the disciplined one.",Structural petrochemical oversupply could keep margins below mid-cycle for years.
EFX,Industrials,20.8,COMPOUNDER,117.23,0.08,0.21,Medium,Narrow,2,,,rich,Equifax credit-data oligopoly; margin recovering toward peak 0.23. FV $117 vs AV PT $223 — the market pays a premium multiple on mortgage-cycle recovery I won't underwrite; my disciplined FV demands a margin of safety.,Data-breach/regulatory liability and rate-sensitive mortgage-inquiry volume.
STE,Health Care,20.7,COMPOUNDER,169.73,0.07,0.18,Low,Narrow,2,,,rich,Steris (sterilization/infection-prevention) is a steady low-uncertainty compounder; opm 0.163 recovering to 0.18. FV $170 vs AV PT $257 — I'm conservative; the market prices durable mid-single-digit growth at a richer multiple.,Hospital capex softness and integration drag on the dental/AST units.
CHTR,Communication Services,20.7,RESTRUCTURING,300.0,0.005,0.23,High,Narrow,3,,,out-of-model,"Model is STRUCTURALLY broken here: cached gross_margin=1.0 inflates the FCF base and the per-share FV never subtracts Charter's ~$94B net debt, so raw my_fv floors at $513 even with margin forced to 0.15. I anchor FV to ~$300 (near price, AV PT $244, ForwardPE 3.2) — a flat broadband cash-cow de-levering, not a growth DCF.",Broadband subscriber losses to fiber/FWA while a heavy debt load amplifies any FCF slip.
TSN,Consumer Staples,20.7,CYCLICAL,73.24,0.03,0.05,Medium,Narrow,3,,,fair,"Tyson is a protein cyclical near a margin trough (TTM opm 3.6%, peak 7.6%); I look through to a ~5% normalized margin. FV $73 sits right at AV PT $71 — well calibrated.",Beef-cycle cattle-supply squeeze and chicken/feed-cost volatility.
OKTA,Information Technology,20.6,HYPERGROWTH,99.52,0.14,0.24,High,Narrow,4,,,fair,"Okta identity is decelerating (5yr 22% to ~14%, QRev +11%) and turning FCF-positive; valued on ~24% FCF margin. FV $99 vs AV PT $119 — defensible with margin of safety on a now-profitable mid-teens grower.",Microsoft Entra bundling pressure and post-breach trust/retention erosion.
STLA,Consumer Discretionary,20.6,ADR,11.0,0.03,0.05,High,None,3,,,out-of-model,Stellantis is a European auto ADR with a EUR-reporting / -45% revenue artifact and negative TTM EPS (-8.68) during a profit reset. Out-of-model; I anchor FV ~$11 to AV PT $9.19 plus a small mid-cycle auto-margin recovery rather than trust the DCF.,"EV transition costs, US inventory/pricing reset, and management/strategy turnover."
SOFI,Financials,20.6,FINANCIAL,14.0,0.2,0.2,Very High,None,3,,,dcf-na,"SoFi is a digital bank/lender (dcf_applicable=false) now GAAP-profitable (TTM opm 0.183, NI margin 0.148) but the market prices >40% optionality. DCF invalid; on a normalizing bank framework FV ~$14 vs AV PT $21 — I won't pay the full optionality premium.",Credit-cycle losses on personal loans and fair-value marks if rates/unemployment turn.
ROIV,Health Care,20.6,OPTIONALITY,13.0,,,Very High,None,3,,,out-of-model,"Roivant is a biotech holdco (TTM revenue ~$8M, opm -147x) whose value is cash + pipeline option value (post-asset-sale net cash and the immunology programs), not DCF-able. Out-of-model; FV ~$13 anchored to AV PT $39 haircut to a defensible cash+NPV floor — the PT embeds binary trial upside I won't underwrite.",Clinical/regulatory binary outcomes and capital-return vs. burn allocation.
INCY,Health Care,20.5,COMPOUNDER,102.53,0.06,0.25,High,Wide,4,,,fair,Incyte's value hinges on Jakafi's looming patent cliff; I decelerate growth to 6% and use a 25% normalized margin (vs the baseline's 0.398 gross-driven figure that wildly overvalued at $412). FV $103 lands right at AV PT $108 — uncertainty override applied for the cliff.,Jakafi LOE (2028) and pipeline (Opzelura/niktimvo) failing to fully replace the gap.
INSM,Health Care,20.4,OPTIONALITY,40.46,0.25,0.3,Very High,Narrow,1,,,out-of-model,"Insmed is a pre-profit biopharma (TTM opm -0.66, NI margin -1.44) where the market prices brensocatib's bronchiectasis launch — option value a DCF can't capture. My disciplined FV $40 vs AV PT $200 reflects fundamentals only; the gap IS the pipeline optionality, so stance is out-of-model.",Brensocatib commercial ramp/label and continued cash burn before profitability.
MKSI,Information Technology,20.4,CYCLICAL,143.73,0.06,0.18,Medium,Narrow,3,,,fair,MKS Instruments is a levered semicap/process name (sector mislabeled Health Care); TTM opm 0.161 vs peak 0.195. Mid-cycle 18% margin gives FV $144 vs AV PT $360 — AV prices a full semi-upcycle recovery I keep conservative on given the debt.,Semiconductor capex cyclicality plus Atotech-acquisition leverage.
RCI,Communication Services,20.3,ADR,40.0,0.03,0.2,High,Narrow,3,,,out-of-model,"Rogers Communications is a Canadian telecom ADR with the same gross_margin=1.0 + un-netted-debt flaw as CHTR (heavy post-Shaw leverage), so raw my_fv is unreliable. Real opm ~0.22, not capped 0.42. FV ~$40 anchored to AV PT $40.67 (CAD-denominated, ~$35 USD listing).",High leverage from the Shaw deal and Canadian wireless price competition/regulation.
LUV,Industrials,20.3,CYCLICAL,36.0,0.04,0.06,High,None,3,,,fair,"Southwest is an airline cyclical; the gross=1.0 artifact and out-of-model rev-collapse flag are noise. Using a 6% mid-cycle margin gives FV $36, in line with AV PT $46 — the activist-driven margin self-help is the upside I keep conservative on.",Fuel/labor cost inflation and execution risk on the Elliott-led revenue overhaul.
IOT,Information Technology,20.3,HYPERGROWTH,20.51,0.24,0.2,High,Narrow,2,,,rich,Samsara (connected-operations IoT) grows ~30% with thin GAAP margins; decelerated to 24% on a ~20% target FCF margin. FV $21 is well below AV PT $45 — the market prices a long hyper-growth runway and platform optionality I won't fully underwrite; demand margin of safety.,Growth deceleration before FCF margins scale; rich multiple leaves no downside cushion.
RS,Industrials,20.1,CYCLICAL,274.63,0.03,0.09,Medium,Narrow,3,,,fair,"Reliance (metals service-center distributor) is a steel-price cyclical; opm 0.084 vs peak 0.092, so a ~9% through-cycle margin is appropriate. FV $275 vs AV PT $360 — I stay mid-cycle rather than extrapolate elevated steel spreads.",Steel-price and construction/industrial-demand cyclicality compressing spreads.
ULTA,Consumer Discretionary,20.1,STABLE,627.02,0.05,0.135,Medium,Wide,4,,,fair,Ulta Beauty is a wide-moat specialty-beauty retailer maturing to mid-single-digit growth at a ~13.5% margin (from a peak). FV $627 sits essentially on AV PT $630 — very well calibrated; ROIC ~0.50 supports the quality.,Beauty-category normalization and Sephora/Kohl's + prestige-mass competition on margins.
PAAS,Materials,20.0,CYCLICAL,36.04,0.12,0.28,High,None,2,,,fair,"Pan American Silver is a silver/gold miner (sector mislabeled Unknown); precious-metal prices are elevated (TTM opm 0.481) so I use a ~28% mid-cycle margin, not the spot peak. FV $36 vs AV PT $72 — AV extrapolates current metal strength I won't underwrite through-cycle.",Silver/gold price reversal and jurisdiction/mining-cost inflation.
NXT,Information Technology,20.0,CYCLICAL,71.95,0.1,0.15,High,Narrow,3,,,fair,"Nextracker (solar tracker hardware, mislabeled Health Care) is a clean-energy cyclical now decelerating (QRev -4.7%); I cut growth to 10% and use a 15% margin. FV $72 vs AV PT $150 — heavy policy/IRA uncertainty (High) keeps me well below the bullish PT.",US solar-policy (IRA/tariff) shifts and project-deployment timing swings.
BURL,Consumer Discretionary,20.0,COMPOUNDER,318.28,0.08,0.09,Medium,Wide,3,,,fair,"Burlington is an off-price retailer with a positive-trend margin story (opm 0.066 toward 0.09 as the model matures); 8% growth on store expansion. FV $318 vs AV PT $367 — defensible, slightly conservative on the margin ramp.",Off-price inventory-sourcing execution and discretionary-spend softness.
BRO,Financials,20.0,FINANCIAL,75.0,0.12,0.42,Low,Wide,3,,,dcf-na,"Brown & Brown is a wide-moat insurance broker (dcf_applicable=false); the baseline $530 is a gross_margin=1.0 + capped-0.42-margin artifact. On a broker P/E framework (EPS $3.07, ~24x) FV ~$75, right at AV PT $73 — value on earnings multiple, not DCF.",P&C pricing-cycle softening and acquisition-multiple/integration discipline.
PKG,Materials,19.9,CYCLICAL,229.68,0.052,0.15,Low,Narrow,3,,,fairly-valued,"Containerboard/packaging cyclical with mid-single-digit volume growth; baseline g 5.2% and ~15% op margin track the mid-cycle, and FV $230 sits right between price $219 and AV PT $236.",Box-demand softness and OCC/energy cost swings compress the integrated margin in a downturn.
AS,Consumer Discretionary,13.9,OPTIONALITY,,,,High,Narrow,,,,out-of-model,Amer Sports (Arc'teryx/Salomon/Wilson) IPO'd Feb-2024; <3y of public history so the model errors out and a 3-stage DCF has no stable base.,Heavy China/Greater-China revenue concentration and post-IPO lockup/leverage from the Anta-led consortium.
ESS,Real Estate,19.7,REIT,130.17,0.06,0.42,Low,None,1,,,dcf-na,"West-Coast apartment REIT (Essex) is dcf_applicable=false; value on FFO/AFFO multiple, not the model's $130 dcf-na artifact. Price $282 / AV PT $284.59 (fwd PE ~51 trailing) imply the market caps it at a normal coastal-apartment FFO multiple.",Coastal-supply/rent-control and West-Coast job-market sensitivity hit same-store NOI and FFO growth.
SNA,Industrials,19.7,STABLE,445.94,0.03,0.258,Low,Wide,5,,,undervalued,"Snap-on is a wide-moat tool franchise with ~26% op margins and a captive finance arm; baseline g 3% / 25.8% margin gives FV $446 vs price $381 and AV PT $393, a modest discount on a durable compounder.",Mechanic-tool credit (finance receivables) and weak van-channel big-ticket demand if technicians defer purchases.
ULS,Industrials,12.0,OPTIONALITY,,,,Medium,Wide,,,,out-of-model,"UL Solutions (testing/inspection/certification) IPO'd Apr-2024; <3y public history so the model cannot build a defensible DCF base yet, though the TIC franchise is wide-moat.",Carve-out from non-profit UL Standards; related-party structure and post-IPO float overhang.
RBA,Industrials,19.5,COMPOUNDER,92.27,0.12,0.18,Medium,Narrow,2,,,overvalued,"RB Global (Ritchie Bros + IAA) is an auction-marketplace network; I decelerate the inflated 25% trailing CAGR (IAA-merger optics) to ~12% with margin expanding to 18% post-synergy, giving FV $92 vs AV PT $127.73 (fwd PE ~24). The model is conservative on the marketplace moat but the stock prices a richer outcome.",Used-equipment/salvage volume and auction-yield mean-revert if insurance-write-off and equipment-replacement cycles soften.
IREN,Financials,19.4,OPTIONALITY,19.49,0.4,0.207,Very High,Narrow,1,,,out-of-model,"IREN is a bitcoin miner pivoting to AI/HPC data centers; rev CAGR ~100-150%, GAAP op margin negative, and the model flags >=40% priced growth as extreme optionality a fundamentals DCF cannot underwrite.","BTC price/hashprice volatility and a capital-intensive, unproven AI-cloud pivot funded by dilution."
DKS,Consumer Discretionary,19.2,STABLE,288.12,0.04,0.095,Medium,Wide,5,,,undervalued,"Dick's is a scaled sporting-goods leader; even decelerating to 4% growth and holding ~9.5% op margin gives FV $288 vs price/AV PT ~$249.55, because the stock trades at only ~15x fwd PE. I trimmed the hot 11% baseline growth for post-COVID normalization.",Integration of the recently announced Foot Locker acquisition and a discretionary-spend pullback dilute margins.
TU,Communication Services,19.2,STABLE,14.28,0.03,0.205,Medium,Narrow,4,,,fairly-valued,"Telus (Canadian telecom ADR) is a low-growth, dividend-led name; baseline g 3% / 20.5% margin gives FV $14.28, just under the AV PT $17.33 (trailing PE ~28, fwd ~18) reflecting near-term EPS pressure from heavy capex/financing.",High leverage and a stretched payout against rising rates; CAD/USD translation on the ADR.
EVRG,Utilities,19.2,STABLE,116.26,0.03,0.288,Medium,Narrow,5,,,undervalued,"Evergy is a regulated Kansas/Missouri electric utility; baseline g 3% / ~29% margin gives FV $116 well above AV PT $90.46. The gap reflects the model not discounting rate-case/allowed-ROE caps, so I treat the AV PT as the more realistic anchor.",Regulatory rate-case outcomes and rising capex/rate-base financing cap the realizable equity return.
ENTG,Materials,19.1,CYCLICAL,97.33,0.13,0.2,Medium,Narrow,1,,,overvalued,"Entegris (semiconductor materials/filtration) is at a cyclical trough (3y rev CAGR -4.8%, margins below peak); normalizing growth to 13% and margin to peak 20% lifts FV from $38 to $97, but that still sits below price $133 and AV PT $161 (fwd PE 36) which price a full WFE up-cycle the model won't pay for.",Memory/foundry capex cyclicality and high leverage from the CMC Materials acquisition.
DD,Materials,19.0,RESTRUCTURING,6.0,0.03,0.104,High,None,1,,,out-of-model,"DuPont's revenue 'collapsed' >45% in the data due to spin-off accounting (Qnity/electronics separation), so the model's $6 FV is a restructuring artifact; the continuing business anchors to AV PT $57.07 vs price $47.",Mis-execution or valuation surprises in the pending Qnity electronics spin and PFAS litigation tail.
AA,Materials,19.0,CYCLICAL,42.24,0.03,0.08,High,None,1,,,fairly-valued,"Alcoa is a no-moat aluminum/alumina commodity producer; using mid-cycle ~8% op margin (recent only 1.3%, peak 5.5% but alumina prices spiked) gives FV $42 vs price near AV PT $76 (fwd PE 18). The model is below market because it normalizes the alumina-price windfall away.",Aluminum/alumina price and energy-cost volatility plus tariff exposure swing earnings violently around mid-cycle.
MRNA,Health Care,18.8,TURNAROUND,26.87,0.03,0.331,Very High,None,1,,,out-of-model,"Moderna's COVID revenue collapsed (-43% 5y CAGR) and op margins are deeply negative; the model flags it out-of-model, and value rests on an unproven mRNA pipeline (RSV/flu/oncology) the AV PT $43.20 prices on optionality, not current cash flows.",Pipeline binary read-outs and continued cash burn; COVID-franchise decline outpacing new approvals.
LNT,Utilities,18.8,STABLE,105.76,0.043,0.333,Medium,Narrow,5,,,undervalued,"Alliant Energy is a regulated Midwest electric/gas utility with a clean ~4-5% rate-base growth algorithm; baseline FV $106 sits above AV PT $79.12, the usual regulated-utility gap where the model omits the allowed-ROE ceiling, so I lean on the AV PT as the realistic anchor.",Rate-case and renewable-capex execution; rising-rate pressure on a yield-sensitive regulated name.
FTV,Industrials,18.7,RESTRUCTURING,22.17,0.03,0.195,Medium,None,1,,,out-of-model,"Fortive just separated Ralliant (precision-tech spin, Jun-2025), so the model's $22 FV reflects post-spin discontinuity, not the continuing intelligent-operating-solutions business; anchor to AV PT $63.62 vs price $61.16.",Capital-allocation and dis-synergy from the spin; soft short-cycle industrial demand in the remaining segments.
RBC,Industrials,18.7,COMPOUNDER,205.89,0.1,0.225,Medium,Narrow,1,,,overvalued,"RBC Bearings is a high-margin aerospace/industrial bearings maker; decelerating the 15-19% post-Dodge-acquisition growth to a sustainable ~10% gives FV $206, far below price $590 and AV PT $616 (fwd PE 41). The market pays a premium aerospace-cycle multiple the DCF cannot justify.",Rich valuation leaves no margin of safety; aerospace build-rate or defense-budget disappointment de-rates the multiple.
IFF,Materials,18.6,TURNAROUND,36.07,0.03,0.13,High,None,1,,,overvalued,Intl Flavors & Fragrances is mid-turnaround (recent op margin -3.5% from impairments; I normalize to ~13% peak); even so FV is only $36 vs price $73 and AV PT $91. The market pays for de-leveraging and divestiture-funded balance-sheet repair the model does not credit.,Heavy debt load from the DuPont N&B deal; portfolio divestitures and volume recovery must deliver to justify the price.
USFD,Industrials,18.6,STABLE,55.69,0.05,0.035,Medium,Narrow,1,,,overvalued,US Foods is a thin-margin (2-3% op) foodservice distributor; modeling modest margin expansion to 3.5% on 5% growth gives FV $56 vs price $87 and AV PT $107 (fwd PE 18). The market prices continued share-gain and margin-improvement execution beyond the model's base case.,Restaurant-traffic softness and the operating-leverage-dependent margin story stalling in a slow-spend environment.
LSCC,Information Technology,18.6,OPTIONALITY,8.49,0.3,0.208,High,Narrow,1,,,out-of-model,"Lattice Semiconductor (low-power FPGAs) is at a deep inventory-correction trough (3y rev CAGR -16%, EPS $0.14, trailing PE ~1000) yet the market prices a >40% recovery; the model flags it out-of-model, and AV PT $146.92 vs price $142.90 reflects an optionality/recovery multiple a trough-DCF can't underwrite.",FPGA demand recovery timing is uncertain; a richly priced semi at >75x fwd PE de-rates sharply if the rebound slips.
VTRS,Health Care,18.5,TURNAROUND,-8.54,0.02,0.02,Very High,None,,,,out-of-model,"Viatris (generics/biosimilars) shows GAAP op margin ~0% (impairment/amortization-laden) and the model returns a negative FV; on a normalized FCF basis the AV PT $18.06 (fwd PE 6.4) prices a low-growth cash cow, but the model's earnings base is structurally distorted so it is out-of-model.","Generic-pricing erosion, FDA/manufacturing remediation, and a heavy debt load against declining base revenue."
ALB,Materials,18.3,CYCLICAL,80.12,0.05,0.18,High,None,1,,,fairly-valued,"Albemarle is a lithium producer in a violent price trough (recent op margin -7%, currently GAAP-loss); using mid-cycle ~18% margin and 5% growth gives FV $80 vs price $150 and AV PT $214. The model normalizes away the next lithium up-cycle the market is paying for.",Lithium-carbonate price is the entire thesis; prolonged oversupply keeps margins negative and pressures the balance sheet.
APG,Information Technology,18.2,COMPOUNDER,25.97,0.1,0.11,Medium,None,1,,,overvalued,"APi Group (safety/specialty services, mis-tagged IT) is a roll-up compounder; modeling 10% growth with margin expansion to ~11% gives FV $26 vs price $42 and AV PT $53.20. The market prices continued accretive M&A and margin-mix improvement beyond the model's organic base.",Acquisition-driven model depends on cheap capital and integration; GAAP EPS still negative on amortization/SBC.
H,Consumer Discretionary,18.2,RESTRUCTURING,42.78,0.06,0.07,High,None,1,,,out-of-model,"Hyatt is mid-transition to an asset-light, fee-based model (real-estate sales caused a >45% reported revenue 'collapse'), so the model's $42 FV mis-states the franchise; price $193.72 and AV PT $193.52 anchor on the fee-driven RevPAR/management business the DCF cannot see cleanly.",Travel-demand cyclicality and execution of the asset-sale/fee-conversion strategy; GAAP earnings still lumpy.
GPN,Financials,18.1,COMPOUNDER,19.48,0.05,0.25,High,None,1,,,dcf-na,"Global Payments is mis-bucketed: cached sector 'Financials' forces dcf_applicable=false, but it is an asset-light payments PROCESSOR (V/MA/FIS class) that should be DCF-valued; forcing the DCF (g 5%, m 25%, High) gives ~$50 vs price $64.50 and AV PT $94.62 (fwd PE 4.8 is a goodwill-impairment artifact). Logged as a structural flaw.",Worldpay/Issuer-Solutions reshuffle and competitive fee compression; integration and re-rating risk on a complex pending swap.
ROKU,Communication Services,18.1,HYPERGROWTH,59.38,0.12,0.1,High,None,1,,,overvalued,"Decelerated 15%+ trailing growth to a sustainable 12% and set a FCF-based 10% mature margin (GAAP op margin still negative, -5%); even so FV $59 sits well under price (~$110) and the $146 AV PT, which prices a streaming-platform optionality the fundamentals do not yet support.","No moat, negative ROIC and intensifying CTV ad competition could keep margins from inflecting."
CX,Materials,18.0,ADR,0.28,0.03,0.11,Medium,None,1,,,out-of-model,Cemex ADR per-share unit artifact: model values per ordinary CPO so FV prints $0.28 vs an ADR price ~$8 / $14.31 AV PT (ADR = 10 CPOs); the operating margin and growth are sane but the per-unit DCF cannot be compared to the ADR quote.,EM cement cyclicality plus peso/disclosure FX exposure; deleveraging story intact but unit mismatch makes the model FV unusable.
MGA,Consumer Cyclical,18.0,CYCLICAL,84.92,0.03,0.055,Medium,Narrow,5,,,undervalued,"Magna is an auto-parts cyclical (model tagged sector Unknown); set mid-cycle 3% growth and a normalized 5.5% margin, giving FV $85 vs the $69.56 AV PT and ~$45 price — undervalued but model still runs ~20% above the street PT.",Auto-production volume swings and EV-program ramp costs compress the already-thin mid-single-digit margin.
BEKE,Real Estate,17.9,ADR,3.32,0.03,0.04,High,None,1,,,out-of-model,"KE Holdings is a China property-services ADR with a 36% trailing revenue collapse (model already flagged spin-off/restructuring) and -19% latest YoY; the DCF base is distorted by the China property downcycle and ADR units, so FV $3.32 vs $22.87 AV PT is not comparable.",China housing-transaction volumes and regulatory/VIE-structure risk dominate; recovery timing unknowable from the model.
INVH,Real Estate,17.8,REIT,4.95,0.072,0.272,Medium,None,1,,,dcf-na,"Invitation Homes is a single-family-rental REIT (dcf_applicable=false); the per-share DCF prints $4.95 vs a ~$33 price / $31.57 AV PT and should be valued on FFO/AFFO multiple, not the operating-margin DCF.",Rate-sensitive cap rates and regulatory scrutiny of institutional SFR ownership.
IP,Materials,17.8,CYCLICAL,19.27,0.03,0.07,High,None,1,,,overvalued,"International Paper is a cyclical containerboard maker in a loss-making trough (TTM EPS -$5.19, profit margin -13.8%); normalized to mid-cycle 7% margin and 3% growth FV is $19 vs the $39.36 AV PT and ~$50 price, so the DS Smith-merger synergy upside the street prices is not yet in the fundamentals.",Box-demand cyclicality and integration execution on the DS Smith deal could delay margin recovery.
DOCN,Information Technology,17.7,HYPERGROWTH,29.74,0.18,0.2,High,None,1,,,out-of-model,"DigitalOcean trades on AI/cloud growth optionality (model flags it prices 40%+ growth); even at 18% growth and a 20% FCF margin FV is $30 vs a ~$170 price / $178.77 AV PT, so the market is paying for an AI-inference ramp the DCF cannot capture.",Hyperscaler competition and the AI-GPU capex bet may not convert to durable high-margin growth.
LII,Industrials,17.7,COMPOUNDER,565.94,0.041,0.194,Low,Wide,5,,,fairly-valued,"Lennox is a wide-moat HVAC compounder; baseline FV $566 lands almost exactly on the $570.07 AV PT with a 19.4% margin and 4% growth that match its 43% median ROIC and pricing power, so no override needed.",Residential HVAC replacement demand is somewhat housing/weather cyclical and moat trend is flagged negative.
GIS,Consumer Staples,17.7,STABLE,86.33,0.03,0.168,Low,Narrow,5,,,undervalued,"General Mills is a stable staples compounder; held 3% growth and the real ~16.8% op margin and tightened uncertainty to Low, giving FV $86 vs a depressed ~$55 price and $37.56 AV PT (the AV PT looks stale/low for a name at 8x trailing PE).",Private-label share gains and volume softness in packaged food cap pricing power.
WY,Real Estate,17.7,REIT,18.13,0.03,0.15,Medium,Narrow,1,,,dcf-na,"Weyerhaeuser is a timberland REIT (dcf_applicable=false); the operating-margin DCF prints $18 vs ~$28 price / $31.18 AV PT and should be valued on NAV/timber-asset and FFO, not earnings DCF, with a 79x forward PE reflecting the lumber-price trough.",Lumber prices and housing-starts cyclicality drive earnings; NAV floor from timber acreage cushions downside.
AMCR,Materials,17.6,STABLE,37.63,0.03,0.092,Low,Narrow,1,,,out-of-model,"Amcor is a stable packaging compounder, but FV $37.63 is a per-share artifact vs a ~$10 price (the $48.21 AV PT and the 77% QoQ rev jump are both Berry-merger/data artifacts); on real ~9.2% margin and EPS $1.25 the fundamentals are flat, so the model FV is not usable.",Berry Global integration and volume softness in flexible packaging; the per-share count looks distorted post-merger.
BR,Industrials,17.5,COMPOUNDER,216.82,0.077,0.156,Low,Wide,5,,,fairly-valued,"Broadridge is a wide-moat, recurring-revenue fintech-services compounder; baseline FV $217 lands right on the $206.5 AV PT with a 15.6% margin and 7.7% growth that fit its 18% ROIC and positive moat trend, so no override.",Governance/proxy and capital-markets volumes are somewhat tied to issuance activity.
RGLD,Financials,17.5,FINANCIAL,173.88,0.1,0.55,Medium,Narrow,1,,,dcf-na,"Royal Gold is a gold royalty/streaming company (dcf_applicable=false); its value is reserve/metal-price optionality, not a steady-margin DCF — even at a 55% margin FV $174 sits below the ~$170 price and $326.25 AV PT, which embeds record gold prices the model cannot capture.",Fully levered to the gold price; royalty book is high-margin but value swings with spot metal.
WES,Energy,17.5,CYCLICAL,79.26,0.04,0.39,Medium,Narrow,5,,,out-of-model,"Western Midstream is a fee-based pipeline LP; even at conservative 4% growth and the real ~39% margin FV $79 is ~2x the ~$38 unit price / $44.73 AV PT because the model uses GAAP op income, not distributable cash flow, and a share-vs-unit mismatch (same LP failure as PAA/BIP).","Distribution-coverage and Permian volume exposure; LP units valued on DCF/yield, not the operating-margin DCF."
CF,Materials,17.4,CYCLICAL,99.35,0.03,0.22,High,Narrow,3,,,fairly-valued,"CF Industries is a nitrogen-fertilizer cyclical; pulled the margin off the ~32% recent/peak to a mid-cycle 22% and 3% growth, giving FV $99 vs the $127.63 AV PT and ~$85 price — roughly fair with the street modestly above on current high nitrogen spreads.",Nat-gas feedstock cost and nitrogen-price cyclicality swing margins sharply through the cycle.
FLUT,Consumer Cyclical,17.4,RESTRUCTURING,645.8,0.15,0.18,High,Narrow,5,,,out-of-model,"Flutter's 88%/155% trailing revenue CAGR is the 2023-24 Paddy Power->US-primary relisting + FanDuel consolidation, not organic growth, so the per-share DCF base is inflated: baseline FV $3326 and even at 15% growth FV $646 vs a ~$250 price / $162.72 AV PT; only an indefensible 5% growth lands near the PT.",US online-sports-betting competition (DKNG) and state tax/regulatory changes; FV undefinable until the post-merger base normalizes.
TTMI,Information Technology,17.4,CYCLICAL,17.32,0.06,0.06,Medium,None,1,,,out-of-model,"TTM Technologies is a cyclical PCB maker; the model flags FV<18% of price and FV $17 vs a ~$170 price / $209 AV PT — the cached financials badly understate its earnings power (96x trailing but 5.6x forward PE on an aerospace/defense PCB up-cycle), so the per-share DCF is unusable.",Defense/data-center PCB demand is the bull case the model misses; cyclicality and customer concentration on the downside.
WCC,Industrials,17.3,CYCLICAL,240.59,0.04,0.055,Medium,Narrow,1,,,undervalued,"WESCO is a thin-margin electrical/industrial distributor; held the real ~5.5% margin and 4% mid-cycle growth, FV $241 vs ~$200 price and $375.1 AV PT, so undervalued though the model sits below the street's data-center/electrification thesis.",Distribution margins are thin and volumes are tied to non-residential construction and utility capex cycles.
EWBC,Financials,17.3,FINANCIAL,698.78,0.184,0.438,Medium,Narrow,5,,,dcf-na,"East West Bancorp is a balance-sheet bank (dcf_applicable=false); the DCF leaks a $699 FV vs a ~$95 price / $137.19 AV PT because it runs on net-interest income it cannot model — value on P/B x ROE (~12-13x forward PE, EPS $10.01), not the DCF.","US-China cross-border banking exposure, CRE credit, and deposit-beta sensitivity."
ITT,Industrials,17.2,COMPOUNDER,171.24,0.07,0.174,Low,Narrow,1,,,fairly-valued,"ITT is a diversified industrial compounder; the 7% growth / 17.4% margin baseline gives FV $171 vs the $244.77 AV PT and ~$180 price — defensible and roughly fair, with the street pricing the recent 33% YoY acquisitive growth more aggressively than the through-cycle DCF.","Friction/motion-tech end markets (auto, energy, industrial) carry cyclicality; valuation already full at 24x forward."
HST,Real Estate,17.1,REIT,47.32,0.153,0.219,High,Narrow,5,,,dcf-na,"Host Hotels is a lodging REIT (dcf_applicable=false) flagged for a revenue-collapse discontinuity (COVID base); the DCF prints $47 vs a ~$17 price / $23.64 AV PT and must be valued on FFO/AFFO and asset NAV, not the operating-margin DCF.",RevPAR cyclicality and group/business-travel demand; hotel cash flows distorted by the post-COVID normalization base.
BWXT,Industrials,17.0,COMPOUNDER,102.9,0.1,0.14,Low,Narrow,1,,,overvalued,"BWX Technologies is a sole-source naval-nuclear and SMR-components maker; at 10% growth and a 14% margin (between recent 12.2% and peak 15.3%) FV is $103 vs a ~$180 price / $238.27 AV PT, so the market pays a 41x-49x PE for nuclear/SMR optionality far above the DCF.",Defense-budget and SMR-buildout timing drive the bull case the DCF cannot value; downside if reactor orders slip.
NWS,Communication Services,17.0,STABLE,15.56,0.03,0.085,Medium,None,1,,,overvalued,"News Corp's cached gross_margin=1.0 is a missing-COGS artifact; replaced the 42% default margin with the real ~8.5% op margin (opm_recent 0.081), giving FV $16 vs a ~$30 price / $29 AV PT, so the Dow Jones/REA-Group sum-of-parts the street prices exceeds the consolidated-DCF view.",Legacy publishing decline offsets digital real-estate (REA) growth; FV sensitive to the segment mix the model collapses.
CDW,Information Technology,17.0,STABLE,210.48,0.03,0.079,Low,Wide,5,,,undervalued,"CDW is a wide-moat IT-hardware/services reseller; baseline FV $210 with a 7.9% margin and 3% growth and a 17% ROIC is above the $147.3 AV PT and ~$135 price, so undervalued on its through-cycle economics though the street prices near-term IT-spend softness.",IT hardware refresh demand is cyclical and thin-margin; AI-PC refresh is the swing factor.
SN,Consumer Cyclical,17.0,COMPOUNDER,118.59,0.12,0.117,Medium,Narrow,3,,,fairly-valued,"SharkNinja is a fast-growing consumer-products innovator (model mis-tagged IT); decelerated the 22% trailing growth to a sustainable 12% at the real 11.7% margin, giving FV $119 vs a ~$110 price / $149.41 AV PT — roughly fair with the street pricing continued share-gain momentum.","Discretionary consumer demand, tariff/China-sourcing exposure, and product-cycle dependence on new-category hits."
ZBH,Health Care,16.9,STABLE,94.21,0.05,0.18,Medium,Narrow,3,,,fair,"Zimmer Biomet, mature ortho-implant maker (~5% growth, fwd PE 10.5); baseline $171 used a 30% margin the company has never earned, so I set mature_margin to the real ~18% op level giving FV $94 vs AV PT $98.70.",Recon-market pricing pressure and slow procedure recovery cap the low-single-digit growth.
CDE,Materials,16.9,CYCLICAL,,0.08,0.28,Very High,None,,,,out-of-model,"Coeur Mining is a gold/silver miner whose value is dominated by spot-metal-price optionality and reserve life; the DCF floors at ~$6-16 regardless of margin (low ROIC 0.028, small rev base) while OpMargin TTM is 0.43, QtrRev +138% and AV PT is $27.25 - the model can't capture commodity leverage.","Metal prices, mine grades and hedging dominate; through-cycle cash flow is indeterminate from this model."
SSNC,Information Technology,16.8,COMPOUNDER,75.14,0.07,0.25,Medium,Narrow,4,,,undervalued,"SS&C is a sticky financial-services-software/fund-admin compounder (~7% organic + bolt-ons, ~25% op margin); at conservative inputs FV $75 sits between the cheap ~10x-fwd-PE quote and AV PT $94.78, implying modest undervaluation.",Leverage from serial M&A and any AUM-fee-driven revenue softness in fund administration.
NVR,Consumer Discretionary,16.7,CYCLICAL,8282.48,0.03,0.13,Low,Wide,5,,,fair,"NVR is the capital-light, land-option homebuilder (wide moat, 56% ROIC); baseline $12,640 extrapolated near-peak 19% margin, so I used a mid-cycle 13% margin and 3% growth giving FV $8,282 vs AV PT $7,070 - defensible given QtrRev -21% signals cycle cooling.",Housing-cycle downturn and mortgage-rate-driven demand compress volumes and margins from the recent peak.
TLN,Utilities,16.7,OPTIONALITY,,0.08,0.2,High,None,,,,out-of-model,"Talen Energy is a post-bankruptcy nuclear/IPP whose value is driven by power-demand/datacenter PPA optionality (Amazon deal) and surging PJM capacity prices (QtrRev +97%, AV PT $474); the trailing-margin DCF FV $120 cannot capture the forward power-price and behind-the-meter optionality the market prices.","Power-price/capacity-market swings, PPA execution and merchant exposure dominate; FV indeterminate."
GH,Health Care,16.7,HYPERGROWTH,,0.18,0.15,Very High,Narrow,,,,out-of-model,"Guardant Health is a cash-burning liquid-biopsy hypergrowth name (OpMargin -40%, QtrRev +48%, AV PT $137); a DCF forced onto a normalized 15% margin yields only $24 vs the PT, which prices a large screening-TAM/profitability inflection the model cannot see from deeply negative current economics.","Reimbursement, screening-assay clinical/regulatory outcomes and continued cash burn dominate the thesis."
WPC,Real Estate,16.6,REIT,,0.04,,Medium,None,,,,dcf-na,"W.P. Carey is a diversified net-lease REIT (mislabeled sector=Financials); dcf_applicable=false and the $24.96 model FV is a DCF-leak artifact, so I value on AFFO - AV PT $77.36 vs a ~$60 price implies modest upside on a high-yield net-lease book.","Rate sensitivity, office/industrial tenant credit and the post-office-spin AFFO reset."
SITM,Information Technology,16.5,HYPERGROWTH,,0.4,,Very High,None,,,,out-of-model,"SiTime (MEMS timing) is a re-accelerating hypergrowth name (QtrRev +88%, fwd PE 95, AV PT $827.78) flagged out_of_model by the post-downturn revenue swing and >=40% market-implied growth; the model FV is <18% of price and not defensible against the optionality the market prices.","Customer concentration, semi-cycle and an extreme growth multiple that demands flawless execution."
PR,Energy,16.5,CYCLICAL,24.77,0.05,0.3,High,Narrow,3,,,fair,"Permian Resources is a Delaware-basin E&P (gross_margin=1.0 artifact, baseline $196); on a mid-cycle 30% margin and 5% growth FV is $24.77, essentially in line with AV PT $25.79 - the model's raw FV ignored the missing-COGS/net-debt artifact.","Oil-price cyclicality, basin decline rates and debt-funded acreage M&A."
NBIX,Health Care,16.5,COMPOUNDER,202.94,0.14,0.3,High,Wide,4,,,fair,"Neurocrine (Ingrezza-led CNS specialty pharma); baseline $672 ran 25% growth on a 98.8% gross-margin artifact, so I decelerated to 14% and used a realistic 30% margin giving FV $203, essentially equal to AV PT $192.88.","Ingrezza concentration/patent cliff and pipeline (CAH, schizophrenia) read-out dependence."
MAA,Real Estate,16.4,REIT,,0.04,,Medium,None,,,,dcf-na,Mid-America Apartment is a Sun Belt multifamily REIT; dcf_applicable=false so the $96.55 DCF FV is suppressed and I value on FFO - AV PT $140.46 vs a ~$155 price implies it is roughly fairly valued to slightly rich after Sun Belt supply.,Sun Belt new-supply pressure on rents and rate-driven cap-rate expansion.
KIM,Real Estate,16.3,REIT,,0.05,,Medium,Narrow,,,,dcf-na,Kimco is a grocery-anchored open-air shopping-center REIT; dcf_applicable=false so the $34.56 DCF FV is suppressed and I value on FFO - AV PT $25.67 vs a ~$22 price implies modest upside on a well-occupied retail book.,"Retail-tenant credit, rate sensitivity and RPT/Albertsons-integration execution."
VNOM,Energy,16.3,OPTIONALITY,,0.2,,High,None,,,,out-of-model,"Viper Energy (Diamondback mineral/royalty vehicle) errors out of the model with <3y usable history after recent drop-down/acquisitions (QtrRev +109%); it is a royalty/distribution structure (OpMargin 0.56, negative GAAP EPS) the GAAP-DCF cannot value - anchor to AV PT $58.17.",Permian volume/oil-price exposure and distribution-vs-GAAP-earnings mismatch in the royalty structure.
BEN,Financials,16.3,FINANCIAL,,0.03,,Medium,Narrow,,,,dcf-na,"Franklin Resources is an AUM-driven traditional asset manager in secular outflows; dcf_applicable=false so the $85.59 DCF FV is a leak artifact, valued on normalized P/E - AV PT $30.86 vs a ~$24 price implies modest upside but a structurally pressured fee base.","Active-to-passive outflows, fee compression and Western Asset/litigation overhang."
LOGI,Information Technology,16.2,STABLE,92.47,0.04,0.14,Medium,Narrow,2,,,fair,"Logitech is a mature PC-peripherals maker (post-pandemic normalization, ~4% growth, 14% op margin, high ROIC); FV $92 sits modestly below AV PT $113.50, so roughly fairly valued with a hardware-cyclical discount.","PC/peripheral demand cyclicality and currency; the moat is brand/distribution, not durable."
AMKR,Information Technology,16.1,CYCLICAL,33.26,0.05,0.08,Medium,Narrow,1,,,fair,"Amkor is an OSAT (semi assembly/test), a thin-margin (8% op), capital-intensive cyclical; my mid-cycle FV $33 is well below AV PT $75.50, which prices an advanced-packaging/AI upcycle the conservative DCF discounts.","Semi-cycle, customer concentration (Apple) and heavy capex into advanced packaging."
PAA,Energy,15.9,OPTIONALITY,,0.03,,High,None,,,,dcf-na,"Plains All American is a crude-pipeline LP tagged dcf_applicable=true; the thin pass-through op margin makes the GAAP-DCF FV $26.31 unreliable (LPs distribute DCF/distributable cash flow, not GAAP EPS) - anchor to the ~9% distribution yield, AV PT $23.50 vs a ~$18 unit price implies steady total-return upside.","Permian volume/tariff exposure, distribution coverage and unit-vs-share structure."
IEX,Industrials,15.9,COMPOUNDER,165.11,0.06,0.22,Low,Narrow,1,,,fair,"IDEX is a high-quality niche fluid/pump industrial roll-up (22% margin, ROIC ~15%); FV $165 sits below AV PT $238, so roughly fairly-to-modestly-undervalued with the PT pricing a stronger end-market recovery than my 6% growth.",Short-cycle industrial demand softness and acquisition multiples on the roll-up model.
OVV,Energy,15.9,CYCLICAL,76.31,0.02,0.18,High,Narrow,4,,,fair,"Ovintiv is a multi-basin oil/gas E&P (declining trailing rev, peak 26% margin); on a mid-cycle 18% margin and ~flat growth FV is $76, essentially in line with AV PT $70.95.","Oil/gas-price cyclicality, basin mix and leverage through the commodity cycle."
TXT,Industrials,15.8,CYCLICAL,123.39,0.05,0.09,Low,Narrow,5,,,fair,"Textron is a diversified aero/defense industrial (Cessna/Bell, thin ~9% margin); FV $123 is modestly above AV PT $103.45 on 5% growth, so roughly fair with bizjet-cycle upside as backlog converts.","Business-jet demand cyclicality, defense-program timing and eAviation cash burn."
GEN,Information Technology,15.8,STABLE,27.83,0.06,0.3,Medium,Narrow,3,,,fair,"Gen Digital (Norton/Avast/LifeLock consumer cyber) is a mature low-growth cash machine, not a 15%+ grower - the 27% QtrRev is the MoneyLion/Avast deals; on 6% organic growth and a normalized 30% margin FV $27.83 is in line with AV PT $30.01.","Consumer-subscription churn, integration of acquisitions and limited organic growth."
TPG,Financials,15.8,FINANCIAL,,0.1,,Medium,Narrow,,,,dcf-na,"TPG is an alternative-asset manager (PE/credit, fee + carry); dcf_applicable=false so the $511.83 DCF FV is a gross leak artifact, valued on fee-related-earnings P/E - AV PT $56 vs a ~$48 price implies modest upside on FRE growth from AUM scaling.","Carry realization timing, fundraising cyclicality and the post-Angelo-Gordon integration."
PTC,Information Technology,15.8,COMPOUNDER,154.69,0.1,0.33,Medium,Narrow,4,,,fair,"PTC is a CAD/PLM industrial-software compounder on recurring ARR (~33% margin); I decelerated to 10% growth giving FV $155, modestly below AV PT $182.74 - roughly fair-to-slightly-undervalued with PT pricing faster ARR expansion.",Industrial-software seat demand tied to manufacturing capex and high leverage from the ServiceMax/Codebeamer deals.
SUI,Real Estate,15.8,REIT,,0.05,,Medium,Narrow,,,,dcf-na,"Sun Communities is a manufactured-housing/RV/marina REIT (mislabeled sector=Financials); dcf_applicable=false so the $356.06 DCF FV is a leak artifact, valued on FFO - AV PT $142 vs a ~$130 price implies modest upside as the post-Safe-Harbor-sale book delevers.","Marina/RV demand normalization, rate sensitivity and the strategic-review/portfolio-pruning overhang."
NDSN,Industrials,15.8,COMPOUNDER,195.47,0.05,0.26,Low,Narrow,1,,,fair,"Nordson is a wide-moat-ish precision-dispensing industrial (26% margin, recurring consumables); FV $195 is well below AV PT $319, so the conservative 5% growth makes my view fair-to-undervalued with the PT pricing an electronics/medical end-market recovery.",Electronics-dispensing cyclicality and acquisition integration (ARAG/medical) on the roll-up.
RMBS,Information Technology,15.7,COMPOUNDER,90.53,0.223,0.329,High,Narrow,1,,,overvalued,"Rambus IP/memory-interface licensing compounds ~22% but earnings are lumpy and royalty-renewal dependent; baseline DCF $90 sits well below AV PT $145 (= current price, 0% upside) so the market already prices the bull case.",Licensing revenue is cyclical and concentrated; a single major royalty lapse or DDR transition slip compresses the high mature margin.
CG,Financials,15.7,FINANCIAL,,0.06,0.42,High,Narrow,,,,dcf-na,"Carlyle is an alternative asset manager whose GAAP revenue swings on mark-to-market of fund investments (model saw a >45% 'collapse' = artifact); dcf_applicable=false, value on fee-related-earnings P/E vs AV PT $60.5.",Fundraising/realization cycle and carry timing make near-term earnings volatile; FRE multiple de-rates if AUM growth stalls.
LDOS,Industrials,15.7,STABLE,178.62,0.056,0.107,Medium,Narrow,5,,,undervalued,"Leidos is a defense/government IT prime with sticky multi-year contracts; baseline DCF $178.62 lands almost exactly on AV PT $183.27, a clean match at ~5.6% growth and ~11% margin.",US federal budget/continuing-resolution risk and contract recompetes can pause the steady backlog conversion.
TSCO,Consumer Discretionary,15.6,STABLE,51.46,0.03,0.1,Low,Wide,5,,,undervalued,"Tractor Supply (post-split) is a wide-moat rural retailer but growth has decelerated to ~3% with a Negative moat trend; decelerating g to 3% gives FV $51.46, a modest premium to AV PT $46.41 and to the ~$40-41 implied price.",Maturing store base and discretionary big-ticket softness cap comps; moat erosion from e-commerce in farm/ranch.
WMG,Communication Services,15.6,STABLE,42.71,0.04,0.13,High,Narrow,1,,,fairly-valued,"Warner Music's streaming-royalty growth is maturing; baseline $61 overstates it, so decelerating g to 4% and lifting uncertainty to High (artist renegotiation / streaming-economics risk) brings FV to $42.71, in line with AV PT $38.12.",Label-vs-platform royalty renegotiations and slowing streaming subscriber adds could compress both growth and margin.
NLY,Financials,15.5,REIT,,,,Very High,None,,,,dcf-na,Annaly is a levered agency-mortgage REIT; the DCF returns a nonsensical negative FV ($-88.7) because spread/book economics aren't FCFF-modelable. Value on price-to-book vs AV PT $24.32.,Rate/curve moves and prepayment speeds swing book value and the dividend; high leverage amplifies both.
KSPI,Financials,20.0,ADR,,0.25,0.4,Very High,Narrow,,,,out-of-model,"Kaspi.kz is a Kazakhstan super-app/fintech ADR with <3y model history and KZT-denominated financials (RevenueTTM 3.64T KZT); geopolitical, currency and disclosure risk put it out-of-model. AV PT $96.06, trailing PE 7.1x.","Single-country concentration (Kazakhstan), sanctions/sponsor-related secondary-sale overhang, and FX translation."
GNRC,Industrials,15.4,CYCLICAL,166.83,0.08,0.16,Medium,Narrow,1,,,overvalued,"Generac's residential-standby demand is recovering (QrevYoY +12%) but margins remain below the 2021 peak; normalizing g to 8% / margin to 16% yields $166.83, far below AV PT $279.6 which prices a data-center/clean-energy backup optionality the DCF won't credit.",Demand is weather/outage and housing-driven (cyclical); the Negative moat trend reflects competitive entry into home backup.
LAMR,Communication Services,15.4,REIT,,0.05,0.308,Low,Narrow,,,,dcf-na,"Lamar Advertising is an outdoor-billboard REIT (dcf_applicable=false); value on AFFO multiple, not FCFF. Baseline informational FV $139 brackets AV PT $155.6.",Local-ad cyclicality and rising rates on a REIT cost-of-capital; digital-conversion capex timing.
WSO,Industrials,15.3,STABLE,345.17,0.03,0.099,Low,Wide,1,,,overvalued,"Watsco is a wide-moat HVAC distributor but revenue went flat (3y CAGR -0.3%) post-COVID pull-forward; baseline $345.17 stays below AV PT $424.67, consistent with the market paying a premium multiple the conservative DCF won't.",HVAC replacement cycle and refrigerant-transition pricing tailwinds are temporary; thin distributor margin leaves little buffer.
OWL,Financials,15.3,FINANCIAL,,0.2,0.42,High,Narrow,,,,dcf-na,"Blue Owl is a fast-growing alternative asset manager (private credit/GP stakes) with dcf_applicable=false; value on fee-related-earnings. The AV PT of $12.93 looks stale/erroneous vs the ~$18-20 trading range, so I lean on FRE multiples rather than the DCF or that PT.","Private-credit cycle turn, fundraising slowdown, and the high-multiple FRE de-rating; permanent-capital base partly mitigates."
PFGC,Consumer Staples,15.3,STABLE,129.98,0.1,0.02,Medium,None,5,,,fairly-valued,"Performance Food Group is a thin-margin (~1-2% op) food distributor scaling via M&A; baseline $129.98 sits just above AV PT $119.42 — a clean, defensible match for a no-moat volume compounder.",Wafer-thin margins make it sensitive to food inflation/deflation and case-volume softness; leverage from acquisitions.
XPEV,Consumer Discretionary,15.2,ADR,,0.25,0.02,Very High,None,,,,out-of-model,"XPeng is a GAAP-unprofitable Chinese EV ADR (op margin -15%, model FV $1.77) where the market prices >=40% growth optionality; out-of-model on extreme optionality + ADR/China risk. AV PT $23.25.","China EV price war, path-to-profitability uncertainty, and ADR/delisting/geopolitical overhang."
NVMI,Information Technology,15.1,COMPOUNDER,519.95,0.2,0.28,Medium,Wide,4,,,undervalued,"Nova (NVMI) is a wide-moat semiconductor metrology leader compounding ~20% with 28% margins; baseline g=0.245 overshot to $802, while decelerating to a sustainable 20% gives $519.95 just below AV PT $597.62.",Semicap is cyclical — a WFE downturn or China-export-control hit to its end markets would dent the high growth.
RBRK,Information Technology,16.0,HYPERGROWTH,,0.3,0.2,Very High,Narrow,,,,out-of-model,"Rubrik is a recently-IPO'd cyber-resilience SaaS (<3y model history, GAAP op margin -14%, QrevYoY +39%); GAAP losses and short history put it out-of-model. AV PT $94.96 prices a long runway to FCF-margin maturity.","SBC-heavy losses, competitive data-security/backup market, and unproven path to durable FCF margins."
BBY,Consumer Discretionary,15.1,TURNAROUND,85.97,-0.02,0.035,Low,None,5,,,undervalued,"Best Buy is a shrinking-revenue electronics retailer; even modeling -2% growth and a thin 3.5% normalized margin (and looking through the high ROIC artifact) gives $85.97 vs AV PT $78.65 and ~$72 price, supported by strong FCF and buybacks.",Secular electronics-demand decline and Amazon/Walmart pressure; if revenue erosion accelerates the look-through value falls.
YUMC,Consumer Discretionary,15.1,ADR,61.49,0.042,0.103,Low,Wide,5,,,undervalued,"Yum China (KFC/Pizza Hut operator) is a wide-moat unit-growth story; baseline FV $61.49 matches AV PT $61.17 almost exactly, so the model is well-calibrated despite the ADR wrapper.",China consumer-spending softness and FX translation; ADR/listing risk is lower than peers given HK dual-listing.
DECK,Consumer Discretionary,15.0,COMPOUNDER,128.0,0.13,0.231,Medium,Wide,3,,,fairly-valued,"Deckers (HOKA/UGG) is a wide-moat ~13% grower at 23% margins, but the baseline per-share FV $324.96 is on a pre-6:1-split share basis (~3x the ~$108 post-split price); on a split-consistent basis fair value is ~$128, essentially AV PT $126.86.",HOKA growth deceleration and footwear-fashion cyclicality; a brand stumble re-rates the premium multiple. Plus a model share-count/split artifact (see structural note).
JAZZ,Health Care,15.0,STABLE,254.68,0.05,0.382,High,Narrow,3,,,fairly-valued,"Jazz Pharma carries patent-cliff and litigation exposure on its sleep/oncology franchises; lifting uncertainty to High and decelerating g to 5% gives $254.68, a near-exact match to AV PT $253.21.",Oxybate-franchise generic erosion and pipeline-dependence; regulatory/litigation overhang justifies the High uncertainty.
CLH,Industrials,15.0,CYCLICAL,239.81,0.096,0.113,Medium,Narrow,2,,,fairly-valued,Clean Harbors is a hazardous-waste/environmental-services operator with a narrow moat from permitted incinerator capacity; baseline $239.81 sits below AV PT $325.86 but is a defensible mid-cycle value given waste-volume cyclicality.,Industrial-activity cyclicality drives waste volumes; base-oil/re-refining spreads add commodity sensitivity.
RTO,Industrials,14.9,ADR,25.99,0.109,0.42,Medium,Narrow,5,,,undervalued,"Rentokil Initial is a UK-listed pest-control consolidator (ADR); baseline FV $25.99 brackets AV PT $36.10, and the gross_margin=1.0 artifact left the model's mature_margin nominal — the FCFF-driven FV remains the cleaner anchor.",Terminix integration execution and North America organic-growth softness; FX (GBP) translation on the ADR.
AGI,Materials,14.9,CYCLICAL,34.65,0.15,0.38,Medium,None,3,,,fairly-valued,Alamos Gold is a price-taking gold miner riding record bullion (opm 0.417 = peak); using a still-elevated but normalized 38% margin and 15% production+price growth gives $34.65 vs AV PT $56.25 — the gap is spot-gold optionality the through-cycle DCF won't capitalize.,Gold-price reversal and per-ounce cost inflation; reserve replacement and jurisdiction (mine-development) risk.
BWA,Consumer Discretionary,14.9,CYCLICAL,85.09,0.031,0.107,Low,Narrow,5,,,undervalued,"BorgWarner is an auto-supplier navigating the ICE-to-EV transition (Negative moat trend); baseline $85.09 exceeds AV PT $71.33, with the model using a mid-cycle 10.7% margin (peak) above the trough TTM 4.4% — a reasonable normalized view for a cyclical supplier.",Auto-production cyclicality and the EV-transition margin drag; content-per-vehicle gains must offset ICE decline.
NWSA,Communication Services,14.9,STABLE,26.8,0.04,0.15,Medium,None,3,,,fairly-valued,"News Corp's gross_margin=1.0 artifact inflated baseline to $67; using the real consolidated margin (~15%, with Dow Jones/REA driving) and 4% growth gives $26.80, within reach of AV PT $35.17 and reflecting the sum-of-parts (Dow Jones, REA) discount.",Print/news-media secular decline partly offset by Dow Jones data and REA digital-property strength; segment break-up optionality is upside.
MLI,Materials,14.7,CYCLICAL,123.56,0.058,0.18,Medium,Narrow,3,,,fairly-valued,"Mueller Industries (copper/brass products) carries an elevated TTM margin (0.213) on high copper prices; the model already normalizes to ~18% mid-cycle, giving $123.56 just under AV PT $149 — a defensible through-cycle value for a commodity-converter.",Copper-price and construction-demand cyclicality swing both volume and spread; the 'Wide' model moat flag is generous for a metals converter.
MOD,Industrials,14.6,COMPOUNDER,89.18,0.1,0.11,Medium,Narrow,1,,,rich-vs-street-optimism,"Modine thermal management is a data-center cooling beneficiary; baseline extrapolated 12.9% growth with no scale decel. Decelerating to 10% with a realistic 11% mature margin yields $89, well below the AV PT of $340.86 (fwd PE 38 vs trailing 122, QRev +47.5%) - the street prices a multi-year AI-cooling supercycle the DCF will not underwrite.","If data-center cooling demand sustains, my decelerated view is far too conservative; if it cools, the cyclical Auto/HVAC base reverts to single-digit margins."
DTM,Utilities,14.5,STABLE,146.51,0.126,0.45,Medium,Narrow,3,,,fair,"DT Midstream is a gas gathering/transport operator; the ~50% operating margin is genuine for fee-based midstream (not a gross-margin artifact), so the model holds. my_fv $146.51 sits right on the AV PT of $154.20 (fwd PE 26 vs trailing 32, QRev +10.9%) - no override needed.",Volume/contract re-rate risk on Appalachian gas and rate-base regulation could compress the fee-based margin.
REG,Real Estate,14.5,REIT,26.8,0.081,0.42,High,None,1,,,dcf-na,"Regency Centers is a grocery-anchored shopping-center REIT; dcf_applicable=false, so the $26.80 DCF is not the valuation basis - value on FFO/AFFO multiple. The AV PT of $84.32 (fwd PE 33, QRev +10%) reflects an ~15x FFO read the DCF cannot represent.",Rising cap rates and retail tenant credit stress pressure NOI and AFFO multiple.
UDR,Real Estate,14.5,REIT,17.59,0.054,0.35,Medium,None,1,,,dcf-na,UDR is an apartment REIT; dcf_applicable=false so the $17.59 DCF is not the basis - value on AFFO. AV PT $40.36 (QRev +4.2%) implies a high-teens AFFO multiple typical of coastal multifamily; the DCF understates because it cannot capitalize recurring rental cash flows.,New supply in Sunbelt markets and rate sensitivity compress same-store NOI growth.
APTV,Consumer Discretionary,14.5,CYCLICAL,95.6,0.04,0.1,Medium,Narrow,5,,,undervalued,"Aptiv is an auto-electrical/ADAS supplier in a cyclical trough (3yr rev CAGR 0.9%, TTM PM 1.8% depressed by charges); normalizing to 4% growth and a 10% mid-cycle margin gives $95.6, comfortably above the AV PT of $78.47 (fwd PE 11.7 vs trailing 40.8) - the forward PE confirms an earnings recovery the trough TTM hides.",EV/auto-production volume cyclicality and pricing pressure from OEMs could delay the margin recovery.
NTNX,Information Technology,14.5,HYPERGROWTH,48.84,0.13,0.25,High,Narrow,3,,,fair,"Nutanix hybrid-cloud subscription software has ~79% gross margin but near-zero GAAP op margin (SBC-suppressed); valuing on a ~25% FCF margin at 13% growth gives $48.84, just below the AV PT of $57.01 (fwd PE 24.7 vs trailing 55, QRev +10%). Baseline $79 over-credited margin expansion.",VMware-displacement tailwind is real but reversible; SBC dilution and competition from hyperscalers cap durable margin.
J,Industrials,14.5,RESTRUCTURING,51.39,0.04,0.065,Medium,None,1,,,rich-post-spinoff,"Jacobs Solutions just spun off Amentum, so TTM op margin (-0.9%) and QRev (+27%) are distorted by the discontinuity; normalizing the continuing engineering-consulting business to 4% growth and a 6.5% margin yields $51.39, well below the AV PT of $158.27 (fwd PE 14.9 vs trailing 36) - the street values clean post-spin EPS the model cannot reconstruct from messy trailing data.",Spin-off accounting noise makes normalized margin uncertain; the model may understate the asset-light consulting franchise.
LI,Unknown,14.4,ADR,9.1,0.03,0.044,High,None,4,,,out-of-model,Li Auto is a China EV ADR flagged out_of_model for a >45% revenue swing (delivery/restructuring volatility) plus currency/VIE disclosure caveats; TTM margin is negative and QRev -11.4%. The DCF $9.10 vs AV PT $18.74 cannot be trusted - the ADR/EV-cycle dynamics dominate fundamentals.,"China EV price war, VIE structure, and demand cyclicality make any fundamental anchor unreliable."
LECO,Industrials,14.4,STABLE,229.1,0.04,0.17,Low,Wide,1,,,fair-to-rich,"Lincoln Electric is a wide-moat welding leader; at a steady 4% growth and its actual 17% operating margin, my_fv is $229.10 vs the AV PT of $294.11 (fwd PE 24 vs trailing 27, QRev +11.7%). The model is conservative on growth but defensibly so for a mature industrial.",Welding demand is tied to industrial/automotive capex cycles; a slowdown caps the high-teens margin.
IESC,Industrials,14.4,HYPERGROWTH,356.82,0.12,0.1,Medium,Narrow,1,,,conservative-vs-street,"IES Holdings is an electrical-infrastructure contractor riding the data-center/electrification boom; baseline extrapolated 20.7% growth (raw $967), which is unsustainable. Decelerating to 12% with a 10% margin gives $356.82, below the AV PT of $700 (fwd PE 208 distorted by an EPS spike, QRev +16.8%) - the street prices continued hypergrowth I deliberately fade.",Contractor backlog can evaporate fast if data-center capex stalls; margins are project-mix dependent.
SGI,Consumer Discretionary,14.3,COMPOUNDER,68.4,0.1,0.12,Medium,Narrow,3,,,fair-to-rich,"Decelerating the 3yr 23% growth to a sustainable 10% with the actual 12% margin gives $68.40 vs the AV PT of $97.25 (fwd PE 22.5 vs trailing 27, QRev +12.3%); baseline $125 over-extrapolated recent growth. The model and street roughly bracket fair value with my view the conservative end.",Negative moat trend flagged; if growth decelerates faster than 10% the multiple compresses.
TOST,Information Technology,14.3,OPTIONALITY,10.06,0.25,0.02,High,None,1,,,out-of-model,"Toast is a restaurant-fintech flagged out_of_model because the market prices >=40% growth (5yr rev CAGR 37.8%) against a near-zero 0.3% op margin; the DCF $10.06 cannot capture the platform/payments optionality the AV PT of $33.96 (QRev +21.9%, fPE 19.6) reflects. Stance is out-of-model.",Take-rate compression and fintech competition could leave the growth-implied valuation stranded if margins do not scale.
WSO.B,Industrials,14.2,STABLE,399.77,0.05,0.1,Low,Wide,4,,,fair,"Watsco class-B is an illiquid share class of the wide-moat HVAC distributor; at 5% growth and its real 10% operating margin, my_fv is $399.77. No live AV overview for the .B class, so I anchor on Watsco fundamentals - a low-uncertainty, scale-advantaged distributor where the baseline is reasonable.",HVAC replacement demand is tied to housing/weather cycles; the illiquid B class trades at a structural discount/premium to A.
AAOI,Information Technology,14.2,OPTIONALITY,2.83,0.25,0.02,Very High,None,1,,,out-of-model,"Applied Optoelectronics is flagged out_of_model twice (market prices >=40% growth, model FV <18% of price); it runs a -19% op margin while the AV PT of $151.30 (QRev +51.4%, fPE 84) prices a speculative AI-optics ramp. The DCF $2.83 is not a usable anchor - pure optionality.",Binary on landing hyperscaler optical orders; persistent losses mean any miss is catastrophic to equity value.
LTM,Unknown,14.1,RESTRUCTURING,0.07,0.227,0.107,High,None,5,,,out-of-model,"LATAM Airlines is post-Chapter-11, flagged out_of_model for a >45% revenue swing tied to the restructuring/share recapitalization; the $0.07 DCF is a share-count artifact of the reorg, not a real per-share value. Airlines are also cyclical with negative book equity history - no usable fundamental anchor.","Post-bankruptcy share structure, fuel/fx exposure, and Latin American demand cyclicality make the per-share figure meaningless."
CHKP,Information Technology,14.1,COMPOUNDER,252.76,0.06,0.4,Medium,Wide,5,,,undervalued,"Check Point is a wide-moat, highly profitable cybersecurity firm (88% gross, ~28-44% op margin); at 6% growth and a 40% mature margin, my_fv is $252.76, well above the AV PT of $144.32 (fwd PE 13 vs trailing 13.3, PM 38.4%). The low forward PE reflects slow growth, but the DCF rewards the durable cash generation.","Mid-single-digit growth lags peers; share loss to platform vendors (Palo Alto, CrowdStrike) could de-rate the multiple."
GIB,Unknown,14.1,COMPOUNDER,123.99,0.05,0.155,Low,Narrow,5,,,undervalued,"CGI Inc is a disciplined IT-services consolidator with steady ~15.5% margins; at 5% growth my_fv is $123.99, above the AV PT of $74.10 (fwd PE 9.7 vs trailing 12.1, QRev +3.3%). The very low forward PE suggests the street under-prices CGI's recurring, acquisition-driven compounding.",IT-services demand is discretionary and FX (CAD) translation adds noise; the apparent undervaluation may reflect a structural services de-rating.
BALL,Materials,14.1,CYCLICAL,38.43,0.03,0.09,Medium,Narrow,1,,,rich-vs-fundamentals,"Ball Corp is a cyclical aluminum-packaging maker with thin ~9% margins and flat-to-negative volume history (5yr rev CAGR -1.2%); at mid-cycle 3% growth and a 9% margin my_fv is $38.43, far below the AV PT of $70.79 (fwd PE 13.4, QRev +16.3% off easy comps). The street prices a volume recovery the commodity model fades.",Aluminum can demand and input-cost pass-through drive the thin margin; a beverage-volume rebound would beat my conservative mid-cycle call.
SMTC,Information Technology,14.1,HYPERGROWTH,37.46,0.15,0.18,High,None,1,,,out-of-model,"Semtech is in an analog/optical-DSP recovery: TTM EPS is negative and op margin only 3-9%, yet the AV PT is $204.83 (fwd PE 58.8, QRev +15.9%) pricing a CopperEdge/optical ramp into AI. Even at a recovery-implied 15% growth and 18% margin the DCF only reaches $37.46, so the street view is pure recovery optionality - stance out-of-model.",The AI-optical ramp is unproven in margins; if the recovery stalls the leveraged balance sheet and negative TTM earnings leave little support.
ARMK,Consumer Discretionary,14.0,STABLE,21.04,0.05,0.045,Medium,None,1,,,rich-vs-fundamentals,"Aramark is a thin-margin (~4.5% op) food/facilities-services operator; at 5% growth its DCF is $21.04, well below the AV PT of $56 (fwd PE 21 vs trailing 39, QRev +14.7%). The low absolute margin and no moat mean the street's mid-twenties forward multiple is generous versus the cash the business actually throws off.",Labor-cost inflation and contract-renewal pricing pressure the already-thin margin; leverage amplifies equity sensitivity.
SOLV,Health Care,14.0,RESTRUCTURING,,,,High,Narrow,,,,out-of-model,"Solventum is the 2024 3M healthcare spin-off with <3 years of standalone financials, so the model errors out (<3y history) and cannot build a defensible DCF. Treated out-of-model until a full standalone trajectory exists; the standalone wound-care/dental/health-IT franchise is solid but carries spin-off debt.",Spin-off leverage and the loss of 3M shared services could pressure margins before the standalone trajectory is established.
DY,Industrials,14.0,HYPERGROWTH,192.76,0.1,0.075,Medium,Narrow,1,,,conservative-vs-street,"Dycom is a fiber/telecom-construction contractor in a fiber-build boom (QRev +56.1%); baseline 15.3% growth (raw $440) is unsustainable, so I decelerate to 10% with the real 7.5% contractor margin for $192.76, below the AV PT of $637.27 (fwd PE 31 vs trailing 44). The street prices sustained BEAD/fiber hypergrowth I deliberately fade.",Contractor revenue is concentrated in a few carriers and backlog-dependent; a fiber-capex pause hits both volume and the thin margin hard.
MAS,Industrials,14.0,STABLE,105.68,0.03,0.17,Low,Wide,5,,,fair,"Masco is a wide-moat building-products company (Behr, Delta) with a high ~41% ROIC and 17% margin but flat revenue (5yr CAGR -2.5%); at 3% growth my_fv is $105.68, essentially in line with the AV PT of $80.67 to upside (fwd PE 16.7 vs trailing 17.1, QRev +6.5%). The model and street roughly agree on a mature, high-return compounder.",Repair-and-remodel demand is housing-turnover sensitive; the negative moat trend flag signals private-label/competitive pressure on paint.
CSL,Materials,14.0,COMPOUNDER,299.82,0.05,0.2,Medium,Narrow,3,,,fair-to-rich,"Carlisle is a roofing/building-products compounder with strong ~20% margins; at 5% growth my_fv is $299.82 vs the AV PT of $410.14 (fwd PE 16.5 vs trailing 19.7, QRev -4%). The slight revenue dip is a re-roofing-cycle pause; my view is the conservative end of a high-margin franchise the street prices for more.",Commercial-construction re-roofing demand is cyclical; raw-material (asphalt/insulation) cost swings move the 20% margin.
THC,Health Care,14.0,TURNAROUND,329.86,0.02,0.12,High,Narrow,5,,,rich-artifact-corrected,"Tenet Healthcare's baseline $1708 was a gross_margin=1.0 data artifact applying a 42% margin to a hospital/ASC operator; correcting to its real ~12-13% op margin (opm_recent 0.134) at 2% growth with a High-uncertainty regulatory haircut yields $329.86. That is still above the AV PT of $244.57 (fwd PE 9.6, EPS $19.24) because the DCF cannot model Tenet's heavy debt load and reimbursement risk - the street's single-digit multiple is the better anchor.",Hospital reimbursement/Medicaid policy and high financial leverage mean equity value is highly sensitive to margin and rate changes the model cannot see.
UNM,Financials,13.9,FINANCIAL,108.67,0.03,0.148,Medium,None,5,,,dcf-na,"Disability/life insurer; DCF invalid on premium float, but baseline $108.67 happens to sit near AV PT $97.62 with fwd PE 8.2 vs trailing 18.8 signaling cheap forward earnings.",Long-tail LTC reserve adequacy and a rising-claims credit cycle could impair book value.
OHI,Real Estate,13.9,REIT,12.11,0.032,0.45,Medium,None,1,,,dcf-na,"Skilled-nursing REIT; DCF invalid, baseline $12.11 is FFO-blind and far below AV PT $51 (27x fwd P/E, 51% profit margin) so value rests on the ~$2 FFO/AFFO at a healthcare-REIT multiple.",Tenant operator insolvency and Medicaid reimbursement cuts to skilled-nursing facilities.
TIGO,Communication Services,13.8,ADR,66.14,0.03,0.22,High,None,2,,,out-of-model,"Millicom is a LatAm telecom ADR; decelerated growth to 3% with a 22% margin and High-uncertainty (FX/political) override brings FV to $66 vs AV PT $83.2, but currency translation and EM disclosure caveats keep it out-of-model.",LatAm currency devaluation and political/regulatory intervention across its operating footprint.
CSGP,Real Estate,13.8,COMPOUNDER,45.95,0.12,0.3,Medium,Narrow,5,,,buy-watch,"CoStar's near-zero current op margin is depressed by heavy Homes.com marketing spend; normalizing to a 30% mature margin and 12% decelerated growth yields $45.95, essentially matching AV PT $48.85.","Residential (Homes.com) investment fails to monetize, prolonging margin compression and capital destruction."
HTHT,Consumer Discretionary,13.8,ADR,2.55,0.1,0.22,High,Narrow,1,,,out-of-model,"H World (Huazhu) is a China hotel-franchise ADR; the model's 'revenue collapsed' OOM flag and $2.55 FV are a per-ordinary-share unit artifact vs AV PT $59.89 (19x trailing, 19% net margin), so it routes to out-of-model.",China consumer-travel softness and ADR/VIE disclosure and delisting risk.
LGN,Industrials,14.1,RESTRUCTURING,,,,Very High,None,,,,out-of-model,"Legence Corp is a 2025 IPO building-services/energy-efficiency roll-up with <3y history (model errors out); GAAP EPS is negative and ForwardPE 56.5 vs AV PT $105, so no defensible DCF base exists yet.",Insufficient public operating history; acquisition-driven model and post-IPO lockups unproven.
JLL,Real Estate,13.7,RESTRUCTURING,,0.07,0.06,Low,Narrow,,,,out-of-model,"Jones Lang LaSalle's gross_margin=1.0 artifact massively over-scales the per-share DCF ($720+ even at a thin 6% margin) vs AV PT $387.6; the brokerage is better anchored to EPS $18.59 x ~21x, so the model output is data-distorted and routed out-of-model.",Commercial-real-estate transaction volumes stay depressed in a higher-for-longer rate regime.
AMH,Real Estate,13.7,REIT,4.24,0.05,0.227,Medium,None,1,,,dcf-na,"American Homes 4 Rent is a single-family-rental REIT; DCF invalid and the $4.24 baseline trips the OOM <18%-of-price gate, while AV PT $35.27 (25x fwd FFO, 25% margin) reflects a steady SFR-FFO multiple.",Housing-market downturn compresses rent growth and home-value-driven NAV.
GRAB,Information Technology,13.7,HYPERGROWTH,1.44,0.25,0.1,Very High,None,1,,,out-of-model,"Grab is a SE-Asia super-app just turning profitable (OpMargin 2.7% TTM, +23% rev growth); the market prices >=40% optionality the DCF can't capture, and the $1.44 FV vs AV PT $5.97 confirms out-of-model.",Path to durable profitability and intense ride-hail/delivery competition across fragmented ASEAN markets.
GPC,Consumer Discretionary,13.7,STABLE,243.68,0.04,0.07,Low,Narrow,5,,,watch,"Genuine Parts is a stable auto/industrial-parts distributor; normalizing a 7% op margin lifts FV to $243.68, but that sits well above AV PT $132.43 (12.7x fwd PE), so the model looks optimistic and I lean to the street given thin distributor economics.",Cyclical industrial demand and margin pressure from freight/inflation in a low-margin distribution model.
DOC,Real Estate,13.6,REIT,19.58,0.115,0.275,High,Narrow,3,,,dcf-na,"Healthpeak (medical-office/life-science REIT); DCF invalid but the $19.58 baseline coincidentally aligns with AV PT $20.94, supported by 7% rev growth and a steady MOB/lab FFO base.",Life-science lab oversupply and biotech-tenant funding weakness depress occupancy and rents.
TRU,Information Technology,13.6,COMPOUNDER,71.8,0.08,0.2,Medium,Narrow,3,,,buy-watch,"TransUnion's gross_margin=1.0 artifact inflated the baseline to $205; correcting to a structural 20% op margin (opm_recent 0.16) with 8% growth yields $71.80, just under AV PT $90.1 and far more defensible.",Credit-bureau volumes are rate-sensitive (mortgage/lending) and the sector carries regulatory/data-privacy exposure.
RRX,Industrials,13.6,CYCLICAL,149.86,0.06,0.16,Medium,Narrow,1,,,buy-watch,"Regal Rexnord's baseline understated margin at 11%; using a more realistic post-synergy 16% GAAP op margin lifts FV to $149.86, conservatively below AV PT $251.56 (which uses adjusted earnings) but a defensible GAAP-based floor.",Industrial/motion-control demand cyclicality and high leverage from the Altra acquisition.
SANM,Information Technology,13.5,CYCLICAL,131.78,0.05,0.05,Low,Narrow,1,,,watch,"Sanmina is a thin-margin EMS contract manufacturer; even with a generous 5% mature margin FV is $131.78, below the aggressive AV PT $223.75 that extrapolates a one-off +102% qtr revenue spike at a 2.3% net margin.",EMS demand is cyclical and customer-concentrated; margins are structurally thin and inventory-exposed.
ARCC,Financials,13.5,FINANCIAL,61.28,0.05,0.45,Medium,Narrow,5,,,dcf-na,"Ares Capital is a BDC that trades at ~P/NAV, not on a DCF; the $61.28 baseline (from a 73% 'op margin') is meaningless vs AV PT $20.85 / ~book, so it must be valued on NAV and the ~9% dividend yield.",Credit deterioration in its middle-market loan book and NAV erosion in a recession.
RPM,Materials,13.4,STABLE,102.55,0.032,0.117,Low,Narrow,3,,,keep,"RPM International is a stable specialty-coatings compounder; the $102.55 baseline with an 11.7% margin sits reasonably below AV PT $128.86 (17.8x fwd PE), reflecting steady low-single-digit organic growth and MAP margin gains.",Raw-material (resins/solvents) cost inflation and construction-end-market cyclicality.
RGA,Financials,13.4,FINANCIAL,1274.61,0.05,0.091,Low,Wide,5,,,dcf-na,"Reinsurance Group of America is a life reinsurer; the $1274 baseline is a gross=1.0 + dcf=false artifact and meaningless, while AV PT $252.22 (8.3x fwd PE, EPS $18.39) reflects normalized book-value/earnings power.",Mortality/morbidity assumption misestimation and interest-rate sensitivity on long-duration reserves.
GLPI,Real Estate,13.4,REIT,32.2,0.038,0.45,Medium,Narrow,1,,,dcf-na,"Gaming & Leisure Properties is a triple-net casino REIT; DCF invalid and the $32.2 baseline is FFO-blind and below AV PT $54.48 (14x fwd, 55% margin), so value rests on contractual rent escalators at a net-lease multiple.",Tenant (gaming-operator) credit concentration and rising rates pressuring net-lease cap rates.
CNH,Industrials,13.3,CYCLICAL,,0.03,0.1,Very High,None,,,,out-of-model,"CNH Industrial (ag/construction equipment) shows broken cached financials (rev_cagr -16%, FV negative even at mid-cycle 10% margin), tripping the OOM gate; AV PT $13.31 ~ price reflects a trough ag-cycle, so the model output is data-distorted.","Ag-equipment downcycle (low crop prices, high dealer inventory) plus captive-finance leverage."
EXEL,Health Care,13.2,COMPOUNDER,59.2,0.1,0.35,High,Wide,4,,,keep,"Exelixis is a profitable oncology franchise (cabozantinib); decelerating growth to 10% with a 35% mature margin and High-uncertainty override gives $59.20, modestly above AV PT $49.65 for a wide-moat, cash-generative grower.",Cabozantinib patent/competition cliff and pipeline (zanzalintinib) clinical readouts.
BBIO,Health Care,13.2,HYPERGROWTH,52.13,0.28,0.4,Very High,Narrow,2,,,out-of-model,"BridgeBio is an early commercial-ramp biotech (Attruby launch) still GAAP-unprofitable (OpMargin -55%, EPS -3.74); the data trips the rev-collapse/ramp OOM gate and AV PT $102.71 prices a steep launch curve the DCF can't model.",Acoramidis (Attruby) commercial uptake vs Pfizer/Alnylam ATTR competition and continued cash burn.
EG,Financials,13.2,FINANCIAL,1181.72,0.05,0.136,Medium,Narrow,5,,,dcf-na,"Everest Group is a P&C reinsurer; the $1181 baseline is a dcf=false artifact on premium float and meaningless, while AV PT $388.13 (5.5x fwd PE, EPS $49.11) reflects normalized underwriting earnings power.",Catastrophe-loss volatility and reserve-development charges (it recently took adverse casualty reserve hits).
JHX,Materials,13.1,ADR,14.91,0.07,0.18,Medium,Narrow,1,,,out-of-model,"James Hardie is a fiber-cement building-products ADR; at 7% growth and 18% margin the model lands at $14.91, well below AV PT $28.18, but ADR/AZN-Spec disclosure and the post-AZEK-merger share count make the per-ordinary FV unreliable, so out-of-model.",US housing/repair-remodel cyclicality and AZEK acquisition integration/leverage.
COO,Health Care,13.1,COMPOUNDER,71.21,0.08,0.25,Low,None,4,,,keep,"Cooper Companies' negative TTM op margin is a one-off artifact; normalizing to a structural 25% medtech margin (contact lens + fertility) with 8% growth yields $71.21, just below AV PT $80.79.",Competitive contact-lens pricing (CooperVision) and discretionary slowdown in fertility (CooperSurgical) demand.
EVR,Financials,13.1,FINANCIAL,1051.43,0.08,0.418,Medium,Narrow,5,,,dcf-na,"Evercore is a cyclical M&A advisory boutique; the $1051 baseline (gross 0.995 artifact) is meaningless, and at 19.6x fwd PE / EPS $17.76 AV PT $374.6 reflects a recovering-deal-cycle earnings level, not a steady-state DCF.",Advisory revenue is highly cyclical on M&A/restructuring volumes and senior-banker retention.
ALLY,Financials,13.1,FINANCIAL,45.0,0.045,0.2,Medium,None,5,,,dcf-na,"Auto-focused digital bank; DCF invalid (baseline $297 is a financial-sector margin artifact). On normalized ~9x EPS $4.12 plus credit normalization, fair value ~$45, near price ~$52 and AV PT $54 (ForwardPE 7.96).",Subprime/used-auto credit cycle: rising net charge-offs and NIM pressure hit book value and earnings.
TFII,Industrials,13.1,CYCLICAL,105.17,0.03,0.107,Medium,Narrow,1,,,fair,"LTL/trucking roll-up; baseline 3% growth and ~11% mid-cycle margin give $105, essentially at price ~$108 (AV PT $156 prices a freight recovery I won't yet underwrite).",Freight recession and a poorly integrated US LTL acquisition could keep margins below the assumed mid-cycle level.
HRL,Consumer Staples,13.0,STABLE,28.15,0.025,0.1,Low,Narrow,5,,,fair,"Protein/packaged-food staple in a low-growth rut; trimmed baseline to 2.5% growth and 10% margin -> $28, just above price $23.64 and AV PT $26.5.",Persistent volume softness in turkey/center-store and input-cost swings keep margins below the 11.7% peak.
MEDP,Industrials,13.0,COMPOUNDER,551.74,0.115,0.21,Medium,Wide,5,,,fair,"Wide-moat full-service CRO; decelerated the 22% trailing CAGR to ~11.5% and held ~21% margin, giving $552 vs price $458 and AV PT $443 (QoQ rev +26.5% still strong).",Biotech funding slowdown reduces book-to-bill and could decelerate bookings faster than the modeled 11.5%.
LULU,Consumer Discretionary,13.0,TURNAROUND,203.77,0.04,0.18,High,Wide,5,,,watch,"Baseline $764 assumed 12% growth; the brand has decelerated hard (ForwardPE 9.1, QoQ rev +4.3%). Cut to 4% growth / 18% margin with High uncertainty -> $204, well above price $117/PT $140 - I credit the moat more than the market, but only on normalization.","US growth stall and competitive encroachment (Vuori, Alo) could make the deceleration structural, not cyclical."
FUTU,Financials,12.9,ADR,,,,Very High,None,1,,,out-of-model,"Chinese online brokerage ADR; model flags a >45% revenue collapse (a reporting-unit/currency artifact). AV shows a healthy franchise: 45% profit margin, QoQ rev +28.8%, PT $167 vs price $91. DCF distorted by the data artifact and China disclosure/currency risk.",China regulatory crackdown on offshore brokerage and capital-outflow controls could impair the franchise overnight.
APA,Energy,12.9,CYCLICAL,44.21,0.02,0.22,High,Narrow,4,,,fair,"E&P oil/gas; replaced the 39.6% peak margin with a ~22% mid-cycle margin and 2% growth -> $44, right at AV PT $43 and above price $37.66.",Oil price and Egypt/Suriname concession/political exposure make cash flows and the modeled mid-cycle margin volatile.
TOL,Consumer Discretionary,12.9,CYCLICAL,118.69,0.03,0.12,High,Narrow,3,,,watch,"Luxury homebuilder at a cyclical peak (opm 17.3% > prior cycle); normalized to ~12% mid-cycle margin and 3% growth -> $119, just below price $137 (AV PT $164 prices continued peak conditions).",Mortgage-rate-driven demand drop and gross-margin normalization off record levels would pressure both EPS and the multiple.
MKC.V,Consumer Staples,12.9,STABLE,52.82,0.03,0.165,Low,Narrow,4,,,fair,Non-voting share class of McCormick; identical fundamentals. Baseline 3% growth / 16.5% margin gives $52.82 vs MKC price $47.6 and AV PT $61.3 - defensible for a wide-distribution spice/flavor staple.,Volume softness in consumer segment and private-label competition could hold organic growth below 3%.
DINO,Energy,12.9,CYCLICAL,70.01,0.02,0.05,High,Narrow,3,,,fair,"HF Sinclair refiner/marketer; mid-cycle ~5% margin (between 3.5% trough and 6.9% peak) and 2% growth -> $70, essentially at price $72.39 and AV PT $74.",Refining crack spreads are highly volatile; a margin downcycle plus renewables-diesel weakness would pressure FCF and the dividend.
SOLS,Materials,7.4,RESTRUCTURING,,,,High,Narrow,,,,out-of-model,"Solstice Advanced Materials - 2025 spinoff from Honeywell; <3y standalone history so DCF unavailable. AV shows ~10.6% growth, 18.2% op margin, PT $90.67 (TrailingPE 68.7 - early-stage). Normalize to continuing business once a full history exists.","Spin-off dis-synergies, standalone cost ramp, and refrigerant (HFC phase-down/Quantum) regulatory exposure cloud near-term economics."
TYL,Information Technology,12.8,COMPOUNDER,228.46,0.1,0.18,Low,Narrow,1,,,watch,Sticky government/public-sector SaaS; held 10% growth and modeled margin expansion to 18% -> $228. Far below price $304 and AV PT $445 - the market pays a premium for recurring gov revenue and cloud-transition margin upside I won't fully underwrite.,Government budget cycles and the cloud-transition margin ramp could disappoint a multiple priced at ~24x forward earnings.
GFL,Industrials,12.8,RESTRUCTURING,,,,High,Narrow,,,,out-of-model,"GFL Environmental (Canadian waste) is mid-deleveraging after selling its environmental-services unit; model returns a negative FV and flags optionality (TrailingPE 96, ForwardPE 45). Thin current margins (op 3.2%) understate normalized solid-waste economics. Value once the post-divestiture run-rate settles.","High leverage and integration of acquisitions; if free-cash-flow deleveraging stalls, the equity is squeezed."
KNX,Industrials,12.8,CYCLICAL,40.63,0.05,0.12,High,None,1,,,overvalued,"Truckload carrier at a deep freight trough (opm 3.3%, profit margin 0.45%). Even normalizing to a 12% mid-cycle margin (its prior-peak) and 5% growth gives only ~$41 vs price $80.71 - the market is pricing a strong cyclical snap-back the fundamentals don't yet support.","If the freight recession persists, mid-cycle margins never recover and the trough P/E (384x) stays unsupported."
FNF,Financials,12.8,FINANCIAL,55.0,0.032,0.16,Medium,Wide,5,,,dcf-na,"Title insurer (+F&G annuities); DCF invalid (baseline $139 is a margin artifact). On normalized ~10x mid-cycle EPS plus the F&G stake, fair value ~$55, near price $47 and AV PT $62 (ForwardPE 8.3).",Title revenue is levered to housing-transaction and mortgage volume; a prolonged real-estate freeze depresses earnings.
AIZ,Financials,12.8,FINANCIAL,270.0,0.065,0.087,Low,Narrow,5,,,dcf-na,"Specialty insurer (lender-placed, mobile/extended warranty); DCF invalid (baseline $1699 is a financial-margin artifact). On normalized ~11x EPS $19.1 -> ~$270, in line with price $252 and AV PT $280.",Catastrophe losses in housing-insurance and client concentration in mobile programs can dent underwriting income.
U,Information Technology,12.7,HYPERGROWTH,13.77,0.1,0.12,Very High,Narrow,1,,,out-of-model,"Unity is GAAP-deeply-unprofitable (op margin -38%); the model's most generous output is ~$14 and an FCF-margin scenario (10% growth/12%) gives only ~$6 under a Very-High-uncertainty WACC. Price $28.80/PT $35 prices a successful ads + Unity-6 engine inflection the DCF can't credit - optionality, demand margin of safety.","If the advertising (Vector) recovery and engine monetization stall, the cash-burn turnaround thesis breaks."
ENLT,Utilities,12.7,HYPERGROWTH,32.05,0.12,0.4,High,Narrow,1,,,watch,"Enlight is a fast-growing renewable IPP (rev CAGR ~49%); decelerated to 12% mature growth and held the ~40% EBIT margin -> $32, near price ~$30 (AV PT $82 capitalizes the full development pipeline I discount for execution/funding risk).",Capital-intensive build-out depends on project financing and rates; pipeline slippage or higher WACC erodes the development value.
MKC,Consumer Staples,12.7,STABLE,52.91,0.03,0.165,Low,Narrow,5,,,fair,McCormick flavor/spice staple; baseline 3% growth and 16.5% margin give $52.91 vs price $47.6 and AV PT $61.3 - a defensible wide-distribution compounder valuation.,Volume elasticity to pricing and consumer-segment private-label pressure could hold organic growth below 3%.
HUT,Information Technology,4.5,OPTIONALITY,,,,Very High,None,,,,out-of-model,"Hut 8 is a bitcoin miner / HPC-pivot with <3y history and op margin -522%; value is driven by BTC price and balance-sheet holdings, not DCF. AV PT $119 vs deeply negative EPS - pure crypto/AI-datacenter optionality.",Bitcoin price and halving economics dominate; an energy-cost or BTC drawdown can wipe out mining cash flow.
TRMB,Information Technology,12.6,COMPOUNDER,37.13,0.07,0.2,Medium,Narrow,1,,,watch,Trimble's positioning/geospatial SaaS transition; cached history shows divestiture-driven revenue declines that suppress the model. Even with 7% growth and 20% margin -> $37 vs price $53.63 and AV PT $85 (QoQ rev +11.8%) - the market credits more recurring-revenue mix shift than I will.,"Portfolio reshaping (AGCO JV, divestitures) and hardware cyclicality could keep reported growth lumpy."
PEN,Health Care,12.6,COMPOUNDER,242.67,0.16,0.22,Medium,Narrow,1,,,watch,Penumbra (neuro/peripheral thrombectomy) grows ~15-17% but current op margin is only ~7-10%; crediting a scale-up to 22% margin and 16% growth gives $243 vs price $320 and AV PT $363 - the market already prices the full margin inflection.,Competitive entry in thrombectomy and a slower-than-modeled margin ramp would not support a ~63x forward multiple.
ONTO,Information Technology,12.6,CYCLICAL,137.95,0.14,0.25,Medium,Narrow,1,,,overvalued,"Onto is semiconductor metrology/inspection (mis-tagged Health Care in the feed). Even with an above-trend 14% growth and a 25% margin scale-up, the DCF gives $138 vs price $269 and AV PT $352 - the market prices an AI/advanced-packaging supercycle I won't fully underwrite.",Semicap is cyclical; a WFE downturn or packaging-capex pause would deflate a multiple priced for sustained growth.
ELS,Real Estate,12.5,REIT,65.0,0.03,0.375,Low,Narrow,1,,,dcf-na,"Equity LifeStyle (manufactured housing / RV / marina REIT); DCF invalid (baseline $37 ignores FFO). On a ~22-23x AFFO multiple for a high-quality, low-cyclicality REIT, fair value ~$65, near price $61.49 and AV PT $70.",Rate sensitivity to the REIT multiple and slowing RV/transient demand could pressure same-community NOI growth.
PNW,Utilities,12.5,STABLE,115.3,0.035,0.2,Medium,Narrow,4,,,fair,"Pinnacle West (regulated Arizona utility, APS); cut the 8% baseline growth to a regulated ~3.5% rate-base pace at ~20% margin -> $115, in line with price $101 and AV PT $105.","Arizona rate-case outcomes and authorized-ROE decisions, plus heat-driven load and capex, drive the regulated earnings path."
SUN,Energy,12.5,CYCLICAL,70.94,0.05,0.037,Medium,Narrow,3,,0.96,fair-value,"Fuel-distribution / midstream operator on a thin ~3.7% pass-through margin; baseline DCF $70.94 ties almost exactly to AV analyst PT $74.12, so no override needed.",Refining/fuel-margin cyclicality and LP-style distribution coverage if volumes soften.
NYT,Communication Services,12.4,COMPOUNDER,59.27,0.08,0.136,Low,Wide,1,,0.7,in-model,"Wide-moat digital subscription compounder; model margin (13.6% = real op margin) and 8% growth are defensible, leaving my $59 conservative vs the street's $84.89 PT which prices faster sub growth and margin expansion.",Subscription growth deceleration as the bundle matures and ad revenue stays soft.
SAIA,Industrials,12.4,COMPOUNDER,295.32,0.085,0.135,Medium,Narrow,1,,0.65,in-model,"gross_margin 0.923 artifact inflated mature_margin to 0.388 (baseline FV $777); reset to the real ~13.5% LTL operating margin -> $295, far below price $480.68 and AV PT $451 which price SAIA at ~40x as a premium growth network.",Freight-cycle downturn or pricing erosion would compress the already-thin LTL operating ratio.
AUR,Information Technology,12.4,OPTIONALITY,,,,Very High,None,,,,out-of-model,"Aurora Innovation is pre-revenue autonomous-trucking (rev CAGR -81%, op margin -27x, no AV coverage); the DCF base is meaningless and the model self-flags rev-collapse + extreme optionality + FV<18% of price.",Cash burn ahead of any commercial driverless launch; equity is binary on technology/regulatory milestones.
DKNG,Communication Services,12.4,HYPERGROWTH,,0.17,,High,None,,,,out-of-model,"Online-gambling hypergrowth just crossing into profitability (GAAP op margin 0.35%, EPS $0.09); model FV $3.17 is a GAAP-loss artifact and the name self-flags >=40% market-priced growth + FV<18% of price. Price $24.78 vs AV PT $34.88.",State-by-state tax/regulatory changes and promo intensity could delay sustainable FCF margins.
ONON,Consumer Discretionary,12.4,HYPERGROWTH,43.43,0.2,0.14,High,Narrow,3,,0.83,in-model,"On Holding (sector cached Unknown; really Consumer Discretionary footwear) decelerated from ~48% to a sustainable ~20% with the real ~14% op margin -> $43.43, modestly under price ~$50 and AV PT $52.54.",Premium-footwear fashion cyclicality and FX (CHF base) on a still-rich multiple.
GL,Financials,12.4,FINANCIAL,,0.044,0.252,Medium,Narrow,,,,dcf-na,"Globe Life is a life/health insurer (dcf_applicable=false); the operating-margin DCF leaks a $291 FV vs price $157.13, so suppress my_fv and value on P/E (fwd PE 9.76) / AV PT $175.91.",Prior short-seller allegations on agent sales practices and reserve adequacy keep regulatory/litigation risk elevated.
VICR,Information Technology,12.4,OPTIONALITY,,,,High,Narrow,,,,out-of-model,"Vicor power-components FV $26.52 is <18% of price $274.97 (AV PT $323.75, fwd PE 88); the market prices AI-datacenter power-delivery optionality the trailing DCF can't capture.",Design-win timing and customer concentration make the AI-power ramp lumpy; rich multiple has little downside cushion.
GGG,Industrials,12.3,STABLE,71.67,0.03,0.279,Low,Wide,3,,0.78,in-model,"Graco is a wide-moat, high-ROIC (31.7%) specialty-machinery compounder; baseline margin 27.9% = real op margin, so $71.67 is defensible and conservative vs AV PT $92 which assumes faster recovery.",Short-cycle industrial demand and end-market destocking can stall revenue at the low-single-digit growth assumed.
DVA,Health Care,12.3,STABLE,167.92,0.025,0.12,High,Narrow,3,,0.87,in-model,"DaVita dialysis: baseline $356 overshot on a rich terminal; trimmed to ~2.5% growth and a normalized ~12% margin with High uncertainty (GLP-1 volume risk + managed-care/reimbursement and heavy leverage) -> $167.92, just under AV PT $193.71.",GLP-1 adoption shrinking the diabetic-ESRD funnel and Medicare Advantage / commercial-mix reimbursement pressure.
DRS,Industrials,12.3,COMPOUNDER,25.68,0.1,0.095,Low,Narrow,1,,0.49,in-model,"Leonardo DRS (cached sector Health Care -> really Industrials Aerospace & Defense); at its real ~9.5% op margin and 10% backlog-driven growth the DCF gives $25.68, well below AV PT $52.90 which pays up for the defense-budget tailwind and margin expansion.",Defense-budget continuing-resolution delays and program timing; thin margins leave little cushion if growth slows.
IONS,Health Care,12.3,OPTIONALITY,,,,Very High,None,,,,out-of-model,"Ionis is a near-breakeven antisense-platform biotech (gross 0.984 artifact, op margin -45%, QRev +87%); even at a normalized 24% margin the DCF holds ~$24 vs AV PT $100.92 because value is in the launch/royalty pipeline (olezarsen, donidalorsen, Wainua) the trailing DCF can't capture.",Launch-curve execution and partner royalty timing; pipeline-binary on a handful of products.
RNR,Financials,12.3,FINANCIAL,,0.05,0.261,High,None,,,,dcf-na,"RenaissanceRe is a property-cat reinsurer (dcf_applicable=false); the DCF on premium float leaks $2136 vs price $282.11, so suppress and value on P/B x ROE / cheap PE (trailing 4.86, fwd 9.07) and AV PT $328.07.",Catastrophe-loss volatility and softening reinsurance pricing (QRev -36.6%) drive book-value swings.
DT,Information Technology,12.3,COMPOUNDER,43.51,0.17,0.205,Medium,Narrow,3,,0.99,in-model,"Dynatrace observability SaaS: GAAP op margin 10.6% is SBC-suppressed; using a structural ~20.5% FCF-style margin and ~17% decelerated growth gives $43.51, essentially equal to AV PT $43.85 (price $41.92).",Observability competition (Datadog) and macro IT-budget cyclicality on net retention.
CRBG,Financials,12.3,FINANCIAL,,0.03,0.179,High,None,,,,dcf-na,"Corebridge Financial is a life/annuity insurer (dcf_applicable=false); DCF leaks $226 on spread/AUM income, so suppress and value on cheap P/E (fwd 4.63) and AV PT $35.00.",Rate/spread sensitivity on the annuity book and AIG-stake overhang on the float.
BF.A,Consumer Staples,12.2,STABLE,31.03,0.03,0.2,Medium,Wide,4,,1.12,in-model,"Brown-Forman (class A) baseline $53 used a peak-cycle 28.7% margin; the brand is in a real demand slump (3y rev CAGR -3%), so a through-cycle ~20% margin and 3% growth give $31.03, at AV PT $27.68 (class B).","Persistent spirits-category softness, tariff exposure, and Jack Daniel's volume declines."
SWK,Industrials,12.2,TURNAROUND,154.59,0.03,0.111,Medium,Narrow,5,,1.71,in-model,"Stanley Black & Decker margin recovery story; the model uses peak op margin 11.1% (vs trough opm_recent 4.1%) and lands $154.59, far above AV PT $90.54 -> I view the model as too aggressive on the recovery and treat AV PT/EPS $2.44 as the anchor.",Tools demand tied to housing/DIY and tariff/cost headwinds could stall the margin recovery the model assumes.
BNT,Financials,12.2,FINANCIAL,,0.05,0.144,Medium,Narrow,,,,dcf-na,"Cached as a diversified insurer (dcf_applicable=false); the DCF leaks $930 vs price ~$44 on premium/spread income the model can't value, and AV PT is None. Suppress my_fv and value on book/PE.",Entity/sector tagging ambiguity plus insurance reserve and rate sensitivity; AV PT unavailable as a check.
MGM,Consumer Discretionary,12.2,CYCLICAL,,,,High,None,,,,out-of-model,"MGM Resorts baseline FV $130.9 is a COVID rev-collapse + buyback share-shrink artifact (self-flagged rev collapsed >45%); normalized view ~$45-50 (op margin 6.9%, EPS $0.73) sits at AV PT $46.17 / price $47.26, so roughly fairly valued but the raw model FV is unreliable.","Las Vegas/regional gaming cyclicality, China/Macau (MGM China) exposure, and high lease-adjusted leverage."
IVZ,Financials,12.1,FINANCIAL,,0.03,0.2,Medium,None,,,,dcf-na,"Invesco is a fee-based asset manager (dcf_applicable=false); gross_margin=1.0 artifact + AUM-driven economics make the $53.5 DCF unreliable, so value on P/E (fwd 10.28, EPS -1.47 GAAP) and AV PT $29.23.",AUM-flow and market-beta sensitivity plus fee compression from passive/ETF competition.
ALGN,Health Care,12.0,COMPOUNDER,167.31,0.04,0.2,Medium,Wide,3,,0.8,in-model,"Align Technology (Invisalign): growth has stalled (5y rev CAGR 0.5%), so a modest 4% recovery and a normalized 20% op margin (between trough 15.2% and peak 23.5%) give $167.31, conservative vs AV PT $209.07.","Discretionary clear-aligner demand softness and intensifying competition (SmileDirect aftermath, dental DTC) at a still-premium multiple."
BF.B,Consumer Staples,12.0,STABLE,31.1,0.03,0.2,Medium,Wide,4,,1.12,in-model,Brown-Forman class B (mirror of BF.A); same through-cycle normalization off the peak 28.7% margin to ~20% with 3% growth -> $31.10 vs AV PT $27.68.,"Spirits-category demand slump, tariffs, and Jack Daniel's volume declines."
PINS,Information Technology,12.0,COMPOUNDER,28.42,0.12,0.2,High,Narrow,5,,1.03,in-model,"Pinterest GAAP op margin 4.9% is SBC-suppressed; a structural ~20% FCF margin and 12% growth give $28.42, between price $21.99 and AV PT $27.72 (baseline $51.75 with m=0.325 was 2x too high).","Ad-budget cyclicality and platform/engagement competition (Meta, TikTok) on a smaller user base."
COKE,Consumer Staples,12.0,STABLE,168.67,0.057,0.13,Medium,Wide,4,,0.94,in-model,"Coca-Cola Consolidated (largest US bottler), price $178.81; baseline ~13% bottling op margin and ~5.7% growth give $168.67, fairly valued. AV PT of $1440 is a stale pre-split artifact and was discarded (EPS $7.30 x PE 24.5 ~ price confirms).","Bottler thin-margin economics, input-cost inflation, and dependence on KO franchise terms."
AXSM,Health Care,12.0,HYPERGROWTH,177.56,0.25,0.35,Very High,Narrow,2,,0.66,in-model,"Axsome is an early-commercial CNS biotech (Auvelity/Sunosi ramping, QRev +57%, GAAP loss); decelerated 25% growth to a mature ~35% pharma margin gives $177.56, a conservative anchor vs AV PT $270.28 which prices a steeper launch curve.","Launch-execution and label/competitive risk on a still-unprofitable, pipeline-dependent CNS franchise."
BJ,Consumer Discretionary,11.4,STABLE,118.64,0.05,0.038,Low,Wide,5,,1.17,fair-to-rich,"Warehouse club with structurally thin ~3.8% operating margin (correct, not artifact) and ~5% unit/membership growth; FV $118.6 sits modestly above the $101 AV PT.",Wide-moat tag is generous for the #3 warehouse club; margin has little room to expand so FV is sensitive to membership-fee and traffic trends.
JEF,Financials,11.4,FINANCIAL,,0.11,0.23,Medium,Narrow,,,,dcf-na,"Jefferies is an operating investment bank; DCF invalid (dcf_applicable=false) and the baseline 'revenue collapsed >45%' out-of-model flag is a broker gross-vs-net revenue artifact, not a real restructuring. Value on normalized P/E (~15-19x) against AV PT $55.67.",Capital-markets earnings are highly cyclical (advisory/trading volumes); book value and ROE swing with deal flow.
CLX,Consumer Staples,11.4,STABLE,119.58,0.03,0.155,Medium,Wide,5,,1.14,fair,Wide-moat staples with flat top line; normalized margin 15.5% (between depressed recent 13% and AV TTM 17%) gives FV $119.6 vs AV PT $105.3.,Private-label pressure and input-cost cycles; cyber-attack recovery and category share losses cap the revenue rebound.
GWRE,Information Technology,11.3,OPTIONALITY,63.85,0.15,0.22,High,None,1,,0.31,out-of-model,"Guidewire's cloud (ARR) transition is barely GAAP-profitable; even a generous in-model run (15% growth, 22% mature SaaS margin, High uncertainty) yields only $63.85, ~1/3 of the $207 AV PT and the ~$135 price. The market prices a successful cloud migration and 40%+ ARR optionality the 3-stage DCF cannot capture.",Valuation depends entirely on cloud-transition execution and margin ramp; any ARR deceleration de-rates a name trading at >50x trailing earnings.
BTSG,Health Care,11.3,RESTRUCTURING,,0.2,0.034,High,None,,,,out-of-model,"BrightSpring Health has <3y of public history (2024 IPO), so the model errors out for insufficient data. Thin ~3.4% operating margin, ~26% YoY growth, high leverage; AV PT $62 vs ~74x trailing P/E.","Heavily levered post-LBO pharmacy/home-care roll-up; reimbursement (drug-margin/PBM) and rate risk dominate, and the short trading history hides cyclicality."
APLD,Information Technology,11.3,OPTIONALITY,,0.25,0.02,Very High,None,,,,out-of-model,"Applied Digital is a cash-burning AI/HPC datacenter developer (op margin -20%, profit margin -60%, rev +139% YoY); the DCF returns a negative FV. Value is pure optionality on signed hyperscaler leases and buildout financing, which the model cannot capture. AV PT $66.77.",Pre-profitability with heavy capex and dilution/financing risk; thesis hinges on converting datacenter capacity into long-term AI-compute leases.
BLD,Industrials,11.3,CYCLICAL,338.36,0.06,0.155,Medium,Narrow,2,,0.71,fair-to-cheap-on-paper,TopBuild is a housing-cyclical insulation installer/distributor; mid-cycle 6% growth and a structurally improved ~15.5% margin (pricing/mix) give FV $338 vs AV PT $474. Conservative because I normalize off the housing cycle rather than the recent peak.,New-construction and R&R demand swing with rates/housing starts; through-cycle margin could revert toward the mid-teens in a downturn.
PAG,Consumer Discretionary,11.2,CYCLICAL,166.91,0.03,0.04,Medium,Narrow,3,,0.9,fair,Penske is a diversified auto retailer/commercial-truck dealer with thin ~4% margins; low-single-digit growth and trough-to-mid margin give FV $166.9 vs AV PT $184.7 and a similar price.,"New/used vehicle GPUs normalizing post-COVID; cyclical exposure to consumer credit, OEM allocations, and the PTS/truck leasing cycle."
VIRT,Financials,11.2,FINANCIAL,,0.1,0.2,Very High,None,,,,dcf-na,Virtu is a market-maker/electronic trading firm; DCF invalid (dcf_applicable=false) and trading-income volatility makes a 3-stage DCF meaningless (negative ROIC median is a data artifact). Value on normalized P/E (~9-10x). AV PT $52.43.,Earnings are a function of market volatility and volumes; structurally tied to retail/options flow and PFOF-regulation risk.
MDGL,Health Care,11.2,HYPERGROWTH,505.33,0.2,0.35,High,Narrow,3,,0.74,fair-to-cheap,"Madrigal is a single-drug biotech ramping Rezdiffra (MASH); gross=1.0 and both recent/peak opm are deeply negative (pre-scale), so baseline $1484 is meaningless. Decelerated 20% growth with a 35% mature pharma margin gives a defensible $505 vs AV PT $679.","Entirely dependent on one franchise (Rezdiffra uptake, label expansion, and emerging MASH competition); any launch shortfall is binary."
TXRH,Consumer Discretionary,11.2,COMPOUNDER,191.89,0.09,0.085,Medium,Wide,4,,0.97,fair,"Texas Roadhouse is a best-in-class restaurant operator; the right anchor is the ~8.5% restaurant operating margin (gross 65% is a COGS-in-opex artifact). Decelerated 9% unit+comp growth at Medium uncertainty gives FV $191.9, essentially on top of the $198 AV PT.",Beef/commodity inflation and labor costs compress restaurant-level margins; unit growth eventually saturates the value-steakhouse niche.
ARW,Industrials,11.2,CYCLICAL,221.46,0.02,0.035,Medium,Narrow,3,,1.01,fair,"Arrow is a thin-margin (~3.5%) electronics-components distributor in a destocking trough; low-single-digit through-cycle growth gives FV $221.5, right on the $219.5 AV PT.",Semiconductor/components inventory cycle drives revenue and margin; secular distributor disintermediation and FX are ongoing headwinds.
ALLE,Industrials,11.2,COMPOUNDER,172.17,0.06,0.2,Medium,Wide,5,,1.05,fair,Allegion is a wide-moat security-hardware compounder (locks/access) with ~20% margins and high ROIC; 6% growth at Medium uncertainty gives FV $172.2 vs AV PT $164 (I held uncertainty at Medium rather than Low to avoid over-valuing an industrial).,Non-residential construction exposure and electronic-access competition; bolt-on M&A is the main growth lever.
GDDY,Information Technology,11.2,COMPOUNDER,123.88,0.07,0.22,Medium,Narrow,5,,1.08,fair,"GoDaddy is a high-FCF domains/SMB-software platform; using a 22% normalized margin (between recent 19.5% and TTM 24.7%, not the depressed 12% peak artifact) with 7% growth gives FV $123.9 vs AV PT $114.3.",Mature domains core with single-digit growth; the bull case rests on Applications & Commerce attach and continued margin expansion.
CPT,Real Estate,11.2,REIT,,0.04,0.3,Medium,None,,,,dcf-na,Camden Property is a Sunbelt apartment REIT; DCF invalid (dcf_applicable=false) so the baseline $48 is a DCF artifact — value on FFO/AFFO multiple. AV PT $112.9.,Sunbelt multifamily supply glut pressures rent growth/occupancy; rate-sensitive cap rates affect NAV.
BXP,Real Estate,11.1,REIT,,0.03,0.33,High,None,,,,dcf-na,BXP (Boston Properties) is a premier-office REIT; DCF invalid (dcf_applicable=false) and the baseline $24 is a DCF artifact — value on FFO multiple and asset value. AV PT $68.75.,"Office demand structurally pressured by hybrid work; lease rollovers, occupancy, and rate-driven cap-rate expansion threaten NAV."
SWKS,Information Technology,11.1,CYCLICAL,67.19,0.02,0.2,High,Wide,3,,0.91,fair,Skyworks is an RF-chip supplier in a smartphone downcycle; mid-cycle margin 20% (between trough recent 15% and peak 32%) with ~flat growth gives FV $67.2 vs AV PT $74.2 and a similar price.,Heavy Apple revenue concentration with content/share-loss risk; RF demand is handset-cyclical and the moat trend is negative.
ZBRA,Information Technology,11.1,CYCLICAL,158.25,0.05,0.14,Medium,Narrow,1,,0.48,cheap-conservative,Zebra (AIDC scanners/printers) is recovering from a hardware destocking downcycle; mid-cycle 5% growth and 14% margin give a conservative FV $158 vs a ~$215 price and a stretched $329 AV PT that prices a full enterprise-capex recovery.,"Enterprise hardware capex is cyclical and the moat trend is negative; my FV is well below the street, which assumes a sharper recovery."
SJM,Consumer Staples,11.0,STABLE,135.91,0.02,0.14,Medium,Narrow,5,,1.18,fair,"J.M. Smucker is a slow-growth packaged-foods name carrying the Hostess goodwill impairment (negative GAAP EPS is a write-off, not operations); 2% growth at the ~14% recent operating margin gives FV $135.9 vs AV PT $115.5.",Coffee-input inflation and the dilutive/impaired Hostess acquisition; private-label pressure and GLP-1 snacking headwinds cap growth.
AR,Energy,11.0,CYCLICAL,20.21,0.04,0.18,High,None,1,,0.4,cheap-conservative,"Antero is a leveraged Appalachian natural-gas E&P; I value on a mid-cycle ~18% margin (between the trough 8.5% and the current LNG-rally 36.5% TTM) at High uncertainty, giving FV $20.2 vs a ~$35 price and $50.4 AV PT that price a bullish LNG-demand thesis.",Price-taker on volatile Henry Hub/LNG basis with financial leverage; my mid-cycle view deliberately discounts the spot-gas rally the market extrapolates.
AFG,Financials,11.0,FINANCIAL,,0.04,0.15,Low,Wide,,,,dcf-na,"American Financial Group is a specialty P&C insurer; DCF invalid (dcf_applicable=false) so value on normalized P/E (~11-12x) and P/B x ROE. AV PT $142.83, mid-single-digit growth, ~11% profit margin.",Underwriting-cycle and catastrophe/reserve risk; investment-income sensitivity to rates and special-dividend variability.
IT,Information Technology,11.0,COMPOUNDER,351.94,0.06,0.21,Medium,Wide,5,,2.11,cheap-vs-model-AV-PT-stale,"Gartner is a wide-moat, very-high-ROIC (~43%) research-subscription compounder; 6% growth at a 21% operating margin gives FV $352. The $167 AV AnalystTargetPrice looks stale/low for Gartner (which trades far above that), so the AV anchor is unreliable here — FV is defensible on the fundamentals.",Research/CSS contract value is sensitive to enterprise IT-budget cycles and headcount-based pricing; near-term softness shows in the -1.5% QoQ revenue print.
RVTY,Health Care,11.0,TURNAROUND,75.55,0.05,0.26,Medium,None,1,,0.66,cheap-conservative,Revvity is a life-sciences/diagnostics tools company whose GAAP op margin (12.5%) is depressed by acquisition amortization; normalizing to a ~26% adjusted operating margin with 5% recovery growth gives FV $75.6 vs AV PT $113.6.,"Life-sciences-tools end-market softness (pharma/biotech capex, China) and an acquisitive, goodwill-heavy balance sheet with a negative moat trend."
KTOS,Industrials,11.0,OPTIONALITY,9.47,0.12,0.08,High,None,1,,0.08,out-of-model,"Kratos is a defense-tech name (drones/target systems, hypersonics, propulsion) earning thin ~2-4% margins today; even a generous in-model run (12% growth, 8% margin) gives only $9.5, <18% of the ~$45+ price and $113 AV PT. The market prices future program wins/optionality the DCF cannot capture.","Valuation is pure defense-program optionality (Valkyrie, hypersonics, MACH); execution, contract-award timing, and budget cycles drive a stock trading at >150x forward earnings."
BMRN,Health Care,11.0,COMPOUNDER,80.71,0.12,0.28,High,Narrow,5,,0.92,fair,"BioMarin is a rare-disease biopharma scaling Voxzogo and the enzyme-therapy franchise; the cached opm_peak (1.9%) is a pre-scale artifact, so I use a 28% normalized pharma margin with 12% growth, giving FV $80.7 essentially on the $87.9 AV PT.","Orphan-drug pricing/reimbursement and pipeline concentration (Voxzogo label expansion, Roctavian gene-therapy uptake); patent/competition risk on the rare-disease portfolio."
UMBF,Financials,9.9,FINANCIAL,,0.06,0.37,Medium,Narrow,,,,dcf-na,"UMB Financial is a bank (dcf_applicable=false); the baseline $2151 is a meaningless DCF artifact. On bank metrics it screens cheap: fwd PE 10.5, P/B 1.31, ROE ~12%, EPS $11.43 vs AV PT $147 — value it on normalized P/E/P/B, not DCF.",Heartland Financial integration and commercial-real-estate / deposit-cost exposure drive credit and NIM risk.
OGE,Utilities,9.9,STABLE,44.17,0.04,0.245,Medium,Narrow,2,,,fair,"OGE Energy is a regulated Oklahoma electric utility (fwd PE ~20, ~flat QoQ rev); using the structural ~24.5% op margin (opm_recent) gives FV $44 against AV PT $50, i.e. roughly fairly valued.",Rate-case outcomes and rising capex/interest on the regulated grid cap the low-single-digit growth.
AHR,Health Care,9.8,REIT,,,,High,None,,,,out-of-model,"American Healthcare REIT has <3y of usable history (recent 2024 IPO) so the model errors out; it is a senior-housing/medical-office REIT that must be valued on FFO/AFFO and NAV, not DCF.",Senior-housing occupancy recovery and high leverage/refinancing risk dominate the thesis.
GME,Consumer Discretionary,9.8,TURNAROUND,11.04,0.02,0.04,Very High,None,1,,,rich,"GameStop's earnings are now mostly interest income on a ~$4-5B cash/bitcoin hoard rather than its declining retail core (rev CAGR -12%/-17%); a thin 4% op margin gives FV $11, near AV PT $13.5 but well below a meme-inflated price.","Equity carries a large speculative/meme premium and capital-allocation (crypto, M&A) risk the fundamentals cannot support."
AGX,Industrials,9.7,CYCLICAL,,,,High,None,,,,out-of-model,"Argan is a lumpy EPC power-plant builder; revenue swings >45% year to year (data flagged spin-off/restructuring) and the market prices >=40% growth on the gas-turbine boom, so it is out-of-model — AV PT $600 reflects optionality fundamentals cannot underwrite.",Project-backlog timing and a few large fixed-price contracts make earnings highly volatile and hard to normalize.
ESI,Materials,9.7,STABLE,11.23,0.05,0.134,Medium,None,1,,,cheap-anchor-gap,"Element Solutions is a specialty-chemicals maker (electronics/industrial); on its real ~13% op margin the DCF gives only $11 vs AV PT $47.3 and a ~$25 price, because the model penalizes its modest organic growth and low GAAP profit margin (5.3%) heavily.",Cyclical electronics/semiconductor demand and acquisition-driven leverage; the gap to AV PT is the key falsifiable divergence.
CYTK,Health Care,9.7,OPTIONALITY,,,,Very High,None,,,,out-of-model,"Cytokinetics is a pre-profit biotech (op margin -949%, EPS -$6.85, gross-margin artifact 1.0); its value is the aficamten/HCM pipeline launch, not a DCF — AV PT $104.7 is a binary clinical/commercial bet.",Single-asset commercial-launch and competitive (BMS Camzyos) risk dominate; cash burn until aficamten scales.
BROS,Consumer Discretionary,9.7,HYPERGROWTH,34.16,0.18,0.13,High,None,1,,,rich,"Dutch Bros is a fast unit-growth drive-thru coffee chain (rev CAGR ~30-35%, QoQ +31%); decelerating to ~18% with a mature ~13% shop-level-driven op margin gives FV $34, below AV PT $76.65 and a ~85x trailing-PE price that bakes in flawless execution.","New-store cannibalization, dilution, and same-store-sales sensitivity if the aggressive expansion stalls."
CART,Industrials,9.7,COMPOUNDER,67.98,0.11,0.18,Medium,Narrow,5,,,undervalued,"Maplebear (Instacart) is a high-gross-margin (75%) grocery-delivery + ads platform now GAAP-profitable (fwd PE 16); modeling ~11% GTV-led growth and a real ~18% op margin gives FV $68 vs AV PT $50, so the model sees more upside than the street.","Grocery-delivery competition (DoorDash, Uber) and advertising-revenue concentration could compress take rate."
DCI,Industrials,9.7,STABLE,88.71,0.05,0.155,Low,Wide,4,,,fair,"Donaldson is a wide-moat filtration compounder with sticky aftermarket razor/blade economics (ROIC ~20%, fwd PE 19); using its real ~15.5% op margin gives FV $89, modestly below AV PT $96.8 — fairly valued.",Off-road/transportation OEM cyclicality and FX could dent the otherwise steady mid-single-digit growth.
HLI,Financials,9.6,FINANCIAL,,0.08,0.2,Low,Wide,,,,dcf-na,"Houlihan Lokey is an advisory/restructuring investment bank (dcf_applicable=false, gross-margin artifact 1.0); the $458 baseline is a DCF artifact. On bank/advisory metrics (fwd PE 14, ROE 18%, EPS $6.22) AV PT $172.5 is the fair anchor.",M&A cycle dependence partly offset by counter-cyclical restructuring; deal-flow swings drive earnings.
SCI,Consumer Discretionary,9.6,STABLE,82.16,0.04,0.22,Low,Narrow,5,,,undervalued,"Service Corp is the scaled deathcare consolidator with a durable pre-need backlog (op margin ~22%, ROE 33%); modeling ~4% growth at its real margin gives FV $82 vs AV PT $96.3, leaving the baseline view modestly cheap.",Death-rate normalization post-COVID and pre-need funding/discount-rate sensitivity temper growth.
ALSN,Industrials,9.6,CYCLICAL,175.62,0.03,0.28,Low,Wide,5,,,undervalued,"Allison Transmission is a wide-moat near-monopoly in commercial automatic transmissions earning a structural ~28-30% op margin (opm_recent 0.303); at low ~3% growth FV is $176 vs AV PT $137 and a ~12.9x fwd PE, so it looks undervalued.",Truck-cycle downturn and EV-powertrain transition are the long-run threats to the moat and unit volume.
OC,Materials,9.6,CYCLICAL,184.8,0.05,0.16,Medium,Narrow,5,,,undervalued,"Owens Corning is a building-products cyclical (insulation/roofing); a one-off TTM loss (EPS -$4.74, GAAP margin -5.4% from a write-down) distorts trailing data, so using a mid-cycle ~16% margin gives FV $185 vs AV PT $144.8 and a ~12.5x fwd PE.",Housing/renovation cyclicality and the Masonite-doors acquisition integration drive earnings volatility.
ALV,Industrials,9.5,CYCLICAL,173.42,0.04,0.1,Medium,Narrow,5,,,undervalued,"Autoliv is the leading auto passive-safety (airbags/seatbelts) supplier tied to global light-vehicle builds; at ~4% growth and a ~10% mid-cycle op margin FV is $173 vs AV PT $132 and a ~12x fwd PE, so the model sees the cyclical as cheap.","Auto-production volume and raw-material/FX swings, plus pricing pressure from OEM customers."
SNAP,Communication Services,9.5,HYPERGROWTH,4.93,0.1,0.12,Very High,None,3,,,fair,"Snap is a still-GAAP-unprofitable social platform (op margin -4.9% TTM, EPS -$0.24) with decelerating ~10-12% revenue growth; crediting a thin ~12% at-scale FCF margin gives FV $4.93, essentially at AV PT $7.63 territory and the ~$8 price.","Ad-budget competition (Meta/TikTok), ATT/privacy headwinds, and heavy SBC dilution threaten the path to durable profit."
CWEN,Utilities,9.5,REIT,39.62,0.03,0.358,High,Narrow,1,,,fair,"Clearway Energy is a debt-funded renewable yieldco whose equity DCF is fragile (a 20% margin override flips FV negative on the leverage); the baseline ~36% margin/3% growth gives FV $40, right at AV PT $43.7, but the name is really valued on its ~6% distribution/CAFD growth.","High structural leverage and interest-rate sensitivity, plus reliance on dropdowns from sponsor for distribution growth."
BAH,Industrials,9.5,STABLE,130.15,0.03,0.1,High,Wide,5,,,rich,"Booz Allen is a govt-IT/consulting prime facing federal-budget (DOGE) cuts — QoQ revenue -6.5% and fwd PE only 12.6; even at 3% growth/10% margin the moat-driven low WACC keeps model FV at $130, above AV PT $93.8 and the ~$105 price, so I flag the model as not pricing the contraction.",Federal budget retrenchment and contract recompetes are a genuine near-term headwind the DCF understates.
BRX,Real Estate,9.5,REIT,,0.05,0.42,Low,None,,,,dcf-na,"Brixmor is an open-air/grocery-anchored shopping-center REIT (dcf_applicable=false, gross-margin artifact 1.0); the $17 baseline is not a real DCF. Value on FFO/AFFO — fwd PE 27.9, AV PT $33.3 is the forward anchor.",Retail-tenant credit and rising cap-rate/refinancing pressure on the leveraged property book.
DDS,Consumer Discretionary,9.5,STABLE,700.4,0.02,0.11,Medium,Wide,4,,,fair,"Dillard's is a high-return department-store operator (ROE 34%, ROIC 29%) with flat-to-declining revenue but huge owned real estate and buybacks; at ~2% growth and its real ~11% op margin FV is $700 vs AV PT $537 and a ~$520 price, so it screens modestly cheap on cash returns.",Secular department-store decline and discretionary-spend cyclicality; earnings durability rests on disciplined buybacks and real-estate value.
DAR,Consumer Staples,9.4,CYCLICAL,,,,Medium,None,,,,out-of-model,"Darling Ingredients (rendering + Diamond Green Diesel JV) has its value distorted by volatile feedstock/renewable-diesel margins; model FV fell below 18% of price (flagged data-distorted) so it is out-of-model — value the DGD/RD optionality separately. AV PT $76.4, fwd PE 17.","Renewable-diesel spread (RIN/LCFS, BTC credit) and fat/protein commodity-price swings drive the highly variable JV earnings."
AVAV,Industrials,9.4,HYPERGROWTH,,0.18,0.11,High,Narrow,,,,out-of-model,"AeroVironment (drones/loitering munitions) is in a demand spike — QoQ rev +143%, but TTM op margin -5% on the BlueHalo deal integration; the market prices >=40% growth so it is flagged out-of-model. AV PT $309.9 reflects defense-optionality the DCF cannot underwrite.",Defense-budget/procurement timing and BlueHalo-acquisition dilution and integration risk against a rich growth multiple.
FLS,Industrials,9.4,CYCLICAL,46.15,0.05,0.1,Low,Narrow,1,,,rich,"Flowserve is a flow-control (pumps/valves) supplier to energy/process industries with an improving ~10% op margin; at ~5% growth FV is $46 vs AV PT $90 and a ~18x fwd PE, so the model sits well below the street's recovery/aftermarket expectations.",Project-capex cyclicality in oil and gas / chemicals; the large gap to AV PT is the key falsifiable divergence (street prices more margin recovery).
JOBY,Industrials,9.4,OPTIONALITY,,,,Very High,None,,,,out-of-model,"Joby is a pre-revenue eVTOL air-taxi developer (op margin -963%, essentially no sales, gross-margin artifact); there is no DCF — the ~$11 price and AV PT $11.12 are pure pre-certification optionality on the FAA-approved electric-aircraft launch.","FAA type-certification timeline, manufacturing scale-up, and ongoing cash burn / dilution before any commercial revenue."
TTD,Communication Services,9.4,COMPOUNDER,97.08,0.2,0.3,Medium,Wide,5,,,fair,"The Trade Desk is a wide-moat independent ad-buying (DSP) platform with 80% gross margin and ROIC 33% (rev CAGR ~22-25%); decelerating to ~20% growth and a mature ~30% op margin gives a split-adjusted FV around $97 (pre-split scale) — note AV PT $25.34 and price are 10:1-split-adjusted, so the FV/price comparison must use the same basis.","CTV/programmatic competition (Amazon, Google), the Kokai platform transition, and any growth deceleration would de-rate the premium multiple."
